time,seconds_elapsed,z,y,x
1757954288731403000,0.044403076171875,9.162909028625489,1.9539678298950194,-0.6546645164489746
1757954288741359400,0.054359375,9.163357941436766,1.8677765701293945,-0.4695628005981445
1757954288751315200,0.064315185546875,9.298929610443114,1.7353472908020018,-0.28371289672851563
1757954288761271300,0.074271240234375,9.605088147735595,1.7135002006530762,-0.3295020034790039
1757954288771227100,0.08422705078125,9.777171392059326,1.8275240547180174,-0.39279870986938475
1757954288781184300,0.094184326171875,9.83747534637451,1.7591396697998045,-0.47315410308837885
1757954288791140000,0.10414013671875,9.649081603240965,1.4232032493591307,-0.639700756072998
1757954288801096200,0.11409619140625,9.565883095550536,1.140238540649414,-0.8294412376403808
1757954288811052000,0.124052001953125,9.912892698669433,1.171512799835205,-0.598849690246582
1757954288821009200,0.134009033203125,10.411934107208252,1.5228618934631346,-0.877175633239746
1757954288830965000,0.143965087890625,10.401010562133788,0.9683049339294433,-1.2024877838134764
1757954288840921000,0.153921142578125,10.00402199935913,0.6328174263000488,-0.3094505645751953
1757954288850877000,0.163876953125,10.384999338531493,0.9346364730834961,0.05252279891967773
1757954288860833300,0.173833251953125,10.780042612457274,1.2496236289978027,-0.11387421646118163
1757954288870790100,0.1837900390625,10.377218183135986,1.4276923774719237,0.8209118942260741
1757954288880746200,0.193746337890625,10.371382316589354,1.9370587806701658,1.5789759948730469
1757954288890702300,0.203702392578125,10.679037229919434,2.335992632293701,1.4393641105651855
1757954288900658200,0.213658203125,10.896909580993652,2.398541150665283,1.0739490821838378
1757954288910615300,0.223615234375,10.924891812896728,2.3620295753479,1.0676643028259276
1757954288920571100,0.233571044921875,11.13453409576416,2.5878327194213866,1.050156703186035
1757954288930527200,0.24352734375,10.892121177673339,2.608482708740234,0.5801449897766113
1757954288940482600,0.253482666015625,10.052354945373535,2.5917232971191404,0.1031003089904785
1757954288950439400,0.263439453125,9.347112918853759,2.5412954246520996,-0.8997709114074707
1757954288960395500,0.2733955078125,8.801234940338134,2.427271570587158,-1.9053356086730955
1757954288970351400,0.283351318359375,8.490886550140381,2.2342390617370604,-2.456600540924072
1757954288980307500,0.293307373046875,8.291569261932372,2.347664365386963,-2.5028385604858396
1757954288990263600,0.303263671875,8.359205458831786,3.2148142791748047,-2.4352023635864257
1757954289000220400,0.313220458984375,8.699930282592772,4.297591979980469,-1.9074305351257324
1757954289010176500,0.323176513671875,8.90583162536621,3.622427111816406,-1.6970400642395018
1757954289020132600,0.333132568359375,9.32810894317627,3.6041713241577145,-1.799092910003662
1757954289030088400,0.34308837890625,10.101884992218016,3.319111688995361,-2.3714567443847656
1757954289040045600,0.353045654296875,10.452186622619628,2.5068787757873534,-3.5513492500305173
1757954289050001700,0.363001708984375,10.358962395477294,1.9970634597778318,-3.7707179771423336
1757954289059957500,0.37295751953125,9.40367593307495,1.8487725944519042,-2.9364883361816405
1757954289069913300,0.382913330078125,8.125172246551513,2.436848377227783,-2.471564301300049
1757954289079869400,0.392869384765625,6.973860523223877,3.47922392501831,-2.4958055931091305
1757954289089826600,0.40282666015625,5.815366194915772,4.275146339416503,-2.399139701080322
1757954289099782400,0.412782470703125,5.246444025421142,4.857386255645752,-2.3575404472351074
1757954289109738500,0.422738525390625,5.391592501068115,5.420023645782471,-2.212691246795654
1757954289119694600,0.432694580078125,6.234950035858154,5.7797524452209466,-2.1167735427856442
1757954289129651500,0.4426513671875,6.99091921005249,5.938069029998779,-2.1547814941406247
1757954289139607600,0.452607666015625,6.873453691101074,5.622483323669433,-2.09417826461792
1757954289149563600,0.462563720703125,5.302707764434814,4.055777612304687,-2.3159411933898926
1757954289159519500,0.47251953125,6.491129613494873,4.374804983520508,-2.382081014251709
1757954289169476600,0.4824765625,7.893084323120116,4.670039975738525,-2.3624784881591796
1757954289179432400,0.492432373046875,10.758943710327149,4.765359129333496,-3.205387110137939
1757954289189388500,0.502388427734375,7.433098329162597,3.5589807678222654,-2.7459996665954587
1757954289199344400,0.512344482421875,6.36498511352539,3.286191416168213,-1.9200000938415527
1757954289209300500,0.522300537109375,6.977302188110351,3.8893805969238278,-1.3160627250671386
1757954289219257600,0.532257568359375,6.879588832855224,4.460397692871093,-0.776319888305664
1757954289229213400,0.54221337890625,6.594379560089111,4.81982721710205,-0.2919429649353027
1757954289239169500,0.55216943359375,6.203226863861084,4.674080191040039,0.11028291397094726
1757954289249125400,0.56212548828125,5.796511856842041,4.264073156738281,0.2834136215209961
1757954289259082500,0.57208251953125,5.697451763153076,3.5823242340087886,0.10803834991455077
1757954289269038300,0.582038330078125,8.032696207427978,3.359364204406738,-0.22939444656372068
1757954289278994700,0.59199462890625,9.911695597839355,2.7247511268615723,-1.4609119255065917
1757954289288950500,0.601950439453125,13.541604589843748,0.8869020774841309,-2.448220835113525
1757954289298907400,0.611907470703125,12.030264791870117,1.7672201004028318,-1.4190133964538574
1757954289308863500,0.621863525390625,10.838550915527343,2.982127805328369,0.19901801300048827
1757954289318819600,0.631819580078125,12.101492291259765,3.587411912536621,1.3385083656311034
1757954289328775400,0.641775390625,11.377545564270019,3.9975685844421385,2.5088240646362303
1757954289338732500,0.651732666015625,10.794557460021972,4.30297893371582,3.695150987243652
1757954289348688600,0.661688720703125,10.396072521209716,4.538807797241211,4.182071749877929
1757954289358644500,0.67164453125,9.635015668487549,4.472967251586914,3.680785777282715
1757954289368600600,0.6816005859375,9.21872385482788,4.456656752777099,2.487276249694824
1757954289378556400,0.691556396484375,9.4113074508667,4.389619106292725,2.458695467376709
1757954289388513500,0.701513427734375,9.87727894897461,4.179078997802734,2.272247013092041
1757954289398469400,0.711469482421875,10.790517244720458,4.024204077911377,2.011877582550049
1757954289408425500,0.721425537109375,11.488726303863524,3.5022681159973144,1.6288053169250487
1757954289418381600,0.731381591796875,11.790545350646973,2.835333316040039,1.1595417915344237
1757954289428338400,0.74133837890625,11.38353106842041,2.1998224128723143,1.3919289901733398
1757954289438294500,0.75129443359375,10.835109250640869,1.7949030570983886,1.9895815795898437
1757954289448250600,0.761250732421875,10.862492932128905,1.7079636093139647,2.4239795433044433
1757954289458206500,0.77120654296875,10.679935055541991,1.9188029930114745,1.9853917266845702
1757954289468163600,0.78116357421875,10.338162768554687,2.069637697601318,1.6472107421875
1757954289478119700,0.79111962890625,9.997138669586182,1.693149486541748,1.6232687255859375
1757954289488075500,0.801075439453125,9.806949275207518,1.0748469078063965,2.0106804817199704
1757954289498031600,0.811031494140625,9.860369899749756,1.1414356414794922,1.2814964385986327
1757954289507988500,0.820988525390625,10.120440055084227,1.281945351409912,0.7426514274597168
1757954289517944600,0.830944580078125,10.257358462524413,1.0483610519409179,0.699705435180664
1757954289527900400,0.840900390625,10.315118577575683,0.7603086647033691,0.9620201545715331
1757954289537856500,0.8508564453125,10.126425559234619,0.6796539962768554,1.2406453727722166
1757954289547812400,0.860812255859375,9.807847100830077,0.8875006278991698,1.2913725204467772
1757954289557769500,0.87076953125,9.471761042785644,1.0947487091064452,1.5295955856323242
1757954289567725300,0.880725341796875,9.262118759918213,1.3307272102355956,1.6017209106445311
1757954289577681700,0.890681640625,9.272892667388916,1.737292579650879,1.6561889984130858
1757954289587637500,0.900637451171875,9.077615594482422,2.300977433013916,1.9737199935913086
1757954289597594600,0.9105947265625,8.802282403564453,2.7148750450134274,2.3796868125915527
1757954289607550700,0.92055078125,8.800636389923095,3.046471974945068,2.6216508178710938
1757954289617506600,0.930506591796875,9.083002548217772,3.318962051391601,2.6032453926086423
1757954289627462400,0.94046240234375,9.103353262329101,3.4976293502807616,2.581996852874756
1757954289637419500,0.95041943359375,8.90583162536621,3.568407936859131,2.512116091918945
1757954289647375600,0.960375732421875,8.914809881591797,3.7318122001647946,2.383128477478027
1757954289657331500,0.97033154296875,8.657433203124999,4.064157318115234,2.3068132995605466
1757954289667287600,0.98028759765625,8.392275369262695,4.172345305633545,2.3868694175720213
1757954289677244400,0.990244384765625,8.806621894073485,4.033780884552002,2.0433014793395996
1757954289687200500,1.000200439453125,9.699958388519287,3.6363434089660642,1.6193781478881835
1757954289697156400,1.01015625,10.018387209320068,3.42176308517456,1.6392799491882324
1757954289707112400,1.020112548828125,9.903465529632568,3.490297107696533,1.9550152931213378
1757954289717069300,1.0300693359375,9.644891750335693,3.788225576782226,2.587533444213867
1757954289727025400,1.040025390625,9.535656299591064,4.177283346557617,3.4983775382995606
1757954289736981500,1.0499814453125,9.507075517272948,4.41819988861084,3.872471547698974
1757954289746937600,1.0599375,9.438840769958496,4.264073156738281,3.1844378456115723
1757954289756893400,1.0698935546875,9.028235185241698,3.882197991943359,2.0042460647583007
1757954289766850600,1.0798505859375,8.233060958862303,3.5179800643920895,1.4490905548095703
1757954289776806700,1.089806640625,8.135796516418457,3.394379403686523,1.479317350769043
1757954289786762500,1.099762451171875,8.541314422607421,3.499275363922119,2.177676047515869
1757954289796718600,1.109718505859375,8.451082947540282,3.8985084907531737,3.352480874633789
1757954289806675500,1.119675537109375,8.17829359588623,4.486733911132812,4.239981502532959
1757954289816631600,1.129631591796875,7.433996154785156,4.996249951934814,4.393360046386719
1757954289826587400,1.13958740234375,6.519261483001708,4.715380169677734,3.906738558959961
1757954289836543500,1.14954345703125,6.9588967628479,4.249408671569824,2.7838579803466796
1757954289846500400,1.159500244140625,8.01294404373169,3.6433763763427733,2.142660848236084
1757954289856456400,1.16945654296875,8.487893798065185,3.7716158027648925,2.2749404899597168
1757954289866412300,1.179412353515625,8.30518628387451,4.223222090911865,2.750339157104492
1757954289876368600,1.18936865234375,8.500014443969727,4.621407754516602,3.180696905517578
1757954289886325500,1.199325439453125,8.952518557739257,4.738573998260498,3.6948517120361326
1757954289896281600,1.209281494140625,8.514678929138183,4.600308852386474,3.784634274291992
1757954289906237700,1.21923779296875,7.15671767501831,4.969764096069335,3.7063738075256345
1757954289916193500,1.229193603515625,5.351489623260497,5.711667335510254,3.95806425704956
1757954289926149600,1.239149658203125,4.108450048828125,6.236446411895751,3.975422219085693
1757954289936106500,1.2491064453125,4.169502191162109,6.091447573852538,3.2881367050170898
1757954289946062600,1.2590625,4.913350719451904,5.6672249671936035,2.447622284698486
1757954289956018400,1.269018310546875,6.24422756729126,5.036652104949951,2.373701308441162
1757954289965974500,1.278974609375,8.23470697250366,5.070769478607177,2.910750668334961
1757954289975931400,1.288931396484375,9.181464091491698,5.345204843902588,4.0638580429077145
1757954289985887500,1.298887451171875,8.883984535217285,5.624129337310791,4.806359832763672
1757954289995843300,1.30884326171875,8.222137413787841,5.795015480804443,4.69921930847168
1757954290005799400,1.31879931640625,7.705139492797851,5.71391189956665,4.310311176300049
1757954290015756500,1.328756591796875,7.5984478813171386,5.683984378814697,4.066401882171631
1757954290025712400,1.33871240234375,7.811232553863525,5.689520970153808,3.949983826446533
1757954290035668700,1.348668701171875,7.832780368804931,5.667075329589843,3.6731542594909667
1757954290045624600,1.35862451171875,7.662193500518798,6.066607731628418,3.2601544731140133
1757954290055581700,1.368581787109375,7.2170216293334954,5.917867953491211,2.827103247833252
1757954290065537500,1.37853759765625,6.394164446258545,4.484938259887695,2.542941438293457
1757954290075493600,1.38849365234375,6.011990006256103,5.167734645843505,2.6464906600952145
1757954290085449500,1.398449462890625,5.795165118408203,5.386953735351562,3.03899009475708
1757954290095405600,1.408405517578125,5.54766452178955,5.498284112548828,3.6342484825134274
1757954290105362400,1.418362548828125,5.525218881225586,5.717952114868163,4.269909023284912
1757954290115318500,1.428318603515625,5.728127471923828,5.881356378173828,4.78196890335083
1757954290125274400,1.4382744140625,5.928641860961914,5.887192244720459,5.195866515350342
1757954290135230500,1.44823046875,6.19918664855957,5.907243683624268,5.380968231201171
1757954290145187600,1.4581875,6.485443384552002,5.94330634613037,5.188683910369873
1757954290155143400,1.468143310546875,6.654833152008056,5.806088663482666,4.8883612396240235
1757954290165099500,1.478099609375,6.086060620117187,5.246892938232421,4.981884741973877
1757954290175055600,1.4880556640625,5.8816556533813475,5.014206464385986,4.486883548736572
1757954290185012500,1.498012451171875,6.609343320465087,5.369895048522949,3.2501287536621093
1757954290194968600,1.507968505859375,6.278943491363525,5.224447297668457,3.136104899597168
1757954290204924700,1.517924560546875,5.850082118988037,4.930858319091796,2.9869162086486813
1757954290214880500,1.527880615234375,5.786037224578857,5.0011879928588865,2.8815713356018064
1757954290224837600,1.537837646484375,5.8737248603820795,5.208286436462402,3.084928839111328
1757954290234793500,1.54779345703125,6.035632747650146,5.455637395477295,3.3761236160278316
1757954290244749600,1.55774951171875,6.0984805412292475,5.834370170593261,3.8112697677612304
1757954290254705400,1.567705322265625,5.821800611877441,6.1845221633911125,4.221576077270508
1757954290264662500,1.57766259765625,5.621435860443115,6.194547882843017,4.316446318054199
1757954290274618400,1.587618408203125,5.711667335510254,6.02710340423584,4.145111261749268
1757954290284574500,1.597574462890625,6.2675710334777825,5.962011046600342,4.0092403175354
1757954290294530300,1.6075302734375,6.542604949188232,5.77780715637207,4.112939176940918
1757954290304486400,1.617486328125,6.60754766921997,5.47119970626831,4.402338302612304
1757954290314443500,1.627443603515625,6.502801346588134,5.383212795257568,4.855291329193115
1757954290324399400,1.6373994140625,5.88614478149414,5.612607241821289,5.5638253829956055
1757954290334355700,1.647355712890625,5.252279891967773,6.1076084350585935,6.075585987854003
1757954290344311600,1.6573115234375,5.620238759613037,7.288099491119384,6.763320414733887
1757954290354268700,1.6672685546875,5.553350750732421,8.066963218688965,7.09282241821289
1757954290364224500,1.677224609375,5.437680883026123,7.672817770385742,6.48649084777832
1757954290374180600,1.6871806640625,4.234444911193847,8.837896153259276,5.631461579895019
1757954290384136400,1.697136474609375,4.435857125854492,7.936928141021728,5.494842447662354
1757954290394093600,1.707093505859375,4.5863925552368165,7.593210565185546,5.17746109008789
1757954290404049400,1.71704931640625,4.369866942596436,7.713219923400878,5.010764799499511
1757954290414005500,1.727005615234375,4.234893824005127,7.327903093719482,4.8588826316833496
1757954290423961300,1.73696142578125,4.5224972984313965,7.196521277618408,4.758924712371826
1757954290433918500,1.74691845703125,5.0094180610656736,7.395838565826415,4.818480478668213
1757954290443874600,1.75687451171875,5.0656818000793455,7.382071906280517,4.901080435943603
1757954290453830400,1.766830322265625,4.667496136474609,7.325508892059326,5.108478154754638
1757954290463786500,1.776786376953125,4.027795380401611,7.701099277496337,5.540930829620361
1757954290473742600,1.78674267578125,3.3393127655029295,7.994538618469238,5.5535003883361815
1757954290483699500,1.796699462890625,3.0054712715148924,8.108861747741699,5.294926609039306
1757954290493655600,1.806655517578125,3.0551509559631347,8.026561065673828,4.9443257034301755
1757954290503611600,1.816611572265625,3.2857425033569334,7.702894928741455,4.6453497711181635
1757954290513567500,1.8265673828125,3.5556887405395505,7.501033801269531,4.61572152557373
1757954290523524600,1.836524658203125,3.70263286743164,7.357830614471435,4.851400751495361
1757954290533480400,1.84648046875,3.668964406585693,7.3940429145812985,4.957643450164794
1757954290543436500,1.8564365234375,3.4624645133972165,7.299920861816406,5.014655377197266
1757954290553392400,1.866392333984375,3.0110078628540036,7.515249373626709,5.3776762039184565
1757954290563349500,1.876349609375,2.7807155906677243,7.729829697418213,5.168482833862305
1757954290573305600,1.8863056640625,3.0756513076782226,8.07624075012207,5.092317293548584
1757954290583261400,1.896261474609375,3.215113554382324,7.996783182525634,4.776581949615478
1757954290593217500,1.906217529296875,3.5194764404296874,7.43743781967163,4.06700043258667
1757954290603173400,1.91617333984375,3.680037589263916,7.682693852233887,3.488202181243896
1757954290613130500,1.926130615234375,4.20706122970581,7.764395983886718,2.1888988677978514
1757954290623086300,1.93608642578125,3.7988498466491696,7.97403826675415,2.4224831672668454
1757954290633042700,1.946042724609375,2.9128455947875973,7.730278610229492,2.8362311416625974
1757954290642998500,1.95599853515625,2.605340319061279,7.785195610809326,3.3955765045166015
1757954290652955600,1.96595556640625,2.257881803131103,8.058284237670899,3.8645407546997066
1757954290662911500,1.975911376953125,2.2872107734680176,7.9110408355712885,3.7113118484497067
1757954290672867600,1.98586767578125,2.1507412788391114,8.10242733078003,4.093635926055908
1757954290682823400,1.995823486328125,2.179172423553467,7.970147689056396,4.2688615600585935
1757954290692780500,2.005780517578125,2.586785256195068,7.65456198272705,4.487931011962891
1757954290702736600,2.015736572265625,2.9803321540832517,7.39913059310913,4.420893365478515
1757954290712692500,2.0256923828125,2.8417677330017086,7.353491123962402,4.3436803619384765
1757954290722648600,2.035648681640625,2.6861446250915524,7.3855135711669915,4.179078997802734
1757954290732604400,2.0456044921875,2.746298941802978,7.735964839172363,4.182819937896729
1757954290742561500,2.0555615234375,2.674472891998291,7.719055789947509,4.078971440887451
1757954290752517400,2.065517333984375,2.748543505859375,7.766790185546874,3.8251860649108886
1757954290762473500,2.075473388671875,2.8067525337219235,7.9283987976074215,3.478775012207031
1757954290772429600,2.0854296875,2.549076580047607,8.298751866912841,3.2026936332702634
1757954290782386400,2.095386474609375,2.166303589630127,8.754697645568847,3.089567604827881
1757954290792342500,2.105342529296875,1.8930653251647949,9.040655106353759,3.4980782630920406
1757954290802298600,2.115298583984375,2.1142297035217283,9.10320362472534,3.73495458984375
1757954290812254500,2.12525439453125,2.5029881980895996,9.087641313934325,4.093037375640869
1757954290822211600,2.135211669921875,2.8220155693054196,8.994716361999512,4.378994836425781
1757954290832167400,2.14516748046875,2.917035447692871,8.94428848953247,4.3150995796203615
1757954290842123500,2.15512353515625,2.7741315361022947,9.106944564819335,4.042459865570068
1757954290852079400,2.165079345703125,2.792985874176025,9.43644656829834,3.749319799804687
1757954290862036500,2.175036376953125,2.510918991088867,9.6411508102417,3.596390168762207
1757954290871992600,2.18499267578125,2.5999533653259275,9.39155528717041,3.4332851806640625
1757954290881948400,2.194948486328125,2.910750668334961,8.826523695373535,3.8429929397583007
1757954290891904500,2.204904541015625,2.9900585983276367,7.840112611389159,4.205115940856933
1757954290901860400,2.2148603515625,3.0666730514526366,6.574477758789062,4.712088142395019
1757954290911817500,2.2248173828125,3.4296938781738278,5.529558371734619,4.255244538116455
1757954290921773300,2.234773193359375,4.234744186401367,6.846369284820557,2.961028903198242
1757954290931729700,2.244729736328125,5.389198299407958,8.35740980758667,1.9349638542175291
1757954290941685500,2.254685546875,6.136338854980468,8.542960436248778,0.1322796417236328
1757954290951643000,2.264642822265625,5.210381362915038,8.007856365203857,-1.1827356201171875
1757954290961599200,2.27459912109375,3.558681492614746,8.012644768524169,-1.576282518005371
1757954290971555000,2.28455517578125,2.2168810997009274,8.03090055618286,-1.647809292602539
1757954290981511200,2.29451123046875,1.2352584190368652,8.54281079864502,-1.1522095489501953
1757954290992089000,2.305089111328125,0.5334580574035644,9.524433479309081,-0.4756979423522949
1757954291002045000,2.315044921875,0.005835866546630859,9.558550852966308,-0.2102408332824707
1757954291012001000,2.3250009765625,-0.6401496688842773,9.41085853805542,0.2141314109802246
1757954291021956900,2.334956787109375,-0.5704185455322265,9.54478419342041,0.6379051048278809
1757954291031914000,2.3449140625,-0.38352117843627925,10.29835916595459,0.6931213806152343
1757954291041870000,2.3548701171875,-0.47749359359741206,10.968885268402099,0.7442974411010742
1757954291051826000,2.364825927734375,-0.6398503936767578,11.32008472442627,0.6474819114685059
1757954291061782000,2.374781982421875,-0.6069301208496093,11.70255843963623,0.89378540725708
1757954291071738000,2.384738037109375,0.16729484100341796,11.654524768829345,0.9350853858947753
1757954291081695000,2.394695068359375,0.9171288734436035,11.25514200439453,1.0639233627319336
1757954291091651000,2.404651123046875,1.5454571716308594,10.8785041557312,1.0615291610717772
1757954291101607200,2.414607177734375,2.0427029289245606,10.568305403137206,1.0682628532409668
1757954291111563000,2.42456298828125,2.8821698860168454,10.3169142288208,0.9443629173278808
1757954291121520000,2.43452001953125,3.5613749694824217,10.258555563354491,1.149216796875
1757954291131476000,2.44447607421875,3.6840778045654297,10.058041174316406,1.9874866531372068
1757954291141432000,2.45443212890625,3.918410292053222,9.80605144958496,2.890100679016113
1757954291151388000,2.464387939453125,4.042010952758789,9.810690215301513,3.4247558372497555
1757954291161345000,2.474344970703125,4.177732259368896,9.387814347076416,3.1082723052978514
1757954291171300900,2.48430078125,4.1569326324462885,8.97631093673706,2.16420866317749
1757954291181257000,2.494257080078125,3.578433656311035,9.451709603881836,1.678335363769531
1757954291191212800,2.504212890625,3.357418915557861,9.67242506942749,1.273116732788086
1757954291201169000,2.5141689453125,2.4138041862487793,9.215581465148926,0.6989572471618652
1757954291211126000,2.5241259765625,2.345719076538086,8.837596878051757,0.8065466842651366
1757954291221081900,2.534081787109375,2.0555717628479004,8.543409349060058,0.9867103591918944
1757954291231038200,2.5440380859375,2.290053887939453,8.125022608947754,1.3476362594604492
1757954291240994000,2.553994140625,2.729240254974365,7.59725078048706,1.6353893714904784
1757954291250951200,2.563951171875,3.1061773788452145,7.217171266937256,2.1441572242736817
1757954291260907000,2.573906982421875,3.7825393478393554,7.076811194610595,2.6797102081298827
1757954291270863000,2.583863037109375,4.600458489990234,7.908048083496094,3.332130160522461
1757954291280819000,2.59381884765625,4.700266771697998,8.52275935974121,3.5583822174072264
1757954291290776000,2.603776123046875,4.544045113372802,8.170961353302001,3.7065234451293945
1757954291300732000,2.61373193359375,4.794089549255371,8.509142337799071,3.923348332977295
1757954291310688000,2.62368798828125,4.484938259887695,8.642319805145263,3.646668403625488
1757954291320643800,2.633643798828125,4.536263957977295,8.513930741119385,3.725826696014404
1757954291330600000,2.643599853515625,4.887164138793945,8.349927927398682,3.7605426200866696
1757954291340557000,2.65355712890625,5.258415033721923,7.625831562805176,3.3315316101074215
1757954291350513000,2.663512939453125,5.908291146850585,7.428758838653564,3.2378584701538085
1757954291360469000,2.673468994140625,6.846219647216796,7.596502592468261,3.4419641616821286
1757954291370425000,2.683425048828125,6.181529411315918,7.273883918762206,3.0301614761352536
1757954291380382000,2.6933818359375,5.981015022277831,7.500435250854491,2.691531578826904
1757954291390338000,2.703338134765625,6.079326927947998,7.968800950622558,2.828898899078369
1757954291400294100,2.713294189453125,5.916820490264892,8.515876029968261,3.066822689056396
1757954291410250000,2.72325,5.329492895507812,9.178471339416504,3.3138743728637694
1757954291420206000,2.7332060546875,5.4896051315307615,9.01386997528076,3.3318308853149414
1757954291430163000,2.743162841796875,5.978022270202636,8.935759146118164,3.2314240531921383
1757954291440119000,2.753119140625,5.10099627456665,9.144653240966797,3.4153286682128905
1757954291450075000,2.763074951171875,3.5405753425598143,9.09751739578247,3.3768718040466306
1757954291460031000,2.773031005859375,3.4575264724731443,9.136872085571289,2.8986300224304196
1757954291469988000,2.782988037109375,4.202272826385498,9.558101940155028,2.619406253814697
1757954291479944000,2.79294384765625,4.538209246826171,9.836128607940672,2.7398645248413085
1757954291489900000,2.802900146484375,4.600159214782715,9.783156896209716,2.423680268096924
1757954291499856000,2.81285595703125,4.619312828063965,9.515305585479735,2.2704513618469235
1757954291509812200,2.822812255859375,5.080645560455322,9.364919793701171,2.4756045166015626
1757954291519768800,2.832768798828125,4.991910461425781,9.284115487670897,2.544737089538574
1757954291529725200,2.84272509765625,4.985176769256592,9.264512961578369,2.6273370468139645
1757954291539681000,2.852680908203125,5.15217233505249,9.215431827545165,2.5629928771972654
1757954291549637000,2.86263720703125,4.924872814941406,8.403498189544678,2.2767361412048337
1757954291559593000,2.872593017578125,4.828506198120117,8.537423844909668,2.4301146850585935
1757954291569550000,2.882550048828125,4.9416322265625,9.275286869049072,2.94292275314331
1757954291579506000,2.892505859375,4.261978230285644,8.904933799743652,3.2254385490417476
1757954291589462000,2.9024619140625,4.22651411819458,8.773402346038818,3.506009056091308
1757954291599417900,2.91241796875,3.843741127777099,8.717587519836425,3.2888848930358883
1757954291609375000,2.922375,3.3732805015563962,8.566902452850341,3.179948717498779
1757954291619331000,2.9323310546875,2.842366283416748,8.844180932617187,3.3467946456909177
1757954291629287000,2.942286865234375,2.324320899200439,9.222464794921875,3.1069255668640134
1757954291639243000,2.952242919921875,2.4067712188720702,9.70354969100952,2.919579286956787
1757954291649199000,2.96219921875,2.423530630493164,9.683797527313232,2.7373206855773926
1757954291659156000,2.972156005859375,2.6135703872680662,9.43629693069458,2.4908675521850583
1757954291669112000,2.982112060546875,3.1202433135986327,9.199570241546631,2.480392919921875
1757954291679068200,2.992068115234375,3.423708374023437,8.971821808624266,2.5284265907287597
1757954291689024000,3.00202392578125,3.1497219215393066,8.772504520416259,2.753032633972168
1757954291698981000,3.011981201171875,2.593369310760498,8.6949922416687,3.154510324859619
1757954291708937000,3.02193701171875,1.9256863227844236,8.780734588623046,3.025073797607422
1757954291718893000,3.03189306640625,1.1499649848937987,8.723423386383056,2.447173371887207
1757954291728849000,3.041848876953125,0.6284779357910156,8.100631679534912,1.687313619995117
1757954291738805000,3.051804931640625,0.7498340324401855,7.52707074432373,1.0438719238281249
1757954291748761900,3.061761962890625,0.5538087715148925,7.669076830291748,0.5612906517028808
1757954291758718000,3.071718017578125,0.9338882850646972,7.919719816589355,0.395192911529541
1757954291768673800,3.081673828125,1.267280866241455,7.45075556640625,0.7383119369506835
1757954291778630100,3.091630126953125,1.156249764251709,6.728155577850341,1.2877812179565429
1757954291788586000,3.1015859375,1.8441338287353515,6.107758072662353,2.7932851493835447
1757954291798543000,3.111543212890625,2.212691246795654,6.283282981872558,2.473808865356445
1757954291808499200,3.121499267578125,2.775328636932373,6.758232736206054,2.5212439857482907
1757954291818455000,3.131455078125,2.0828058067321775,7.284059275817871,3.3755250656127926
1757954291828411100,3.1414111328125,2.1465514259338376,8.003067961883545,4.02794501800537
1757954291838367000,3.151366943359375,1.8216881881713867,7.475894683837891,3.74123936920166
1757954291848324000,3.161323974609375,2.129792014312744,7.245602411651611,2.8945898071289062
1757954291858280000,3.171280029296875,3.060537909698486,7.119457911682129,1.935712042236328
1757954291868236000,3.181236083984375,1.769165389251709,6.247070681762695,3.159598003387451
1757954291878191900,3.19119189453125,1.8122610191345214,7.076811194610595,2.229899571228027
1757954291888148000,3.20114794921875,0.18854338073730467,7.769184387207031,1.3319243110656738
1757954291898104800,3.211104736328125,-0.8345289161682128,11.02514900741577,2.6229975563049317
1757954291908061000,3.22106103515625,-0.2998737579345703,13.96852067337036,1.8739117118835449
1757954291918017000,3.23101708984375,-2.2315455848693846,14.842553916931152,0.20201076507568358
1757954291927973000,3.24097314453125,-0.9443629173278808,15.026608169555663,-0.7942764007568359
1757954291937928700,3.2509287109375,1.7452233726501465,13.959841692352294,-0.5496189186096191
1757954291947885800,3.2608857421875,3.0496143646240235,12.575693857574462,0.0626981559753418
1757954291957842000,3.270842041015625,2.6268881340026855,11.219079341888428,0.7248445526123046
1757954291967797800,3.2807978515625,1.8146552207946776,10.440215614318847,1.0525509048461914
1757954291977753900,3.29075390625,1.0812813247680664,9.522637828063964,1.2521674682617188
1757954291987709700,3.300709716796875,0.1637035385131836,8.913313505554198,1.4887445198059082
1757954291997666800,3.310666748046875,1.0269628746032715,8.302642444610596,1.2316671165466309
1757954292007622700,3.32062255859375,2.7046996879577634,8.191910617828368,2.251896298980713
1757954292017578800,3.330578857421875,2.918980736541748,8.00576143875122,1.6702549331665038
1757954292027534800,3.340534912109375,1.605761125946045,7.707533694458007,1.2924199836730956
1757954292037491000,3.350490966796875,0.10594342346191406,7.1972694656372065,1.236605157470703
1757954292047447800,3.36044775390625,0.7953238639831542,6.925228302001953,1.3106757713317871
1757954292057404000,3.37040380859375,2.610577635192871,7.658901473236083,1.543661520385742
1757954292067359700,3.38035986328125,1.5888520767211913,8.560019123077392,1.5005658905029295
1757954292077315800,3.39031591796875,1.4649521408081054,10.91037696533203,1.054645831298828
1757954292087271700,3.400271728515625,-1.48754741897583,13.9177935256958,2.1425112106323243
1757954292097228800,3.410228759765625,-3.163338943481445,13.310414492034912,1.8769044639587402
1757954292107185000,3.420184814453125,-0.6646902359008788,12.68507894592285,1.731456713104248
1757954292117140700,3.430140625,1.5840636734008788,10.27172367248535,1.191264963531494
1757954292127096800,3.440096923828125,2.9212253005981443,8.6183777885437,1.3548188644409178
1757954292137052700,3.450052734375,3.26224939956665,8.980051876831054,1.7937059562683104
1757954292147009800,3.460009765625,2.620304079437256,9.661651161956787,2.018760912322998
1757954292156965600,3.469965576171875,2.319382858276367,10.11280853729248,2.104503259277344
1757954292166921700,3.479921630859375,1.8309657196044922,10.076296961975098,1.7604864082336424
1757954292176877800,3.4898779296875,1.1897685874938964,9.975590854644775,1.23211602935791
1757954292186834000,3.499833984375,0.6768108818054199,9.88386300354004,0.7010521736145019
1757954292196790800,3.509790771484375,0.5671265182495117,9.656713121032714,-0.1261444999694824
1757954292206747000,3.519746826171875,0.45819034271240233,9.762506906890868,-0.30316578521728516
1757954292216702700,3.52970263671875,0.373495458984375,9.944316595458984,0.14155717315673827
1757954292226658800,3.539658935546875,0.8463502868652343,9.841066648864745,0.13976152191162108
1757954292236614700,3.54961474609375,1.2922703460693359,9.731382285308838,-0.12719196319580078
1757954292246571800,3.55957177734375,1.1145008728027344,9.893888722991942,-0.21891981430053709
1757954292256528000,3.56952783203125,1.0772411094665526,9.96556513519287,0.046537294769287106
1757954292266483700,3.579483642578125,1.107767180633545,10.05609588546753,0.6081272216796875
1757954292276439800,3.589439697265625,1.0622773490905761,10.078691163635254,0.7653963432312011
1757954292286396000,3.59939599609375,1.2975076622009276,9.894936186218262,0.5599439132690429
1757954292296352800,3.609352783203125,1.5655086105346678,9.807697463226317,0.3812766143798828
1757954292306308900,3.619308837890625,1.7233762825012207,9.848548529052733,0.1919850456237793
1757954292316265000,3.629264892578125,1.2434884872436522,9.796175367736815,0.15517419509887695
1757954292326220800,3.639220703125,1.0045172340393065,9.779266318511961,0.21054010848999022
1757954292336177000,3.649177001953125,0.9458592933654785,9.873388371276855,0.4246715194702148
1757954292346132700,3.6591328125,1.1409867286682127,9.90885248336792,0.5264250900268554
1757954292356089900,3.66908984375,1.5001169776916503,9.945364058685302,0.48766895065307614
1757954292366045700,3.679045654296875,1.8605939651489256,9.854534033203125,0.6579565437316894
1757954292376001800,3.689001708984375,1.999008748626709,9.66673884048462,0.75971011428833
1757954292385957600,3.69895751953125,2.2028151649475096,9.522039277648926,0.47554830474853516
1757954292395913700,3.708913818359375,2.287360411071777,9.369259284210205,0.5433341392517089
1757954292405870800,3.718870849609375,2.393004559326172,9.145251791381835,0.40447044296264645
1757954292415826700,3.72882666015625,2.533214994049072,9.024045332336426,0.5768529624938965
1757954292425782800,3.73878271484375,2.1811177124023438,9.068637338256835,0.8988730857849121
1757954292435739000,3.74873876953125,2.094926452636719,9.214234726715087,1.265934127807617
1757954292445694700,3.75869482421875,1.9596540588378906,9.332747708892821,1.6871639823913573
1757954292455651800,3.76865185546875,1.7420809829711914,9.379733916473388,1.8692729461669921
1757954292465608000,3.77860791015625,1.654692622375488,9.322721989440918,1.917755529785156
1757954292475563800,3.788563720703125,1.3150152618408202,9.323619815063475,2.1064485481262207
1757954292485520000,3.798519775390625,1.5885528015136718,9.172934748077392,2.3753473220825194
1757954292495475700,3.808475830078125,2.3020248962402343,8.896703731536865,2.112583689880371
1757954292505431800,3.818431884765625,2.0040964271545407,8.997110563659668,1.2560580459594726
1757954292515388700,3.828388671875,2.629731248474121,9.009680122375487,0.2962824554443359
1757954292525344800,3.8383447265625,2.9893104103088377,9.063549659729004,0.12090718383789062
1757954292535300600,3.848300537109375,2.558204473876953,9.022548956298827,0.6889315277099609
1757954292545257000,3.858257080078125,1.1323077476501464,8.92498523864746,0.47210663986206053
1757954292555212800,3.868212890625,0.5072714767456055,9.482834225463867,1.0570400329589844
1757954292565170000,3.878169921875,1.0829273384094238,8.866476935577392,0.9036614891052246
1757954292575125800,3.888125732421875,1.7503110511779785,9.044994596862793,1.605611488342285
1757954292585081900,3.898081787109375,2.02369895324707,9.345167630004882,2.4857798736572265
1757954292595037700,3.90803759765625,2.063951468658447,9.447220475769042,2.47710089263916
1757954292604993800,3.917993896484375,2.5267805770874023,9.947010072326659,2.510918991088867
1757954292614949600,3.92794970703125,2.877830395507812,9.995343018341064,1.7932570434570312
1757954292624906800,3.93790673828125,3.4739866088867184,10.13271033859253,2.1785738731384274
1757954292634862800,3.94786279296875,3.317914588165283,10.532093103027343,3.1383494636535643
1757954292644818700,3.957818603515625,1.9809025985717772,10.372729055023193,3.7644331977844234
1757954292654774800,3.96777490234375,1.1794435928344726,10.506505072784423,4.3616368743896485
1757954292664731000,3.97773095703125,1.654094071960449,10.855759239959717,4.2588358406066895
1757954292674687700,3.987687744140625,2.360233924102783,10.41971526260376,3.4886510940551756
1757954292686511900,3.999511962890625,2.297535768127441,9.48058966140747,2.0581156021118163
1757954292696468000,4.009468017578125,1.9635446365356444,8.967183042907715,1.8007389236450195
1757954292706423800,4.019423828125,2.249651734924316,8.609549169921875,1.4832079284667967
1757954292716380000,4.0293798828125,2.043451116943359,9.009530484771728,2.0896891365051267
1757954292726335700,4.039335693359375,1.789516103363037,9.31374373321533,2.9670144073486324
1757954292736292900,4.04929296875,2.3886650688171387,9.276184694671631,3.1721675621032714
1757954292746248700,4.059248779296875,2.47725053024292,9.356839363098144,3.0609868225097654
1757954292756204800,4.069204833984375,3.011307138061523,9.649231240844726,3.136703450012207
1757954292766160600,4.07916064453125,1.9014450309753417,9.567229833984374,3.231274415588379
1757954292776116700,4.08911669921875,2.118120281219482,9.683647889709473,3.1030349891662596
1757954292786072800,4.09907275390625,2.326266188049316,10.268132369995117,3.174412126159668
1757954292796029700,4.10902978515625,2.8444612098693844,10.708665475463867,3.0425813972473144
1757954292805985800,4.11898583984375,2.6018986541748044,11.592724438476562,3.1350574363708494
1757954292815942000,4.12894189453125,1.8091186294555663,12.440122188568115,2.9222727638244628
1757954292825897700,4.138897705078125,1.6475100173950195,12.16254443359375,1.8691233085632324
1757954292835853800,4.148853759765625,1.7767969070434568,12.070218032073974,1.8863316329956055
1757954292845811000,4.15881103515625,2.3095067764282224,11.814337729644775,3.2583588218688964
1757954292855766800,4.168766845703125,1.1751041023254394,11.003301917266844,2.8329391143798826
1757954292865723000,4.178722900390625,1.776048719024658,10.812065059661865,2.6809073089599607
1757954292875678700,4.1886787109375,1.6470611045837402,11.125406201934814,3.1338603355407715
1757954292885634800,4.198634765625,1.919850456237793,10.602871689605712,2.7922376861572262
1757954292895590700,4.208590576171875,2.269553536224365,9.286210414123534,2.6931775924682615
1757954292905547800,4.2185478515625,2.9870658462524413,7.443124048614502,2.693027954864502
1757954292915503600,4.228503662109375,3.7479730613708493,5.553650025939941,2.8151322395324705
1757954292925460000,4.2384599609375,3.8513726455688473,4.310760089111328,3.3859996978759765
1757954292935415800,4.248415771484375,4.4297219841003415,3.500472464752197,3.5995325584411617
1757954292945371600,4.25837158203125,4.573673358917236,2.7653029174804686,3.3310826972961425
1757954292955327500,4.268327392578125,4.121767795562744,2.881421697998047,2.8226141197204586
1757954292965284600,4.27828466796875,3.854215760040283,5.274126982116699,3.061884648132324
1757954292975240700,4.28824072265625,2.6370634910583495,7.150881808471679,3.628711891174316
1757954292985196500,4.298196533203125,1.571793389892578,7.99992557220459,3.2749685958862305
1757954292995152600,4.308152587890625,0.5114613296508789,8.19086315460205,2.8854619132995603
1757954293005108500,4.3181083984375,1.3952210174560546,7.453299405670165,2.590226921081543
1757954293015064800,4.32806494140625,2.203712990570068,6.553528494262695,2.7078420776367187
1757954293025021400,4.338021484375,2.4040777420043944,6.374861195373534,2.80256268081665
1757954293034977800,4.347977783203125,2.3946505729675294,6.7751417854309075,3.292925108337402
1757954293044933600,4.35793359375,2.1625626495361328,7.2997712242126465,3.5603275062561033
1757954293054889700,4.3678896484375,2.1999720504760742,7.592163101959228,4.005050464630127
1757954293064845600,4.377845458984375,2.5124153671264646,7.536797188568115,4.426729232025147
1757954293074801700,4.3878017578125,3.0132524269104004,7.016956153106689,4.591629871368408
1757954293084758500,4.397758544921875,3.2213983337402343,6.443245580291748,4.79483773727417
1757954293094714600,4.407714599609375,2.7448025657653807,6.394314083862304,5.047874925231933
1757954293104670500,4.41767041015625,3.180098355102539,6.269665959930419,5.00507857055664
1757954293114626600,4.42762646484375,2.261323468017578,6.558167259979248,5.8265890151977535
1757954293124582700,4.437582763671875,2.5872341690063476,6.648698010253906,6.737283471679687
1757954293134539500,4.44753955078125,2.749890244293213,5.917269403076172,7.717260138702392
1757954293144495600,4.45749560546875,-1.3468880714416502,6.093542500305175,8.03194801940918
1757954293154451700,4.46745166015625,3.359513842010498,5.389347937011719,6.695684217834472
1757954293164407800,4.47740771484375,5.716006826019287,5.917419040679931,6.664110683441161
1757954293174363600,4.48736376953125,4.425981044006347,6.936750397491455,7.470058817291259
1757954293184319700,4.49731982421875,4.414309310913086,7.255328855895995,7.722048542022705
1757954293194276600,4.507276611328125,3.4675521919250487,7.959972332000732,6.842628344726562
1757954293204232700,4.517232666015625,3.872770822906494,7.7498811363220215,7.14444739151001
1757954293214188500,4.5271884765625,5.4619221748352045,7.101950312042236,7.77591807937622
1757954293224144600,4.53714453125,5.7453357963562,6.945878291320801,8.782979152679443
1757954293234100500,4.5471005859375,4.904372463226318,7.198316928863525,9.208997410583496
1757954293244056600,4.557056640625,4.25838692779541,7.274332831573486,9.088988052368164
1757954293254013400,4.567013427734375,4.361786511993408,7.147140868377685,9.183708655548095
1757954293263969500,4.576969482421875,4.517708895111084,7.266551676177978,9.49959363708496
1757954293273925600,4.586925537109375,4.25195251083374,7.603834835052489,9.679308399200439
1757954293283881700,4.5968818359375,4.276941990661621,7.717110501098633,9.216479290771483
1757954293293837600,4.606837646484375,3.220201232910156,7.654113069915771,7.308150930023193
1757954293303794700,4.616794677734375,3.8908769729614257,6.981492041015625,6.100425830078125
1757954293313750800,4.626750732421875,4.895543844604492,6.6060512931823725,6.131550451660156
1757954293323706600,4.63670654296875,4.570680606842041,6.835146464538574,6.26308190536499
1757954293333662500,4.646662353515625,4.289661186981201,6.864475434875488,6.069151570892334
1757954293343618600,4.65661865234375,4.243572805023193,6.585401303863525,5.927893672943115
1757954293353574400,4.666574462890625,4.441992267608643,6.327874987792969,6.018873336029053
1757954293363531500,4.676531494140625,4.340687609863281,6.279990954589843,5.960065757751464
1757954293373487600,4.686487548828125,3.794809631347656,6.374711557769775,5.856965448760986
1757954293383443700,4.696443603515625,3.8729204605102536,6.442048479461669,5.910984623718261
1757954293393399800,4.70639990234375,4.2128970962524415,6.35884997177124,5.95632481765747
1757954293403355600,4.716355712890625,3.6031238609313965,6.430676021575928,6.4935238151550285
1757954293413311700,4.726311767578125,3.4097920768737793,6.516867281341552,7.017105790710449
1757954293423268600,4.7362685546875,3.9094320358276367,6.430676021575928,6.813149736785888
1757954293433224700,4.746224609375,4.0726866615295405,6.670395462799072,6.599167963409424
1757954293443180500,4.7561806640625,4.430021259307861,6.734440357208252,6.284180807495117
1757954293453136600,4.76613671875,4.891503629302978,6.379948873901367,5.77795679397583
1757954293463092500,4.776092529296875,4.690839602661133,6.530484303283691,6.182127961730957
1757954293473049600,4.786049560546875,4.024054440307617,6.625354544067382,5.735609352111816
1757954293483005400,4.79600537109375,4.64789361038208,6.310367388153076,5.0763060699462885
1757954293492961500,4.80596142578125,4.959738376617431,6.203226863861084,4.880131171417236
1757954293502917600,4.815917724609375,5.362263530731201,6.000767185974121,4.877886607360839
1757954293512873700,4.825873779296875,5.284601614379882,5.900360353851318,5.342511367034912
1757954293522829600,4.83582958984375,5.935525190734863,6.16087942199707,5.919065054321289
1757954293532786700,4.84578662109375,5.738751741790771,6.038326224517822,5.520280840301513
1757954293542742800,4.85574267578125,5.617246007537841,5.56068299331665,5.173271237182617
1757954293552698600,4.86569873046875,5.7137622619628905,6.07139613494873,4.412214384460449
1757954293562654700,4.87565478515625,5.440224722290039,6.038775137329101,3.937863180541992
1757954293572610600,4.885610595703125,5.42062219619751,5.9862523384094235,3.850624457550049
1757954293582567700,4.895567626953125,5.329492895507812,6.503549534606933,3.7618893585205075
1757954293592523500,4.9055234375,4.830301849365234,7.972242615509033,3.2242414482116697
1757954293602479600,4.915479736328125,3.3360207382202147,8.818592902374267,2.376245147705078
1757954293612435500,4.925435546875,3.7304654617309567,8.505251760101318,2.6415526191711423
1757954293622391800,4.935391845703125,3.90075305480957,7.8444521018981925,3.2788591735839843
1757954293632347600,4.94534765625,4.018218573760986,7.304409989929199,3.5224691925048828
1757954293642304800,4.9553046875,4.809202947235107,7.707533694458007,4.108450048828125
1757954293652260600,4.965260498046875,5.268291115570068,7.6659344406127925,4.655375490570068
1757954293662216700,4.975216796875,5.54766452178955,7.0449383850097655,4.849156187438965
1757954293672172500,4.985172607421875,5.580435157012939,7.172279985809325,4.989366622161865
1757954293682128600,4.995128662109375,5.70732784500122,6.594229922485352,4.566191478729248
1757954293692085800,5.005085693359375,5.430049365234375,6.23120909576416,5.04996985168457
1757954293702041600,5.01504150390625,5.389796849822997,7.370849085998535,5.36929649810791
1757954293711997700,5.024997802734375,4.966023155975342,7.8800658515930175,4.883572836303711
1757954293721953500,5.03495361328125,4.9416322265625,8.225579078674317,4.413112210083008
1757954293731909600,5.04490966796875,4.807706571197509,8.45242968597412,3.98365228729248
1757954293741865700,5.05486572265625,4.594622623443604,8.247126893615722,3.5109470970153804
1757954293751822600,5.064822509765625,4.786906944274902,7.56492905807495,3.346495370483398
1757954293761778700,5.07477880859375,4.989067346954346,7.128286530303955,3.5200749908447264
1757954293771734800,5.08473486328125,5.0483238380432125,6.8599863067626945,3.8602012641906738
1757954293781690600,5.094690673828125,5.136610024261475,6.797138513183594,4.07343484954834
1757954293791646700,5.104646728515625,5.099799173736572,6.862380508422851,4.082263468170166
1757954293801603600,5.114603515625,5.039794494628906,7.0373068672180175,4.182371025085449
1757954293811559700,5.1245595703125,5.098751710510253,7.227945174407958,4.094234476470947
1757954293821515500,5.134515625,5.015852478027344,7.41903239440918,3.8989574035644528
1757954293831471600,5.1444716796875,5.033808990478516,7.5080667686462395,3.6947020744323726
1757954293841427500,5.154427490234375,5.045630361175537,7.40601392288208,3.8174049095153806
1757954293851383800,5.1643837890625,4.764760578918457,7.4785881607055655,3.826682440948486
1757954293861340400,5.17434033203125,4.843769233703613,7.5719620254516595,3.897012114715576
1757954293871296800,5.184296875,4.951957221221924,7.581987744903564,3.9273885482788082
1757954293881252600,5.194252685546875,5.130624520111084,7.376236039733886,3.8413469261169433
1757954293891208700,5.204208740234375,4.898536596679687,7.38072516784668,3.619284722137451
1757954293901164500,5.21416455078125,4.9628807662963865,7.52078596496582,3.4817677642822265
1757954293911121700,5.22412158203125,4.9078141281127925,7.611167077636718,3.4256536628723144
1757954293921077800,5.234077880859375,4.9348985343933105,7.607875050354004,3.3132758224487304
1757954293931033600,5.24403369140625,5.062090497589111,7.567173622131347,3.26898309173584
1757954293940989700,5.25398974609375,5.115361484527588,7.485172215270996,3.3557729019165037
1757954293950946600,5.263946533203125,5.162796604919433,7.404816822052002,3.360710942840576
1757954293960903700,5.273903564453125,5.081543386077881,7.3371806251525875,3.2468367263793945
1757954293970859800,5.28385986328125,5.025279647064209,7.273135730743408,3.1203929512023922
1757954293980815600,5.293815673828125,4.981735104370117,7.250390814971923,3.0787936973571775
1757954293990771700,5.303771728515625,5.033958628082275,7.257124507141113,3.130717945861816
1757954294000727600,5.3137275390625,5.116857860565185,7.321618314361571,3.3074399559020993
1757954294010684700,5.3236845703125,5.141248789978027,7.396586753845215,3.4735376960754394
1757954294020640500,5.333640625,5.140650239562988,7.3751885765075675,3.5812767707824706
1757954294030596600,5.3435966796875,5.15217233505249,7.350199096679687,3.6357448585510252
1757954294040552700,5.353552734375,5.177161814880371,7.370100897979736,3.649361880493164
1757954294050508800,5.3635087890625,5.223100559234619,7.390301974487304,3.640832537078857
1757954294060465700,5.373465576171875,5.248838227081299,7.417685655975341,3.608959727478027
1757954294070421800,5.383421875,5.280561399078369,7.475296133422851,3.68362889175415
1757954294080377600,5.393377685546875,5.345653756713867,7.5540055130004875,3.732261112976074
1757954294090333700,5.403333740234375,5.321113189697265,7.614758380126952,3.731662562561035
1757954294100289500,5.41328955078125,5.34969397201538,7.6279264892578125,3.7385458923339843
1757954294110246700,5.42324658203125,5.390245762634277,7.625532287597656,3.716399526977539
1757954294120202800,5.43320263671875,5.354482375335693,7.640346410369872,3.686322368621826
1757954294130158600,5.44315869140625,5.262155973815918,7.677905448913574,3.6481647796630856
1757954294140114700,5.45311474609375,5.272032055664062,7.723844193267822,3.5568858413696285
1757954294150070800,5.46307080078125,5.297620085906982,7.765443447113037,3.459471761322021
1757954294160027600,5.473027587890625,5.285649077606201,7.718157964324951,3.3228526290893554
1757954294169983700,5.482983642578125,5.285948352813721,7.61625475616455,3.3131261848449705
1757954294179939800,5.49293994140625,5.236268668365478,7.545326531982422,3.349338484954834
1757954294189895700,5.502895751953125,5.229385338592529,7.490559169006347,3.4153286682128905
1757954294199851800,5.512851806640625,5.293130957794189,7.447164263916015,3.5051112304687497
1757954294209808600,5.52280859375,5.2916345817565915,7.448211727142334,3.548955048370361
1757954294219764700,5.5327646484375,5.219808531951904,7.436839269256591,3.516932601165771
1757954294229720600,5.542720458984375,5.196315428161621,7.391199800109863,3.499125726318359
1757954294239676700,5.5526767578125,5.220407082366943,7.413944715881347,3.529202884674072
1757954294249632500,5.562632568359375,5.179556016540527,7.43130267791748,3.5236662933349607
1757954294259589600,5.572589599609375,5.220107807159423,7.423072609710693,3.52411520614624
1757954294269545500,5.58254541015625,5.252728804779053,7.395240015411376,3.545812658691406
1757954294279501600,5.59250146484375,5.211578463745117,7.350199096679687,3.5612253318786617
1757954294289457700,5.602457763671875,5.166238269805908,7.378779878997802,3.568407936859131
1757954294299413800,5.612413818359375,5.171924498748779,7.453748318481445,3.5953427055358884
1757954294309371000,5.622370849609375,5.2168157798767085,7.462876212310791,3.5411738929748533
1757954294319326700,5.63232666015625,5.250184965515136,7.42516753616333,3.5329438247680662
1757954294329282800,5.64228271484375,5.229235700988769,7.378480603790282,3.51139600982666
1757954294339238700,5.65223876953125,5.190629199218749,7.360224816131591,3.44106633605957
1757954294349194800,5.66219482421875,5.1979614418029785,7.384765383148193,3.4044051231384276
1757954294359151600,5.672151611328125,5.262604886627197,7.385812846374511,3.330633784484863
1757954294369107700,5.682107666015625,5.284152701568603,7.3563342384338375,3.241300135040283
1757954294379063600,5.6920634765625,5.34355883026123,7.387758135223388,3.2109237014770504
1757954294389019600,5.70201953125,5.340416440582275,7.439832021331787,3.252672592926025
1757954294398976500,5.7119765625,5.266345826721191,7.447762814331054,3.2996588005065917
1757954294408932600,5.7219326171875,5.224596935272216,7.343016491699219,3.123834616088867
1757954294418888400,5.731888427734375,5.476137747192382,7.6182000450134275,3.2275334754943845
1757954294428844800,5.7418447265625,5.537040251922607,7.8441528266906735,3.4917934837341305
1757954294438800600,5.751800537109375,5.5440732192993165,7.681796026611328,3.5953427055358884
1757954294448757800,5.7617578125,5.244199461364746,6.678775168609619,4.235791649627686
1757954294458713900,5.7717138671875,5.06283868560791,6.649296560668945,4.135833730316162
1757954294468669700,5.781669677734375,5.732018049621582,7.1683894081115715,3.855562498474121
1757954294478625800,5.791625732421875,6.091447573852538,7.146991230773925,3.707421270751953
1757954294488581600,5.80158154296875,5.774515129089355,6.733243256378174,3.8585552505493164
1757954294498538800,5.811538818359375,6.142623634338379,6.018125148010253,3.6296097167968746
1757954294508494600,5.82149462890625,6.5020531585693355,6.029048693084716,3.8227918632507323
1757954294518450700,5.83145068359375,6.405387266540527,6.157437757110595,3.8064813644409177
1757954294528406500,5.841406494140625,6.501005695343017,6.18601853942871,3.2701801925659177
1757954294538363600,5.85136376953125,6.569090805053711,6.044611003875732,2.6862942626953124
1757954294548319500,5.861319580078125,6.552032118225097,6.13544102935791,2.4058733932495118
1757954294558275600,5.871275634765625,6.175543907165527,6.348524977111816,2.2168810997009274
1757954294568231700,5.881231689453125,5.753565864562988,6.319345644378662,1.7999907356262206
1757954294578187800,5.891187744140625,5.134814373016357,6.106560971832275,1.4021043472290038
1757954294588145000,5.901144775390625,4.2594343910217285,6.011092180633544,0.9223661895751952
1757954294598100700,5.911100830078125,3.892373348999023,6.1188312553405755,0.9358335739135741
1757954294608056800,5.921056884765625,4.250156859588623,6.208015267181396,1.2603975364685058
1757954294618012700,5.9310126953125,5.027524211120605,6.395361547088623,1.004217958831787
1757954294627969800,5.9409697265625,4.940884038543701,7.123647764587402,0.764199242401123
1757954294637925600,5.950925537109375,3.299958075714111,12.45538522415161,0.8405144203186035
1757954294647881700,5.9608818359375,-1.835454847717285,15.068057785797118,1.3750199409484862
1757954294657837600,5.970837646484375,-2.84101954498291,15.147664990997313,0.7703343841552734
1757954294667793700,5.980793701171875,2.6372131286621094,12.319813555145263,-1.4902408958435058
1757954294677750500,5.99075048828125,4.186411240386962,11.86177285003662,-0.3981856636047363
1757954294687706600,6.00070654296875,4.269011197662353,9.88281554031372,0.7909843734741211
1757954294697662500,6.010662353515625,4.882525373077392,8.364742050170898,1.0164882423400878
1757954294707618800,6.020618896484375,4.679167869567871,8.480411917877197,1.4654010536193847
1757954294717575700,6.03057568359375,4.703259523773193,8.854655564880371,1.5382745666503905
1757954294727531800,6.04053173828125,4.432265823364258,9.294590119934082,0.9720458740234375
1757954294737487600,6.050487548828125,4.6474446975708,10.101286441802978,0.6130652626037597
1757954294747443700,6.060443603515625,4.745457328033447,10.56650975189209,0.745045629119873
1757954294757400800,6.07040087890625,5.023035083007812,10.632350297546386,0.8613140472412109
1757954294767356700,6.080356689453125,5.14528900527954,10.084078117370606,0.6524199523925781
1757954294777312800,6.090312744140625,5.104737214660644,9.882216989898682,0.699705435180664
1757954294787268600,6.1002685546875,5.0023850936889644,9.785700735473633,0.8493430389404296
1757954294797224700,6.110224609375,4.90362427520752,9.699509475708007,1.1592425163269042
1757954294807181600,6.120181640625,4.536114320373535,9.46742155227661,1.0956465347290039
1757954294817137700,6.1301376953125,3.865737855529785,9.056217417144774,0.9220669143676757
1757954294827093500,6.140093505859375,3.0783447845458984,8.476072427368164,0.9472060317993164
1757954294837049600,6.150049560546875,2.5650878036499023,8.00007520980835,0.7972691528320313
1757954294847006500,6.16000634765625,2.6222493682861328,7.919420541381835,0.4649240348815918
1757954294856962600,6.169962646484375,3.222296159362793,7.9557824790954585,0.1518821678161621
1757954294866918700,6.179918701171875,3.6592379623413085,8.037185335540771,-0.11761515655517578
1757954294876874800,6.189874755859375,3.686920919036865,8.06965669555664,-0.42182840499877927
1757954294886831900,6.199831787109375,3.611653204345703,8.181735260772705,-0.4273649963378906
1757954294896787700,6.20978759765625,3.3789667304992674,8.275707675933837,-0.33518823242187495
1757954294906743800,6.219743896484375,2.50268892288208,7.773224602508544,-0.0016460136413574218
1757954294916699600,6.22969970703125,4.254346712493896,7.02279201965332,0.5295674797058105
1757954294926655700,6.23965576171875,4.615272612762451,6.059125851440429,0.5389946487426758
1757954294936612600,6.249612548828125,1.2834417274475096,6.277447115325927,-1.7334020019531249
1757954294946567400,6.2595673828125,-0.5422866760253906,6.63298606185913,-1.2210428466796874
1757954294956523800,6.269523681640625,1.7202338928222656,6.761973676300048,0.29493571701049803
1757954294966479600,6.279479736328125,3.535038751220703,7.116465159606933,0.6298246742248534
1757954294976436700,6.289436767578125,3.537432952880859,7.675810522460937,0.8285434120178222
1757954294986392800,6.299392822265625,3.510049271392822,7.898471276855468,0.3298012786865234
1757954294996348700,6.3093486328125,4.11129316329956,7.7519760627746574,-0.8028057441711425
1757954295006304800,6.3193046875,4.050091383361816,9.623792848205566,1.5275006591796874
1757954295016261600,6.32926171875,3.4344822814941405,9.11667100906372,0.44053310546874996
1757954295026217700,6.3392177734375,4.94806664352417,7.296030284118652,-2.261173830413818
1757954295036173600,6.349173583984375,5.954529166412353,5.783643022918701,-3.7159506141662595
1757954295046129700,6.359129638671875,5.18434441986084,6.363788012695312,-5.370643236541747
1757954295056085500,6.36908544921875,6.26921704711914,7.353042211151123,-6.424091967010497
1757954295066042600,6.379042724609375,6.067505557250977,9.476549446105956,-3.527856146240234
1757954295075998500,6.38899853515625,7.30994658126831,9.928006096649169,-2.1095909378051756
1757954295085954600,6.39895458984375,6.246023218536377,9.178770614624023,-3.3494881225585935
1757954295095910700,6.40891064453125,1.9379566062927245,10.277260263824463,-3.1961095787048337
1757954295105867500,6.418867431640625,0.32142157287597656,12.735506818389892,-1.0549451065063475
1757954295115823900,6.428823974609375,1.8264765914916992,15.422848544311522,1.0703577796936035
1757954295125779700,6.43877978515625,2.1817162628173827,15.117138919830321,-1.1094131942749024
1757954295135735600,6.448735595703125,0.9834183319091796,11.812841353607178,-3.484760516357422
1757954295145692700,6.458692626953125,3.1076737548828124,9.413103102111815,-1.9122189384460448
1757954295155648800,6.468648681640625,4.9808372787475585,8.58710352935791,-2.4296657722473145
1757954295165604600,6.4786044921875,4.548234966278076,8.745270476531982,-2.266860059356689
1757954295175560700,6.488560791015625,4.815487726593017,8.908076189422607,-1.9256863227844236
1757954295185517600,6.498517578125,5.078999546813964,9.301323812103272,-2.038662713623047
1757954295195473700,6.5084736328125,5.109226342773437,9.387365434265137,-2.2291513832092282
1757954295205429500,6.518429443359375,5.241954897308349,9.532813185119629,-2.492214290618896
1757954295215385600,6.528385498046875,5.216366867065429,9.808146376037596,-2.805854708099365
1757954295225342500,6.538342529296875,5.026476747894287,9.952097750854492,-2.8547862045288084
1757954295235298600,6.548298583984375,4.712237779998779,9.894187998199463,-2.644994284057617
1757954295245254400,6.55825439453125,4.851101476287842,9.764601833343505,-2.33045604095459
1757954295255210800,6.568210693359375,4.979340902709961,9.757868141174315,-1.6970400642395018
1757954295265167600,6.578167724609375,4.979041627502441,9.829095640563965,-1.1725602630615233
1757954295275123700,6.588123779296875,5.84185205078125,9.862315188598632,-0.4020762413024902
1757954295285079800,6.598079833984375,4.872649291229248,8.662520881652831,-2.858676782226562
1757954295295035600,6.60803564453125,3.390788101196289,8.345887712097168,-2.492812841033935
1757954295304991700,6.61799169921875,3.030760026550293,8.692598040008544,-1.1329062980651854
1757954295314948600,6.627948486328125,4.070292459869385,8.818592902374267,-0.9593266777038574
1757954295324904700,6.63790478515625,5.348347233581543,8.588749542999267,-1.1674725845336913
1757954295334860500,6.647860595703125,5.970839665222168,8.315960191345214,-1.2219406723022461
1757954295344816600,6.657816650390625,6.381145974731445,7.819462622070312,-1.0295067138671874
1757954295354773500,6.6677734375,6.602609628295898,7.247996613311767,-0.8587702079772949
1757954295364729600,6.6777294921875,6.87599753036499,6.706308487701415,-0.8385691314697266
1757954295374685400,6.687685546875,7.173177811431884,6.34613077545166,-0.8126818260192871
1757954295384641500,6.6976416015625,5.861454576873779,6.450278547668456,-1.7357962036132812
1757954295394598700,6.7075986328125,5.323806666564941,7.486518953704834,-1.4915876342773438
1757954295404554500,6.717554443359375,4.599560664367676,8.288426872253417,-1.9726725303649901
1757954295414510800,6.7275107421875,3.258508459472656,8.845976583862305,-2.80256268081665
1757954295424466700,6.737466796875,2.530521517181396,9.165602505493164,-3.109768681335449
1757954295434423800,6.747423828125,2.91134921875,9.816526081848144,-2.1028572456359864
1757954295444379600,6.757379638671875,2.4563012657165526,10.500369931030272,-1.8620903411865233
1757954295454335700,6.767335693359375,3.5913024902343746,10.44470474243164,-1.8264765914916992
1757954295464291600,6.77729150390625,4.950460845184326,9.97873324432373,-2.2028151649475096
1757954295474248700,6.787248779296875,4.235642012023925,9.650278704071045,-3.0533553047180173
1757954295484204500,6.79720458984375,2.6638486221313475,10.032153868865967,-3.380014193725586
1757954295494160600,6.80716064453125,3.003974895477295,9.897779300689697,-2.79627790145874
1757954295504116500,6.817116455078125,3.7783494949340817,9.733926124572754,-2.4383447532653806
1757954295514073600,6.827073486328125,2.646191384887695,9.584288520812988,-2.156427507781982
1757954295524029700,6.83702978515625,2.8570307685852048,9.022399318695069,-1.8601450523376464
1757954295534608600,6.847608642578125,2.830544912719726,8.517372406005858,-1.34060329208374
1757954295544564700,6.857564697265625,2.879925321960449,8.60550895462036,-0.5371989974975586
1757954295554520600,6.8675205078125,2.9198785621643064,8.571990131378174,0.08903437423706054
1757954295564476700,6.8774765625,2.9267618919372556,8.449137658691406,0.46716859893798823
1757954295574433500,6.88743359375,2.7341782958984373,8.239345738220214,0.7172130348205566
1757954295584389600,6.8973896484375,2.4135049110412594,8.180238884735108,0.9784802909851074
1757954295594345500,6.907345458984375,2.3514053054809567,8.361749298095702,1.265335577392578
1757954295604301600,6.917301513671875,2.5104700782775877,8.428786944580077,1.8837877937316894
1757954295614258400,6.927258544921875,3.6195839973449706,8.30623374710083,2.277035416412353
1757954295624214500,6.937214599609375,2.4685715492248534,8.583362589263915,2.531868255615234
1757954295634170600,6.947170654296875,2.6972178077697753,8.621520178222656,2.3874679679870603
1757954295644126700,6.957126708984375,3.0787936973571775,8.443601067352294,1.1423334671020506
1757954295654083800,6.967083740234375,1.4270938270568847,8.14672006149292,-0.18884265594482422
1757954295664039700,6.977039794921875,0.09965864410400391,9.031377574920654,-1.4220061485290527
1757954295673995800,6.986995849609375,0.5551555099487304,9.86396120223999,-0.8970774345397948
1757954295683951600,6.99695166015625,1.2725181823730467,9.720009827423095,-0.10205284576416015
1757954295693908700,7.00690869140625,1.4630068519592285,9.824756150054931,-0.2902969512939453
1757954295703864600,7.016864501953125,0.845302823638916,10.18313821105957,-0.462230558013916
1757954295713820700,7.026820556640625,0.12419921112060546,10.324096833801269,-0.7911340110778808
1757954295723776500,7.036776611328125,0.08274959487915039,10.05594624786377,-1.3739724777221678
1757954295733733600,7.046733642578125,-0.04444236831665039,9.549871871948241,-1.3006500518798827
1757954295743689500,7.056689453125,-0.34925416717529295,9.402628469848633,-0.8984241729736328
1757954295753645600,7.0666455078125,-0.19856910018920898,9.464279162597656,-0.9651625442504882
1757954295763601700,7.0766015625,-0.023642741394042967,9.661351886749268,-0.9497498710632324
1757954295773558500,7.08655859375,-0.20694880599975585,9.647734864807129,-1.2093711135864258
1757954295783514600,7.0965146484375,-0.6257844589233398,9.590423662567138,-1.1755530151367186
1757954295793470700,7.106470703125,-0.5609913764953613,9.655516020202636,-1.1941080780029296
1757954295803426800,7.1164267578125,-0.49036242752075193,9.637858782958984,-1.3114239593505859
1757954295813383700,7.1263837890625,-0.47315410308837885,9.684396077728271,-0.8966285217285156
1757954295823339800,7.13633984375,-0.25752631607055665,9.822661223602294,-0.4020762413024902
1757954295833295600,7.146295654296875,-0.19557634811401367,9.683797527313232,-0.43290158767700193
1757954295843251700,7.156251708984375,-0.3130418670654297,9.267206438446044,-0.4447229583740234
1757954295853208600,7.16620849609375,-0.26396073303222656,9.158419900512694,0.15322890625
1757954295863164700,7.17616455078125,-0.570119270324707,8.940397911834717,-0.09352350234985352
1757954295873120500,7.18612060546875,-1.4267945518493652,8.753650182342529,-0.6429927833557129
1757954295883076600,7.19607666015625,-1.8956091644287107,8.583961139678955,-0.6925228302001952
1757954295893033700,7.20603369140625,-1.8248305778503418,8.316708379364012,-0.49724575729370113
1757954295902989600,7.215989501953125,-1.4630068519592285,8.57378578262329,0.5009866973876953
1757954295912945700,7.225945556640625,-0.9877578224182129,9.21243907546997,0.8764274452209472
1757954295922902500,7.235902587890625,-0.8873509902954101,9.41011035003662,0.1249473991394043
1757954295932858600,7.245858642578125,-1.0408791717529295,9.370606022644042,-0.6726210289001464
1757954295942814500,7.255814453125,-1.4103344154357909,9.369857834625243,-1.3301286598205566
1757954295952770800,7.265770751953125,-1.520168416595459,9.669133042144775,-1.02786070022583
1757954295962727700,7.275727783203125,-1.8272247795104979,10.1767037940979,-0.8562263687133789
1757954295972683800,7.285683837890625,-2.0341735855102536,10.312425100708007,-0.992097312927246
1757954295982639900,7.295639892578125,-1.9786580345153808,10.637437976074217,-0.8328829025268554
1757954295992595700,7.305595703125,-1.0709563301086424,10.863540395355225,-1.0803834991455077
1757954296002552800,7.315552734375,-0.8496423141479492,10.809371582794189,-1.0787374855041503
1757954296012509000,7.325509033203125,-0.7404068634033203,10.184634587097168,-0.9452607429504394
1757954296022464800,7.33546484375,-0.948103857421875,9.526378768157958,-0.7656956184387207
1757954296032420600,7.345420654296875,-1.2226888603210448,9.457545470428466,-0.9038111267089843
1757954296042377700,7.355377685546875,-1.2753612968444823,9.627084875488281,-0.9177274238586425
1757954296052333800,7.365333740234375,-0.7296329559326171,9.674220720672606,-0.7570166374206543
1757954296062289700,7.37528955078125,-0.7673416320800781,9.456049094390869,-0.8131307388305664
1757954296072245800,7.385245849609375,-0.9952397026062011,9.462034598541258,-0.7700351089477538
1757954296082202600,7.39520263671875,-0.6667851623535156,9.758466691589355,-0.612915625
1757954296092158700,7.40515869140625,-0.678007982635498,9.897629663085937,-0.4917091659545898
1757954296102114600,7.415114501953125,-0.6726210289001464,9.799018482208252,-0.4138976119995117
1757954296112071000,7.42507080078125,-0.414346524810791,9.6411508102417,-0.46627077331542965
1757954296122027500,7.435027587890625,-0.29927520751953124,9.356839363098144,-0.6596025573730468
1757954296131984000,7.44498388671875,-0.9353846611022949,9.732878661346435,-0.9407716148376464
1757954296141939700,7.454939697265625,-1.1665747589111328,10.717194818878173,-0.730381143951416
1757954296151895800,7.464895751953125,-0.3821744400024414,10.760290448760985,-0.6163572898864745
1757954296161853000,7.47485302734375,-0.44113165588378905,11.034875451660156,-0.5267243652343749
1757954296171808800,7.484808837890625,-0.7006032608032227,11.051634863281249,-0.7870937957763672
1757954296181764900,7.494764892578125,-1.0793360359191895,11.14635546646118,-1.0619780738830567
1757954296191720700,7.504720703125,-0.9246107536315917,10.492888050842284,-1.3557166900634765
1757954296201677800,7.514677734375,-0.8475473876953125,10.418218886566162,-1.4030021728515625
1757954296211633700,7.524633544921875,-0.8885480911254883,10.945990715026856,-1.119738188934326
1757954296221589800,7.53458984375,0.23119009780883787,9.757868141174315,-1.132008472442627
1757954296231545600,7.544545654296875,-0.9835679695129393,10.693402439880371,-0.8122329132080077
1757954296241502700,7.554502685546875,-0.49799394531249996,9.77402900238037,-1.188122573852539
1757954296251458600,7.56445849609375,-1.5964835945129394,10.82807628326416,-0.8417115211486816
1757954296261414700,7.57441455078125,-1.0787374855041503,10.005668013000488,-1.4757260482788086
1757954296271370800,7.584370849609375,-0.4879682258605957,9.508122980499268,-1.4378677345275879
1757954296281327600,7.59432763671875,-1.5397709426879882,10.459369227600098,-1.3467384338378905
1757954296291284000,7.604283935546875,-0.13542203140258788,8.820089278411865,-1.540519130706787
1757954296301239800,7.61423974609375,-0.9814730430603027,9.749189160156249,-0.9168295982360839
1757954296311196000,7.62419580078125,-0.4059668190002441,8.994267449188232,-0.8153753028869628
1757954296321152800,7.63415283203125,-0.040102877807617184,8.38224964981079,-0.8713397666931152
1757954296331108900,7.64410888671875,-1.0657190139770507,9.539247602081298,-0.5294178421020508
1757954296341064700,7.654064697265625,-0.34222119979858395,9.035268152618407,-0.5617395645141601
1757954296351020800,7.664020751953125,-0.2472013214111328,8.431181146240235,-0.5916670852661132
1757954296360977700,7.673977783203125,-0.12823942642211913,8.136095791625976,-0.9790788414001464
1757954296370933800,7.683933837890625,-0.17342998275756835,9.082403997802734,-1.1561001266479491
1757954296380889600,7.6938896484375,-0.14320318679809568,9.845256501770018,-1.4146739059448241
1757954296390845700,7.703845703125,0.1975216369628906,9.289502441406249,-1.6885107208251953
1757954296400802800,7.713802734375,-0.09322422714233398,8.251616021728514,-2.0687398719787597
1757954296410758700,7.723758544921875,-0.07362170104980469,9.898826763916015,-1.1905167755126953
1757954296420714800,7.73371484375,0.5039794494628906,9.964068759155273,-1.5726912155151367
1757954296430670800,7.7436708984375,0.3324947555541992,9.658508772277832,-1.5729904907226562
1757954296440627700,7.753627685546875,0.23612813873291014,9.735572138214112,-1.3564648780822752
1757954296450583800,7.763583740234375,0.31274259185791015,9.637409870147705,-1.1061211669921875
1757954296460540000,7.773539794921875,0.47854105682373044,9.510666819763182,-1.2294225524902342
1757954296470496800,7.783496826171875,0.4617816452026367,9.818022457885741,-1.608155327606201
1757954296480452900,7.793452880859375,0.23702596435546874,10.085873768615722,-1.6689081947326658
1757954296490408700,7.80340869140625,0.3093009269714355,9.91453871231079,-1.816301234436035
1757954296500364800,7.81336474609375,0.16654665298461913,9.890447058105469,-1.7754501686096191
1757954296510320600,7.823320556640625,0.07990648040771484,10.179097995758056,-1.804779138946533
1757954296520277800,7.83327783203125,-0.06913257293701172,10.567108302307128,-1.8745102622985839
1757954296530233900,7.84323388671875,0.3033154228210449,10.545111574554443,-1.5881038887023924
1757954296540189700,7.853189697265625,0.699705435180664,10.089913983917235,-1.1405378158569335
1757954296550146800,7.863146728515625,0.5315127685546874,9.918578927612304,-1.0290578010559082
1757954296560102700,7.8731025390625,0.3642179275512695,9.977685781097412,-0.8690952026367187
1757954296570058800,7.883058837890625,-0.8520365158081055,9.929951385498047,-1.6543933471679686
1757954296580014600,7.8930146484375,-0.2314893730163574,9.847052153015136,-1.7374422172546387
1757954296589971700,7.9029716796875,0.021996727752685546,9.679906949615479,-1.5132850868225096
1757954296599927600,7.912927490234375,-0.5891232460021972,9.324966553497314,-1.5834651229858399
1757954296609884000,7.9228837890625,-0.8282441368103027,8.709956002044677,-2.214786173248291
1757954296619839700,7.93283984375,-1.0206780952453613,8.82981572265625,-1.8189947113037108
1757954296629796900,7.942796875,-0.44068274307250976,8.551639417266845,-1.2722189071655272
1757954296639753000,7.9527529296875,-0.203656778717041,8.408735505676269,-1.7892168281555174
1757954296649708800,7.962708740234375,0.0674865592956543,9.207351396942139,-0.9343371978759765
1757954296659665000,7.972664794921875,0.5458779785156249,9.198522778320312,-1.4966753128051757
1757954296669621800,7.982621826171875,-0.14036007232666015,9.504382040405273,-1.8294693435668945
1757954296679577900,7.992577880859375,-0.07511807708740234,9.560795417022705,-1.7910124794006346
1757954296689533700,8.00253369140625,0.039055414581298825,9.496600885009766,-1.645864003753662
1757954296699489800,8.01248974609375,0.23508067550659179,9.348758932495116,-1.6469114669799805
1757954296709445600,8.022445556640625,0.3007715835571289,9.019406566619873,-2.1781249603271484
1757954296719402800,8.03240283203125,-0.4908113403320312,9.101557611083983,-2.7392659744262695
1757954296729358600,8.042358642578124,-3.4644098022460934,9.607183074188232,-4.964377142333984
1757954296739314700,8.052314697265626,-0.6163572898864745,11.171344946289063,-3.0174422798156737
1757954296749271800,8.062271728515626,0.18091186294555664,10.969783094024658,-1.7036241188049315
1757954296759227600,8.0722275390625,0.49425300521850585,9.592668226623534,-1.7296610618591308
1757954296769183700,8.082183837890625,-0.18959084396362302,9.208249222564696,-2.864213373565674
1757954296779139800,8.092139892578125,1.2469301521301268,8.54281079864502,-2.6153660385131836
1757954296789095700,8.102095703125,-1.6154875701904297,10.155155979156493,-2.296488304901123
1757954296799052800,8.112052734375,-1.3964181182861328,10.099041877746581,-2.9411271018981933
1757954296809009000,8.1220087890625,-0.07990648040771484,9.557653027343749,-2.57915373840332
1757954296818964700,8.13196484375,-0.5961562133789062,9.547028757476806,-2.451063949584961
1757954296828920800,8.1419208984375,-0.8421604339599609,9.291747005462646,-2.5809493896484375
1757954296838877700,8.151877685546875,-0.4364928901672363,9.009979397583008,-2.9200281997680664
1757954296848833800,8.161833740234375,-0.7565677246093749,9.234286165618895,-3.037493718719482
1757954296858789600,8.17178955078125,-1.3551181396484375,9.290849179840087,-3.192967189025879
1757954296868745700,8.181745849609374,-0.8656535377502441,9.711929396820068,-2.947711156463623
1757954296878702600,8.19170263671875,-0.8207622566223144,10.390685567474364,-2.8570307685852048
1757954296888658700,8.20165869140625,-0.9038111267089843,10.714950254821776,-2.7334301078796384
1757954296898614500,8.211614501953125,0.14290391159057617,10.263044691467284,-2.135927156066894
1757954296908571000,8.22157080078125,0.2747346405029297,9.74903952255249,-2.1302409271240235
1757954296918527700,8.23152783203125,0.12345102310180664,9.456348369598388,-1.975964557647705
1757954296928483800,8.24148388671875,0.7579144630432129,8.819790003204345,-1.4276923774719237
1757954296938440000,8.25143994140625,-0.5714660087585449,9.1293902053833,-2.4136545486450194
1757954296948396500,8.261396484375,-0.48976387710571284,9.24520971069336,-1.9003975677490232
1757954296958353400,8.271353515625,0.03486556167602539,9.088389501953124,-1.8435352783203125
1757954296968309500,8.2813095703125,0.0900818374633789,9.070582627105713,-1.7311574378967285
1757954296978265300,8.291265380859375,0.16909049224853515,9.20031842956543,-1.7082628845214842
1757954296988221400,8.301221435546875,0.3941454483032226,9.385869058227538,-1.7280150482177734
1757954296998178600,8.311178466796875,0.5015852478027344,9.836727158355712,-1.788917552947998
1757954297008134400,8.321134521484375,0.6489782875061034,10.385448251342773,-1.9289783500671385
1757954297018090500,8.331090576171874,0.9334393722534179,10.780491525268554,-2.07502465133667
1757954297028046300,8.34104638671875,1.1909656883239745,11.212345649719238,-2.1914427070617672
1757954297038003500,8.35100341796875,1.258452247619629,11.209801810455321,-2.332102054595947
1757954297047959300,8.360959228515625,1.3376105400085447,10.80802484436035,-2.3876176055908203
1757954297057915400,8.370915283203125,1.23211602935791,10.352228703308105,-2.364124501800537
1757954297067871200,8.380871337890625,1.3072341064453123,9.97125136413574,-2.297685405731201
1757954297077828400,8.390828369140625,1.1174936248779297,9.529970070648194,-2.047640969848633
1757954297087784200,8.4007841796875,0.7414543266296386,8.987833032226561,-1.8109142807006835
1757954297097740300,8.410740234375,0.543932689666748,8.679729206085204,-1.822137100982666
1757954297107696400,8.4206962890625,0.22206220397949217,8.673743701934814,-1.562815133666992
1757954297117653200,8.4306533203125,0.4041711677551269,8.859593605804443,-1.443404325866699
1757954297127609600,8.440609619140625,0.8494926765441894,9.181913004302977,-1.578227806854248
1757954297137565400,8.4505654296875,0.8152256652832031,9.553612812042235,-1.6279074913024902
1757954297147521500,8.460521484375,0.8782230964660644,9.674819271087646,-1.8032827629089354
1757954297157478400,8.470478515625,0.8888473663330078,9.880122063446045,-2.1333833168029783
1757954297167434500,8.4804345703125,0.1924339584350586,10.192116467285155,-2.6312276245117188
1757954297177390300,8.490390380859376,0.647332273864746,10.843788231658936,-2.309806051635742
1757954297187346400,8.500346435546875,0.9299977073669433,10.668861872863769,-1.9883844787597655
1757954297197303300,8.51030322265625,1.1192892761230469,10.16338604736328,-1.6180314094543455
1757954297207259400,8.52025927734375,1.183034895324707,9.591321488189697,-1.5503952125549316
1757954297217215200,8.53021533203125,1.087865379333496,9.527276593780517,-1.1350012245178223
1757954297227171300,8.54017138671875,1.3238438804626464,9.511863920593262,-0.9021651130676269
1757954297237128400,8.55012841796875,1.4324807807922362,8.86153889465332,-0.7282862174987793
1757954297247084300,8.560084228515626,1.3584101669311524,8.570793030548096,-0.6096235977172851
1757954297257040400,8.570040283203125,1.3322235862731933,8.550292678833006,-0.44158056869506834
1757954297266996500,8.57999658203125,1.1982979309082031,8.429086219787598,-0.3752911102294922
1757954297276953300,8.589953369140625,0.8040028450012207,8.027458891296387,-0.14185644836425781
1757954297286909400,8.599909423828125,0.5316624061584473,7.613710916900635,0.020500351715087888
1757954297296865500,8.609865478515625,0.3425204750061035,7.558644278717041,0.03486556167602539
1757954297306821400,8.6198212890625,0.40970775909423823,7.756465190887451,-0.20485387954711912
1757954297316778500,8.629778564453124,0.24301146850585936,8.22961929397583,-0.34311902542114253
1757954297326734300,8.639734375,0.41524435043334956,8.56121622390747,-0.38456864166259763
1757954297336690400,8.6496904296875,0.2650081962585449,9.009530484771728,-0.6848913124084473
1757954297346646300,8.659646240234375,-0.0953191535949707,9.076418493652342,-1.2912228828430174
1757954297356602400,8.669602294921875,-1.1854290969848633,8.66356834487915,-1.878251202392578
1757954297366559200,8.679559326171875,-2.0268413429260255,9.326014016723633,-1.208473287963867
1757954297376515300,8.689515380859374,-2.3237223487854,8.921842848968506,-1.2367547950744628
1757954297386471200,8.69947119140625,-2.4633342330932617,8.320150044250488,-0.6607996582031249
1757954297396427500,8.709427490234376,-1.608903515625,7.543231605529785,-0.42018239135742186
1757954297406384400,8.71938427734375,-0.790385823059082,7.318475924682617,0.7671919944763184
1757954297416340200,8.72934033203125,-1.4348749824523925,7.341520115661621,0.9798270294189453
1757954297426296600,8.739296630859375,-0.5360018966674804,7.785195610809326,2.1535843933105467
1757954297436252400,8.74925244140625,1.2364555198669434,8.67568899078369,2.6090812591552734
1757954297446209500,8.75920947265625,2.6152164009094236,9.536254850006102,2.6212019050598143
1757954297456165400,8.769165283203124,3.253420780944824,10.220397974395752,2.380734275817871
1757954297466121500,8.77912158203125,3.034500966644287,10.91636246948242,2.0082862800598145
1757954297476077300,8.789077392578125,2.3274632888793945,11.39625026473999,1.7643769859313965
1757954297486034400,8.799034423828125,1.3422493057250975,11.553070473480224,1.5818191093444822
1757954297495990300,8.808990234375,-0.09352350234985352,11.5810527053833,1.5134347244262694
1757954297505946400,8.8189462890625,-1.4841057540893554,11.911751809692381,1.5243582695007323
1757954297515902200,8.828902099609374,-2.0714333488464356,12.41692835998535,1.610100616455078
1757954297525859300,8.838859375,-1.8124106567382812,12.83187343521118,1.835604485321045
1757954297535815400,8.8488154296875,-1.0184335311889647,13.2528040145874,2.11318224029541
1757954297545771300,8.858771240234375,-0.1500865165710449,13.710545444488524,2.332850242614746
1757954297555727400,8.868727294921875,0.3865139305114746,13.793893589782714,2.5489269424438477
1757954297565684200,8.878684326171875,0.6813000099182128,13.53487089767456,2.492962478637695
1757954297575640300,8.888640380859375,0.8170213165283202,13.034183475494384,2.276586503601074
1757954297585596400,8.898596435546875,0.8212111694335937,12.329839274597168,2.0437503921508786
1757954297595552500,8.908552490234374,0.8375216682434081,11.626692174530028,1.8248305778503418
1757954297605508400,8.91850830078125,0.8274959487915039,11.042506969451903,1.8100164550781248
1757954297615465500,8.928465576171876,1.0934019706726072,10.464007993316649,1.8294693435668945
1757954297625421300,8.93842138671875,1.0173860679626465,10.094702387237549,1.8094179046630858
1757954297635377400,8.94837744140625,0.8708908538818358,9.744101481628418,1.681627391052246
1757954297645333200,8.958333251953125,0.8589198455810546,9.253439778900146,1.5400702178955077
1757954297655290400,8.968290283203125,0.8363245674133301,8.712050928497314,1.3617021942138672
1757954297665246500,8.97824658203125,0.9133879333496093,8.257302250671387,1.241692835998535
1757954297675202300,8.988202392578126,1.1671733093261718,8.01204621810913,0.9983820922851562
1757954297685158400,8.998158447265626,-1.162534543609619,7.274332831573486,0.46238019561767574
1757954297695115300,9.008115234375,-3.388094624328613,5.366603021240234,0.6714239280700683
1757954297705071400,9.0180712890625,0.5087678527832031,5.947196923828125,1.8391957878112792
1757954297715027500,9.02802734375,-2.545485277557373,6.38473727722168,1.6418237884521483
1757954297724983600,9.037983642578125,-3.5134909362792968,6.477662229156493,2.50268892288208
1757954297734940400,9.0479404296875,-3.1316157714843746,6.886023249816894,3.021033582305908
1757954297744896500,9.057896484375,-3.127725193786621,7.2900447799682615,3.4042554855346676
1757954297754852400,9.067852294921876,-2.213289797210693,7.7419503433227534,3.305345029449463
1757954297764808400,9.077808349609375,0.609025047302246,8.585008602905273,3.2685341789245603
1757954297774765600,9.087765625,2.028337718963623,9.141810126495361,2.8829180740356444
1757954297784721400,9.097721435546875,2.5809493896484375,9.575310264587403,2.6336218261718747
1757954297794677500,9.107677490234375,1.5735890411376952,9.541342528533935,2.5936685859680173
1757954297804633300,9.11763330078125,-0.7465420051574707,9.434351641845703,2.5172037704467773
1757954297814589200,9.127589111328126,-3.151966485595703,9.37210239868164,2.580650114440918
1757954297824546300,9.13754638671875,-4.435557850646973,9.463530974578857,2.7615619773864744
1757954297834502400,9.14750244140625,-4.306270960998535,9.651176529693602,3.051260378265381
1757954297844458200,9.157458251953125,-2.9243676902770996,9.540295065307618,3.290381269073486
1757954297854414300,9.167414306640625,-0.6905775413513183,9.248801013183593,3.769969789123535
1757954297864371200,9.17737109375,1.2933178092956543,9.146748167419434,4.061314203643799
1757954297874327300,9.187327392578124,1.3887866004943847,8.547599201965332,4.484040434265136
1757954297884283400,9.197283447265624,0.03696048812866211,9.298480697631835,4.247613020324707
1757954297894239500,9.207239501953126,-0.18899229354858396,9.5262291305542,4.61602080078125
1757954297904196400,9.2171962890625,-6.017825872802734,5.999869360351562,5.476287384796143
1757954297914152400,9.22715234375,-4.612878411102295,4.6067432693481445,4.596118999481201
1757954297924108300,9.2371083984375,-1.0702081420898437,6.056282736968994,4.729146829223633
1757954297934064400,9.247064453125,0.44532150878906246,6.701370446777343,5.516839175415039
1757954297944021500,9.257021484375,0.010025719451904296,7.270142978668212,5.6672249671936035
1757954297953976800,9.266976806640624,-0.8590694831848144,7.669376105499267,5.483918902587891
1757954297963932700,9.2769326171875,-1.2502221794128416,7.710376808929443,5.4978351997375485
1757954297973888500,9.286888427734375,-1.154304475402832,7.504475466156006,5.763890859222411
1757954297983844900,9.296844970703125,-1.7096096229553222,7.587524336242676,5.890184996795654
1757954297993801700,9.3068017578125,-2.736123584747314,7.795969518280029,5.7888803390502925
1757954298003757800,9.3167578125,-3.3358711006164548,7.867945205688476,5.760000281524658
1757954298013714000,9.3267138671875,-3.312078721618652,8.013692231750488,6.0422168022155756
1757954298023669800,9.336669677734376,-2.8483517875671387,8.104671894836425,6.457760427856445
1757954298033627000,9.346626953125,-2.701856573486328,7.53320588607788,6.704213561248779
1757954298043582700,9.356582763671875,-2.6671406494140624,7.119607549285888,6.6905965393066404
1757954298053538800,9.366538818359375,-3.6050691497802734,6.912958018493652,6.758382373809814
1757954298063494700,9.37649462890625,-5.3758805526733395,6.976105087280273,7.255777768707275
1757954298073451800,9.38645166015625,-6.148609138488769,7.4703580924987785,7.411550514221191
1757954298083407600,9.39640771484375,-5.760598831939697,7.978527394866943,7.4438722366333
1757954298093363700,9.40636376953125,-4.683357722473144,8.14672006149292,7.676857985687255
1757954298103319600,9.416319580078126,-3.334524362182617,7.6756608848571775,7.626280475616455
1757954298113276700,9.426276611328126,-2.4058733932495118,7.821407910919189,6.981791316223144
1757954298123232800,9.436232666015625,-2.3904607200622556,7.994239343261718,6.270563785552978
1757954298133188600,9.446188720703125,-1.2440870376586914,8.129062824249267,6.389076767730712
1757954298143145000,9.45614501953125,0.8423100715637206,8.558522747039794,7.002441305541992
1757954298153100800,9.466100830078124,2.5100211654663083,8.811859210205078,7.007528984069824
1757954298163058000,9.476057861328124,2.353051319122314,8.947580516815185,6.727257752227783
1757954298173013800,9.486013671875,2.6702830390930172,8.953117108154297,7.049277875518799
1757954298182969900,9.495969970703126,3.4516906059265136,8.730755628967284,7.076661557006836
1757954298192925700,9.50592578125,3.4638112518310544,8.6183777885437,6.731896517944335
1757954298202882800,9.5158828125,2.3041198226928707,8.754099095153808,5.99463204421997
1757954298212838700,9.525838623046875,1.2575544219970702,9.21303762588501,5.863250228118896
1757954298222794800,9.535794677734375,-0.15263035583496093,9.520692539215087,5.979069733428955
1757954298232750600,9.54575048828125,-1.6144401069641112,9.689034843444823,6.1565399314880365
1757954298242707700,9.555707763671874,-2.635417477416992,9.522637828063964,6.3429883857727045
1757954298252663800,9.565663818359376,-2.837278604888916,9.16186156539917,6.504447360229491
1757954298262619600,9.57561962890625,-2.440140404510498,8.800935665130615,6.790404821014404
1757954298272575700,9.58557568359375,-2.034772135925293,8.391377543640136,6.94572865371704
1757954298282532600,9.59553271484375,-1.8694225837707519,7.958027043151855,6.998251452636718
1757954298292488700,9.60548876953125,-1.8861819953918455,7.582436657714843,6.987477545166016
1757954298302444800,9.61544482421875,-1.6252140144348144,7.538293564605713,6.826617121124267
1757954298312401000,9.62540087890625,-1.151162085723877,7.708431520080566,6.6325371490478515
1757954298322356700,9.635356689453126,-0.738012661743164,7.890540483856201,6.48664048538208
1757954298332313900,9.64531396484375,-0.3555389465332031,8.113051600646973,6.266822845458984
1757954298342269700,9.655269775390625,-0.02259527816772461,8.49717132949829,5.980715747070312
1757954298352225800,9.665225830078125,0.5291185668945312,8.88144069595337,5.794566567993164
1757954298362181600,9.675181640625,0.9288006065368651,9.09123261642456,5.515193161773682
1757954298372138800,9.685138671875,0.8066963218688964,9.207052121734618,5.129876332092285
1757954298382094800,9.6950947265625,0.22954408416748046,9.297882147216797,4.7852609306335445
1757954298392050700,9.70505078125,-0.11162965240478515,9.414898753356933,4.638017528533935
1757954298402006800,9.7150068359375,0.20380641632080077,9.390507823944091,4.8704047271728514
1757954298411963600,9.724963623046875,0.977432827758789,9.039607643127441,5.259612134552001
1757954298421919700,9.734919677734375,1.152359186553955,8.983493541717529,5.349544334411621
1757954298431875600,9.74487548828125,0.35314474487304687,8.820089278411865,5.069572377777099
1757954298441832000,9.75483203125,-1.534832901763916,9.74200655517578,4.578312124633789
1757954298451788500,9.76478857421875,-1.6329951698303222,10.126575196838377,4.562749813842773
1757954298461745000,9.774744873046876,-0.46806642456054687,9.839270997619629,4.964377142333984
1757954298471700700,9.78470068359375,-0.15562310791015624,9.540145427703857,5.884648405456542
1757954298481656800,9.79465673828125,0.7953238639831542,9.332897346496582,6.639121203613281
1757954298491612700,9.80461279296875,2.0196587379455564,9.050231912994384,6.598419775390624
1757954298501569800,9.81456982421875,0.7609072151184082,8.572887957000733,5.588814862823486
1757954298511526000,9.82452587890625,-1.7986439971923827,7.864054627990722,4.991012635803222
1757954298521481700,9.834481689453124,-2.6083330711364745,7.565527608489989,5.27966357345581
1757954298531437600,9.8444375,-2.421435704040527,7.6108678024291985,5.29881718673706
1757954298541394700,9.854394775390626,-1.9045874206542968,7.861361151123046,5.00507857055664
1757954298551350800,9.864350830078125,-1.2738649208068846,8.117391091156005,5.04368507232666
1757954298561306600,9.874306640625,0.05716156463623046,8.392873919677735,5.207837523651123
1757954298571262700,9.8842626953125,0.9476549446105956,8.852261363220215,4.925621002960205
1757954298581219600,9.894219482421875,2.36217921295166,8.948179067230225,4.5431472877502435
1757954298591175700,9.90417578125,2.2848165718078612,8.61882670135498,3.775057467651367
1757954298601131800,9.9141318359375,0.6817489227294922,8.655637551879883,3.383006945800781
1757954298611088000,9.924087890625,0.5184942970275879,8.608651344299316,3.751414726257324
1757954298621043700,9.934043701171875,1.2469301521301268,8.540266959381103,3.8144121574401852
1757954298631000800,9.944000732421875,1.2167033561706542,8.834005575561523,3.7487212493896482
1757954298640956700,9.953956787109375,0.7923311119079589,9.039308367919922,3.590404664611816
1757954298650912800,9.963912841796875,0.2072480812072754,9.2956375831604,3.4645594398498534
1757954298660868600,9.97386865234375,0.3612251754760742,9.08449892425537,3.2887352554321287
1757954298670825700,9.98382568359375,0.08858546142578125,8.784026615905761,3.381809844970703
1757954298680781800,9.99378173828125,1.1373954261779784,8.507346686553955,3.61344885559082
1757954298690737700,10.003737548828125,1.05973350982666,8.341548221588134,3.4472014778137203
1757954298700693800,10.01369384765625,1.1432312927246093,8.376862696075438,3.667019117736816
1757954298710650600,10.023650634765625,1.5900491775512695,8.046013954162596,4.082113830566406
1757954298720606700,10.033606689453125,1.1231798538208007,7.639149309539794,4.623353043365478
1757954298730562600,10.0435625,0.21996727752685546,7.3840171951293945,5.196465065765381
1757954298740519000,10.053518798828126,-0.33833062210083004,7.2888476791381835,5.4141877792358395
1757954298750475500,10.0634755859375,-0.4182371025085449,7.221361119842529,5.546317783355713
1757954298760431900,10.073431884765625,-0.40147769088745117,7.233930678558349,5.959616844940185
1757954298770387700,10.0833876953125,0.12734160079956053,7.096413720703125,6.452373474121093
1757954298780343800,10.09334375,-0.049230771636962885,6.703914286041259,6.321141295623779
1757954298790299600,10.103299560546875,-0.7225999885559081,6.249165608215332,6.155492468261718
1757954298800256800,10.1132568359375,-1.9213468322753906,5.915024839019775,6.127210961151123
1757954298810212900,10.123212890625,-3.4759318977355953,5.903652381134033,6.324882235717773
1757954298820168700,10.133168701171876,-5.135562561035156,6.3064768104553215,6.840683055877685
1757954298830124800,10.143124755859375,-6.255450387573242,7.06065033340454,7.286902390289306
1757954298840081700,10.15308154296875,-6.34583150024414,7.99917738418579,7.7495818611145015
1757954298850037800,10.163037841796875,-5.439177259063721,8.89326206665039,7.925854958343505
1757954298859993600,10.17299365234375,-3.883395092773437,9.566930558776855,7.821707186126709
1757954298869949700,10.18294970703125,-2.21553436126709,9.96601404800415,7.534402986907959
1757954298879906600,10.192906494140624,-0.8369231178283691,9.954192677307129,7.3563342384338375
1757954298889862700,10.202862548828126,-0.3286041778564453,9.557653027343749,7.134870584869384
1757954298899818800,10.21281884765625,-0.5541080467224121,9.275735781860352,6.8599863067626945
1757954298909774800,10.22277490234375,-1.0298059890747069,9.068188425445555,7.007528984069824
1757954298919730700,10.232730712890625,-1.5699977386474608,8.988431582641601,7.3374799003601066
1757954298929687800,10.242687744140625,-2.022501852416992,9.051279376220702,7.671022119140624
1757954298939644000,10.252643798828124,-2.261323468017578,9.10993731689453,7.970596601867675
1757954298949600300,10.262600341796874,-2.736273222351074,9.226953923034667,8.189815691375731
1757954298959556400,10.272556396484376,-2.9581857887268064,9.172485835266112,8.192509168243408
1757954298969513200,10.28251318359375,-3.283348301696777,8.765770828247069,8.097339652252197
1757954298979469300,10.29246923828125,-3.4759318977355953,8.1464207862854,7.744643820190429
1757954298989425200,10.302425048828125,-3.1847371208190918,7.376385677337646,7.163750642395019
1757954298999381200,10.31238134765625,-2.680757671356201,6.712443629455566,6.4834980957031245
1757954299009338000,10.322338134765625,-2.2385785522460937,6.074837799835205,5.7143608123779295
1757954299019294200,10.332294189453124,-1.8432360031127928,5.52207649154663,5.18419478225708
1757954299029250000,10.34225,-1.7663222747802734,5.262904161834716,4.621707029724121
1757954299039206100,10.3522060546875,-2.461239306640625,5.1422962532043455,3.964049761199951
1757954299049162200,10.362162353515625,-3.3506852233886715,5.3652562828063965,3.392583752441406
1757954299059119000,10.372119140625,-4.161122485351562,5.903802018737792,3.259256647491455
1757954299069075500,10.382075439453125,-4.36687419052124,6.394463721466064,3.012653876495361
1757954299079031300,10.39203125,-3.9029976188659665,6.609044045257568,2.8571804061889647
1757954299088987400,10.4019873046875,-3.5429695442199707,6.609044045257568,2.8516438148498535
1757954299098944300,10.4119443359375,-3.552845626068115,6.345232949829101,2.522889999389648
1757954299108900400,10.421900390625,-3.687519469451904,6.178087746429443,2.408866145324707
1757954299118856200,10.431856201171875,-3.819799111175537,5.917718315887451,2.4295161346435545
1757954299128812300,10.441812255859375,-4.485237535095215,5.742043769073486,2.402431728363037
1757954299138769200,10.45176904296875,-4.374356070709228,5.903652381134033,3.2384570205688474
1757954299148725200,10.461725341796875,-4.127603662109375,5.981015022277831,3.704129243469238
1757954299158681000,10.47168115234375,-4.5498809799194335,5.799504608917236,3.8346132339477537
1757954299168637200,10.48163720703125,-4.785709843444824,5.705532193756103,3.582174596405029
1757954299178594300,10.49159423828125,-4.7673044181823725,5.670516994476318,3.1856349464416502
1757954299188550100,10.501550048828125,-4.377348822784423,5.708375308227539,3.637540509796142
1757954299198506200,10.51150634765625,-4.538059609222412,5.708973858642578,3.7571009552001953
1757954299208462300,10.52146240234375,-4.657021504211426,5.7986067832946775,4.077325427246094
1757954299218418400,10.53141845703125,-4.837484454345703,5.730820948791504,4.082862018585205
1757954299228375300,10.541375244140625,-5.048174200439453,5.652111569213867,4.3239281982421875
1757954299238331400,10.551331298828124,-5.436932695007324,5.685630392456054,4.578162487030029
1757954299248287200,10.561287353515626,-5.609913764953613,5.66258620147705,4.489577025604248
1757954299258243300,10.571243408203125,-4.927267016601562,5.33068999633789,4.543895475769043
1757954299268200200,10.5812001953125,-3.596390168762207,4.978143801879883,4.780771802520752
1757954299278156300,10.59115625,-2.4712650260925293,5.023184720611572,5.283254875946045
1757954299288112000,10.601112060546875,-1.405695649719238,5.4972366493225095,5.917568678283691
1757954299298068200,10.611068115234374,-0.16909049224853515,6.158335582733154,6.313060865020751
1757954299308025300,10.621025390625,1.1634323692321777,6.631340048217773,6.449231084442138
1757954299317981200,10.630981201171876,2.00439570236206,7.028328610992431,6.369324604034423
1757954299327937300,10.640937255859376,1.6106991668701172,7.254580667877197,6.070947222137451
1757954299337893000,10.65089306640625,0.8405144203186035,7.441627672576904,6.066308456420898
1757954299347849500,10.660849365234375,0.9464578437805176,7.593210565185546,5.635950708007812
1757954299357806000,10.67080615234375,2.0655974822998044,7.728782234191894,5.560084442901611
1757954299367762400,10.680762451171875,3.2257378242492676,7.864802816009521,5.82883357925415
1757954299377718300,10.69071826171875,4.193593845367431,7.8435542762756345,6.057928750610351
1757954299387674400,10.70067431640625,4.906018476867676,7.696909424591064,6.437708988952636
1757954299397631200,10.71063134765625,4.761917464447021,7.36127227935791,6.685658498382568
1757954299407587300,10.72058740234375,3.287238879394531,6.998850003051757,7.101052486419677
1757954299417543200,10.730543212890625,1.1831845329284667,7.03581049118042,7.44432114944458
1757954299427499300,10.740499267578125,-0.587926145172119,7.094318794250488,8.061725902557372
1757954299437456400,10.750456298828125,-0.7670423568725585,6.656778440856933,9.077914869689941
1757954299447412200,10.760412109375,0.6189011291503906,5.865794067382812,9.97903251953125
1757954299457368000,10.7703681640625,2.2082021186828613,5.427954438781738,10.771812544250487
1757954299467324200,10.78032421875,2.7527333587646483,5.729923123168945,11.226710859680175
1757954299477280300,10.7902802734375,2.571671858215332,6.020070436859131,11.042656607055664
1757954299487237000,10.800237060546875,2.4697686500549314,6.192004043579101,10.00387236175537
1757954299497193200,10.810193115234375,3.046322337341308,6.195146433258056,8.825775507354736
1757954299507149300,10.8201494140625,3.558831130218506,6.197690272521973,7.669525743103027
1757954299517105400,10.83010546875,3.901501242828369,6.191106217956543,6.8010290908813475
1757954299527062300,10.840062255859374,4.06685079498291,6.072443598175049,6.17958412246704
1757954299537018400,10.850018310546876,4.174140956878662,5.766733973693848,5.872677397155761
1757954299546974200,10.85997412109375,4.471919788360595,5.425260961914062,6.175992819976806
1757954299556930300,10.869930419921875,5.261108510589599,4.941781864166259,7.254730305480956
1757954299566886100,10.87988623046875,5.052663328552246,5.026925660705566,7.153126372528075
1757954299576843300,10.88984326171875,4.295197778320312,5.275623358154297,7.110928568267822
1757954299586799000,10.899799072265624,4.358494484710693,5.3570262145996095,8.119486017608642
1757954299596755200,10.909755126953126,4.337096307373047,6.069600483703613,8.40738876724243
1757954299606711000,10.9197109375,4.506785350036621,6.795941412353515,8.686313260650634
1757954299616668200,10.929668212890626,4.624999057006836,7.618349682617187,8.776395098114014
1757954299626624300,10.939624267578125,4.8989855094909665,8.119186742401123,9.07267755355835
1757954299636580400,10.949580322265625,5.76478868484497,8.287977959442138,9.178770614624023
1757954299646536400,10.959536376953125,6.55008682937622,7.770231850433349,8.992022885131835
1757954299656493300,10.969493408203125,6.399401762390136,7.21432815246582,8.911966767120362
1757954299666449400,10.979449462890624,5.586570298767089,6.826916396331787,9.059060531616211
1757954299676405200,10.9894052734375,4.484040434265136,6.572083557128906,9.280823460388183
1757954299686361300,10.999361328125,3.3545758010864257,6.302735870361328,9.164854317474365
1757954299696317200,11.009317138671875,2.822464482116699,6.092943949890136,9.02150149307251
1757954299706274300,11.0192744140625,2.9046155265808102,5.729174935150146,8.68332050857544
1757954299716230100,11.029230224609375,2.5617957763671875,5.078101721191406,8.448239833068847
1757954299726186200,11.039186279296874,0.8476970252990722,4.293402127075195,8.22961929397583
1757954299736142000,11.04914208984375,-1.406443837738037,3.9113773246765136,7.8261963142395015
1757954299746099200,11.05909912109375,-1.8888754722595213,3.552695988464355,7.332242584228515
1757954299756055300,11.06905517578125,0.4655225852966308,3.630657180023193,7.079654309082031
1757954299766011100,11.07901123046875,3.5021184783935544,4.420145177459717,7.26520493774414
1757954299775967200,11.08896728515625,4.448875597381591,5.160701678466797,7.536647550964355
1757954299785924000,11.098924072265625,4.335450293731689,6.421099214935302,7.819612259674072
1757954299795880200,11.108880126953125,3.886687120056152,6.941389163208007,7.979275582885742
1757954299805836300,11.118836181640624,2.614318575286865,6.668001261138915,7.710376808929443
1757954299815792400,11.12879248046875,1.9720739799499512,6.444442681121826,7.464671863555908
1757954299825748200,11.138748291015625,1.1848305465698241,6.3238347724914545,7.345410693359375
1757954299835705300,11.148705322265625,0.9494505958557128,6.516568006134033,7.395688928222656
1757954299845661200,11.1586611328125,1.5690999130249021,7.096563358306884,7.634360906219482
1757954299855617300,11.1686171875,2.3041198226928707,7.8998180152893065,7.874379622650146
1757954299865573000,11.178572998046874,2.6765678184509274,8.223633789825438,7.927650609588623
1757954299875530200,11.1885302734375,2.270301724243164,7.957727767944336,7.644685900878906
1757954299885486300,11.198486328125,2.67507144241333,8.833556662750244,7.830835079956055
1757954299895442200,11.208442138671876,3.491045295715332,9.789441675567627,8.375964870452881
1757954299905398300,11.218398193359375,2.8482021499633787,9.925162982177733,8.246229067993164
1757954299915354400,11.228354248046875,2.793135511779785,10.576685108947753,8.479214817047119
1757954299925311200,11.238311279296875,4.88447066192627,11.257835481262207,9.247304637145996
1757954299935267300,11.248267333984375,4.580706326293945,9.79991630783081,8.636932851409911
1757954299945224000,11.258223876953124,3.136853087615967,8.131457025909423,7.417835293579101
1757954299955180000,11.268179931640624,2.546083827972412,7.487267141723632,6.929118879699707
1757954299965137000,11.278136962890626,1.079635311126709,6.289567761230469,6.53108285369873
1757954299975093000,11.288093017578126,-0.17821838607788085,5.202899482727051,5.677549961853027
1757954299985049000,11.298049072265625,-1.2367547950744628,3.8769606758117674,4.657919329833984
1757954299995005000,11.3080048828125,-2.160018810272217,2.967612957763672,3.6510078941345214
1757954300004962000,11.317962158203125,-2.7720366096496583,3.3741783271789547,3.3060932174682613
1757954300014918100,11.327918212890625,-3.0653263130187987,3.9483378128051756,3.321655528259277
1757954300024874000,11.3378740234375,-3.254767519378662,4.806509470367431,3.3629555068969723
1757954300034830000,11.347830078125,-3.3004069885253906,5.361964255523682,3.4006641830444333
1757954300044786000,11.357785888671875,-3.3327287109375,4.816086277008056,3.259256647491455
1757954300054743000,11.367742919921875,-3.704129243469238,5.276072270965576,4.112490264129638
1757954300064699000,11.377698974609375,-4.445583570098877,5.871629933929443,4.869357263946533
1757954300074655000,11.387655029296875,-4.30312857131958,6.269815597534179,5.474641371154785
1757954300084610800,11.39761083984375,-3.8700773460388183,6.109254448699951,5.6955064743041985
1757954300094568000,11.40756787109375,-3.6195839973449706,5.7721209274291985,5.267692565155029
1757954300104523800,11.417523681640626,-4.291007925415038,5.651961931610107,5.040393045043945
1757954300114480000,11.427480224609376,-4.453514363098145,5.636848533630371,5.0017865432739255
1757954300124436000,11.43743603515625,-4.600159214782715,5.951835689544677,5.195716877746582
1757954300134392000,11.44739208984375,-5.0568531814575195,6.346878963470458,5.1708770355224605
1757954300144349200,11.45734912109375,-4.59013349533081,6.307075360870361,5.303156677246093
1757954300154305000,11.467304931640625,-3.090615068054199,5.934777002716064,4.912901806640625
1757954300164261000,11.47726123046875,-3.548955048370361,6.006902327728271,3.9911341674804683
1757954300174217000,11.487217041015626,-3.8404491004943844,6.265775382232666,3.8706758964538572
1757954300184174000,11.497174072265626,-4.618714277648926,7.551012760925293,4.924423902130127
1757954300194130000,11.5071298828125,-4.554968658447265,8.92498523864746,6.546046614074706
1757954300204086000,11.5170859375,-3.780893334197998,9.375544063568114,7.582735932922363
1757954300214041900,11.527041748046875,-2.892943793487549,9.416694404602051,7.634660181427002
1757954300223998000,11.536998046875,-1.5834651229858399,10.420313813018797,7.55909319152832
1757954300233954800,11.546954833984374,0.4004302276611328,9.248651375579833,7.00363840637207
1757954300243911000,11.556910888671876,0.2314893730163574,8.10841283493042,6.195894621276855
1757954300253867000,11.566866943359376,-1.826626229095459,7.1869444709777826,5.819256772613525
1757954300263823000,11.576822998046875,-3.6056677001953124,7.127388704681396,6.446836882781982
1757954300273780200,11.5867802734375,-2.636016027832031,5.787084687805176,7.651868505859374
1757954300283736000,11.596736083984375,-2.964171292877197,4.696974744415283,8.581566938018799
1757954300293692200,11.606692138671875,-4.538658159637451,4.25180287322998,8.97646057434082
1757954300303648000,11.61664794921875,-4.273350688171386,3.5887586509704588,9.15497823562622
1757954300313604000,11.62660400390625,-4.1286511253356935,3.67120897064209,9.444227723693848
1757954300323561000,11.63656103515625,-3.882048354339599,4.2217257148742675,9.847800341033935
1757954300333517000,11.64651708984375,-3.8850411064147945,4.0069957534790035,9.256133255767821
1757954300343473000,11.656472900390625,-4.236689475250244,4.141669596862792,9.016114539337158
1757954300353429000,11.666428955078125,-4.269609748077392,4.614374787139893,9.662848262786865
1757954300363385900,11.6763857421875,-4.611980585479736,4.487033186340332,10.025270539093016
1757954300373342000,11.686342041015624,-5.103689751434326,3.8947675506591795,9.749638072967528
1757954300383298000,11.696298095703124,-4.50124875869751,3.6186861717224117,9.038410542297363
1757954300393254100,11.706254150390626,-2.7213094619750975,3.494786235809326,8.214356258392334
1757954300403211000,11.7162109375,-0.8981248977661133,3.208080587005615,7.312789695739745
1757954300413167000,11.7261669921875,-0.7677905448913573,3.2218472465515133,6.322488034057617
1757954300423123200,11.736123291015625,0.5940612869262695,2.8095956481933593,5.660042362213135
1757954300433079000,11.7460791015625,-0.033219548034667964,4.291905751037597,6.222380477142334
1757954300443035000,11.756034912109374,-0.1545756446838379,6.525695899963378,6.748356654357909
1757954300452992000,11.765991943359374,5.065831437683105,6.809558434295654,6.465092670440673
1757954300462948000,11.775947998046876,5.430199002838134,7.645733364105224,5.266046551513671
1757954300472904000,11.785904052734375,6.687304512023926,7.462576937103271,4.736030158996582
1757954300482860000,11.795860107421875,6.197241359710693,7.018003616333007,4.234893824005127
1757954300492816000,11.80581591796875,5.57370146484375,5.8940755744934075,4.41146619644165
1757954300502773000,11.81577294921875,5.635950708007812,4.434061474609375,5.5635261077880855
1757954300512728800,11.825728759765624,5.728127471923828,2.6152164009094236,7.930044811248779
1757954300522685000,11.835684814453124,2.608781983947754,3.706673082733154,12.33462767791748
1757954300532641000,11.84564111328125,-0.059256491088867186,4.893448918151855,15.99835476837158
1757954300542598000,11.855597900390626,-0.7154173835754394,5.063437236022949,18.608333853149414
1757954300552554000,11.865553955078125,-0.7767688011169434,4.60345124206543,18.530522299194335
1757954300562510000,11.875510009765625,-0.10579378585815429,3.1088708557128903,15.844228036499022
1757954300572466000,11.8854658203125,0.32127193527221676,2.9798832412719727,13.207763095855713
1757954300582422000,11.895422119140624,1.2363058822631836,3.5079543449401855,11.617713918304442
1757954300592379100,11.905379150390624,0.9253589416503906,5.012560450744629,11.118522872161865
1757954300602335000,11.9153349609375,0.41793782730102536,6.78681351852417,10.924293262481688
1757954300612291000,11.925291015625,-0.02154781494140625,8.576479259490966,9.866953954315186
1757954300622247000,11.935246826171875,1.7048212196350097,8.698882819366455,7.921216192626953
1757954300632204000,11.9452041015625,2.2176292877197263,7.6176014945983885,5.919214691925048
1757954300642159900,11.955159912109375,-0.24046762924194334,6.589291881561279,5.246144750213623
1757954300652116000,11.965115966796875,-3.1063270164489745,5.373037438201904,5.63086302947998
1757954300662072000,11.975072021484374,-4.657470417022704,5.556044227600097,7.016806515502929
1757954300672028200,11.985028076171876,-4.867561612701416,6.975057624053955,8.169165702056885
1757954300681985000,11.994985107421876,-3.6456209403991697,8.544756087493896,8.015936795806883
1757954300691941000,12.004941162109375,-1.6569371864318847,9.82505542526245,8.05708713684082
1757954300701897000,12.01489697265625,-1.8085200790405271,9.550470422363281,8.596231423187255
1757954300711853000,12.02485302734375,-3.8474820678710935,9.64653776397705,7.975833917999267
1757954300721810200,12.03481005859375,-5.523872142791748,11.103110198974608,7.848342679595947
1757954300731766000,12.04476611328125,-0.7573159126281738,11.176133349609374,8.693046952819824
1757954300741722000,12.05472216796875,2.4263737449645997,9.699210200500488,8.512883277893065
1757954300751678000,12.064677978515626,1.5964835945129394,6.19933628616333,8.240393201446533
1757954300761634000,12.074634033203125,-4.364779264068603,3.856609961700439,7.784447422790527
1757954300771591000,12.0845908203125,-7.216123803710937,3.866934956359863,7.819761897277831
1757954300781547000,12.094547119140625,-6.22477467880249,5.686827493286133,7.634660181427002
1757954300791502800,12.1045029296875,-4.4768578292846675,6.7673606300354,7.35438894958496
1757954300801459200,12.114459228515624,-3.6776433876037595,6.516268730926513,6.405536904144287
1757954300811415800,12.124415771484376,-3.8507740951538083,6.3235354972839355,5.552153649902343
1757954300821372200,12.1343720703125,-4.5863925552368165,3.0919618064880368,5.424662411499023
1757954300831328000,12.144327880859375,-5.12688358001709,1.2286743644714355,5.580435157012939
1757954300841284000,12.1542841796875,-3.8805519783020017,0.9428665412902831,4.989665897369385
1757954300851240000,12.164239990234375,-2.176329309082031,0.24316110610961914,4.200477175140381
1757954300861197000,12.174197021484375,-2.635267839813232,-0.06703764648437499,4.247613020324707
1757954300871153200,12.184153076171874,-4.069544271850586,1.7387889556884764,6.0422168022155756
1757954300881109000,12.19410888671875,-3.9921816307067868,2.5700258445739745,6.354510481262206
1757954300891065000,12.204065185546876,-2.9218238510131833,1.5212158798217772,5.402665683746338
1757954300901021000,12.21402099609375,-2.480991470336914,0.35673604736328124,4.548234966278076
1757954300910978000,12.22397802734375,-2.01756381149292,-0.30735563812255856,4.591330596160889
1757954300920934000,12.233933837890625,-1.6015712730407714,-0.5193921226501464,5.103689751434326
1757954300930890000,12.243889892578125,-1.907580172729492,0.5916670852661132,6.453869850158691
1757954300940846000,12.25384619140625,-2.228702470397949,2.1121347770690915,7.482029825592041
1757954300950802000,12.263802001953126,-2.3891139816284177,3.145532068634033,8.183381274414062
1757954300960757800,12.2737578125,-2.9041666137695312,3.388693174743652,8.393921382904052
1757954300970713900,12.2837138671875,-3.4762311729431152,3.371784125518799,8.457966277313233
1757954300980669700,12.293669677734375,-3.810970492553711,3.425204750061035,7.9478516860961905
1757954300990625800,12.303625732421875,-3.8340146835327147,3.688267657470703,7.2535332046508785
1757954301000582700,12.313582763671874,-4.046051168060303,4.08600440826416,6.808211695861816
1757954301010538800,12.323538818359374,-4.518457083129882,4.455758927154541,6.402544152069091
1757954301020494600,12.33349462890625,-4.223371728515625,4.8521489395141595,6.062866791534423
1757954301030451000,12.343450927734375,-3.5250130317687987,5.28609799041748,5.411045389556884
1757954301040407600,12.353407470703125,-3.4261025756835934,5.710170959472656,4.372111506652832
1757954301050364000,12.363364013671875,-3.8111201301574704,5.855618710327148,3.1037831771850586
1757954301060319700,12.37331982421875,-4.045751892852783,5.603928260803222,2.4992472579956053
1757954301070275800,12.38327587890625,-3.4630630638122555,5.242403810119629,2.0407576400756833
1757954301080231700,12.393231689453126,-3.003077069854736,5.082890124511718,1.2235866859436035
1757954301090188800,12.403188720703126,-3.4084453384399414,5.336376225280762,0.027533319091796873
1757954301100145000,12.413144775390625,-5.68847350692749,5.989544365692138,-0.6599018325805663
1757954301110100700,12.423100830078125,-7.780556845092773,6.602459990692139,-0.19931728820800781
1757954301120056800,12.433056884765625,-5.783792660522461,7.049128237915038,1.100584575653076
1757954301130012700,12.4430126953125,-4.02854356842041,6.7645175155639645,2.865410474395752
1757954301139969800,12.4529697265625,-4.7670051429748534,5.800103159332275,5.546018508148193
1757954301149925600,12.462925537109374,-4.581753789520263,4.021959513854981,8.329726850891113
1757954301159881700,12.4728818359375,-3.5372833152770995,2.910601030731201,9.160514826965331
1757954301169837800,12.482837890625,-4.481047682189941,4.456656752777099,7.9943889808654784
1757954301179794700,12.492794677734375,-5.537638802337646,5.097404972076416,6.487388673400878
1757954301189750800,12.502750732421875,-7.103147412872314,5.383212795257568,5.265298363494873
1757954301199707000,12.512706787109375,-7.626280475616455,5.232078815460205,3.755903854370117
1757954301209662700,12.522662841796874,-7.342866854095458,3.900004866790771,3.059939359283447
1757954301219618800,12.532618896484376,-6.676979517364502,2.4589947425842285,2.235286524963379
1757954301229576000,12.542575927734376,-6.133495740509033,2.5770588119506836,1.3539210388183593
1757954301239531800,12.55253173828125,-6.132747552490234,4.183717763519287,2.31758720703125
1757954301249487600,12.562487548828125,-7.09940647277832,5.659743087005615,4.537760334014893
1757954301259443700,12.572443603515625,-7.700949639892578,7.346757431793212,6.261585529327392
1757954301269399600,12.582399658203125,-7.533056248474121,10.054449871826172,8.258948264312744
1757954301279356700,12.592356689453124,-7.874529260253905,11.024849732208251,10.382455499267577
1757954301289312800,12.602312744140624,-8.750807067871094,12.024279287719725,11.720664589691161
1757954301299268600,12.6122685546875,-9.600898294830321,12.120795542144775,12.253524096679687
1757954301309225000,12.622224853515625,-8.28004716644287,11.170596758270262,11.022156255340576
1757954301319181600,12.632181640625,-7.376535314941406,10.840047291564941,8.975712386322021
1757954301329138000,12.642137939453125,-6.880337020874023,10.257059187316894,7.823203562164307
1757954301339093800,12.65209375,-6.301089856719971,9.270947378540038,6.755539259338378
1757954301349049900,12.6620498046875,-6.012289281463623,8.220192124938965,6.1653685501098625
1757954301359005700,12.672005615234376,-5.813720181274414,7.154473110961914,5.759850643920898
1757954301368962800,12.681962890625,-5.471798256683349,6.315305429077148,5.196465065765381
1757954301378918700,12.691918701171875,-4.777330137634277,6.480954256439208,4.2788872795104975
1757954301388874800,12.701874755859375,-4.6447512207031245,7.43100340270996,7.6182000450134275
1757954301398830600,12.71183056640625,-3.644124564361572,6.760178025054931,4.036623999023437
1757954301408786700,12.72178662109375,-6.159981596374512,5.627421364593506,6.202329038238525
1757954301418743800,12.731743896484375,-6.035333472442627,4.020463137817383,6.569090805053711
1757954301428699600,12.74169970703125,-4.578611399841308,4.546439315032958,3.4569279220581053
1757954301438655700,12.75165576171875,-4.305073860168457,5.560982268524169,4.386775991821289
1757954301448611800,12.76161181640625,-4.4565071151733395,5.344905568695068,5.0842368629455565
1757954301458568700,12.771568603515625,-4.998045603179931,5.325452680206299,4.469226311492919
1757954301468524800,12.78152490234375,-5.232378090667725,5.8451440780639645,4.123862722015381
1757954301478481000,12.79148095703125,-5.1517234222412105,6.127659873962402,3.976020769500732
1757954301488436700,12.801436767578124,-5.031863701629638,6.234052210235595,3.698592652130127
1757954301498392800,12.811392822265624,-4.8326960510253905,6.210858381652832,3.5009213775634764
1757954301508349700,12.821349609375,-5.019294142913818,6.666205609893798,4.045751892852783
1757954301518305800,12.831305908203126,-5.4315457412719725,7.292887894439697,4.929361943054199
1757954301528261600,12.84126171875,-5.653757582855224,7.728034046173096,5.065981075286865
1757954301538217700,12.8512177734375,-5.917419040679931,7.7304282478332516,4.779425064086913
1757954301548173600,12.861173583984375,-5.962160684204101,7.981969059753418,4.15004930267334
1757954301558130700,12.871130615234375,-5.846191541290283,7.981220871734618,4.200177899932861
1757954301568086800,12.881086669921874,-6.2861260963439936,7.855226009368896,5.061342309570312
1757954301578042600,12.891042724609376,-6.571335369110107,7.697956887817383,6.072742873382568
1757954301587999000,12.9009990234375,-6.380547424316406,7.803301760864257,6.53796618347168
1757954301597954800,12.910954833984375,-6.32084202041626,8.259995727539062,6.663063220214843
1757954301607912000,12.920911865234375,-6.1379848686218255,8.544007899475098,6.215646784973144
1757954301617867800,12.93086767578125,-6.088155546569824,8.281992455291748,5.706280381774902
1757954301627823900,12.940823974609375,-5.729025297546387,7.503428002929687,5.517437725830078
1757954301637779700,12.95077978515625,-5.448454790496826,6.650044748687744,5.450250441741943
1757954301647736800,12.96073681640625,-5.283554151153564,6.076184538269042,5.381716419219971
1757954301657692700,12.970692626953126,-5.2356701179504395,5.875221236419677,5.243750548553466
1757954301667648800,12.980648681640625,-5.257966120910644,5.806537576293945,5.210082087707519
1757954301677604600,12.9906044921875,-5.298068998718262,5.66946953125,5.081543386077881
1757954301687560700,13.000560791015625,-5.608267751312256,5.5069630935668945,4.697274019622802
1757954301697517800,13.010517822265625,-6.035483110046386,5.475389559173584,4.193294570159912
1757954301707473700,13.0204736328125,-6.34568186264038,5.645228239440917,3.4817677642822265
1757954301717429800,13.0304296875,-6.387281116485595,6.00151537399292,2.1205144828796385
1757954301727385900,13.0403857421875,-6.116885966491699,5.989843640899658,1.6350900962829589
1757954301737341700,13.050341796875,-5.890484272003174,5.558438429260254,2.362777763366699
1757954301747298800,13.060298828125,-6.794594673919677,5.626224263763428,3.738096979522705
1757954301757255000,13.0702548828125,-7.181707154846191,6.105812783813477,4.778826513671874
1757954301767210800,13.080210693359374,-7.509712782287597,6.489483599853515,5.167285733032227
1757954301777166800,13.090166748046874,-7.506720030212402,6.5680433418273925,5.188085359954834
1757954301787122700,13.100122802734376,-7.3648635818481445,6.380996337127685,4.944176065826416
1757954301797079800,13.110079833984376,-7.203105332183838,5.262754524230957,5.6051253616333
1757954301807035600,13.12003564453125,-7.391499075317382,4.478354205322265,6.501304970550537
1757954301816991700,13.12999169921875,-8.187571127319336,4.580855963897704,7.028328610992431
1757954301826947600,13.139947509765625,-8.920047197723388,4.910357967376709,7.895777799987792
1757954301836904700,13.14990478515625,-9.542090716552734,5.191527024841308,8.189965328979492
1757954301846860500,13.159860595703124,-9.54523310623169,5.36241316833496,8.300846793365478
1757954301856817000,13.16981689453125,-8.543558986663818,5.292083494567871,8.225130165863037
1757954301866772700,13.179772705078125,-6.98478406829834,5.030068050384521,7.815123131561279
1757954301876728800,13.189728759765625,-5.6580970733642575,4.864119947814941,6.443844130706787
1757954301886686000,13.19968603515625,-4.261080404663086,4.457255303192138,4.80755693359375
1757954301896641800,13.209641845703125,-4.033032696533203,4.226065205383301,3.059490446472168
1757954301906598000,13.219597900390625,-4.296993429565429,4.460248055267334,2.831891651153564
1757954301916553700,13.2295537109375,-4.147954376220703,5.003582194519042,2.890848867034912
1757954301926509800,13.239509765625,-3.848529531097412,5.285200164794921,2.9951462768554684
1757954301936466700,13.249466796875,-3.79226579208374,5.2922331321716305,3.2193034072875975
1757954301946423600,13.259423583984375,-4.27140539932251,5.335927312469482,3.057395520019531
1757954301956379400,13.26937939453125,-5.010465524291992,5.325303042602539,2.6153660385131836
1757954301966335500,13.27933544921875,-5.630563754272461,5.1617491416931145,2.748543505859375
1757954301976291300,13.289291259765625,-5.778704981994629,4.750395368957519,2.961627453613281
1757954301986248400,13.29924853515625,-6.577919423675537,4.854692778778076,3.0687679779052734
1757954301996204300,13.309204345703124,-6.291064137268066,4.713285243225098,5.042487971496581
1757954302006160400,13.319160400390626,-6.373065544128417,4.738873273468017,7.039252156066894
1757954302016116500,13.329116455078125,-6.972214509582519,5.262305611419677,6.868814925384521
1757954302026072600,13.339072509765625,-6.8308069740295405,5.328295794677734,6.549937191772461
1757954302036029400,13.349029541015625,-5.812971993255615,5.290587118530273,5.986401976013183
1757954302045985500,13.358985595703125,-4.497507818603515,5.067627088928222,4.632032024383545
1757954302055941400,13.36894140625,-5.082291574096679,5.412841040802002,3.5776854682922363
1757954302065897500,13.3788974609375,-6.16716420135498,5.485564916229248,4.252551061248779
1757954302075853300,13.388853271484376,-6.227468155670166,5.1979614418029785,5.363310993957519
1757954302085810400,13.398810546875,-7.200262217712402,4.844517421722411,5.839308211517333
1757954302095766300,13.408766357421875,-7.98690710067749,4.314800304412842,5.952434239959716
1757954302105722400,13.418722412109375,-8.42025760116577,3.748870886993408,5.928342585754394
1757954302115678200,13.42867822265625,-8.691101663970947,3.158849815368652,5.740996305847168
1757954302125634300,13.43863427734375,-8.86767403640747,2.728641704559326,5.718101752471924
1757954302135591400,13.44859130859375,-8.445845631408691,2.155828957366943,6.279691679382323
1757954302145547300,13.45854736328125,-7.9378259666442865,1.71095636138916,6.841281606292724
1757954302155503600,13.468503662109375,-7.32910019454956,1.39177935256958,6.889315277099609
1757954302165459500,13.47845947265625,-6.246921044158936,0.9618705169677734,6.636876639556885
1757954302175415600,13.48841552734375,-5.057302094268799,0.6766612442016601,6.3618427238464355
1757954302185372400,13.498372314453125,-4.4190977142333985,0.5581482620239258,6.539462559509277
1757954302195328500,13.50832861328125,-4.269011197662353,0.49410336761474605,7.200262217712402
1757954302205284400,13.518284423828124,-3.6378397850036617,0.7149684707641601,8.022820125579834
1757954302215240400,13.528240478515626,-3.0295629257202146,1.262791738128662,9.07776523208618
1757954302225197300,13.538197265625,-3.250278391265869,2.779817765045166,10.600028575134276
1757954302235153400,13.5481533203125,-5.19047956161499,5.165490081787109,10.886584586334228
1757954302245109200,13.558109130859375,-5.1128176452636716,5.929090773773193,11.300931111145019
1757954302255065300,13.5680654296875,-5.830778868103027,5.947645836639404,10.641029278564453
1757954302265021400,13.578021484375,-6.468983248138428,5.947645836639404,8.949525805664061
1757954302274978300,13.587978271484374,-5.110722718811035,5.2262429489135735,8.90643017578125
1757954302284934400,13.597934326171876,-2.518101596069336,4.059069639587402,9.789142400360106
1757954302294890500,13.607890380859375,-0.9819219558715819,3.108721218109131,10.360458771514892
1757954302304846600,13.6178466796875,-0.8514379653930664,1.6102502540588377,9.890297420501708
1757954302314802400,13.627802490234375,-1.6154875701904297,-0.2527379127502441,8.878447943878173
1757954302324759600,13.637759521484375,-3.258508459472656,-1.2214917594909667,7.01635760269165
1757954302334715400,13.64771533203125,-5.025578922271729,-0.9777321029663085,6.216843885803223
1757954302344671500,13.65767138671875,-6.4356140625,-1.0534487304687499,6.196942084503173
1757954302354627300,13.66762744140625,-7.526322556304931,-0.948702407836914,6.152948628997803
1757954302364583400,13.67758349609375,-7.98032304611206,-0.2171241630554199,7.298125210571289
1757954302374540300,13.687540283203125,-7.543081967926025,-0.6699275520324707,8.879345769500732
1757954302384496400,13.697496337890625,-7.224802784729003,-1.1812392440795898,8.980800064849854
1757954302394452200,13.7074521484375,-7.250390814971923,-0.8659528129577636,9.860818812561035
1757954302404408600,13.71740869140625,-6.133645378112792,-0.819116242980957,11.116876858520508
1757954302414364400,13.727364501953126,-5.468057316589356,-0.9859621711730956,11.691185981750488
1757954302424321500,13.737321533203126,-5.097255334472656,-0.8873509902954101,12.364555198669432
1757954302434277600,13.747277587890625,-4.566041841125488,-1.0962450851440428,11.833491342926024
1757954302444233500,13.7572333984375,-4.304624947357177,-1.2219406723022461,11.12091707382202
1757954302454189600,13.767189453125,-3.7759552932739258,-1.209071838378906,10.813112522888183
1757954302464145400,13.7771455078125,-3.482067039489746,-1.146074407196045,10.289081634521484
1757954302474102500,13.7871025390625,-3.687669107055664,-1.0140940406799315,9.243264421844481
1757954302484058400,13.797058349609374,-3.9873932273864745,-0.7278373046875,8.719383171081542
1757954302494014500,13.807014404296876,-4.218284049987793,-0.2699462371826172,8.603414028167725
1757954302503970300,13.81697021484375,-4.51366867980957,0.11596914291381835,8.4528785987854
1757954302513926400,13.826926513671875,-4.640112454986572,0.5000888717651367,8.856002303314208
1757954302523883300,13.83688330078125,-4.676474392700195,0.8653542625427245,8.683470146179198
1757954302533839400,13.84683935546875,-4.8241667076110835,1.175852290344238,8.07624075012207
1757954302543795500,13.85679541015625,-4.98622423248291,1.620425611114502,7.775469166564941
1757954302553751600,13.86675146484375,-5.338022238922119,2.167351052856445,7.706336593627929
1757954302563707400,13.876707275390626,-5.529857646942139,2.642300807189941,7.906102794647216
1757954302573664500,13.88666455078125,-5.677400324249267,3.084180651092529,7.748384760284424
1757954302583620400,13.896620361328125,-5.7207952293396,3.4593221237182616,7.236025605010986
1757954302593576400,13.906576416015625,-5.788730701446533,3.790919053649902,7.443722599029541
1757954302603532300,13.9165322265625,-6.347028601074219,3.827430628967285,7.581538832092285
1757954302613488400,13.92648828125,-6.605602380371093,3.5773861930847164,7.517045024871826
1757954302623445500,13.936445556640624,-6.757185272979736,3.2366613693237305,6.789207720184326
1757954302633401300,13.9464013671875,-6.892607304382324,2.8850130004882812,6.401197413635254
1757954302643357400,13.956357421875,-7.0370075920104975,2.496853056335449,6.4561144142150875
1757954302653313300,13.966313232421875,-7.914183225250244,2.0693384223937987,6.824522194671631
1757954302663269600,13.97626953125,-8.186822939300537,1.5710452018737793,6.740575498962402
1757954302673226200,13.986226318359375,-8.345738074493408,1.307533381652832,6.485742659759521
1757954302683182600,13.9961826171875,-8.091054872894286,1.1789946800231932,6.823624369049072
1757954302693138400,14.006138427734374,-7.797166619110107,1.2984054878234863,7.001244204711914
1757954302703094500,14.016094482421876,-7.531709510040283,1.5685013626098632,6.92657504043579
1757954302713050400,14.02605029296875,-7.076063006591797,1.8314146324157714,6.815693576049804
1757954302723006500,14.03600634765625,-7.070676052856445,2.0452467681884765,6.600813977050781
1757954302732963300,14.04596337890625,-7.1668930320739745,2.101211231994629,6.4263365310668945
1757954302742919400,14.05591943359375,-7.237970893859863,2.071582986450195,6.494870553588867
1757954302752875300,14.065875244140624,-7.304409989929199,2.0446482177734375,6.815394300842285
1757954302762831400,14.075831298828126,-7.135169860076904,1.992574331665039,6.894402955627441
1757954302772788500,14.08578857421875,-6.872705503082275,1.85790048828125,6.497713668060302
1757954302782744300,14.095744384765625,-7.09297205581665,1.9975123725891113,5.8557683479309075
1757954302792700400,14.105700439453125,-6.766762079620361,2.167351052856445,5.620538034820556
1757954302802656500,14.115656494140625,-6.202927588653564,2.0923826133728025,5.531054747772217
1757954302812612600,14.125612548828125,-6.049399407196044,1.9671359390258787,5.3484968711853025
1757954302822568400,14.135568359375,-6.1094040863037105,1.718737516784668,5.16504116897583
1757954302832525600,14.145525634765624,-6.471826362609863,1.5904980903625487,5.167285733032227
1757954302842481400,14.1554814453125,-5.8922799232482905,1.510441972351074,5.476287384796143
1757954302852437500,14.1654375,-5.565770671844482,1.483058290863037,5.708524945831298
1757954302862393300,14.175393310546875,-5.522974317169189,1.6693571075439453,5.679195975494385
1757954302872349400,14.185349365234375,-4.880280809020996,1.9262848731994628,5.794716205596924
1757954302882306300,14.195306396484375,-5.558887342071533,2.2565350646972653,5.587917037200928
1757954302892262400,14.205262451171874,-6.301089856719971,2.474407415771484,5.418976182556152
1757954302902218200,14.21521826171875,-6.09713380279541,2.6556185539245605,5.687575681304931
1757954302912174300,14.22517431640625,-6.137087042999267,2.713977219390869,6.005555589294433
1757954302922130400,14.23513037109375,-6.587795505523681,2.9486089820861814,5.598242031860352
1757954302932087300,14.24508740234375,-7.337030987548828,3.2858921409606934,5.504868167114258
1757954302942043400,14.25504345703125,-7.975085729980468,3.3720834007263183,5.089174903869629
1757954302951999000,14.2649990234375,-8.091653423309326,3.265691064453125,5.1328690841674804
1757954302961954800,14.274954833984374,-8.21016640548706,3.1425393165588376,5.29911646194458
1757954302971911000,14.284910888671876,-7.98032304611206,2.910750668334961,5.7888803390502925
1757954302981867800,14.29486767578125,-7.7334209999084464,2.71322903137207,5.6778492370605465
1757954302991824000,14.304823974609375,-7.416937467956543,2.7838579803466796,5.212177014160156
1757954303001779700,14.31477978515625,-7.236324880218506,2.8953379951477047,4.5678374923706055
1757954303011735800,14.32473583984375,-6.753145057678222,2.785354356384277,3.847930980682373
1757954303021692000,14.33469189453125,-6.6705451004028316,2.7136779441833494,3.621230010986328
1757954303031648800,14.344648681640624,-6.517765106964111,2.561945413970947,3.8227918632507323
1757954303041605000,14.354605224609376,-6.39745647354126,2.5451860023498534,4.850802201080322
1757954303051561000,14.36456103515625,-6.243180104064941,2.6177602401733395,5.411045389556884
1757954303061516800,14.374516845703125,-5.727977834320068,2.650231600189209,5.249137502288818
1757954303071473000,14.384472900390625,-5.753865139770507,2.628384510040283,5.157708926391601
1757954303081430000,14.394429931640625,-5.545719232940674,2.658461668395996,5.333383473205566
1757954303091385900,14.4043857421875,-4.958541275787353,2.811690574645996,5.702689079284668
1757954303101342000,14.414342041015624,-5.079897372436523,2.9906571487426756,6.138882694244384
1757954303111297800,14.4242978515625,-5.605723912048339,3.045723786926269,6.526893000793456
1757954303121254000,14.43425390625,-6.395511184692382,3.12188932723999,6.919542073059081
1757954303131209700,14.444209716796875,-6.79953271484375,3.1458313438415524,7.19472562637329
1757954303141166800,14.454166748046875,-6.768108818054198,3.05170929107666,7.37997697982788
1757954303151122700,14.464122802734375,-6.155492468261718,2.721758374786377,7.599794619750976
1757954303161079000,14.4740791015625,-5.278616110229492,2.4506150367736814,8.031050193786621
1757954303171035000,14.484034912109376,-4.71133995437622,2.562543964385986,8.67568899078369
1757954303180991000,14.493990966796876,-4.343381086730957,2.7584195877075195,9.426570486450196
1757954303190947800,14.50394775390625,-4.699368946075439,3.107374479675293,10.398017810058594
1757954303200904000,14.513904052734375,-5.2545244560241695,3.2640450508117675,11.398345191192627
1757954303210859800,14.52385986328125,-6.162525435638427,3.2052374725341797,11.993005028533934
1757954303220816000,14.53381591796875,-7.122899576568603,2.9144916084289547,12.203096224212645
1757954303230771700,14.543771728515624,-7.686135517120361,2.3473650901794434,11.897386599731444
1757954303240728800,14.553728759765624,-7.922263655853271,1.7993921852111816,11.23718549194336
1757954303250685000,14.563684814453126,-7.4217258712768555,1.4727332962036133,10.46385835571289
1757954303260640800,14.573640869140625,-6.375609383392334,1.5240589942932128,9.714622873687743
1757954303270596900,14.583596923828125,-4.976647425842285,1.9104232872009277,8.920496110534668
1757954303280553000,14.593552978515625,-3.902847981262207,2.4785972686767574,8.38239928741455
1757954303290509800,14.603509765625,-3.01355170211792,3.014000614929199,7.977479931640625
1757954303300466000,14.6134658203125,-2.9893104103088377,3.5016695655822754,7.713968111419677
1757954303310422000,14.623422119140624,-3.4370261207580564,3.7765538436889647,7.734618100738525
1757954303320377900,14.6333779296875,-4.078672165679931,3.7261259712219235,7.9931918800354
1757954303330334000,14.643333984375,-4.671087438964843,3.4735376960754394,8.42130506439209
1757954303340290800,14.653290771484375,-5.221304907989501,3.2863410537719724,8.858097229766845
1757954303350247000,14.663246826171875,-5.751022025299072,3.1956606658935547,9.159018450927734
1757954303360202800,14.67320263671875,-6.167762751770019,3.120542588806152,8.875904104614257
1757954303370158800,14.683158935546874,-6.567295153808593,3.2713772933959957,9.047388798522949
1757954303380114700,14.69311474609375,-7.256974869537353,3.6481647796630856,9.822661223602294
1757954303390071000,14.703071044921876,-8.030152368164062,3.610156828308105,10.026168364715575
1757954303400028000,14.71302783203125,-7.59066672592163,3.441814524078369,9.869348155975342
1757954303409984000,14.72298388671875,-4.749198268127441,3.8386534492492674,8.818592902374267
1757954303419940000,14.732940185546875,-5.560234080505371,3.959560633087158,8.758588223266601
1757954303429896000,14.74289599609375,-7.446715351104736,2.9569886878967284,9.02718772201538
1757954303439851800,14.752851806640624,-6.458209340667724,2.0890905860900877,9.714473236083984
1757954303449809000,14.762808837890624,-5.257517208099365,2.1160253547668457,9.717914900970458
1757954303459765000,14.772764892578126,0.020500351715087888,3.158849815368652,7.94845023651123
1757954303469720800,14.782720947265625,7.548169646453857,5.8648962417602535,0.7466916427612305
1757954303479677000,14.792677001953125,-9.04708952331543,6.143671097564697,-1.4106336906433106
1757954303489632800,14.8026328125,-8.494477852630615,2.1718401809692383,6.650792936706543
1757954303499590000,14.81258984375,-6.291513050079345,1.3141174362182617,11.545139680480956
1757954303509545700,14.822545654296874,-7.9752353675842285,2.916436897277832,11.578957778930663
1757954303519501800,14.832501708984376,-9.231293413543701,3.7343560394287105,9.00189896697998
1757954303529458000,14.8424580078125,-6.985083343505859,3.6055180625915524,7.257124507141113
1757954303539414000,14.8524140625,-4.070442097473144,3.6604350631713864,5.9570730056762695
1757954303549369900,14.862369873046875,-2.0952257278442383,4.313603203582764,4.294748865509033
1757954303559327000,14.872326904296875,-2.1543325813293457,4.779873976898193,3.0630817489624023
1757954303569282800,14.88228271484375,-3.347842108917236,4.521150559997558,3.3973721557617185
1757954303579239000,14.892239013671874,-4.613776236724854,3.820397661590576,4.697722932434082
1757954303589194800,14.90219482421875,-5.855917985534668,3.2811037376403807,5.668870980834961
1757954303599150800,14.91215087890625,-6.610091508483887,3.018938655853271,6.1447185607910155
1757954303609108000,14.92210791015625,-6.6702458251953125,3.0151977157592773,6.328323900604247
1757954303619063800,14.932063720703125,-6.3998506752014155,3.1667806083679197,6.2593409652709955
1757954303629020000,14.94202001953125,-6.081421854400634,3.2974142364501953,6.07812982711792
1757954303638975700,14.951975830078124,-5.696553937530517,3.4127848289489746,5.9199628799438475
1757954303648932000,14.96193212890625,-5.248538951873779,3.5136405738830563,5.841253500366211
1757954303658888000,14.971887939453126,-4.852448214721679,3.6056677001953124,5.91846650390625
1757954303668845000,14.981844970703126,-4.544344388580322,3.7193922790527343,6.088305184173584
1757954303678801000,14.99180078125,-4.3525089805603026,3.801842598724365,6.380996337127685
1757954303688757000,15.001757080078125,-4.318241969299316,3.7906197784423825,6.720524060058593
1757954303698712800,15.011712890625,-4.362534700012207,3.7153520637512205,7.115268058776855
1757954303708669000,15.0216689453125,-4.478204567718506,3.577236555480957,7.537246101379394
1757954303718625800,15.031625732421874,-4.661360994720459,3.4448072761535644,7.8827593284606925
1757954303728582000,15.041581787109376,-4.920234049224853,3.311480171203613,8.118737829589843
1757954303738537700,15.051537841796875,-4.978143801879883,3.191021900177002,8.406939854431151
1757954303748493800,15.061493896484375,-5.016600666046142,3.146130619049072,8.73344910583496
1757954303758450000,15.071449951171875,-5.370044686126708,3.122637515258789,9.211690887451171
1757954303768406800,15.08140673828125,-5.935375553131103,3.1305683082580567,9.744999307250977
1757954303778363000,15.09136279296875,-6.414814435577393,3.1124621582031247,10.039635749053954
1757954303788319000,15.101319091796874,-6.643909606933593,3.014000614929199,10.116250202178955
1757954303798275000,15.111275146484376,-6.547991902923584,2.8259061470031734,9.975141941833495
1757954303808231000,15.12123095703125,-5.957521918487548,2.595613874816894,9.696067810821532
1757954303818186800,15.131186767578125,-5.379172579956054,2.442085693359375,9.342474153137207
1757954303828143900,15.141143798828125,-4.793490998840332,2.3892636192321777,9.017910190582274
1757954303838100000,15.151099853515625,-4.15588516921997,2.403030278778076,8.889521126556396
1757954303848055800,15.161055908203124,-3.816357446289062,2.504634211730957,8.891316777801514
1757954303858012000,15.171011962890624,-3.7413890068054196,2.627935597229004,8.994267449188232
1757954303867967700,15.1809677734375,-3.7434839332580565,2.7588685005187985,9.113528619384764
1757954303877923800,15.190923828125,-3.6541502838134763,2.8610709838867185,9.151237295532226
1757954303887880700,15.200880615234375,-3.240701584625244,2.91119958114624,9.029133010864257
1757954303897836800,15.2108369140625,-3.231723328399658,2.9574376007080074,8.860192156219481
1757954303907793000,15.22079296875,-2.925115878295898,3.039588645172119,8.673743701934814
1757954303917749000,15.2307490234375,-2.6219500930786133,3.1364041748046874,8.501660457611084
1757954303927704800,15.240704833984376,-2.7416601760864254,3.2803555496215817,8.462605043029784
1757954303937662000,15.250661865234376,-2.864063735961914,3.499724276733398,8.530989427947997
1757954303947617800,15.26061767578125,-2.4124574478149414,3.555389465332031,8.524555010986328
1757954303957574000,15.270573974609375,-2.5112182662963867,3.4944869606018063,8.399906887054442
1757954303967529700,15.28052978515625,-2.192789445495605,3.4044051231384276,8.149712813568115
1757954303977485800,15.29048583984375,-2.248304996490478,3.183839295196533,7.930194448852538
1757954303987441700,15.300441650390624,-2.8272528854370114,2.9510031837463377,7.861061875915527
1757954303997398800,15.310398681640624,-2.828898899078369,2.807799996948242,7.8621093391418455
1757954304007355000,15.32035498046875,-3.6701615074157714,2.6689363006591798,8.170362802886963
1757954304017311000,15.33031103515625,-3.6592379623413085,2.583942141723633,8.544307174682617
1757954304027267000,15.34026708984375,-3.4159272186279295,2.6472388481140134,8.725518312835693
1757954304037223000,15.350222900390625,-3.39003991317749,2.7178677970886227,8.684816884613037
1757954304047180000,15.360179931640625,-3.6659716545104977,2.770091320800781,8.627804957580565
1757954304057135900,15.370135986328124,-3.456628646850586,2.9212253005981443,8.42055687637329
1757954304067092000,15.380092041015626,-2.600402278137207,3.0541034927368162,8.195501920318604
1757954304077047800,15.3900478515625,-2.3891139816284177,3.0750527572631836,8.125621159362792
1757954304087004000,15.40000390625,-2.7653029174804686,2.9905075111389157,8.123675870513916
1757954304096959700,15.409959716796875,-3.0645781249999997,2.840271356964111,8.230367481994628
1757954304106916900,15.419916748046875,-2.9701567970275877,2.6589105812072753,8.476072427368164
1757954304116872700,15.429872802734375,-2.79014275970459,2.602946117401123,8.69514187927246
1757954304126828800,15.439828857421874,-2.785354356384277,2.7623101654052733,8.878597581481934
1757954304136785000,15.449784912109376,-3.1015386131286617,2.96222600402832,8.99591346282959
1757954304146741000,15.459740966796875,-3.5034652168273923,3.0270190864562987,9.02733735961914
1757954304156698000,15.469697998046875,-3.319261326599121,3.0361469802856442,9.162759391021728
1757954304166654000,15.479654052734375,-3.24324542388916,2.9089550170898435,9.325415466308593
1757954304176610000,15.489610107421875,-3.2206501457214354,2.8577789566040037,9.509320081329346
1757954304186566000,15.49956591796875,-3.0865748527526855,2.8387749809265137,9.58922656173706
1757954304196522000,15.50952197265625,-2.8393735313415527,2.882469161224365,9.578452654266357
1757954304206477800,15.519477783203126,-2.830844187927246,3.0551509559631347,9.696516723632811
1757954304216435000,15.52943505859375,-2.9701567970275877,3.178003428649902,9.787945299530028
1757954304226390800,15.539390869140625,-2.8740894554138183,3.312228359222412,9.798120656585693
1757954304236347000,15.549346923828125,-2.564040340423584,3.4157775810241695,9.74245546798706
1757954304246302700,15.559302734375,-2.4356512763977047,3.497928625488281,9.605985973358154
1757954304256259000,15.569259033203124,-2.656666017150879,3.564367721557617,9.474903432464599
1757954304266215000,15.57921484375,-2.8848633628845213,3.663427815246582,9.326313291931152
1757954304276172000,15.589172119140626,-2.872443441772461,3.748272336578369,9.17981807785034
1757954304286127900,15.5991279296875,-2.696170344543457,3.774608554840088,9.070582627105713
1757954304296084000,15.609083984375,-2.7506384323120114,3.69649772567749,9.030479749298095
1757954304306039800,15.619039794921875,-2.8166286155700684,3.512892385864258,8.970923983001708
1757954304315996000,15.628995849609375,-2.7287913421630856,3.3782185424804685,8.847323322296143
1757954304325951700,15.63895166015625,-2.729240254974365,3.4178725074768064,8.635735750579833
1757954304335908900,15.648908935546874,-3.151966485595703,3.4665047286987303,8.526649937438965
1757954304345864700,15.65886474609375,-2.638859142303467,3.6598365127563475,8.546701376342773
1757954304355820800,15.66882080078125,-2.418442951965332,3.801094410705566,8.412326808166503
1757954304365777000,15.67877685546875,-2.089389861297607,3.8853403816223144,8.253262035369872
1757954304375733000,15.68873291015625,-1.6106991668701172,3.899555953979492,8.08866067123413
1757954304385689900,15.69868994140625,-1.6093524284362792,3.9408559326171875,7.928548435211181
1757954304395646000,15.70864599609375,-1.283890640258789,4.040813851928711,7.87782128753662
1757954304405602000,15.71860205078125,-1.0091559997558592,4.16845472793579,7.845798840332031
1757954304415558000,15.728557861328126,-1.0558429321289062,4.262277505493164,7.846547028350829
1757954304425514000,15.738513916015625,-1.1948562660217283,4.32228218460083,7.905653881835937
1757954304435469800,15.7484697265625,-1.25126964263916,4.31554849243164,8.006958539581298
1757954304445427000,15.758427001953125,-1.174056639099121,4.316446318054199,8.136694342041014
1757954304455382800,15.7683828125,-0.9699509475708007,4.3068695114135735,8.168866426849364
1757954304465339000,15.7783388671875,-0.9843161575317382,4.327220225524902,8.22932001876831
1757954304475294700,15.788294677734376,-1.0953472595214844,4.400991564178467,8.397961598205566
1757954304485251000,15.7982509765625,-0.5199906730651855,4.41161583404541,8.469787648010254
1757954304495207000,15.80820703125,-0.847248112487793,4.356698833465576,8.52964268951416
1757954304505164000,15.8181640625,-4.4945150665283204,4.728249003601074,9.034519964599609
1757954304515119900,15.828119873046875,-6.1076084350585935,4.6633062835693355,10.028861841583252
1757954304525076000,15.838075927734375,-7.512855171966552,4.489876300811767,11.178078638458251
1757954304535031800,15.84803173828125,-8.409483693695067,4.408473444366455,12.827833219909667
1757954304544988000,15.85798779296875,-6.20562106552124,3.7352538650512694,14.006528624725341
1757954304554943700,15.86794384765625,-2.9746459251403805,2.5526678825378415,13.557466175842285
1757954304564900900,15.87790087890625,-2.180219886779785,1.9062334342956542,11.467328126525878
1757954304574857000,15.88785693359375,-2.5323171684265136,2.1062989105224608,9.489418280029296
1757954304584812800,15.897812744140625,-1.6358382843017578,3.002478519439697,8.320748594665528
1757954304594768600,15.9077685546875,-0.2015618522644043,4.300884007263184,7.688679356384277
1757954304604725000,15.91772509765625,0.4891653266906738,5.45848050994873,7.352443660736084
1757954304614681900,15.927681884765626,0.4113537727355957,6.222530114746093,7.068880401611327
1757954304624638000,15.937637939453126,-0.27129297561645505,6.484844834136963,6.873752966308594
1757954304634594000,15.947593994140625,-1.0218751960754393,6.073191786193847,7.023689845275879
1757954304644550000,15.9575498046875,-2.0862474716186523,5.603180072784424,7.090428216552734
1757954304654506000,15.967506103515625,-1.946485949707031,5.288342554473877,7.387458860015869
1757954304664461800,15.9774619140625,-2.169296341705322,4.942380414581298,7.67416450881958
1757954304674419000,15.9874189453125,-0.16774375381469725,4.557213222503662,7.420379132843017
1757954304684374800,15.997374755859376,-0.05102642288208008,4.271854312133788,6.607398031616211
1757954304694331000,16.007330810546875,-1.5924433792114256,4.7083472023010255,6.113593939208984
1757954304704286700,16.01728662109375,-2.0232500404357907,5.295076246643066,6.018424423217773
1757954304714242800,16.027242919921875,-3.208230224609375,5.874473048400879,6.580014350128174
1757954304724199000,16.037198974609375,-1.5322890624999999,5.9403135940551755,7.687182980346679
1757954304734155000,16.047155029296874,-0.8870517150878906,5.4041620597839355,7.458087808990478
1757954304744111900,16.05711181640625,-3.7811926094055175,5.521477941131591,7.491157719421386
1757954304754068000,16.06706787109375,-5.84783755493164,6.005854864501953,8.253860585784912
1757954304764023800,16.07702392578125,-10.569053591156004,7.132476383209228,10.20169327392578
1757954304773980000,16.08697998046875,-9.791386964416503,7.138910800170898,12.180500946044921
1757954304783935700,16.096935791015625,-2.5809493896484375,5.490054044342041,12.614898909759521
1757954304793892900,16.106892822265625,-0.28176760787963867,3.9719805541992184,10.078242250823974
1757954304803849000,16.116848876953124,-1.119139638519287,3.8419454765319823,7.7593083053588865
1757954304813804800,16.1268046875,-1.4987702392578124,4.770446807861328,6.325929698944091
1757954304823761000,16.136760986328124,-1.4173673828125,5.665578953552246,5.455637395477295
1757954304833717000,16.146717041015624,-1.4308347671508788,6.123918933868408,5.540930829620361
1757954304843673000,16.156673095703123,-1.7533038032531738,6.40329234008789,6.10970336151123
1757954304853630000,16.1666298828125,-1.8031331253051757,6.4460886947631835,6.74177259979248
1757954304863586000,16.1765859375,-2.065298207092285,6.169857678222656,7.3545385871887206
1757954304873542000,16.1865419921875,-2.6102783599853514,5.832275244140624,7.7519760627746574
1757954304883498000,16.196498046875,-2.564638890838623,5.607968476104736,7.931690824890136
1757954304893453800,16.206453857421874,-2.3693618179321287,5.533299311828613,7.914482500457763
1757954304903410000,16.216409912109373,-2.180369524383545,5.345204843902588,8.064269741821288
1757954304913366800,16.22636669921875,-1.895459526824951,5.284152701568603,8.141632382965087
1757954304923323000,16.236322998046877,-1.5071499450683592,4.982483292388916,8.142979121398925
1757954304933278700,16.24627880859375,-1.9072808975219726,4.828655835723876,8.211363506317138
1757954304943234800,16.25623486328125,-2.8559833053588863,5.167734645843505,8.189516416168212
1757954304953191000,16.26619091796875,-2.2073042930603024,5.6769514114379875,7.844601739501953
1757954304963147300,16.276147216796875,-1.3335703247070312,5.9032034683227534,7.451653392028808
1757954304973104000,16.286104248046875,-1.2645873893737791,6.081721129608154,7.306504916381836
1757954304983060200,16.296060302734375,-1.1827356201171875,6.158934133148193,7.395240015411376
1757954304993016300,16.306016357421875,-1.4024036224365233,6.083367143249512,7.6653358901977535
1757954305002972200,16.31597216796875,-1.438915197753906,5.839457849121094,7.89697490081787
1757954305012928300,16.32592822265625,-1.5448586212158202,5.496638098907471,7.981520146942138
1757954305022884000,16.335884033203126,-1.8938135131835936,5.387103372955322,8.042273014068604
1757954305032841200,16.34584130859375,-1.8083704414367674,5.245246924591064,7.849689418029785
1757954305042797000,16.355797119140625,-1.5863082374572752,5.195267964935303,7.430704127502441
1757954305052753200,16.365753173828125,-1.1442787559509278,5.136161111450195,7.103745963287353
1757954305062709000,16.375708984375,-1.1342530364990233,5.199757093048095,7.005134782409668
1757954305072665000,16.3856650390625,-1.0893617553710937,5.093813669586181,6.976254724884033
1757954305082621200,16.39562109375,-1.3593079925537108,5.016451028442383,7.063044535064697
1757954305092577300,16.405577392578124,-1.5052046562194823,5.135113648223877,7.231386839294434
1757954305102534100,16.4155341796875,-1.4284405654907226,5.223699109649658,7.408408124542236
1757954305112490200,16.425490234375,-1.5180734901428221,5.284451976776123,7.498489962005615
1757954305122446000,16.435446044921875,-1.5569792671203613,5.332635285186767,7.460781285858154
1757954305132402200,16.445402099609375,-1.6078560523986816,5.384260258483886,7.350049459075927
1757954305142358000,16.45535791015625,-1.5260042831420897,5.559635530090332,7.1607578903198235
1757954305152314000,16.465314208984374,-1.442207225036621,5.754912602996826,6.932111631774902
1757954305162271000,16.47527099609375,-1.4628572143554686,6.261286254119873,6.815095025634765
1757954305172227000,16.48522705078125,-1.3922282653808593,6.835894652557372,6.930764893341064
1757954305182183000,16.495182861328125,-1.3908815269470214,7.287500940704345,7.247846975708008
1757954305192139300,16.50513916015625,-1.2265794380187987,7.358578802490234,7.531260597229004
1757954305202095000,16.51509521484375,-1.209820026397705,7.244554948425293,7.604134110260009
1757954305212051200,16.52505126953125,-1.1716624374389648,7.06139852142334,7.560739205169678
1757954305222008300,16.53500830078125,-0.9802759422302245,6.878092456817627,7.474248670196533
1757954305231964200,16.544964111328124,-0.6637924102783203,6.674734953308105,7.405415372467041
1757954305241920300,16.554920166015624,-0.303913973236084,6.470030711364745,7.38656103439331
1757954305251876000,16.5648759765625,-0.3719990829467773,6.4196028388977044,7.354239311981201
1757954305261832200,16.574832275390627,-0.5195417602539062,6.44803398361206,7.382520819091797
1757954305271788000,16.5847880859375,-0.2537853759765625,6.411971321105956,7.521085240173339
1757954305281745200,16.5947451171875,0.04683656997680664,6.3533133804321285,7.636006919860839
1757954305291701000,16.604700927734374,-0.054468087768554684,6.261136616516113,7.734767738342285
1757954305301657000,16.614656982421874,-0.203656778717041,6.168062026977538,7.872883246612548
1757954305311613200,16.62461328125,-0.2376245147705078,6.066458094024658,8.036586785125731
1757954305321569300,16.6345693359375,-0.12659341278076172,6.048052668762207,8.27421129989624
1757954305331525000,16.644525146484376,0.051774610900878905,6.139331607055664,8.50375538406372
1757954305341481200,16.654481201171876,0.06973112335205078,6.152948628997803,8.601618376922607
1757954305351438000,16.66443798828125,-0.8054992210388183,6.099228729248047,8.781333139038086
1757954305361394200,16.674394287109376,-1.778742195892334,6.157737032318115,9.462483511352538
1757954305371350000,16.68435009765625,-1.6041151123046875,6.060322952270507,10.403704039001465
1757954305381306000,16.69430615234375,-1.1249755050659178,5.49708701171875,10.82702882003784
1757954305391262000,16.704261962890627,-1.1020809516906738,5.328295794677734,10.61603979873657
1757954305401218000,16.714218017578126,-0.4291606475830078,5.516240625,9.958232892608642
1757954305411175000,16.7241748046875,-0.5116109672546386,5.833621982574463,9.285312588500975
1757954305421131000,16.734131103515626,-0.7882908966064452,5.935375553131103,9.171737647247314
1757954305431087000,16.744087158203126,-0.45010991210937495,6.086359895324707,9.064746760559082
1757954305441043200,16.754043212890625,-0.10429740982055663,6.277746390533447,8.795399073791504
1757954305450999000,16.7639990234375,-0.43230303726196284,6.502801346588134,8.426542380523681
1757954305460955100,16.773955078125,-0.7715314849853515,6.706907038116455,8.134749053192138
1757954305470911000,16.783910888671876,0.7748235122680663,7.496544673156738,7.059602870178222
1757954305480868000,16.7938681640625,-0.2219125663757324,7.531260597229004,5.762544120788574
1757954305490824200,16.80382421875,-0.9714473236083984,7.214926702880859,5.865644429779052
1757954305500780000,16.813780029296876,-1.1305120964050293,7.241113283538818,6.282983706665039
1757954305510736100,16.823736083984375,-1.4308347671508788,7.006032608032226,6.721571523284911
1757954305520692200,16.833692138671875,-1.7146973014831541,6.8195841537475586,6.82482146987915
1757954305530648300,16.8436484375,-1.9021932189941406,6.642413230895996,6.870760214233398
1757954305540605200,16.853605224609375,-1.8857330825805663,6.338349620056152,7.158513326263427
1757954305550561300,16.863561279296874,-1.677736813354492,5.600187320709228,8.436717737579345
1757954305560517000,16.87351708984375,-4.127454024505615,6.3992521247863765,7.983315798187255
1757954305570473200,16.88347314453125,-1.0139444030761717,6.490680700683593,8.009203103637695
1757954305580429000,16.893428955078125,-1.8605939651489256,6.893804405212402,7.842656450653076
1757954305590385200,16.90338525390625,-1.7527052528381346,7.349151633453369,7.463774037933349
1757954305600342000,16.913342041015625,-1.5138836372375488,7.612663453674316,7.302165425872802
1757954305610298000,16.923298095703124,-1.5738883163452146,7.696759786987304,7.077110469818114
1757954305620254000,16.93325390625,-1.598578520965576,7.4494088279724116,6.900089184570312
1757954305630210000,16.9432099609375,-1.11075993270874,7.317727736663818,6.736086370849609
1757954305640166100,16.953166259765624,-1.0646715507507323,7.5339540740966795,6.264877556610107
1757954305650122200,16.963122314453123,-1.5471031852722168,7.81437494354248,6.0395233253479
1757954305660078000,16.973078125,-1.6781857261657713,7.736114476776122,6.121824007415771
1757954305670035200,16.98303515625,-1.9017443061828612,7.454197231292724,6.198588098144531
1757954305679991300,16.9929912109375,-2.0856489212036133,7.434145792388915,6.189011291503906
1757954305689947100,17.002947021484374,-2.0796634170532227,7.292738256835937,6.153846454620361
1757954305699903000,17.012903076171874,-2.158672071838379,7.007080071258544,6.073491061401366
1757954305709859000,17.022859130859374,-2.3796868125915527,6.629843672180176,5.864148053741455
1757954305719815000,17.03281494140625,-2.647687760925293,6.296750366210937,5.709273133850098
1757954305729772000,17.04277197265625,-2.93678761138916,6.115389590454101,5.6955064743041985
1757954305739728100,17.05272802734375,-3.1483751831054687,6.101174018096923,5.598242031860352
1757954305749684000,17.06268408203125,-3.2845454025268555,6.254851837158203,5.620238759613037
1757954305759640300,17.072640380859376,-3.4147301177978515,6.5026517089843745,5.582230808258056
1757954305769596200,17.08259619140625,-3.5357869392395016,6.871209127044677,5.566668497467041
1757954305779552300,17.09255224609375,-4.376002084350586,7.447014626312256,5.318868625640869
1757954305789508000,17.102508056640627,-4.860528645324707,7.75062932434082,4.855889879608154
1757954305799465200,17.11246533203125,-5.202300932312012,7.870489044952392,4.717325458526611
1757954305809421000,17.122421142578126,-5.147982482147216,8.115745077514648,5.052064778137207
1757954305819377200,17.132377197265626,-4.2037692024230955,9.09766703338623,3.5420717185974118
1757954305829333000,17.1423330078125,-0.48078562088012694,13.963881907653807,-7.249642626953125
1757954305839289000,17.1522890625,12.427253354644774,15.902586701965332,-2.475903791809082
1757954305849245200,17.1622451171875,-0.8747814315795898,8.51677385559082,6.227318518066406
1757954305859201300,17.172201171875,-4.7761330368041985,5.603180072784424,7.29722738494873
1757954305869158100,17.182158203125,-4.236689475250244,7.159710427093505,8.554781806945801
1757954305879114200,17.1921142578125,-6.008997254180908,9.124901077270508,6.207715991973877
1757954305889070000,17.202070068359376,-4.397549899291992,9.195230751037597,6.519560758209228
1757954305899026200,17.212026123046876,-2.5383026725769042,8.975263473510742,6.570886456298828
1757954305908982000,17.22198193359375,-2.084451820373535,9.795726454925537,6.184971076202392
1757954305918938000,17.231938232421875,-2.075623201751709,10.306439596557617,6.4460886947631835
1757954305928894000,17.24189404296875,-2.1582231590270995,10.73230821685791,6.041468614196777
1757954305938851000,17.25185107421875,-2.6152164009094236,11.034725814056396,5.623830062103271
1757954305948807200,17.26180712890625,-3.21137261428833,10.978462075042724,5.702539441680908
1757954305958762500,17.271762451171874,-4.3245267486572265,10.59823292388916,5.438429071044921
1757954305968718600,17.281718505859374,-5.870432833099365,9.185953219604492,4.530577729034423
1757954305978674400,17.29167431640625,-6.648548372650146,7.043442008972168,3.2686838165283203
1757954305988630500,17.301630615234377,-6.637924102783202,5.654505770874023,2.5622446891784665
1757954305998587400,17.31158740234375,-6.889764189910888,5.244349098968506,2.8184242668151853
1757954306008543500,17.32154345703125,-7.654113069915771,5.904250931549072,3.286191416168213
1757954306018499300,17.331499267578124,-7.956829942321777,8.011148392486572,4.124610910034179
1757954306028455400,17.341455322265624,-7.783549597167968,10.275614250183105,4.927865567016601
1757954306038411300,17.351411376953124,-7.306205641174316,11.25574055480957,4.943427877807617
1757954306048367600,17.36136767578125,-6.417507912445068,11.439196257019042,4.893897830963135
1757954306058323500,17.371323486328127,-5.63071339187622,10.785579203796386,4.444236831665039
1757954306068280600,17.381280517578126,-4.285920246887207,8.983792816925048,3.17291575012207
1757954306078236400,17.391236328125,-2.747795317840576,6.279093128967284,1.375169578552246
1757954306088192500,17.401192626953126,-3.003825257873535,5.865943704986572,0.5008370597839356
1757954306098148400,17.4111484375,-3.015496990966797,6.55023646697998,0.1892915687561035
1757954306108104400,17.4211044921875,-2.411858897399902,5.586869573974609,-0.0522235237121582
1757954306118060300,17.431060302734377,-2.886359738922119,5.397129092407226,-0.6220435188293457
1757954306128016400,17.441016357421876,-2.9315502952575683,5.765536872863769,-0.23567922592163085
1757954306137973200,17.45097314453125,-2.7875989204406735,6.330119551849365,0.5804442649841308
1757954306147929300,17.460929443359376,-3.0909143432617188,6.753294695281982,1.4417583122253417
1757954306157885400,17.470885498046876,-3.5296517974853514,6.579415799713134,1.0033201332092285
1757954306167841500,17.480841552734375,-3.838803086853027,6.917596784210205,0.4242226066589355
1757954306177797400,17.49079736328125,-3.96464831161499,7.4568907081604,0.7691372833251953
1757954306187753500,17.50075341796875,-3.648613692474365,7.5718123878479,1.0911574066162109
1757954306197710600,17.510710693359375,-3.257161721038818,7.134571309661865,0.6705261024475098
1757954306207666400,17.52066650390625,-2.8009166671752928,6.2958525405883785,0.39369653549194333
1757954306217622500,17.53062255859375,-3.3617584060668944,6.871508402252197,-0.7095815170288086
1757954306227578400,17.540578369140626,-2.6273370468139645,6.055983461761474,-1.064970825958252
1757954306237534500,17.550534423828125,-3.033154228210449,5.69490792388916,-0.968454571533203
1757954306247490300,17.560490234375,-3.3010055389404296,6.4840966461181635,-0.613514175415039
1757954306257446400,17.5704462890625,-3.3143232856750484,6.3892264053344725,-0.8354267417907715
1757954306267402500,17.580402587890624,-3.0174422798156737,5.884199492645263,-1.2256816123962402
1757954306277359400,17.590359375,-2.993649900817871,5.0939633071899415,-1.3946224670410154
1757954306287315500,17.6003154296875,-2.8520927276611325,3.8796541526794432,-1.8570026626586913
1757954306297271600,17.610271484375,-2.4069208564758298,3.8982092155456542,-1.4342764320373533
1757954306307227400,17.620227294921875,-3.1515175727844236,3.872621185302734,-0.8264484855651855
1757954306317183500,17.63018359375,-3.4769793609619137,1.5342343513488768,-0.14499883804321287
1757954306327139300,17.640139404296875,-1.7090110725402832,2.530072604370117,-1.6086042404174803
1757954306337095400,17.650095458984374,-3.006518734741211,4.670488888549804,1.9683330398559569
1757954306347052300,17.66005224609375,-2.3237223487854,6.843226895141601,0.2314893730163574
1757954306357008400,17.67000830078125,0.11911153259277343,10.413580120849609,-5.9974751586914055
1757954306366964200,17.679964111328125,0.5436334144592285,13.564499143218994,-3.475034072113037
1757954306376920600,17.689920654296873,2.085948196411133,15.409081884765625,-1.4151228187561034
1757954306386876400,17.69987646484375,2.9417256523132322,16.079308712005613,0.1361702194213867
1757954306396832500,17.70983251953125,2.701108385467529,16.417190421295164,2.431311785888672
1757954306406789400,17.719789306640624,1.86433490524292,16.373047328186033,4.094683389282227
1757954306416745500,17.729745361328124,0.8981248977661133,16.290447370910645,5.74593434677124
1757954306426701300,17.739701416015624,0.1867477294921875,16.077213785552978,7.615805843353271
1757954306436657400,17.749657470703124,-0.17687164764404295,15.67394044342041,9.393051663208007
1757954306446613200,17.75961328125,-0.5404910247802734,14.958971972656249,10.784831015777588
1757954306456569300,17.7695693359375,-1.341950030517578,13.82845987625122,11.789048974609374
1757954306466525400,17.779525390625,-2.4785972686767574,12.000935821533202,11.920430790710448
1757954306476482300,17.789482421875,-3.631555005645752,10.057741899108887,11.223269194793701
1757954306486438400,17.7994384765625,-4.499453107452393,9.176825325775146,10.535385130310058
1757954306496394500,17.80939453125,-4.963778591918945,9.241917683410644,9.917980377197265
1757954306506350600,17.8193505859375,-4.980538003540039,9.879822788238524,9.357437913513182
1757954306516306400,17.829306396484377,-4.8323967758178705,10.722132859802246,8.786271179962158
1757954306526262500,17.839262451171876,-4.581903427124023,11.361085427856445,8.150909914398193
1757954306536218400,17.84921826171875,-4.221426439666748,11.794286290740967,7.406313198089599
1757954306546174500,17.859174560546876,-3.9357682540893553,12.187833188629149,6.541258210754394
1757954306556131300,17.86913134765625,-3.697844464111328,12.617293111419677,5.561431181335449
1757954306566087400,17.87908740234375,-3.4385224967956542,13.167809855651855,4.669441425323486
1757954306576043300,17.889043212890623,-3.432836267852783,13.990367763519286,3.896413564300537
1757954306585999600,17.89899951171875,-3.4480993034362792,14.934431405639648,3.2501287536621093
1757954306595955500,17.90895556640625,-3.3165678497314452,15.780482417297362,2.5918729347229004
1757954306605911600,17.91891162109375,-2.822314844512939,16.15951446762085,1.69823716506958
1757954306615867400,17.928867431640626,-2.497601244354248,16.054169594573974,0.6884826148986816
1757954306625824500,17.938824462890626,-2.2088006690979003,15.542708264923094,-0.22939444656372068
1757954306635780400,17.9487802734375,-1.81944362411499,14.76698692703247,-0.9038111267089843
1757954306645736400,17.958736328125,-1.483806478881836,13.910610920715332,-1.1822867073059082
1757954306655692300,17.9686923828125,-1.2882301307678221,12.84489190673828,-1.0619780738830567
1757954306665648400,17.9786484375,-1.2020388710021972,11.676371858978271,-0.6596025573730468
1757954306675604200,17.988604248046876,-1.1658265708923339,10.519074631500244,-0.18465280303955078
1757954306685560600,17.998560546875,-1.2726678199768067,9.640851535034178,0.2193687271118164
1757954306695517200,18.00851708984375,-1.3067851936340331,9.069385526275635,0.5234323379516601
1757954306705473500,18.0184736328125,-1.375169578552246,8.677185366821288,0.7243956398010254
1757954306715429400,18.028429443359375,-1.4679448928833008,8.36384422454834,0.8936357696533203
1757954306725385500,18.038385498046875,-1.520168416595459,8.072948722839355,1.0012252067565917
1757954306735341300,18.04834130859375,-1.528398484802246,7.738807953643798,1.054047280883789
1757954306745297400,18.05829736328125,-1.4876970565795897,7.474697583007812,1.0024223075866698
1757954306755253200,18.068253173828126,-1.4055460121154784,7.318326287078857,0.8393173194885254
1757954306765209300,18.078209228515625,-1.2161048057556152,7.27777449645996,0.5241805259704589
1757954306775166500,18.08816650390625,-0.9817723182678222,7.415740367126465,0.1518821678161621
1757954306785122300,18.098122314453125,-0.7619546783447265,7.575403690338134,-0.12569558715820311
1757954306795078400,18.108078369140625,-0.623090982055664,7.644087350463867,-0.3101987525939941
1757954306805034500,18.118034423828124,-0.5431845016479492,7.595155854034424,-0.469862075805664
1757954306814990600,18.127990478515624,-0.5264250900268554,7.411251239013671,-0.5572504364013672
1757954306824946400,18.137946533203124,-0.6596025573730468,7.193528525543212,-0.5894225212097167
1757954306834902500,18.147902587890623,-0.6359598159790039,6.913855844116211,-0.49530046844482417
1757954306844859400,18.157859375,-0.7495347572326659,6.585850216674804,-0.36810850524902344
1757954306854815500,18.1678154296875,-0.8839093254089355,6.331167015075684,-0.1897404815673828
1757954306864771300,18.177771240234375,-0.9736918876647949,6.066907006835937,0.04668693237304687
1757954306874727400,18.1877275390625,-1.0631751747131346,5.814468369293213,0.24974516067504882
1757954306884683300,18.197683349609374,-1.1026795021057127,5.564872846221924,0.44861353607177734
1757954306894639600,18.2076396484375,-1.3456909706115723,5.344905568695068,0.5674257934570313
1757954306904595500,18.217595458984373,-1.4701894569396972,5.202001657104492,0.6815992851257324
1757954306914552600,18.227552490234373,-1.6141408317565917,5.154416899108886,0.7564180870056152
1757954306924508400,18.23750830078125,-1.8504186080932616,5.212027376556396,0.8282441368103027
1757954306934464500,18.247464599609376,-2.001552587890625,5.374234539031982,0.9130886581420898
1757954306944420400,18.25742041015625,-2.1185691940307616,5.518036276245117,0.9304466201782225
1757954306954377200,18.267377197265624,-2.211344508361816,5.595398917388915,0.9100959060668945
1757954306964333000,18.2773330078125,-2.2884078742980956,5.60557427444458,0.7942764007568359
1757954306974289200,18.2872890625,-2.4712650260925293,5.716306101226806,0.5653308670043945
1757954306984245000,18.297244873046875,-2.6039935806274412,6.04550882949829,0.3181295455932617
1757954306994202000,18.3072021484375,-2.811690574645996,6.762272951507568,0.07092822418212891
1757954307004158000,18.317157958984374,-2.9593828895568848,8.063820829010009,-0.13347674255371092
1757954307014114000,18.327114013671874,-2.936039423370361,9.99773722000122,-0.33369185638427734
1757954307024070100,18.337070068359374,-2.5565584602355957,12.014253568267822,-0.685040950012207
1757954307034026200,18.347026123046874,-1.966986301422119,13.93634858856201,-1.1246762298583983
1757954307043982000,18.356982177734373,-1.513733999633789,15.690999130249022,-1.759588582611084
1757954307053938200,18.366938232421877,-1.3941735542297362,16.88615467147827,-2.6598084068298338
1757954307063895300,18.376895263671877,-1.6129437309265136,17.6458647857666,-3.5378818656921385
1757954307073851100,18.38685107421875,-2.0485387954711913,17.58421409301758,-4.2968437919616695
1757954307083807200,18.39680712890625,-2.2569839775085447,16.492907048797605,-4.878185882568359
1757954307093763000,18.40676318359375,-2.1957821975708005,14.819060813140869,-5.128679231262207
1757954307103719200,18.41671923828125,-1.9147627777099607,13.319243110656737,-5.013907189178466
1757954307113675000,18.426675048828123,-1.4414590370178222,12.457779425811767,-4.689043951416015
1757954307123631400,18.43663134765625,-0.8869020774841309,12.341062094879149,-4.2314521591186525
1757954307133587200,18.446587158203126,-0.4065653694152832,12.821398802947998,-3.653102820587158
1757954307143544300,18.45654443359375,-0.10743979949951171,13.322984050750732,-2.8775311203002927
1757954307153500200,18.466500244140626,-0.2088940948486328,13.672537493133545,-1.8828899681091307
1757954307163456300,18.476456298828126,-0.8340800033569336,13.714585659790039,-0.8026561065673827
1757954307173412000,18.486412109375,-1.760187133026123,13.358448162841796,0.1261444999694824
1757954307183368200,18.4963681640625,-2.6988638214111327,12.598887686157227,0.7079355033874511
1757954307193324000,18.506323974609376,-3.5658640975952145,11.448623426055908,0.9136872085571288
1757954307203280100,18.516280029296876,-4.2390836769104006,10.08662195663452,0.8019079185485839
1757954307213236000,18.526236083984376,-4.801272154235839,8.895207355499267,0.4750993919372558
1757954307223193000,18.536193115234376,-5.166387907409668,8.052298733520507,0.015263035583496093
1757954307233149000,18.54614892578125,-5.305850154113769,7.627327938842773,-0.5093664031982421
1757954307243105300,18.556105224609375,-5.179855291748047,7.536647550964355,-1.0012252067565917
1757954307253061000,18.56606103515625,-4.799626140594482,7.759158667755126,-1.3697826248168945
1757954307263017200,18.576017333984375,-4.318541244506836,8.183231636810302,-1.7007810043334959
1757954307272973000,18.58597314453125,-3.892522986602783,8.714145854949951,-2.0569185012817384
1757954307282929200,18.59592919921875,-3.599981471252441,9.13552534713745,-2.4657284347534176
1757954307292886000,18.605885986328126,-3.449894954681396,9.399486080169677,-2.968211508178711
1757954307302842000,18.615842041015625,-3.370437387084961,9.491213931274414,-3.433434818267822
1757954307312798000,18.6257978515625,-3.2523733177185057,9.462184236145019,-3.802441149139404
1757954307322754000,18.635754150390625,-3.114257809448242,9.345466905212401,-4.039018200683594
1757954307332710100,18.645710205078124,-2.8718448913574215,9.127893829345702,-4.142118509674072
1757954307342666200,18.655666259765624,-2.563890702819824,8.797045087432862,-4.09842432937622
1757954307352622000,18.6656220703125,-2.3133973541259762,8.377461246490478,-3.8558617736816405
1757954307362578200,18.675578125,-2.1772271347045895,7.840411886596679,-3.503764492034912
1757954307372535300,18.685535400390624,-2.168099240875244,7.22061293182373,-3.0430303100585934
1757954307382491100,18.6954912109375,-2.1932383583068846,6.647800184631348,-2.492214290618896
1757954307392447200,18.705447265625,-2.168697791290283,6.158036307525634,-1.9578584075927734
1757954307402403000,18.715403076171874,-2.1033061584472654,5.782595559692383,-1.4628572143554686
1757954307412359200,18.725359130859374,-1.9898808547973632,5.546018508148193,-0.896329246520996
1757954307422315000,18.73531494140625,-1.8248305778503418,5.48376926498413,-0.26560674667358397
1757954307432271400,18.745271240234374,-1.6959926010131834,5.581183345031738,0.3742436470031738
1757954307442227200,18.755227294921873,-1.6792331893920898,5.773916578674316,1.0254664985656738
1757954307452184300,18.765184326171877,-1.6852186935424804,5.9968766082763665,1.6512509574890135
1757954307462140200,18.77514013671875,-1.7449240974426268,6.267421395874023,2.242020217132568
1757954307472096300,18.78509619140625,-1.8694225837707519,6.573729570770263,2.7814637786865233
1757954307482052000,18.795052001953124,-2.099565218353271,6.870760214233398,3.228431301116943
1757954307492008200,18.80500830078125,-2.4253262817382812,7.1029977752685545,3.543717732238769
1757954307501964000,18.814964111328123,-2.827851435852051,7.161057165527343,3.708618371582031
1757954307511920000,18.824920166015627,-3.2632968627929686,7.057657581329345,3.7104140228271483
1757954307521876200,18.834876220703126,-3.666570204925537,6.90143592300415,3.4885014564514156
1757954307531833000,18.8448330078125,-3.960757733917236,6.883629048156738,3.0749031196594236
1757954307541789000,18.854788818359374,-4.135235179901123,7.123348489379882,2.5758617111206052
1757954307551745300,18.864745361328126,-4.296245241546631,7.521983065795898,2.025045691680908
1757954307561701000,18.874701171875,-4.3631332504272455,7.865700641632079,1.4671967048645018
1757954307571657200,18.8846572265625,-4.3993455505371095,8.126070072174072,0.9801263046264648
1757954307581613000,18.894613037109377,-4.484638984680175,8.396914134979248,0.594959112548828
1757954307591569200,18.904569091796876,-4.599859939575195,8.769960681152343,0.2677016731262207
1757954307601525000,18.91452490234375,-4.701314234924316,9.345017992401122,-0.07107786178588867
1757954307611481000,18.924481201171876,-4.785410568237304,10.089165795898436,-0.38097733917236326
1757954307621438000,18.93443798828125,-4.861426470947265,10.945541802215576,-0.6616974838256836
1757954307631394000,18.94439404296875,-4.796184475708007,11.788300786590575,-0.9445125549316405
1757954307641350100,18.95435009765625,-4.595969361877441,12.620734776306152,-1.242291386413574
1757954307651306200,18.96430615234375,-4.4002433761596675,13.42698218536377,-1.438915197753906
1757954307661262000,18.974261962890626,-4.253748162078857,14.120103565979003,-1.5831658477783201
1757954307671218200,18.98421826171875,-4.1569326324462885,14.630517432403563,-1.6633716033935546
1757954307681174000,18.994174072265626,-4.151695316314697,14.930091915130614,-1.7751508934020994
1757954307691130000,19.004130126953125,-4.252850336456299,14.867693034362793,-1.9789573097229003
1757954307701087200,19.014087158203125,-4.375852446746826,14.38391466140747,-2.2732944763183593
1757954307711043000,19.02404296875,-4.473565802001953,13.526042279052733,-2.503736386108398
1757954307720999200,19.033999267578125,-4.518606720733643,12.52526598510742,-2.632724000549316
1757954307730955000,19.043955078125,-4.463689720153808,11.544391492462157,-2.7130793937683104
1757954307740911400,19.053911376953124,-4.295945966339111,10.729016189575194,-2.6982652709960937
1757954307750867200,19.0638671875,-4.026897554779053,10.136600916290282,-2.5966613380432126
1757954307760823000,19.073822998046875,-3.6535517333984373,9.718363813781737,-2.461837857055664
1757954307770779100,19.083779052734375,-3.2104747886657714,9.527126956176756,-2.2182278381347653
1757954307780736300,19.093736328125,-2.7316344566345214,9.510517182159424,-1.9189526306152342
1757954307790692000,19.103692138671875,-2.223764429473877,9.664344638824462,-1.6157868453979491
1757954307800648200,19.113648193359374,-1.7322049011230467,9.935487976837157,-1.3364134391784668
1757954307810604000,19.12360400390625,-1.3070844688415526,10.142287145233153,-1.0917559570312498
1757954307820560100,19.13356005859375,-1.0000281059265137,10.216806671905516,-0.8559270935058593
1757954307830516200,19.14351611328125,-0.8117840003967285,10.109366872406005,-0.6031891807556152
1757954307840472300,19.153472412109377,-0.6845920372009276,9.822361948394775,-0.32501287536621093
1757954307850428200,19.16342822265625,-0.6865373260498047,9.392303475189209,-0.010175357055664061
1757954307860385300,19.17338525390625,-0.7175123100280761,8.849567886352538,0.2882020248413086
1757954307870341000,19.183341064453124,-0.7950245887756348,8.202085974884033,0.5002385093688965
1757954307880297200,19.193297119140624,-0.9463082061767577,7.566874346923828,0.7136217323303222
1757954307890253000,19.203253173828124,-1.0577882209777831,6.936750397491455,0.8988730857849121
1757954307900209200,19.213209228515623,-1.3166612754821776,6.349572440338134,1.013794765472412
1757954307910165000,19.2231650390625,-1.3741221153259278,5.791424178314209,1.1239280418395996
1757954307920121000,19.23312109375,-1.5197195037841795,5.271732780456543,1.2081740127563476
1757954307930077200,19.2430771484375,-1.552639776611328,4.791246434783935,1.2336124053955078
1757954307940033300,19.253033203125,-1.547552098083496,4.390965844726562,1.2355576942443847
1757954307949990100,19.262990234375,-1.5556325286865234,4.116231204223633,1.2099696640014648
1757954307959946200,19.2729462890625,-1.4372691841125487,3.963451210784912,1.1378443389892579
1757954307969902300,19.28290234375,-1.3353659759521483,3.961655559539795,1.0755950958251952
1757954307979858200,19.292858154296876,-1.2181997322082518,4.1283518501281735,0.9706991355895995
1757954307989814300,19.302814208984376,-1.0579378585815429,4.386775991821289,0.8485948509216308
1757954307999770000,19.31277001953125,-0.8767267204284668,4.759223987579346,0.7070376777648926
1757954308009726200,19.322726318359376,-0.7959224143981933,5.229684613800049,0.49021278991699213
1757954308019682000,19.33268212890625,-0.7296329559326171,5.849184293365478,0.277727392578125
1757954308029638400,19.342638427734375,-0.6159083770751953,6.654833152008056,0.14290391159057617
1757954308039595300,19.35259521484375,-0.5213374114990235,7.804498861694335,0.09935936889648436
1757954308049551400,19.36255126953125,-0.725892015838623,9.30850641708374,0.16594810256958006
1757954308059507500,19.372507568359374,-1.2925696212768554,11.149797131347656,0.3541922080993652
1757954308069463300,19.38246337890625,-1.8213889129638672,13.189208032989502,0.45893853073120117
1757954308079419100,19.392419189453125,-2.1631611999511717,15.07254691390991,0.23448212509155272
1757954308089375200,19.402375244140625,-2.1507412788391114,16.35120023803711,-0.3275567146301269
1757954308099331000,19.4123310546875,-1.7636287979125975,16.75746633224487,-1.1834838081359862
1757954308109287200,19.422287109375,-1.1148001480102538,16.909947050476074,-2.098966667938232
1757954308119244300,19.432244384765625,-0.43948564224243164,16.896479666137694,-2.9300539192199704
1757954308129200000,19.4422001953125,-0.08649053497314453,16.569521501922605,-3.553294538879394
1757954308139156200,19.45215625,-0.23448212509155272,16.284312229156495,-3.829974468231201
1757954308149112300,19.4621123046875,-0.5017348854064941,16.33144807434082,-3.667019117736816
1757954308159068400,19.472068359375,-0.6661866119384765,16.41913571014404,-3.0264205360412597
1757954308169024300,19.482024169921875,-0.9127893829345702,16.102352902984617,-2.0684405967712403
1757954308178980400,19.49198046875,-1.3588590797424316,15.400851816558838,-1.2122142280578612
1757954308188936200,19.501936279296874,-2.117072817993164,14.560187758636474,-0.8785223716735839
1757954308198892300,19.511892333984374,-2.9077579162597655,13.632434615325927,-0.965910732269287
1757954308208849200,19.52184912109375,-3.494337322998047,12.510451862335204,-1.1462240447998047
1757954308218805200,19.53180517578125,-3.775057467651367,11.164162341308593,-1.2560580459594726
1757954308228761000,19.541760986328125,-3.657591948699951,9.8311905670166,-1.2814964385986327
1757954308238717400,19.551717529296877,-3.2782606231689453,8.744073375701904,-1.319654027557373
1757954308248673300,19.56167333984375,-3.050961103057861,7.998129920959472,-1.533486163330078
1757954308258629400,19.57162939453125,-3.0195372062683106,7.6653358901977535,-1.9653402877807615
1757954308268585200,19.581585205078124,-3.2418986854553222,7.69316848449707,-2.5258827514648434
1757954308278541300,19.591541259765624,-3.528604334259033,7.990648040771484,-2.9746459251403805
1757954308288497200,19.6014970703125,-3.6839281669616697,8.320898232269286,-3.1193454879760742
1757954308298454300,19.611454345703127,-3.6921582351684568,8.651746974182128,-2.984073094177246
1757954308308410000,19.62141015625,-3.6424785507202144,8.981099340057373,-2.7072435272216797
1757954308318366200,19.6313662109375,-3.507505432128906,9.447519750976562,-2.3083096755981445
1757954308328322000,19.641322021484374,-3.331980522918701,10.0495118309021,-1.8046295013427733
1757954308338278400,19.6512783203125,-3.0564976943969726,10.702380696105957,-1.234809506225586
1757954308348234200,19.661234130859373,-2.73268191986084,11.200374641418456,-0.6878840644836426
1757954308358190300,19.6711904296875,-2.5041852989196776,11.29958437271118,-0.20036475143432617
1757954308368146200,19.681146240234376,-2.3982418754577637,11.002553729248046,0.20350714111328125
1757954308378102300,19.691102294921876,-2.3738509460449215,10.325742847442626,0.481384171295166
1757954308388059100,19.70105908203125,-2.4226328048706054,9.445574462127684,0.6527192276000976
1757954308398015200,19.71101513671875,-2.433257074737549,8.611943371582031,0.7627028663635254
1757954308407971000,19.72097119140625,-2.3849241287231444,7.883956429290771,0.7896376350402832
1757954308417927200,19.73092724609375,-2.2700024490356445,7.224802784729003,0.7841010437011718
1757954308427883300,19.74088330078125,-2.0642507438659665,6.65872372970581,0.7272387542724609
1757954308437839400,19.75083935546875,-1.8276736923217773,6.214898596954345,0.6844423995971679
1757954308447795200,19.760795166015626,-1.5987281585693358,5.8463411788940425,0.6358101783752441
1757954308457751300,19.770751220703126,-1.4291887535095213,5.5644239334106445,0.6292261238098145
1757954308467707100,19.78070703125,-1.3051391799926757,5.344905568695068,0.6081272216796875
1757954308477664300,19.790664306640625,-1.3093290328979492,5.133916547393799,0.5660790550231933
1757954308487620400,19.800620361328125,-1.4477438163757324,4.987720608520507,0.5015852478027344
1757954308497576200,19.810576171875,-1.652896971130371,4.930409406280518,0.41674072647094723
1757954308507532300,19.8205322265625,-1.8956091644287107,4.953603234863281,0.3504512680053711
1757954308517488000,19.830488037109376,-2.2176292877197263,5.181650942993164,0.30406361083984373
1757954308527444500,19.840444580078124,-2.586934893798828,5.575197840881347,0.24271219329833982
1757954308537400300,19.850400390625,-2.9727006362915036,6.083666418457031,0.19078794479370115
1757954308547356400,19.8603564453125,-3.372831588745117,6.698377694702148,0.09786299285888671
1757954308557312300,19.870312255859375,-3.704727793884277,7.2717889923095695,-0.06494272003173827
1757954308567268400,19.880268310546874,-3.995324020385742,7.78878691329956,-0.2856581855773926
1757954308577225200,19.89022509765625,-4.219181875610351,8.17784468307495,-0.49904140853881834
1757954308587181300,19.900181396484374,-4.447828134155273,8.477568803405761,-0.7493851196289062
1757954308597137200,19.91013720703125,-4.667196861267089,8.685415435028075,-1.0504559783935545
1757954308607093200,19.92009326171875,-4.932354695129394,8.935010958099365,-1.2996025886535645
1757954308617049300,19.93004931640625,-5.199757093048095,9.343072703552245,-1.533486163330078
1757954308627005400,19.94000537109375,-5.491849695587158,9.856180046844482,-1.7030255683898925
1757954308636961300,19.949961181640624,-5.818957497406005,10.48256305618286,-1.7570447433471679
1757954308646917400,19.95991748046875,-6.094440325927734,11.184812330627441,-1.6947955001831054
1757954308656873200,19.969873291015624,-6.191106217956543,11.937040564727782,-1.5789759948730469
1757954308666830300,19.979830322265624,-6.190507667541503,12.783390851593017,-1.5119383483886717
1757954308676786200,19.9897861328125,-6.221781926727295,13.63048932647705,-1.4036007232666015
1757954308686742300,19.9997421875,-6.264727919006347,14.33273860092163,-1.2445359504699707
1757954308696698000,20.009697998046875,-6.190058754730225,14.559140295410156,-1.0549451065063475
1757954308706654200,20.019654296875,-6.129754800415038,14.070274243927,-0.9108440940856933
1757954308716610300,20.0296103515625,-6.114940677642822,12.964302714538574,-0.9293991569519042
1757954308726566400,20.03956640625,-6.087108083343505,11.717372562408446,-1.1258733306884765
1757954308736522200,20.049522216796873,-5.915324114227294,10.575338370513915,-1.3236942428588867
1757954308746478300,20.059478271484377,-5.580435157012939,9.633818567657471,-1.4185644836425781
1757954308756434200,20.06943408203125,-5.0960582336425775,8.874707003784179,-1.39821376953125
1757954308766391300,20.079391357421876,-4.524143312072754,8.418461949920653,-1.363048932647705
1757954308776347100,20.08934716796875,-3.8979099403381343,8.25475841140747,-1.3159130874633789
1757954308786303200,20.09930322265625,-3.251475492095947,8.45856482772827,-1.3262380821228026
1757954308796259000,20.109259033203124,-2.5163059448242184,8.906879088592529,-1.432630418395996
1757954308806215200,20.119215087890623,-1.7613842338562011,9.421931720733642,-1.5412673187255859
1757954308816171300,20.129171142578127,-1.1098621070861816,9.798270294189452,-1.5806220085144043
1757954308826127400,20.13912744140625,-0.6400000312805175,10.00417163696289,-1.533486163330078
1757954308836083200,20.149083251953126,-0.34536358947753903,10.020033222961425,-1.4101847778320311
1757954308846039300,20.159039306640626,-0.23882161560058593,9.884910466766357,-1.2265794380187987
1757954308855996400,20.168996337890626,-0.31753099517822264,9.626785600280762,-0.9816226806640624
1757954308865952300,20.1789521484375,-0.503680174255371,9.213636176300048,-0.7278373046875
1757954308875908000,20.188908203125,-0.7442974411010742,8.675240077972411,-0.4927566291809082
1757954308885864200,20.1988642578125,-0.9901520240783691,8.05589003601074,-0.24750059661865234
1757954308895820000,20.208820068359376,-1.2081740127563476,7.442824773406982,0.01780687484741211
1757954308905776400,20.2187763671875,-1.4106336906433106,6.8593877563476555,0.3006219459533691
1757954308915732200,20.228732177734376,-1.5707459266662598,6.301538769531249,0.5491700057983399
1757954308925688300,20.238688232421875,-1.7111059989929198,5.815665470123291,0.730381143951416
1757954308935644200,20.24864404296875,-1.8056769645690918,5.409399375915527,0.8843582382202148
1757954308945600300,20.258600341796875,-1.9021932189941406,5.095310045623779,0.9654618194580078
1757954308955556600,20.268556640625,-2.046743144226074,4.92277788848877,0.9804255798339843
1757954308965512700,20.2785126953125,-2.136076793670654,4.90302572479248,0.9112930068969726
1757954308975468500,20.288468505859374,-2.0964228286743163,5.110124168395996,0.8303390632629394
1757954308985424600,20.298424560546874,-1.9541174674987791,5.523872142791748,0.7113771682739257
1757954308995380700,20.308380615234373,-1.7146973014831541,6.120177993774414,0.5217863243103027
1757954309005336800,20.3183369140625,-1.511788710784912,6.961440602111816,0.29403789138793945
1757954309015292700,20.328292724609376,-1.3265373573303223,8.087313932800292,0.020201076507568357
1757954309025248800,20.338248779296876,-1.1786954048156737,9.356689725494384,-0.3404255485534668
1757954309035204600,20.34820458984375,-1.06616792678833,10.53418802947998,-0.6928221054077148
1757954309045160700,20.35816064453125,-1.016937155151367,11.462689360809325,-0.956333925628662
1757954309055117600,20.36811767578125,-1.1149497856140136,12.10493395614624,-1.0797849487304687
1757954309065073700,20.37807373046875,-1.3174094635009765,12.55803662033081,-1.3115735969543456
1757954309075029500,20.388029541015626,-1.5330372505187988,12.969839305877684,-1.6760907997131347
1757954309084985900,20.39798583984375,-1.6542437095642089,13.333757958221435,-2.0952257278442383
1757954309094941700,20.407941650390626,-1.687912170410156,13.65024149017334,-2.47066647567749
1757954309104897800,20.417897705078126,-1.6543933471679686,13.889212743377685,-2.840420994567871
1757954309114853600,20.427853515625,-1.5474024604797363,14.11516552505493,-3.133411422729492
1757954309124809700,20.437809814453125,-1.344493869781494,14.092719884490966,-3.324947555541992
1757954309134765600,20.447765625,-1.2333131301879883,13.787159897613524,-3.4293946029663083
1757954309144721700,20.4577216796875,-1.0740987197875975,13.431172038269041,-3.482067039489746
1757954309154678500,20.467678466796876,-0.787841983795166,13.415160814666747,-3.349039209747314
1757954309164634600,20.477634521484376,-0.5068225639343261,13.421146318817138,-2.867206125640869
1757954309174590500,20.487590576171876,-0.5397428367614746,13.185616730499266,-2.074426100921631
1757954309184546800,20.497546875,-0.8230068206787109,12.92120708465576,-1.3723264640808104
1757954309194502700,20.507502685546875,-1.1686696853637695,12.930484616088867,-0.896329246520996
1757954309204458800,20.517458740234375,-1.4872481437683105,13.012037110137939,-0.649277562713623
1757954309214414600,20.52741455078125,-1.797147621154785,12.943353450012205,-0.48018707046508785
1757954309224370700,20.53737060546875,-2.129642376708984,12.546963437652588,-0.428412459564209
1757954309234326500,20.547326416015625,-2.4748563285827636,11.733084510803222,-0.5274725532531738
1757954309244283600,20.55728369140625,-2.813635863494873,10.637288338470459,-0.7628525039672851
1757954309254239500,20.567239501953125,-3.1784523414611816,9.60852981262207,-1.038784245300293
1757954309264195600,20.577195556640625,-3.529202884674072,8.855852665710449,-1.2279261764526366
1757954309274151700,20.587151611328125,-3.7892730400085446,8.481010468292236,-1.2982558502197266
1757954309284107800,20.597107666015624,-3.91975703048706,8.509890525817871,-1.2102689392089843
1757954309294063600,20.607063720703124,-3.9598599082946775,8.883834897613525,-1.0154407791137694
1757954309304019700,20.617019775390624,-3.9405566574096675,9.303418738555907,-0.814028564453125
1757954309313975600,20.6269755859375,-3.856609961700439,9.549422959136962,-0.656909080505371
1757954309323931600,20.636931640625,-3.717746265411377,9.491962119293213,-0.6328174263000488
1757954309333887500,20.646887451171875,-3.5140894866943357,9.194632200622559,-0.6625953094482422
1757954309343844600,20.6568447265625,-3.26224939956665,8.788066831207274,-0.7020996368408202
1757954309353800700,20.66680078125,-2.9981390289306638,8.262988479614258,-0.6842927619934082
1757954309363756500,20.676756591796874,-2.77712428817749,7.726687307739257,-0.6663362495422362
1757954309373713000,20.686712890625,-2.599055539703369,7.1954738143920896,-0.6236895324707031
1757954309383668700,20.696668701171873,-2.4084172325134277,6.702268272399902,-0.5973533142089843
1757954309393624800,20.706624755859377,-2.244115143585205,6.278045665740966,-0.5731120223999023
1757954309403580700,20.71658056640625,-2.1001637687683106,5.909338610076904,-0.5325602317810059
1757954309413536800,20.726536865234376,-1.976712745666504,5.646724615478515,-0.48677112503051756
1757954309423492600,20.73649267578125,-1.898601916503906,5.473893183135986,-0.3769371238708496
1757954309433449700,20.74644970703125,-1.8598457771301269,5.402067133331299,-0.25797522888183594
1757954309443405600,20.756405517578123,-1.86433490524292,5.380668955993652,-0.10190320816040038
1757954309453361700,20.766361572265627,-1.8736124366760252,5.4418707359313965,0.05416881256103515
1757954309463317800,20.77631787109375,-1.9779098464965819,5.520430477905273,0.15607202072143553
1757954309473273900,20.78627392578125,-2.122908684539795,5.6401405609130855,0.234931037902832
1757954309483229700,20.796229736328126,-2.216731462097168,5.800552072143554,0.31648353195190426
1757954309493185800,20.806185791015626,-2.3226748855590817,6.059275489044189,0.40776247024536133
1757954309503141600,20.8161416015625,-2.477699443054199,6.445939057159423,0.5550058723449707
1757954309513097700,20.82609765625,-2.644994284057617,6.947524304962158,0.6905775413513183
1757954309523053600,20.836053466796876,-2.8214170188903807,7.592911289978027,0.8316858016967773
1757954309533010700,20.8460107421875,-3.005920184326172,8.209118942260742,0.9789292037963867
1757954309542966500,20.855966552734376,-3.2692823669433593,8.747365402984618,1.1113584831237793
1757954309552922600,20.865922607421876,-3.6100071907043456,9.06025763244629,1.137096150970459
1757954309562878700,20.875878662109375,-3.95192911529541,9.164106129455567,0.9790788414001464
1757954309572834800,20.885834716796875,-4.250755410003662,9.21258871307373,0.6896797157287597
1757954309582790700,20.895790771484375,-4.500051657867432,9.348310019683836,0.34431612625122066
1757954309592746800,20.905746826171875,-4.689642501831054,9.729885909271239,-0.009427169036865234
1757954309602702600,20.91570263671875,-4.806210195159911,10.322600457763672,-0.407313557434082
1757954309612658700,20.92565869140625,-4.888211602020263,10.984896492004394,-0.7610568527221679
1757954309622614500,20.935614501953125,-4.969614458465576,11.641805572509766,-0.994042601776123
1757954309632571600,20.945571533203125,-5.034706816101074,12.438775450134276,-1.0839748016357422
1757954309642527500,20.955527587890625,-5.103540113830566,13.399149591064452,-1.032948378753662
1757954309652483600,20.965483642578125,-5.240757796478271,14.317924478149413,-0.9112930068969726
1757954309662439700,20.975439697265625,-5.443067836761474,14.83043327102661,-0.802506468963623
1757954309672395800,20.985395751953124,-5.667673880004882,14.733767378997802,-0.7998129920959473
1757954309682351600,20.9953515625,-5.813570543670654,14.029872090911864,-0.969801309967041
1757954309692307700,21.0053076171875,-5.86714080581665,12.993182772064209,-1.2753612968444823
1757954309702263600,21.015263671875,-5.919813242340087,11.914295648956298,-1.5611691200256346
1757954309712219600,21.0252197265625,-5.8834513046264645,10.898854869842529,-1.6316484313964843
1757954309722176500,21.035176513671875,-5.683086553192139,10.103381368255615,-1.5451578964233397
1757954309732132600,21.045132568359374,-5.313481671905517,9.581894319152832,-1.345092420196533
1757954309742088400,21.05508837890625,-4.8798318962097165,9.232191239166259,-1.0766425590515136
1757954309752044800,21.065044921875,-4.378994836425781,9.067290599822998,-0.8479963005065917
1757954309762000600,21.075000732421874,-3.7542578407287595,9.169792358398437,-0.7263409286499023
1757954309771956700,21.084956787109373,-3.05814370803833,9.490316105651855,-0.6926724678039551
1757954309781912600,21.09491259765625,-2.3753473220825194,9.866056128692627,-0.6774094322204589
1757954309791868700,21.10486865234375,-1.7791911087036132,10.09290673599243,-0.5955576629638671
1757954309801824500,21.114824462890624,-1.3307272102355956,10.150816488647461,-0.4670189613342285
1757954309811780600,21.124780517578124,-1.0529998176574706,10.071508558654784,-0.3437175758361816
1757954309821737700,21.13473779296875,-0.9240122032165526,9.791237326812743,-0.22131401596069333
1757954309831693600,21.144693603515623,-0.9172785110473632,9.337087199401855,-0.09741408004760742
1757954309841649700,21.154649658203127,-1.0622773490905761,8.74646757736206,0.023942016601562498
1757954309851605800,21.164605712890626,-1.2600982612609863,8.045415403747558,0.14589666366577148
1757954309861561900,21.174561767578126,-1.4757260482788086,7.271340079498291,0.28446108474731446
1757954309871517700,21.184517578125,-1.6699556579589843,6.508487575531006,0.37918168792724605
1757954309881473800,21.194473876953126,-1.805527326965332,5.756259341430663,0.3939958106994629
1757954309891429600,21.2044296875,-1.8761562759399413,5.0388966690063475,0.376039298248291
1757954309901385700,21.2143857421875,-1.8692729461669921,4.359242672729492,0.30750527572631836
1757954309911342600,21.224342529296877,-1.8186954360961913,3.746327047729492,0.23089082260131835
1757954309921298700,21.234298583984376,-1.6811784782409667,3.2365117317199705,0.16774375381469725
1757954309931254500,21.244254638671876,-1.420509772491455,2.794182975006103,0.12943652725219726
1757954309941210600,21.254210693359376,-1.1158476112365723,2.5145102935791015,0.1236006607055664
1757954309951166700,21.264166748046875,-0.7618050407409668,2.4069208564758298,0.12569558715820311
1757954309961123300,21.274123291015623,-0.49574938125610346,2.494907767486572,0.17896657409667968
1757954309971079400,21.284079345703127,-0.3917512466430664,2.7808652282714843,0.15502455749511718
1757954309981035300,21.29403515625,-0.356885684967041,3.294421484375,0.13602058181762694
1757954309990991400,21.303991455078126,-0.23597850112915036,4.121917433166503,0.17118541870117188
1757954310000947200,21.313947265625,-0.15861585998535155,5.250633878326416,0.22176292877197265
1757954310010904300,21.323904296875,-0.11806406936645507,6.806416044616699,0.3317465675354004
1757954310020860200,21.333860107421874,-0.15726912155151365,9.013121787261962,0.5047276374816895
1757954310030816300,21.343816162109373,-0.0992097312927246,12.268338219451904,0.8454524612426757
1757954310040772000,21.353772216796877,0.1596633232116699,15.148263541412353,1.2662334030151365
1757954310050728400,21.363728515625,0.08678981018066406,16.192883653259276,1.8347066596984862
1757954310060684300,21.373684326171876,-0.22789807052612304,16.38262413482666,2.43265852432251
1757954310070640400,21.383640380859376,-0.6708253776550293,16.61171930618286,2.7295395301818846
1757954310080596200,21.39359619140625,-1.2551602203369139,17.00287200241089,2.6850971618652344
1757954310090552300,21.40355224609375,-1.8248305778503418,17.33312219390869,2.296189029693603
1757954310100508200,21.413508056640627,-2.3246201744079587,17.277307367706296,1.6121955429077148
1757954310110465300,21.42346533203125,-2.7163714210510252,16.78335363769531,0.8328829025268554
1757954310120421400,21.43342138671875,-3.0041245330810544,15.911714595794678,0.09247603912353515
1757954310130377200,21.443377197265626,-3.2330700668334957,14.847940870666504,-0.5553051475524902
1757954310140333300,21.453333251953126,-3.3596634796142575,14.042740924835204,-1.0194809944152832
1757954310150289400,21.463289306640625,-3.3028011901855465,13.931709822845459,-1.4227543365478514
1757954310160245200,21.473245361328125,-2.881272060394287,14.45993056411743,-1.618480322265625
1757954310170201300,21.483201416015625,-2.2487539093017577,14.915876342773437,-1.3576619789123534
1757954310180157200,21.4931572265625,-1.876305913543701,14.678551103210449,-0.701650724029541
1757954310190113300,21.50311328125,-1.978508396911621,13.730596883392334,-0.0665887336730957
1757954310200070400,21.5130703125,-2.402282090759277,12.675502139282226,0.09606734161376952
1757954310210026200,21.523026123046876,-2.874239093017578,11.69657293548584,-0.16983868026733398
1757954310219982300,21.532982421875,-3.2288802139282224,10.823886430358886,-0.6489782875061034
1757954310229938200,21.542938232421875,-3.4243069244384765,10.069712907409667,-1.1942577156066894
1757954310239894300,21.552894287109375,-3.4898481948852536,9.409960712432861,-1.7503110511779785
1757954310249850400,21.562850341796874,-3.446303652191162,8.800786027526854,-2.2489035469055176
1757954310259806500,21.572806396484374,-3.3563714523315427,8.337657643890381,-2.7015572982788085
1757954310269762300,21.58276220703125,-3.196558491516113,8.058733150482178,-3.0802900733947753
1757954310279718400,21.592718505859374,-3.0201357566833495,8.1203838432312,-3.395277229309082
1757954310289674200,21.60267431640625,-2.8508956268310546,8.482806119537353,-3.539527879333496
1757954310299631400,21.61263134765625,-2.67492180480957,8.955511309814453,-3.58801046295166
1757954310309587200,21.622587158203125,-2.5233389122009275,9.362974504852295,-3.6131495803833005
1757954310319543300,21.632543212890624,-2.4142530990600584,9.564985269927979,-3.584868073272705
1757954310329499100,21.6424990234375,-2.3356933570861815,9.516353048706055,-3.5453637458801266
1757954310339455500,21.65245556640625,-2.2758383155822752,9.289951354217528,-3.3833062210083007
1757954310349411300,21.662411376953123,-2.2267571815490723,9.035417790222168,-3.095852384185791
1757954310359367400,21.672367431640627,-2.1746832954406736,8.814552687072753,-2.672527603149414
1757954310369323300,21.6823232421875,-2.155978594970703,8.613140472412109,-2.1712416305541993
1757954310379279400,21.692279296875,-2.1082441993713377,8.44015940246582,-1.6781857261657713
1757954310389235200,21.702235107421874,-2.060659441375732,8.205826914978028,-1.14278237991333
1757954310399192300,21.7121923828125,-1.9620482604980467,7.866448829650879,-0.6362590911865234
1757954310409148200,21.722148193359374,-1.879448303222656,7.436539994049072,-0.1352723937988281
1757954310419104300,21.732104248046873,-1.7685668388366698,7.009474272918701,0.2914940521240234
1757954310429060000,21.74206005859375,-1.723226644897461,6.610989334106445,0.6748655929565429
1757954310439016400,21.752016357421876,-1.6991349906921385,6.256048937988281,1.0435726486206054
1757954310448972300,21.76197216796875,-1.725620846557617,5.997325521087646,1.3575123413085937
1757954310458928400,21.771928466796876,-1.8052280517578123,5.882703116607666,1.6422727012634277
1757954310468884200,21.78188427734375,-1.9054852462768554,5.877765075683594,1.9277812492370605
1757954310478840300,21.79184033203125,-2.088791310882568,5.929090773773193,2.164807213592529
1757954310488796200,21.801796142578127,-2.271648462677002,5.973383504486083,2.3630770385742186
1757954310498753300,21.811753173828127,-2.3636755889892576,5.939864681243896,2.4712650260925293
1757954310508709000,21.821709228515626,-2.5225907241821286,5.874173773193359,2.4967034187316894
1757954310518665200,21.831665283203126,-2.6690859382629393,5.875670149230957,2.49625450592041
1757954310528621300,21.841621337890626,-2.87932677154541,6.031742169952392,2.457199091339111
1757954310538577400,21.851577392578125,-3.178601979064941,6.372466993713378,2.364124501800537
1757954310548533200,21.861533203125,-3.47952320022583,6.893355492401122,2.2405238410949706
1757954310558489300,21.8714892578125,-3.7529111022949215,7.464522225952148,2.1435586738586423
1757954310568445200,21.881445068359376,-4.018966761779785,7.932887925720214,2.07487501373291
1757954310578401300,21.8914013671875,-4.2886137237548825,8.171559903717041,1.8918682243347167
1757954310588357000,21.901357177734376,-4.528033889770508,8.198943585205077,1.5397709426879882
1757954310598314200,21.911314208984376,-4.75653051071167,8.170063527679442,1.1517606361389159
1757954310608270300,21.921270263671875,-4.993107562255859,8.336759818267822,0.860565859222412
1757954310618226200,21.93122607421875,-5.234473017120361,8.832359561920166,0.6163572898864745
1757954310628182500,21.9411826171875,-5.4439656623840325,9.546430207061768,0.42721535873413086
1757954310638138400,21.951138427734374,-5.621286222839355,10.23431427154541,0.29074586410522457
1757954310648094200,21.96109423828125,-5.7974096824645995,10.786028116607666,0.1919850456237793
1757954310658050300,21.97105029296875,-5.906345858001709,11.350910070800781,0.11297639083862304
1757954310668006100,21.981006103515625,-5.986401976013183,12.069769119262695,0.022296002960205077
1757954310677962200,21.990962158203125,-6.050596508026123,13.1003232963562,-0.09711480484008789
1757954310687918000,22.00091796875,-6.056881287384033,14.184447735595702,-0.2524386375427246
1757954310697875200,22.010875244140625,-5.981314297485351,14.867244121551513,-0.46851533737182616
1757954310707831300,22.020831298828124,-5.866542255401611,14.817414799499511,-0.7181108604431152
1757954310717787400,22.030787353515624,-5.89916325302124,13.947721046447754,-1.012448027038574
1757954310727743500,22.040743408203124,-6.029647243499755,12.654253599548339,-1.2677297790527342
1757954310737699300,22.05069921875,-6.106860247039794,11.382034692382812,-1.4980220512390137
1757954310747655400,22.060655517578127,-6.065859543609619,10.171765753173828,-1.6965911514282226
1757954310757611300,22.070611328125,-5.875370874023437,9.102605074310302,-1.829768618774414
1757954310767567400,22.0805673828125,-5.621884773254394,8.34349351043701,-1.8296189811706542
1757954310777523200,22.090523193359374,-5.271732780456543,7.872583971405029,-1.7241244705200194
1757954310787479300,22.100479248046874,-4.7753848487854,7.768585836791992,-1.5970821449279784
1757954310797435400,22.110435302734373,-4.223371728515625,7.989750215148925,-1.4499883804321287
1757954310807392300,22.120392333984373,-3.6064158882141113,8.504802847290039,-1.3512275619506835
1757954310817348400,22.130348388671877,-3.012803514099121,9.082403997802734,-1.3377601776123047
1757954310827304400,22.140304443359376,-2.4904186393737793,9.500790737915038,-1.3545195892333983
1757954310837260300,22.15026025390625,-2.062604730224609,9.696217448425292,-1.3952210174560546
1757954310847216400,22.16021630859375,-1.744774459838867,9.707739543914794,-1.3965677558898926
1757954310857172200,22.170172119140624,-1.556530354309082,9.620500820922851,-1.361851831817627
1757954310867128300,22.18012841796875,-1.4252981758117675,9.520393264007568,-1.2873323051452636
1757954310877084200,22.190084228515627,-1.3512275619506835,9.38512087020874,-1.1572972274780273
1757954310887040300,22.200040283203126,-1.3459902458190918,9.195081113433837,-0.9959878906249999
1757954310896996400,22.209996337890626,-1.3874398620605468,8.95042363128662,-0.758513013458252
1757954310906952400,22.219952392578126,-1.488894157409668,8.718634983062744,-0.4999392341613769
1757954310916909300,22.229909423828126,-1.5559318038940428,8.45183113555908,-0.24735095901489257
1757954310926865400,22.239865478515625,-1.633144807434082,8.222137413787841,-0.06329670639038086
1757954310936821200,22.2498212890625,-1.7507599639892577,8.01758280944824,0.08664017257690429
1757954310946777300,22.25977734375,-1.8426374526977538,7.788038725280761,0.20814590682983397
1757954310956733200,22.269733154296876,-1.8933646003723144,7.558045728302002,0.26874913635253905
1757954310966688500,22.2796884765625,-1.876305913543701,7.3419690284729,0.2715922508239746
1757954310976644600,22.28964453125,-1.8743606246948241,7.164648468017577,0.22535423126220702
1757954310986600700,22.2996005859375,-1.8101660926818846,7.0744169929504395,0.18240823898315428
1757954310996556500,22.309556640625,-1.7503110511779785,7.052420265197753,0.12449848632812499
1757954311006512600,22.3195126953125,-1.7151462142944336,7.035960128784179,0.031124621582031248
1757954311016468500,22.329468505859374,-1.691204197692871,7.0661869247436515,-0.07511807708740234
1757954311026425600,22.339425537109374,-1.7145476638793944,7.13771369934082,-0.22056582794189453
1757954311036381400,22.34938134765625,-1.720533168029785,7.242011109161377,-0.3895066825866699
1757954311046337500,22.359337646484374,-1.6723498596191406,7.4609309234619134,-0.5684732566833496
1757954311056293400,22.36929345703125,-1.5912462783813475,7.862857527160644,-0.7516296836853027
1757954311066249700,22.379249755859377,-1.4659996040344236,8.478167353820801,-0.9671078330993652
1757954311076205600,22.38920556640625,-1.3058873680114744,9.26930136489868,-1.1941080780029296
1757954311086161700,22.39916162109375,-1.1513117233276366,10.229076955413818,-1.4021043472290038
1757954311096117500,22.409117431640624,-0.9879074600219726,11.13468373336792,-1.5361796401977539
1757954311106073600,22.419073486328124,-0.8470984748840331,11.736975088500976,-1.6322469818115233
1757954311116029400,22.429029541015623,-0.7574655502319335,11.974749240875244,-1.7521067024230956
1757954311125985500,22.438985595703127,-0.788440534210205,11.945719545745849,-1.9542671051025389
1757954311135942400,22.4489423828125,-0.9442132797241211,11.842469599151611,-2.295740116882324
1757954311145898500,22.4588984375,-1.1142015975952149,11.833640980529784,-2.7398645248413085
1757954311155854300,22.468854248046874,-1.1985972061157226,12.013655017852782,-3.183240744781494
1757954311165810700,22.478810791015626,-1.199495031738281,12.285247268676757,-3.605218787384033
1757954311175766500,22.4887666015625,-1.1376947013854979,12.650662297058105,-4.02180987625122
1757954311185722600,22.49872265625,-1.022024833679199,13.31744745941162,-4.246266281890869
1757954311195678500,22.508678466796876,-0.8705915786743164,14.104541255187987,-4.093635926055908
1757954311205634600,22.518634521484376,-1.0527005424499511,14.348450549316405,-3.5800796699523922
1757954311215590400,22.52859033203125,-1.6183306846618652,13.870657680511474,-3.0392893699645995
1757954311225546500,22.53854638671875,-2.3738509460449215,13.202076866912842,-2.8912977798461914
1757954311235502600,22.548502685546875,-3.0555998687744137,12.661436204528808,-3.080589348602295
1757954311245459500,22.55845947265625,-3.5263597702026366,12.11076982269287,-3.3904888259887693
1757954311255415600,22.56841552734375,-3.7409400939941406,11.386523820495604,-3.688118019866943
1757954311265371600,22.57837158203125,-3.7529111022949215,10.535235492706299,-3.9981671348571775
1757954311275327500,22.588327392578126,-3.659986150360107,9.759364517211914,-4.242525341796875
1757954311285283600,22.59828369140625,-3.490895658111572,9.190143072509764,-4.352359342956543
1757954311295239400,22.608239501953125,-3.286041778564453,8.883834897613525,-4.294599227905273
1757954311305195500,22.618195556640625,-3.1194951255798338,8.796596174621582,-4.118775043487549
1757954311315151400,22.6281513671875,-3.022978871154785,8.836998327636719,-3.8361096099853516
1757954311325107500,22.638107421875,-2.948459344482422,8.908824377441405,-3.535487664031982
1757954311335063600,22.6480634765625,-2.9122470443725583,8.89894829559326,-3.206733848571777
1757954311345019600,22.65801953125,-2.845508673095703,8.849418248748778,-2.912097406768799
1757954311354976800,22.667976806640624,-2.726546778106689,8.846874409484863,-2.5800515640258785
1757954311364932600,22.6779326171875,-2.5905261962890624,8.823979856109618,-2.2022166145324706
1757954311374888700,22.687888671875,-2.4551041648864746,8.762179525756835,-1.8101660926818846
1757954311384844500,22.697844482421875,-2.3362919075012205,8.630947347259522,-1.3941735542297362
1757954311394800600,22.707800537109375,-2.2661118713378903,8.338106556701659,-1.029207438659668
1757954311404756500,22.717756591796874,-2.1570260581970215,7.926902421569824,-0.7140706451416016
1757954311414712300,22.72771240234375,-2.0866963844299313,7.4393831085205075,-0.4900631523132324
1757954311424668700,22.737668701171874,-2.0383634384155274,6.941838076019287,-0.34117373657226563
1757954311434624500,22.74762451171875,-1.93451494140625,6.481103894042969,-0.2255038688659668
1757954311444580600,22.75758056640625,-1.834257746887207,6.1179334297180175,-0.10624269866943359
1757954311454536400,22.767536376953124,-1.7227777320861815,5.852177045440674,0.009576806640625
1757954311464493600,22.77749365234375,-1.638831036376953,5.689371332550048,0.15203180541992187
1757954311474449700,22.78744970703125,-1.5885528015136718,5.662436563873291,0.2904465888977051
1757954311484405500,22.797405517578124,-1.5728408531188964,5.7330655128479,0.4439747703552246
1757954311494361600,22.807361572265624,-1.6121955429077148,5.855618710327148,0.5562029731750487
1757954311504317400,22.8173173828125,-1.7176900535583495,6.054786360931396,0.6631938598632812
1757954311514273500,22.8272734375,-1.883937431335449,6.232106921386718,0.7474398307800293
1757954311524229600,22.837229736328126,-2.0958242782592773,6.328323900604247,0.8122329132080077
1757954311534185700,22.847185791015626,-2.4274212081909177,6.369773516845703,0.8536825294494629
1757954311544141600,22.8571416015625,-2.818274629211426,6.227767430877686,0.7984662536621093
1757954311554097700,22.86709765625,-3.201646170043945,6.0799254783630365,0.7321767951965331
1757954311564053500,22.877053466796873,-3.549104685974121,6.133944653320312,0.7092822418212891
1757954311574009600,22.887009521484377,-3.895216463470459,6.486041934967041,0.744447078704834
1757954311583965400,22.89696533203125,-4.2606314918518065,7.151181083679199,0.8885480911254883
1757954311593922600,22.906922607421876,-4.612728773498535,8.019827373504638,1.1424831047058104
1757954311603878400,22.91687841796875,-4.882226097869872,8.961197538757323,1.4098855026245116
1757954311613834500,22.92683447265625,-5.080196647644042,9.777620304870604,1.6748936988830565
1757954311623790600,22.93679052734375,-5.206490785217285,10.346542474365235,1.9069816223144531
1757954311633746700,22.94674658203125,-5.333383473205566,10.581174237060546,2.0280384437561034
1757954311643702500,22.95670263671875,-5.472995357513428,10.664522382354736,2.063352918243408
1757954311653658600,22.96665869140625,-5.6401405609130855,10.694599540710449,1.9601029716491698
1757954311663614500,22.976614501953126,-5.791424178314209,10.786327391815185,1.6753426116943357
1757954311673570600,22.986570556640626,-5.95004003829956,10.907833126068114,1.3263877197265623
1757954311683526400,22.9965263671875,-6.117185241699218,11.078120719146728,0.9347861106872558
1757954311693482800,23.006482666015625,-6.262782630157471,11.144260540008544,0.5657797798156738
1757954311703438600,23.0164384765625,-6.356006857299804,11.111789179992675,0.20171148986816406
1757954311713395700,23.026395751953125,-6.266523570251464,11.148749668121336,-0.18599954147338865
1757954311723351600,23.0363515625,-5.989245090484618,11.496357821655273,-0.647332273864746
1757954311733307600,23.0463076171875,-5.634753607177734,12.178406019592284,-1.064970825958252
1757954311743263500,23.056263427734375,-5.259911409759521,12.875717253112793,-1.4761749610900878
1757954311753219600,23.066219482421875,-4.876390231323242,13.190554771423338,-1.8439841911315917
1757954311763175400,23.076175537109375,-4.665700485229492,12.962955976104736,-2.177676047515869
1757954311773131500,23.086131591796875,-4.695777643585205,12.279561039733887,-2.480542557525635
1757954311783087600,23.096087646484374,-4.856189154815674,11.36377890472412,-2.727145328521728
1757954311793043700,23.106043701171874,-5.054159704589844,10.460416690826415,-2.9339444969177246
1757954311802999600,23.11599951171875,-5.184494057464599,9.668534491729735,-3.05170929107666
1757954311812955600,23.12595556640625,-5.146186830902099,9.042600395202637,-3.1200936759948728
1757954311822911500,23.135911376953125,-4.947468093109131,8.607304605865478,-3.0750527572631836
1757954311832868600,23.14586865234375,-4.661211357116699,8.391826456451415,-3.0023288818359375
1757954311842824400,23.155824462890624,-4.273201050567627,8.43342571029663,-2.896385458374023
1757954311852780500,23.165780517578124,-3.828627729797363,8.727463601684569,-2.7666496559143066
1757954311862736400,23.175736328125,-3.315520386505127,9.184157568359375,-2.6358663902282715
1757954311872692500,23.1856923828125,-2.7914894981384277,9.585485621643066,-2.544288176727295
1757954311882648600,23.195648681640623,-2.34946001663208,9.863063376617431,-2.5106197158813477
1757954311892604700,23.205604736328127,-1.9960159965515136,9.965415497589111,-2.426523382568359
1757954311902560500,23.215560546875,-1.7322049011230467,9.9215716796875,-2.318185757446289
1757954311912516600,23.2255166015625,-1.5551836158752441,9.801412683868408,-2.147000338745117
1757954311922472400,23.235472412109374,-1.445349614715576,9.56363853149414,-1.905036333465576
1757954311932428500,23.245428466796874,-1.3760674041748047,9.247753549957276,-1.622819812774658
1757954311942384400,23.25538427734375,-1.3319243110656738,8.8619878074646,-1.3057377304077147
1757954311952341500,23.265341552734377,-1.3504793739318848,8.483255032348632,-0.9353846611022949
1757954311962298000,23.275298095703125,-1.3741221153259278,8.098985665893554,-0.535702621459961
1757954311972254200,23.285254150390625,-1.4330793312072754,7.679102549743652,-0.16220716247558592
1757954311982210000,23.2952099609375,-1.4941314735412596,7.226299160766601,0.15218144302368164
1757954311992166400,23.30516650390625,-1.5819687469482422,6.745513539886474,0.45759179229736324
1757954312002122200,23.315122314453124,-1.6404770500183103,6.282385156249999,0.6986579719543456
1757954312012078300,23.325078369140623,-1.709160710144043,5.839457849121094,0.9099462684631348
1757954312022034200,23.3350341796875,-1.7712603157043456,5.421220746612549,1.0911574066162109
1757954312031990300,23.344990234375,-1.8167501472473144,5.036652104949951,1.2696750679016113
1757954312041946000,23.354946044921874,-1.8177976104736326,4.722862049865722,1.4088380393981932
1757954312051902200,23.364902099609374,-1.8641852676391601,4.49436542892456,1.5158289260864257
1757954312061858300,23.3748583984375,-2.0172645362854005,4.315249217224121,1.5671546241760252
1757954312071814400,23.384814453125,-2.1082441993713377,4.129100038146972,1.5376760162353516
1757954312081771000,23.39477099609375,-2.230049208831787,3.9885903282165525,1.4483423667907713
1757954312091727400,23.404727294921877,-2.267458609771728,3.933374052429199,1.3024457031249999
1757954312101683200,23.41468310546875,-2.1543325813293457,4.022707701873779,1.146074407196045
1757954312111639300,23.424639404296876,-1.9750667320251463,4.2700586608886715,1.0078092613220215
1757954312121595100,23.43459521484375,-1.7784429206848142,4.716876545715332,0.9576806640625
1757954312131551200,23.44455126953125,-1.6259622024536131,5.426158787536621,1.0417769973754882
1757954312141507000,23.454507080078123,-1.481711552429199,6.48020606842041,1.1695675109863282
1757954312151463200,23.464463134765627,-1.3799579818725585,7.90999337234497,1.3379098152160644
1757954312161419300,23.474419189453126,-1.3631985702514648,9.725097505950927,1.5272013839721679
1757954312171375400,23.484375244140626,-1.4755764106750486,12.179004570007324,1.7278654106140137
1757954312181331200,23.494331298828126,-1.4341267944335936,14.81816298751831,1.961300072479248
1757954312191287300,23.504287353515625,-1.1718120750427246,16.183755759429932,1.9475334129333495
1757954312201243100,23.5142431640625,-1.09160631942749,15.681272686004638,1.7226280944824217
1757954312211199200,23.52419921875,-1.408987677001953,14.453196871948242,1.366939510345459
1757954312221156400,23.53415625,-1.820191812133789,13.750498684692381,0.9349357482910156
1757954312231112200,23.5441123046875,-2.08115979309082,13.56045892791748,0.41958384094238277
1757954312241068300,23.554068359375,-2.1835119140624997,13.402591255950927,-0.10160393295288085
1757954312251024100,23.564024169921876,-2.264615495300293,13.13982762374878,-0.4676175117492676
1757954312260980500,23.57398046875,-2.376993335723877,12.866439721679686,-0.6576572685241698
1757954312270936300,23.583936279296875,-2.5056816749572755,12.732364428710937,-0.6361094535827636
1757954312280892400,23.593892333984375,-2.6809073089599607,12.824990105438232,-0.48078562088012694
1757954312290848300,23.60384814453125,-2.8324902015686035,13.161525076293945,-0.2668038475036621
1757954312300804000,23.61380419921875,-2.9089550170898435,13.855245007324218,-0.10609306106567382
1757954312310760200,23.62376025390625,-2.888155390167236,14.940865822601317,0.0004489128112792969
1757954312320716000,23.633716064453125,-2.7545290100097652,15.927725819396972,-0.0013467384338378906
1757954312330672400,23.64367236328125,-2.6645968101501465,16.06269893798828,-0.1240495735168457
1757954312340628200,23.653628173828125,-2.752882996368408,15.35446415939331,-0.29613281784057616
1757954312350585300,23.66358544921875,-3.2026936332702634,14.860211154174804,-0.36855741806030273
1757954312360541400,23.67354150390625,-3.693953886413574,14.798111548614502,-0.4107552223205566
1757954312370497300,23.683497314453124,-4.013879083251953,14.214973806762695,-0.5629366653442383
1757954312380453400,23.693453369140624,-4.121917433166503,12.950236779785156,-0.9519944351196289
1757954312390409200,23.7034091796875,-4.151844953918457,11.525088241577148,-1.506102481842041
1757954312400365300,23.713365234375,-4.095880490112305,10.3682399269104,-2.109291662597656
1757954312410321200,23.723321044921875,-3.948038537597656,9.4618849609375,-2.6746225296020505
1757954312420277200,23.73327734375,-3.668515493774414,8.796446537017822,-3.1479262702941893
1757954312430233300,23.7432333984375,-3.303848653411865,8.399457974243164,-3.472490232849121
1757954312440189400,23.753189453125,-2.849249613189697,8.290372161102294,-3.6584897743225095
1757954312450145300,23.763145263671873,-2.421435704040527,8.393472470092773,-3.677942662811279
1757954312460101400,23.773101318359377,-2.0952257278442383,8.60625714263916,-3.4962826118469237
1757954312470057200,23.78305712890625,-1.8516157089233398,8.838045790863037,-3.1919197257995604
1757954312480013300,23.793013427734376,-1.7357962036132812,9.012822512054443,-2.7913398605346678
1757954312489970200,23.80297021484375,-1.6894085464477537,9.186252494812011,-2.3337480682373046
1757954312499926300,23.81292626953125,-1.6736965980529783,9.198373140716551,-1.9014450309753417
1757954312509882000,23.822882080078124,-1.675192974090576,8.956858048248291,-1.5261539207458494
1757954312519838200,23.832838134765623,-1.7489643127441405,8.550591954040527,-1.2677297790527342
1757954312529794300,23.842794189453127,-1.815104133605957,8.106916458892822,-1.1110592079162598
1757954312539750400,23.85275048828125,-1.8427870903015136,7.652018143463135,-0.9597755905151366
1757954312549706200,23.862706298828126,-1.8568530250549315,7.224054596710205,-0.8225579078674315
1757954312559662300,23.872662353515626,-1.81315884475708,6.785915692901611,-0.6612485710144043
1757954312569618200,23.8826181640625,-1.760187133026123,6.391919882202148,-0.48722003784179685
1757954312579574300,23.89257421875,-1.6897078216552734,6.035932022857666,-0.2736871772766113
1757954312589530000,23.902530029296877,-1.6270096656799315,5.717353564453124,-0.0770633659362793
1757954312599486500,23.912486572265625,-1.5695488258361816,5.435137043762206,0.13063362808227538
1757954312609442300,23.9224423828125,-1.5177742149353026,5.225195485687255,0.32441432495117184
1757954312619398400,23.9323984375,-1.4640543151855467,5.032312614440918,0.5559036979675293
1757954312629355300,23.942355224609376,-1.418714121246338,4.922628250885009,0.776319888305664
1757954312639311400,23.952311279296875,-1.4136264427185057,4.882974285888672,1.001075569152832
1757954312649267200,23.96226708984375,-1.4404115737915038,4.957493812561035,1.2544120323181152
1757954312659223300,23.972223388671875,-1.563563321685791,5.144091904449462,1.5080477706909179
1757954312669179100,23.98217919921875,-1.7319056259155272,5.421968934631347,1.690605647277832
1757954312679135200,23.99213525390625,-1.8781015647888182,5.763741221618652,1.8118121063232422
1757954312689091300,24.00209130859375,-1.9698294158935545,6.133495740509033,1.9340660285949707
1757954312699047400,24.01204736328125,-2.039859814453125,6.4914288887023925,2.0159177978515626
1757954312709003300,24.022003173828125,-2.129792014312744,6.836493202972412,2.1425112106323243
1757954312718959400,24.03195947265625,-2.2348376121520994,7.08668727645874,2.235885075378418
1757954312728915200,24.041915283203124,-2.357839722442627,7.321618314361571,2.324470536804199
1757954312738871300,24.051871337890624,-2.480392919921875,7.701398552703857,2.427271570587158
1757954312748827100,24.0618271484375,-2.6159645889282226,8.391976094055176,2.5788544631958006
1757954312758783200,24.071783203125,-2.7940333374023436,9.285162950897217,2.7269956909179687
1757954312768740000,24.081739990234375,-2.984821282196045,10.120140779876708,2.830844187927246
1757954312778696200,24.0916962890625,-3.22409181060791,10.474632263183594,2.824559408569336
1757954312788652300,24.10165234375,-3.423708374023437,10.280402653503417,2.640056243133545
1757954312798608400,24.1116083984375,-3.601477847290039,9.913341611480712,2.384624853515625
1757954312808564200,24.121564208984374,-3.8030396995544433,9.69756418685913,2.1583727966308595
1757954312818520300,24.131520263671874,-3.95207875289917,9.62065045852661,2.01127903213501
1757954312828476200,24.14147607421875,-4.069544271850586,9.546280569458007,1.8619407035827635
1757954312838432300,24.151432373046877,-4.14975002746582,9.381529567718506,1.71739077835083
1757954312848388000,24.16138818359375,-4.255992726135253,9.063250384521483,1.5818191093444822
1757954312858344200,24.17134423828125,-4.377797735595703,8.63154589767456,1.4519336692810059
1757954312868300300,24.18130029296875,-4.524741862487793,8.183381274414062,1.3531728507995604
1757954312878256400,24.19125634765625,-4.642955569458008,7.747636572265624,1.2841899154663086
1757954312888212200,24.201212158203123,-4.717175820922852,7.394491827392578,1.2660837654113768
1757954312898168300,24.211168212890627,-4.714482344055176,7.16285281677246,1.3111246841430664
1757954312908125200,24.221125244140627,-4.65402875213623,7.13801297454834,1.4208090476989745
1757954312918081300,24.231081298828126,-4.506037162017822,7.343016491699219,1.5493477493286132
1757954312928037000,24.241037109375,-4.235342736816406,7.806144875335693,1.666962905883789
1757954312937993200,24.2509931640625,-3.886986395263672,8.448838383483887,1.7817349479675293
1757954312947949000,24.260948974609374,-3.550451424407959,9.266009337615966,1.9048866958618162
1757954312957905400,24.270905517578125,-3.298760974884033,10.260051939392088,2.0000562118530274
1757954312967861200,24.280861328125,-3.1344588859558105,11.268609388732909,2.0431518417358396
1757954312977817300,24.2908173828125,-3.0262708984374997,12.049268767547607,2.069787335205078
1757954312987773200,24.300773193359376,-3.0373440811157226,12.405705539703368,2.1082441993713377
1757954312997729300,24.310729248046876,-3.196408853912353,12.271031696319579,2.1267992622375487
1757954313007685000,24.32068505859375,-3.417573232269287,11.825560549926758,2.0786159538269042
1757954313017641200,24.33064111328125,-3.602525310516357,11.310657555389403,1.939004069519043
1757954313027597300,24.340597412109375,-3.6728549842834473,10.857405253601074,1.7598878578186035
1757954313037553400,24.350553466796875,-3.6236242126464844,10.455329012298584,1.6033669242858886
1757954313047509200,24.36050927734375,-3.5339912879943847,10.045770890808106,1.569848101043701
1757954313057465300,24.37046533203125,-3.4454058265686034,9.612121115112304,1.661127039337158
1757954313067422200,24.380422119140626,-3.374477602386474,9.085097474670409,1.8375497741699218
1757954313077378300,24.39037841796875,-3.3255461059570313,8.622866916656493,2.07502465133667
1757954313087334100,24.400334228515625,-3.2691327293395993,8.367734802246094,2.3632266761779785
1757954313097290200,24.410290283203125,-3.1581016273498532,8.354716330718993,2.69422505569458
1757954313107246000,24.42024609375,-3.0042741706848144,8.494178577423096,3.0392893699645995
1757954313117202200,24.4302021484375,-2.835482953643799,8.671499137878417,3.3364696510314937
1757954313127158300,24.440158203125,-2.6324247253417967,8.773701621246337,3.506158693695068
1757954313137114400,24.4501142578125,-2.3521534934997557,8.82338130569458,3.5619735198974607
1757954313147070200,24.4600703125,-2.0973206542968748,8.828468984222411,3.528604334259033
1757954313157026300,24.4700263671875,-1.848922232055664,8.806771531677246,3.454683358001709
1757954313166982100,24.479982177734374,-1.599177071380615,8.799439289093018,3.3387142150878906
1757954313176938200,24.489938232421874,-1.4281412902832031,8.794351610565185,3.212120802307129
1757954313186894000,24.49989404296875,-1.255758770751953,8.81619870071411,3.0328549530029294
1757954313196850200,24.50985009765625,-1.0468646759033202,8.819640365600586,2.869001776885986
1757954313206806300,24.51980615234375,-0.8010100929260253,8.793304147338867,2.677166368865967
1757954313216763100,24.52976318359375,-0.5235819755554199,8.792855234527588,2.4934113914489746
1757954313226719200,24.53971923828125,-0.2615665313720703,8.808267907714843,2.272097375488281
1757954313236675300,24.54967529296875,-0.051475335693359374,8.839542166900634,2.058265239715576
1757954313246631200,24.559631103515624,0.07332242584228515,8.921094660949706,1.8101660926818846
1757954313256587300,24.569587158203124,0.0962169792175293,8.97047507019043,1.5981296081542968
1757954313266543000,24.579543212890623,0.0037409400939941405,8.99591346282959,1.435174257659912
1757954313276499200,24.589499267578127,-0.14559738845825196,8.945485590362548,1.329230834197998
1757954313286455000,24.599455078125,-0.3103483901977539,8.790161757659911,1.262193187713623
1757954313296411400,24.609411376953126,-0.47719431838989257,8.609549169921875,1.2253823371887207
1757954313306367200,24.6193671875,-0.6636427726745605,8.44569599380493,1.2337620429992675
1757954313316323300,24.6293232421875,-0.8195651557922363,8.330175763702393,1.2511200050354003
1757954313326279200,24.639279052734373,-0.9166799606323242,8.24203921508789,1.256357321166992
1757954313336235300,24.6492353515625,-1.0161889671325683,8.213308795166014,1.2990040382385253
1757954313346191000,24.659191162109376,-1.0739490821838378,8.309825049591064,1.34718734664917
1757954313356147200,24.669147216796876,-1.0962450851440428,8.47846662902832,1.4312836799621582
1757954313366103300,24.679103271484376,-1.1124059463500975,8.701426658630371,1.5312415992736816
1757954313376060200,24.68906005859375,-1.1864765602111815,8.975413111114502,1.6352397338867186
1757954313386016300,24.699016357421876,-1.2503718170166014,9.209745598602295,1.7082628845214842
1757954313395972400,24.708972412109375,-1.3594576301574706,9.34591581802368,1.7438766342163086
1757954313405928200,24.71892822265625,-1.4755764106750486,9.520991814422606,1.7675193756103516
1757954313415884300,24.72888427734375,-1.6130933685302733,9.77492682800293,1.7733552421569823
1757954313425840000,24.738840087890626,-1.7253215713500976,10.149020837402343,1.7422306205749511
1757954313435796200,24.748796142578126,-1.8257284034729002,10.637437976074217,1.6699556579589843
1757954313445752000,24.758751953125,-1.8397943382263182,11.1336362701416,1.5750854171752928
1757954313455708200,24.768708251953125,-1.7999907356262206,11.493365069580078,1.467645617675781
1757954313465664300,24.778664306640625,-1.7024270179748535,11.70869358139038,1.3437456817626952
1757954313475620400,24.788620361328125,-1.6584335624694824,11.950358311462402,1.158045415496826
1757954313485576200,24.798576171875,-1.6068085891723631,12.313528775787352,0.902763663482666
1757954313495532300,24.8085322265625,-1.4923358222961425,12.905495136260985,0.7070376777648926
1757954313505488100,24.818488037109375,-1.3277344581604003,13.616722666931151,0.6582558189392089
1757954313515444200,24.8284443359375,-1.2048819854736328,14.081646701812744,0.8013093681335449
1757954313525400000,24.838400146484375,-1.2192471954345703,14.177714043426512,1.0257657737731933
1757954313535356200,24.848356201171875,-1.3332710494995117,14.016404706573486,1.1673229469299315
1757954313545313300,24.858313232421875,-1.465251416015625,13.82247437210083,1.239897184753418
1757954313555269000,24.86826904296875,-1.5682020874023437,13.680169010925292,1.2457330513000489
1757954313565225500,24.8782255859375,-1.7392378684997558,13.526341554260252,1.1722609878540038
1757954313575181300,24.888181396484374,-1.8568530250549315,13.238289167022705,1.129314995574951
1757954313585137400,24.898137451171873,-1.9250877723693847,12.683432932281493,1.0767921966552734
1757954313595093200,24.90809326171875,-2.0087351928710935,11.786205860137938,0.9398737892150878
1757954313605049300,24.91804931640625,-2.185906115722656,10.630853921508788,0.7342717216491699
1757954313615005200,24.928005126953124,-2.4990976203918454,9.39739115371704,0.37319618377685543
1757954313624961000,24.9379609375,-2.8000188415527343,8.274809850311279,-0.05716156463623046
1757954313634917400,24.94791748046875,-2.902520600128174,7.353341486358642,-0.47016135101318357
1757954313644873200,24.957873291015623,-2.7760768249511716,6.713191817474365,-0.8276455863952636
1757954313654829300,24.967829345703127,-2.4389433036804196,6.452822386932373,-1.0697592292785645
1757954313664785200,24.97778515625,-2.0548235748291015,6.618620851898193,-1.1780968544006347
1757954313674741200,24.9877412109375,-1.7099088981628416,7.227945174407958,-1.154304475402832
1757954313684697000,24.997697021484374,-1.3181576515197753,8.124274420928955,-1.0142436782836914
1757954313694653200,25.007653076171874,-1.0440215614318846,9.033023588562012,-0.7775169891357422
1757954313704610300,25.0176103515625,-0.7653963432312011,9.808445651245117,-0.39234979705810547
1757954313714566100,25.027566162109373,-0.6600514701843261,10.395623608398436,0.06419453201293945
1757954313724522200,25.037522216796877,-0.675464143371582,10.829722296905517,0.5542576843261718
1757954313734478300,25.047478271484376,-0.7166144844055176,11.039963130187987,1.0256161361694336
1757954313744434400,25.057434326171876,-0.8277952239990234,11.025448282623291,1.4308347671508788
1757954313754390300,25.067390380859376,-1.0012252067565917,10.803386078643799,1.6730980476379393
1757954313764346400,25.077346435546875,-1.193359889984131,10.385597888946533,1.826626229095459
1757954313774302200,25.08730224609375,-1.4200608596801756,9.929053559875488,1.975964557647705
1757954313784258300,25.09725830078125,-1.6201263359069824,9.51231283340454,2.0560206756591795
1757954313794214100,25.107214111328126,-1.801038198852539,9.14270795211792,2.1959318351745605
1757954313804170500,25.11717041015625,-1.974019268798828,8.8359508644104,2.3282114768981934
1757954313814126300,25.127126220703126,-2.0835539947509765,8.564657888793946,2.4519617752075193
1757954313824082200,25.137082275390625,-2.20251588973999,8.367285889434815,2.5604490379333495
1757954313834038300,25.147038330078125,-2.2991817817687985,8.173056279754638,2.6574142051696774
1757954313843994000,25.156994140625,-2.3645734146118165,7.98077195892334,2.683451148223877
1757954313853950200,25.1669501953125,-2.412008535003662,7.790133651733398,2.671779415130615
1757954313863906000,25.176906005859376,-2.4341549003601073,7.612064903259277,2.6761189056396484
1757954313873862100,25.186862060546876,-2.477699443054199,7.426214999389648,2.6542718154907226
1757954313883819300,25.1968193359375,-2.4919150154113767,7.287800215911865,2.664297534942627
1757954313893775000,25.206775146484375,-2.4768016174316405,7.126341241455077,2.6508301506042478
1757954313903731500,25.2167314453125,-2.4973019691467284,7.014561951446533,2.651279063415527
1757954313913687300,25.226687255859375,-2.5579051986694332,6.967276468658447,2.66878666305542
1757954313923643400,25.236643310546874,-2.666691736602783,6.962039152526855,2.70050983505249
1757954313933599200,25.24659912109375,-2.9038673385620117,6.99091921005249,2.7608137893676754
1757954313943555300,25.256555419921874,-3.2332197044372557,7.023390570068359,2.8067525337219235
1757954313953511200,25.26651123046875,-3.592349953460693,6.95231270828247,2.8248586837768555
1757954313963467000,25.276467041015625,-3.893121537017822,6.861333045196533,2.795529713439941
1757954313973422800,25.2864228515625,-4.131194964599609,6.797886701202392,2.7578210372924805
1757954313983379000,25.29637890625,-4.262127867889404,6.906523601531982,2.6708815895080567
1757954313993334800,25.306334716796876,-4.327220225524902,7.194875263977051,2.5131635551452636
1757954314003291000,25.316290771484375,-4.3555017326354974,7.643638437652587,2.324470536804199
1757954314013246700,25.326246826171875,-4.381837950897217,8.16572403717041,2.088791310882568
1757954314023202800,25.336202880859375,-4.43705422668457,8.62526111831665,1.9508254402160643
1757954314033158700,25.34615869140625,-4.624849419403076,9.039158730316162,1.8490718696594237
1757954314043115000,25.356114990234374,-4.8713025527954095,9.350255308532715,1.8195932617187498
1757954314053070800,25.36607080078125,-5.302109214019775,9.745148944854735,1.6237176383972167
1757954314063028000,25.376028076171874,-5.72034631652832,10.372729055023193,1.2036848846435546
1757954314072983800,25.38598388671875,-5.901108541870117,11.135282283782958,0.7519289588928222
1757954314082940000,25.39593994140625,-5.812074167633057,11.905616667938231,0.32486323776245113
1757954314092895700,25.405895751953125,-5.557091690826415,12.433687771606445,0.13347674255371092
1757954314102851800,25.415851806640624,-5.363011718749999,12.601281887817382,0.06628945846557617
1757954314112807700,25.4258076171875,-5.252429529571533,12.407052278137206,0.026186580657958983
1757954314122763800,25.435763671875,-5.163844068145751,11.984026772308349,0.0032920272827148436
1757954314132719900,25.445719970703124,-5.145887555694579,11.307066252899169,0.024690204620361325
1757954314142676000,25.455676025390623,-5.077203895568847,10.533140566253662,0.04219780426025391
1757954314152631800,25.4656318359375,-5.001337630462646,9.679757312011718,0.03965396499633789
1757954314162588000,25.475587890625,-4.92232897567749,8.851213899993896,0.029179332733154296
1757954314172543700,25.485543701171874,-4.808754034423828,8.25490804901123,0.08634089736938476
1757954314182499800,25.495499755859374,-4.612728773498535,8.059331700897216,0.22789807052612304
1757954314192455700,25.50545556640625,-4.30312857131958,8.31251852645874,0.4343979637145996
1757954314202411800,25.515411865234373,-3.9564182434082027,8.90583162536621,0.6356605407714844
1757954314212368000,25.525367919921877,-3.538330778503418,9.643395374298095,0.7992144416809082
1757954314222324000,25.535323974609376,-3.095702746582031,10.404452227020263,0.8698433906555175
1757954314232279800,25.54527978515625,-2.649034499359131,11.113135918426513,0.8479963005065917
1757954314242237000,25.55523681640625,-2.2438158683776854,11.584195095062254,0.7459434547424316
1757954314252192800,25.56519287109375,-1.9213468322753906,11.67652149658203,0.6097732353210449
1757954314262148900,25.57514892578125,-1.809268267059326,11.271751778411865,0.5406406623840332
1757954314272104700,25.585104736328127,-1.8388965126037597,10.640131452941894,0.47270519027709956
1757954314282060800,25.595060791015626,-1.9083283607482908,9.982324546813965,0.3778349494934082
1757954314292016600,25.6050166015625,-1.9129671264648436,9.400084630584717,0.2862567359924316
1757954314301973000,25.614972900390626,-1.8602946899414061,8.838195428466797,0.23612813873291014
1757954314311928800,25.6249287109375,-1.7326538139343262,8.308029398345946,0.21951836471557615
1757954314321885000,25.634885009765625,-1.5298948608398437,7.832780368804931,0.232387198638916
1757954314331840800,25.6448408203125,-1.2750620216369628,7.513902635192871,0.2650081962585449
1757954314341796900,25.654796875,-1.0143933158874512,7.395988203430175,0.2587234169006348
1757954314351752700,25.664752685546876,-0.7736264114379883,7.4883146049499505,0.19722236175537108
1757954314361708800,25.674708740234376,-0.6236895324707031,7.772326776885986,0.06628945846557617
1757954314371664600,25.68466455078125,-0.6048351943969726,8.072200534820556,-0.14679448928833008
1757954314381621000,25.69462109375,-0.668431175994873,8.169764252471923,-0.38187516479492184
1757954314391576800,25.704576904296875,-0.805050308227539,8.067711406707764,-0.5880757827758789
1757954314401533000,25.714532958984375,-0.9337386474609375,7.959673056793212,-0.7728782234191894
1757954314411488800,25.72448876953125,-1.0242693977355957,8.055441123199463,-0.8547299926757812
1757954314421444900,25.73444482421875,-1.1894693122863769,8.501959732818603,-0.8280944992065429
1757954314431400700,25.744400634765626,-1.3911808021545409,9.279925634765624,-0.7164648468017578
1757954314441357800,25.75435791015625,-1.5758336051940918,10.337564218139647,-0.5155015449523925
1757954314451313700,25.764313720703125,-1.826626229095459,11.374103899383543,-0.29269115295410153
1757954314461269800,25.774269775390625,-2.250399922943115,12.177059281158446,-0.16250643768310546
1757954314471225900,25.784225830078125,-2.77083950881958,12.765583976745605,-0.11566986770629882
1757954314481182000,25.794181884765624,-3.240252671813965,13.33091484375,-0.1249473991394043
1757954314491137800,25.8041376953125,-3.646069853210449,13.930961634826659,-0.12823942642211913
1757954314501094000,25.814093994140624,-3.727173434448242,14.374337854766845,-0.136619132232666
1757954314511049700,25.8240498046875,-3.480570663452148,14.538639943695067,-0.27727847976684566
1757954314521005800,25.834005859375,-3.0277672744750976,14.547169287109375,-0.5777507881164551
1757954314530961700,25.843961669921875,-2.5309704299926756,14.557195006561278,-0.9620201545715331
1757954314540917800,25.853917724609374,-2.161814461517334,14.708628261566162,-1.2123638656616211
1757954314550873900,25.863873779296874,-1.8888754722595213,15.158588536071777,-1.1917138763427733
1757954314560830000,25.873829833984374,-1.6973393394470213,15.80113240661621,-0.8274959487915039
1757954314570785800,25.883785888671873,-1.729511424255371,16.13946302871704,-0.1696890426635742
1757954314580742000,25.893741943359377,-2.150890916442871,15.778986041259765,0.4682160621643066
1757954314590697700,25.90369775390625,-2.7214590995788575,14.81098038253784,0.6899789909362792
1757954314600653800,25.91365380859375,-3.193416101837158,13.808408437347412,0.47061026382446286
1757954314610609700,25.923609619140624,-3.450493505096435,13.0497457862854,0.07870937957763671
1757954314620566000,25.93356591796875,-3.4765304481506347,12.134412564086913,-0.37544074783325193
1757954314630521900,25.94352197265625,-3.446453289794922,10.882394733428955,-0.8904933799743652
1757954314640479000,25.95347900390625,-3.4132337417602536,9.639504796600342,-1.444751064300537
1757954314650434800,25.963434814453127,-3.3807623817443844,8.719832083892822,-2.0124761329650878
1757954314660391000,25.973390869140626,-3.3066917678833008,8.21630154724121,-2.546083827972412
1757954314670346800,25.9833466796875,-3.1777041534423827,8.145223685455322,-2.9899089607238767
1757954314680302800,25.993302734375,-2.9129952323913573,8.359205458831786,-3.2857425033569334
1757954314690258700,26.0032587890625,-2.6864439002990723,8.745120838928223,-3.4132337417602536
1757954314700214800,26.01321484375,-2.6050410438537597,9.09153189163208,-3.3845033218383787
1757954314710170600,26.023170654296877,-2.5611972259521485,9.281571648406981,-3.157054164123535
1757954314720127000,26.033126953125,-2.643497908020019,9.398288979339599,-2.884564087677002
1757954314730082800,26.043082763671876,-2.7439047401428223,9.523834928894042,-2.5555109970092773
1757954314740039000,26.053038818359376,-2.829497449493408,9.62169792175293,-2.1248539733886718
1757954314749994800,26.062994873046875,-2.8022634056091307,9.642946461486815,-1.6699556579589843
1757954314759950800,26.072950927734375,-2.709937004089355,9.547627307891846,-1.2774562232971192
1757954314769906700,26.08290673828125,-2.556259185028076,9.308955329895019,-0.9211690887451172
1757954314779862800,26.09286279296875,-2.4226328048706054,8.936956246948242,-0.6549637916564941
1757954314789819000,26.10281884765625,-2.3401824851989743,8.445097443389892,-0.4020762413024902
1757954314799775000,26.11277490234375,-2.2819734573364254,7.889343383026122,-0.20649989318847656
1757954314809730800,26.122730712890625,-2.231096672058105,7.372046186828613,0.006284779357910156
1757954314819687000,26.13268701171875,-2.213289797210693,6.947524304962158,0.22505495605468748
1757954314829642800,26.142642822265625,-2.085948196411133,6.549937191772461,0.38247371520996093
1757954314839598800,26.152598876953125,-1.976563108062744,6.250661984252929,0.5029319862365722
1757954314849555700,26.1625556640625,-1.8251298530578612,5.983409223937988,0.598849690246582
1757954314859511800,26.17251171875,-1.6710031211853027,5.788730701446533,0.637755467224121
1757954314869467600,26.182467529296876,-1.5167267517089842,5.62472788772583,0.6265326469421386
1757954314879423700,26.192423828125,-1.4413093994140624,5.574000740051269,0.5998971534729004
1757954314889379800,26.2023798828125,-1.5031097297668456,5.613953980255126,0.6066308456420898
1757954314899336000,26.2123359375,-1.6475100173950195,5.738452466583252,0.6057330200195312
1757954314909291800,26.222291748046874,-1.8860323577880858,5.992387480163574,0.6334159767150879
1757954314919248000,26.232247802734374,-2.120963395690918,6.36558366394043,0.7330746208190918
1757954314929203700,26.24220361328125,-2.4455273582458497,6.822427268218994,0.8692448402404784
1757954314939159800,26.252159912109374,-2.7768250129699705,7.2726868179321285,0.9632172554016113
1757954314949115600,26.26211572265625,-3.056647332000732,7.7030445663452145,1.0408791717529295
1757954314959072800,26.27207275390625,-3.4554315460205074,8.05125127029419,1.1058218917846678
1757954314969028900,26.28202880859375,-3.922001594543457,8.328829025268554,1.0869675537109373
1757954314978985000,26.29198486328125,-4.388122730255127,8.460659754180908,1.0027215827941893
1757954314988941000,26.301941162109376,-4.837035541534424,8.353818505096434,0.8620622352600097
1757954314998897000,26.31189697265625,-5.203946945953369,8.123376595306397,0.6636427726745605
1757954315008853000,26.32185302734375,-5.453093556213378,7.917475252532959,0.36810850524902344
1757954315018808800,26.331808837890627,-5.622483323669433,7.87856947555542,0.12135609664916991
1757954315028765000,26.341764892578126,-5.776909330749511,8.164377298736571,-0.07721300354003906
1757954315038720800,26.351720703125,-5.910386073303222,8.748562503814696,-0.22789807052612304
1757954315048676900,26.3616767578125,-6.104765320587158,9.491363568878173,-0.2998737579345703
1757954315058633000,26.371633056640626,-6.270264510345458,10.223690001678467,-0.3742436470031738
1757954315068589800,26.38158984375,-6.2958525405883785,10.967388892364502,-0.5189432098388671
1757954315078546000,26.3915458984375,-6.125116034698486,11.937489477539062,-0.7439981658935546
1757954315088502000,26.401501953125,-5.871480296325683,13.179032675933836,-0.9091980804443359
1757954315098457900,26.411457763671876,-5.642834037780761,14.356530979919432,-1.0215759208679198
1757954315108414000,26.4214140625,-5.418676907348632,14.978424861145019,-1.088463929748535
1757954315118369800,26.431369873046876,-5.302408489227295,14.672715236663818,-1.1891700370788574
1757954315128326000,26.441325927734376,-5.400570757293701,13.510928881072997,-1.3564648780822752
1757954315138281700,26.45128173828125,-5.57953733139038,12.096703887939453,-1.5336358009338378
1757954315148237800,26.46123779296875,-5.556493140411376,10.708964750671386,-1.6277578536987303
1757954315158194000,26.47119384765625,-5.331587821960449,9.3730002243042,-1.6117466300964354
1757954315168150000,26.48114990234375,-4.970661921691894,8.142230933380127,-1.4820108276367188
1757954315178105900,26.49110595703125,-4.577115023803711,7.13756406173706,-1.2831424522399901
1757954315188062000,26.50106201171875,-4.167856177520751,6.390273868560791,-1.0703577796936035
1757954315198017800,26.511017822265625,-3.73495458984375,5.913977375793457,-0.8960299713134765
1757954315207974000,26.520973876953125,-3.2986113372802732,5.736956090545654,-0.7158662963867187
1757954315217929700,26.5309296875,-2.8911481422424314,5.874622686004638,-0.5602431884765625
1757954315227886000,26.540885986328124,-2.4589947425842285,6.285527545928955,-0.4465186096191406
1757954315237842000,26.550842041015624,-2.0310311958312988,6.799831990051269,-0.34177228698730466
1757954315247798000,26.560798095703124,-1.6250643768310546,7.301417237854004,-0.2759317413330078
1757954315257753900,26.57075390625,-1.260247898864746,7.732672811889648,-0.23298574905395505
1757954315267710000,26.5807099609375,-0.9783306533813476,8.039429899597167,-0.213233585357666
1757954315277665800,26.590665771484375,-0.7839514060974121,8.341248946380615,-0.23822306518554687
1757954315287622000,26.600621826171874,-0.6886322525024413,8.757391122436523,-0.24226328048706053
1757954315297578000,26.610577880859374,-0.6624456718444823,9.309853155517578,-0.2237082176208496
1757954315307534800,26.620534912109374,-0.6904279037475586,9.890447058105469,-0.15128361740112303
1757954315317491000,26.630490966796874,-0.7378630241394043,10.34893667602539,-0.040402153015136714
1757954315327447000,26.640447021484373,-0.886752439880371,10.620977839660643,0.12300211029052734
1757954315337403000,26.65040283203125,-1.068711766052246,10.793659634399413,0.28057050704956055
1757954315347359000,26.66035888671875,-1.3150152618408202,10.95466969604492,0.40237551651000975
1757954315357314800,26.670314697265624,-1.5891513519287108,11.111938817596435,0.42871173477172847
1757954315367271000,26.68027099609375,-1.868075845336914,11.183166316986084,0.35583822174072266
1757954315377226800,26.690226806640624,-2.130989115142822,11.118822147369384,0.19303250885009765
1757954315387182800,26.700182861328123,-2.3699603683471677,10.849474460601806,-0.013766659545898436
1757954315397139000,26.710138916015627,-2.5650878036499023,10.455628287506103,-0.2775777549743652
1757954315407095000,26.720094970703126,-2.670582314300537,10.01778865890503,-0.5621884773254394
1757954315417051000,26.73005078125,-2.7232547508239744,9.615562779998779,-0.8596680335998534
1757954315427007000,26.740007080078126,-2.8574796813964842,9.347861106872559,-1.1028291397094725
1757954315436962800,26.749962890625,-2.8636148231506344,9.273341580200194,-1.3063362808227539
1757954315446919000,26.7599189453125,-2.7766753753662106,9.34636473083496,-1.4821604652404785
1757954315456874800,26.769874755859377,-2.582445765686035,9.526079492950439,-1.678335363769531
1757954315466830800,26.779830810546876,-2.300977433013916,9.813533329772948,-1.9256863227844236
1757954315476787000,26.789786865234376,-1.9846435386657715,10.26648635635376,-2.1534347557067868
1757954315486743000,26.799742919921876,-1.7061679580688476,10.820444765472411,-2.29199917678833
1757954315496699000,26.809698974609375,-1.5080477706909179,11.320982550048827,-2.3882161560058592
1757954315506655000,26.819655029296875,-1.3756184913635252,11.533318309783935,-2.408866145324707
1757954315516610800,26.82961083984375,-1.372027188873291,11.31275248184204,-2.4335563499450683
1757954315526567000,26.83956689453125,-1.444152513885498,10.772560732269287,-2.5092729774475098
1757954315536522800,26.849522705078126,-1.6014216354370117,10.314071114349364,-2.667589562225342
1757954315546479000,26.85947900390625,-1.7085621597290037,10.043526326751708,-2.940079638671875
1757954315556435700,26.869435791015626,-1.6525976959228514,9.963320571136475,-3.2727240318298336
1757954315566392000,26.87939208984375,-1.4772224243164063,10.218602323150634,-3.6330513816833494
1757954315576348000,26.889347900390625,-1.1837830833435057,10.91022732772827,-3.788375214385986
1757954315586304000,26.899303955078125,-1.0187328063964842,11.679813523864745,-3.5685575744628903
1757954315596259800,26.909259765625,-1.1840823585510254,11.935394551086425,-3.01355170211792
1757954315606216000,26.9192158203125,-1.6964415138244628,11.647791076660155,-2.4486697479248045
1757954315616171800,26.929171875,-2.3144448173522947,11.24332063369751,-2.1722890937805173
1757954315626128000,26.9391279296875,-2.858676782226562,10.976367148590088,-2.1248539733886718
1757954315636084000,26.949083984375,-3.2390555709838864,10.882694008636474,-2.1006126815795896
1757954315646040000,26.9590400390625,-3.4249054748535155,10.792163258361816,-2.0311808334350583
1757954315655996000,26.968995849609374,-3.6351463081359863,10.593893433380126,-1.948580876159668
1757954315665952000,26.978951904296874,-3.8627451034545897,10.236109922790527,-1.8848352569580078
1757954315675907800,26.988907958984374,-4.186860153198242,9.776872116851806,-1.87061968460083
1757954315685864000,26.998864013671874,-4.501847309112549,9.312995545196532,-1.915361328125
1757954315695819800,27.00881982421875,-4.715529807281494,8.957755873870848,-1.9214964698791503
1757954315705775900,27.01877587890625,-4.7475522544860835,8.693346228027343,-1.8408418014526367
1757954315715732000,27.02873193359375,-4.6347255012512205,8.4789155418396,-1.7488146751403808
1757954315725688000,27.03868798828125,-4.4087727195739745,8.290072885894775,-1.6169839462280273
1757954315735644000,27.048643798828124,-4.093785563659668,8.180687797546387,-1.4341267944335936
1757954315745600000,27.05860009765625,-3.7107132980346678,8.161384546661376,-1.1941080780029296
1757954315755555800,27.068555908203123,-3.3373674766540526,8.228122917938231,-0.898274535369873
1757954315765512000,27.078511962890627,-3.0123546012878415,8.342894960021972,-0.5556044227600098
1757954315775467800,27.0884677734375,-2.7352257591247557,8.415319560241699,-0.20829554443359374
1757954315785424000,27.098423828125,-2.486827336883545,8.426243105316162,0.11192892761230468
1757954315795380000,27.1083798828125,-2.3220763351440428,8.327931199645995,0.39160160903930663
1757954315805335800,27.118335693359374,-2.2111948707580567,8.124274420928955,0.5989993278503417
1757954315815292000,27.1282919921875,-2.121412308502197,7.819911534881592,0.7249941902160644
1757954315825247700,27.138247802734377,-2.0198083755493164,7.492205182647704,0.8620622352600097
1757954315835203800,27.148203857421876,-1.9315221893310546,7.224204234313964,0.9898527488708495
1757954315845161000,27.158160888671876,-1.9301754508972166,6.988824283599853,1.1095628318786621
1757954315855116800,27.16811669921875,-1.970128691101074,6.735787095642089,1.1777975791931152
1757954315865073000,27.178072998046876,-2.014271784210205,6.560860736846924,1.2292729148864745
1757954315875028700,27.18802880859375,-2.103156520843506,6.440252828216552,1.2930185340881346
1757954315884985000,27.197985107421875,-2.176329309082031,6.448931809234619,1.407042388153076
1757954315894941000,27.20794091796875,-2.2457611572265623,6.65902300491333,1.5078981330871581
1757954315904897000,27.21789697265625,-2.318933945465088,7.014262676239014,1.624914739227295
1757954315914852900,27.227852783203126,-2.436249826812744,7.338527363586425,1.7226280944824217
1757954315924809000,27.23780908203125,-2.594566411590576,7.59066672592163,1.7812860351562498
1757954315934764800,27.247764892578125,-2.8574796813964842,7.719953615570068,1.8101660926818846
1757954315944721000,27.257720947265625,-3.1581016273498532,7.722647092437744,1.8372504989624023
1757954315954677000,27.267677001953125,-3.44106633605957,7.644087350463867,1.8568530250549315
1757954315964632300,27.27763232421875,-3.665672379302978,7.6008420829772945,1.9015946685791014
1757954315974588400,27.28758837890625,-3.8607998146057128,7.729231147003174,1.8957588020324705
1757954315984544300,27.297544189453124,-4.037372187042236,8.054992210388184,1.8671780197143553
1757954315994500400,27.307500244140623,-4.254645987701416,8.549993403625487,1.8568530250549315
1757954316004456200,27.317456298828127,-4.504391148376465,8.974365647888183,1.7850269752502441
1757954316014412300,27.327412353515626,-4.779724339294433,9.172336197662354,1.6570868240356444
1757954316024368400,27.337368408203126,-5.12029952545166,9.144952516174316,1.441608674621582
1757954316034324500,27.347324462890626,-5.36914686050415,9.063998572540283,1.2000935821533203
1757954316044280300,27.3572802734375,-5.6486699043273925,9.133280783081053,0.9629179801940917
1757954316054236400,27.367236328125,-5.927744035339355,9.362375954437255,0.7187094108581542
1757954316064192300,27.377192138671877,-6.198139185333251,9.711031571197509,0.37229835815429685
1757954316074148400,27.3871484375,-6.395810459899902,10.15156467666626,0.022146365356445312
1757954316084104200,27.397104248046876,-6.411522408294678,10.615141973114014,-0.36541502838134765
1757954316094060500,27.407060546875,-6.188712016296386,11.251999614715576,-0.62563482131958
1757954316104016400,27.417016357421875,-5.835866546630859,11.99644669342041,-0.7739256866455078
1757954316113972500,27.426972412109375,-5.5545478515625,12.628815206909179,-0.7119757186889648
1757954316123928300,27.43692822265625,-5.309441456604004,12.962058150482177,-0.4387374542236328
1757954316133884400,27.446884521484375,-5.104886852264404,12.826486481475829,0.0047884033203125
1757954316143841300,27.45684130859375,-4.973804311370849,12.273126622772216,0.4468178848266601
1757954316153797400,27.46679736328125,-4.934150346374511,11.523142952728271,0.7368155609130859
1757954316163753200,27.476753173828126,-4.882824648284912,10.704924535369873,0.8692448402404784
1757954316173709300,27.486709228515625,-4.765508766937256,9.827599264526366,0.9039607643127441
1757954316183665200,27.4966650390625,-4.506635712432861,8.881141420745848,0.9623194297790527
1757954316193621500,27.50662158203125,-4.18760834121704,7.979874133300781,1.0688614036560058
1757954316203577300,27.516577392578125,-3.8208465744018554,7.256077043914795,1.2609960868835448
1757954316213533400,27.526533447265624,-3.471742044830322,6.714089643096924,1.4525322196960448
1757954316223489300,27.5364892578125,-3.0693665283203124,6.393865171051025,1.6065093139648436
1757954316233445400,27.5464453125,-2.676418180847168,6.346579688262939,1.7317559883117675
1757954316243401200,27.556401123046875,-2.381781739044189,6.571933919525146,1.7369933044433592
1757954316253357300,27.566357421875,-2.133682592010498,7.139359712982177,1.6588824752807616
1757954316263313400,27.5763134765625,-1.8927660499572754,7.975684280395507,1.5548843406677244
1757954316273269500,27.58626953125,-1.6894085464477537,8.980351152038574,1.4731822090148925
1757954316283225300,27.596225341796874,-1.5459060844421386,9.898377851104735,1.4555249717712402
1757954316293181400,27.606181396484374,-1.500865165710449,10.518775356292725,1.4631564895629883
1757954316303137300,27.61613720703125,-1.6979378898620605,10.858153441619873,1.387290224456787
1757954316313093400,27.62609326171875,-1.9752163696289062,10.974870772552489,1.2105682144165038
1757954316323049200,27.63604931640625,-2.283020920562744,11.062408770751953,0.9606734161376953
1757954316333005300,27.64600537109375,-2.546682378387451,11.28746372680664,0.6414964073181152
1757954316342961400,27.65596142578125,-2.7780221138000485,11.65138237915039,0.2150292366027832
1757954316352917500,27.66591748046875,-2.8733412673950194,12.081740127563476,-0.17163433151245117
1757954316362873300,27.675873291015623,-2.9958944648742674,12.438027262115478,-0.4460696968078613
1757954316372829400,27.685829345703127,-3.1262288177490234,12.728473851013183,-0.5363011718749999
1757954316382785300,27.695785400390626,-3.2793080863952633,13.066505197906494,-0.423923331451416
1757954316392741400,27.705741455078126,-3.4249054748535155,13.455562967681884,-0.19168577041625975
1757954316402697200,27.715697265625,-3.4976293502807616,13.753042523956298,0.040102877807617184
1757954316412653600,27.725653564453125,-3.427150038909912,13.77728381576538,0.1762730972290039
1757954316422609400,27.735609375,-3.2673370780944824,13.449876738739013,0.11791443176269531
1757954316432565500,27.7455654296875,-3.109918318939209,12.85117668609619,-0.07451952667236328
1757954316442521300,27.755521240234376,-2.8796260467529295,12.146233934783934,-0.2823661582946777
1757954316452477400,27.7654775390625,-2.6198551666259764,11.381286504364013,-0.45415012741088867
1757954316462433300,27.775433349609376,-2.390161444854736,10.681730706787109,-0.5750573112487792
1757954316472389400,27.785389404296875,-2.1556793197631836,10.077344425201415,-0.5834370170593262
1757954316482345200,27.79534521484375,-1.9903297676086424,9.575010989379882,-0.5877765075683593
1757954316492301600,27.805301513671875,-1.919850456237793,9.14884309387207,-0.5479729049682617
1757954316502258200,27.815258056640626,-1.8809446792602538,8.702324484252928,-0.5392939239501953
1757954316512214500,27.825214599609374,-1.8219874633789062,8.201337786865233,-0.6286275733947754
1757954316522170400,27.83517041015625,-1.7241244705200194,7.630919241333007,-0.8412626083374023
1757954316532126500,27.84512646484375,-1.6294038673400877,7.078307570648193,-1.2099696640014648
1757954316542082300,27.855082275390625,-1.465849966430664,6.549637916564941,-1.7268179473876952
1757954316552038400,27.865038330078125,-1.2624924629211425,6.14157617111206,-2.3573908096313474
1757954316561994200,27.874994140625,-1.0742483573913573,5.837063647460937,-3.0361469802856442
1757954316571950300,27.884950439453124,-1.055244381713867,5.570708712768554,-3.761440445709228
1757954316581906400,27.894906494140624,-1.319654027557373,5.296722260284423,-4.414758223724365
1757954316591862500,27.904862548828124,-1.6537947967529296,5.234024104309082,-4.840477206420898
1757954316601818400,27.914818359375,-1.8873790962219237,5.772719477844238,-4.9741035865783685
1757954316611774500,27.9247744140625,-2.0780174034118652,7.01650724029541,-4.732588494110107
1757954316621730300,27.934730224609375,-2.3493103790283203,8.597428524017333,-4.169801466369629
1757954316631686400,27.944686279296874,-2.6319758125305173,9.975441217041014,-3.3604116676330564
1757954316641642200,27.954642333984374,-2.941276739501953,10.64910970916748,-2.47710089263916
1757954316651598300,27.964598388671874,-3.2888848930358883,10.604517703247069,-1.773504879760742
1757954316661554400,27.974554443359374,-3.6721067962646483,10.326042122650145,-1.3373112648010252
1757954316671510500,27.984510498046873,-4.053383410644531,10.25900447616577,-1.0558429321289062
1757954316681466400,27.99446630859375,-4.368071291351318,10.324845021820067,-0.7730278610229492
1757954316691422500,28.00442236328125,-4.5585599609375,10.245836367034912,-0.42287586822509765
1757954316701378300,28.01437841796875,-4.671685989379882,9.906009368896484,-0.10743979949951171
1757954316711334400,28.02433447265625,-4.726154077148437,9.53176572189331,0.1409586227416992
1757954316721290200,28.034290283203124,-4.723161325073242,9.385420145416258,0.3037643356323242
1757954316731246600,28.04424658203125,-4.5796588630676265,9.496600885009766,0.4312555740356445
1757954316741202400,28.054202392578127,-4.316147042846679,9.731681560516357,0.535702621459961
1757954316751158500,28.064158447265626,-4.018817124176025,9.907356107330322,0.6266822845458984
1757954316761114400,28.0741142578125,-3.722534668731689,9.929502472686767,0.7652467056274413
1757954316771070500,28.084070556640626,-3.500472464752197,9.794828629302978,0.8898948295593261
1757954316781026300,28.0940263671875,-3.30714068069458,9.575459902191161,1.0333972915649414
1757954316790982400,28.103982421875,-3.1904233497619625,9.301174174499511,1.1405378158569335
1757954316800938200,28.113938232421877,-3.1292215698242187,9.009979397583008,1.2684779670715332
1757954316810894600,28.12389453125,-3.076399495697021,8.654440451049805,1.3377601776123047
1757954316820850400,28.133850341796876,-3.0526071166992184,8.24862326965332,1.332373223876953
1757954316830806500,28.143806640625,-3.001281418609619,7.82065972290039,1.290325057220459
1757954316840762400,28.153762451171875,-2.94292275314331,7.390601249694824,1.2318167541503906
1757954316850718200,28.16371826171875,-2.8761843818664548,6.973261972808838,1.2005424949645995
1757954316860674300,28.17367431640625,-2.821117743682861,6.590189707183837,1.163881282043457
1757954316870630100,28.183630126953126,-2.8076503593444824,6.2684688591003415,1.1468225952148436
1757954316880586500,28.19358642578125,-2.8217162940979,5.965153436279296,1.1414356414794922
1757954316890543400,28.20354345703125,-2.799569928741455,5.7149593627929685,1.1706149742126464
1757954316900499500,28.21349951171875,-2.801365579986572,5.556942053222656,1.2559084083557128
1757954316910455600,28.22345556640625,-2.7961282638549805,5.473743545532226,1.3531728507995604
1757954316920411400,28.233411376953125,-2.7961282638549805,5.474491733551025,1.5023615417480467
1757954316930367500,28.243367431640625,-2.8516438148498535,5.629665928649902,1.6502034942626953
1757954316940323300,28.2533232421875,-2.9792846908569333,5.938069029998779,1.830367169189453
1757954316950279400,28.263279541015624,-3.1857845840454098,6.381594887542724,2.008435917663574
1757954316960235000,28.273235107421876,-3.4015620086669918,6.855497178649902,2.1172224555969237
1757954316970191000,28.283191162109375,-3.6104561035156246,7.368305246734619,2.2445640563964844
1757954316980147000,28.29314697265625,-3.806331726837158,8.041225550842285,2.395548398590088
1757954316990103000,28.30310302734375,-4.0075943038940425,8.866177660369873,2.5836428665161133
1757954317000059000,28.313058837890626,-4.189254354858398,9.581295768737792,2.6885388267517087
1757954317010015000,28.323014892578126,-4.372111506652832,9.932195949554442,2.6152164009094236
1757954317019970800,28.332970703125,-4.656722229003906,10.047267266845703,2.3445219757080076
1757954317029927000,28.342927001953125,-4.965125330352783,10.171466477966309,2.0409072776794432
1757954317039883000,28.352883056640625,-5.2350715675354005,10.468347483825683,1.8124106567382812
1757954317049839000,28.362839111328125,-5.317372249603271,11.0194627784729,1.6494553062438964
1757954317059795000,28.372794921875,-5.384858808898925,11.788749699401855,1.3889362380981445
1757954317069751000,28.3827509765625,-5.523123954772949,12.538284456634521,0.9660603698730468
1757954317079707000,28.392706787109375,-5.623680424499511,13.042563181304931,0.4294599227905273
1757954317089663000,28.4026630859375,-5.598840582275391,13.532177420806883,0.03426701126098632
1757954317099618800,28.412618896484375,-5.500678314208984,14.033613031005858,-0.1158195053100586
1757954317109575000,28.422574951171875,-5.44621022644043,14.288595507812499,-0.12629413757324218
1757954317119531000,28.432531005859374,-5.37573091506958,14.034660494232178,-0.09801263046264648
1757954317129487000,28.442487060546874,-5.354033462524414,13.404087631988524,0.01062426986694336
1757954317139443000,28.45244287109375,-5.331587821960449,12.772168031311034,0.17956512451171874
1757954317149399000,28.46239892578125,-5.205144046783447,12.216114695739746,0.3128922294616699
1757954317159355000,28.47235498046875,-4.909160866546631,11.51117194442749,0.32351649932861326
1757954317169311000,28.48231103515625,-4.53297193069458,10.59853219909668,0.213233585357666
1757954317179266800,28.492266845703124,-4.199130436706542,9.657162033843994,0.1388636962890625
1757954317189223200,28.50222314453125,-3.8405987380981443,8.859144692993164,0.17253215713500974
1757954317199179000,28.512178955078124,-3.4160768562316894,8.3256866355896,0.3274070770263672
1757954317209135000,28.522135009765623,-2.881272060394287,8.185925113677978,0.5241805259704589
1757954317219091000,28.532091064453127,-2.299032144165039,8.451681497955322,0.6977601463317871
1757954317229047000,28.542047119140626,-1.7776947326660155,8.91166749191284,0.8233060958862304
1757954317239003000,28.5520029296875,-1.3602058181762695,9.303269100952148,0.8875006278991698
1757954317248959000,28.561958984375,-1.096095447540283,9.496301609802245,0.9111433692932128
1757954317258915000,28.5719150390625,-0.9693523971557617,9.439738595581055,0.914884309387207
1757954317268871200,28.58187109375,-0.9720458740234375,9.2443118850708,0.8831611373901367
1757954317278827000,28.591826904296877,-1.0256161361694336,8.967033405303955,0.886752439880371
1757954317288783000,28.601783203125,-1.0752958206176757,8.75335090713501,0.9705494979858398
1757954317298739000,28.611739013671876,-1.1137526847839354,8.557475283813476,1.123030216217041
1757954317308695000,28.621695068359376,-1.1643301948547362,8.43447317352295,1.3415011177062988
1757954317318651000,28.63165087890625,-1.2370540702819823,8.329277938079834,1.599326708984375
1757954317328607000,28.64160693359375,-1.349581548309326,8.164078023529052,1.8152537712097168
1757954317338563000,28.65156298828125,-1.5670049865722655,7.87183578338623,2.0005051246643064
1757954317348519200,28.661519287109375,-1.7890671905517577,7.493701558685302,2.1077952865600587
1757954317358475000,28.67147509765625,-2.076820302581787,7.0835448867797846,2.1746832954406736
1757954317368431000,28.68143115234375,-2.3790882621765137,6.730998692321777,2.18994633102417
1757954317378387000,28.691386962890626,-2.644844646453857,6.414664797973632,2.1709423553466793
1757954317388343000,28.701343017578125,-2.8612206214904785,6.184372525787353,2.118868469238281
1757954317398299000,28.711298828125,-3.0253730728149413,6.03293927078247,1.968781952667236
1757954317408255000,28.7212548828125,-3.146429894256592,5.929240411376953,1.7705121276855467
1757954317418211800,28.7312119140625,-3.1712697364807125,5.9488429374694825,1.5614683952331543
1757954317428168000,28.74116796875,-3.1022868011474607,6.087856271362305,1.3088801200866698
1757954317438124000,28.7511240234375,-2.8529905532836914,6.299593480682373,1.042674822998047
1757954317448080100,28.761080078125,-2.5080758766174314,6.51851329498291,0.7231985389709472
1757954317458036000,28.771035888671875,-2.2099977699279783,6.729651953887939,0.373495458984375
1757954317467992000,28.780991943359375,-2.0374656127929685,6.911910555267333,0.0526724365234375
1757954317477948000,28.790947998046875,-1.9515736282348632,7.179911503601073,-0.22266075439453123
1757954317487904000,28.800904052734374,-1.8561048370361326,7.590367450714111,-0.3538929328918457
1757954317497859800,28.81085986328125,-1.7331027267456054,8.17200881652832,-0.24525603256225584
1757954317507816200,28.820816162109374,-1.617133583831787,8.983493541717529,0.04519055633544922
1757954317517772000,28.83077197265625,-1.5423147819519043,10.095450575256347,0.37289690856933594
1757954317527728000,28.84072802734375,-1.5503952125549316,11.405976708984374,0.6868366012573242
1757954317537684000,28.85068408203125,-1.6237176383972167,12.76827745361328,0.9612719665527343
1757954317547640000,28.86064013671875,-1.7615338714599609,13.94906778488159,1.1578957778930663
1757954317557596000,28.870595947265624,-1.9565116691589355,14.691868849945067,1.1942577156066894
1757954317567552000,28.880552001953124,-2.2213702278137206,14.801253938293456,1.0143933158874512
1757954317577508000,28.890508056640623,-2.570325119781494,14.515595752716063,0.5964554885864257
1757954317587464200,28.900464111328127,-2.9267618919372556,14.146888697052,0.019303250885009764
1757954317597420000,28.910419921875,-3.2677859909057614,13.831003715515136,-0.7106289802551269
1757954317607376100,28.920376220703126,-3.5320459991455078,13.622259258270264,-1.5248071823120117
1757954317617332000,28.93033203125,-3.5269583206176756,13.617321217346191,-2.161814461517334
1757954317627288000,28.9402880859375,-3.400963458251953,13.588441159820556,-2.402282090759277
1757954317637244000,28.950243896484373,-3.3768718040466306,13.047650859832762,-2.169296341705322
1757954317647200000,28.960199951171877,-3.5631706207275387,12.231527368927,-1.8019360244750975
1757954317657156000,28.970156005859376,-3.7102643852233883,11.56848314666748,-1.6502034942626953
1757954317667112200,28.9801123046875,-3.680785777282715,11.176582262420654,-1.6253636520385741
1757954317677068000,28.990068115234376,-3.46007031173706,11.007641407775878,-1.5490484741210937
1757954317687024000,29.000024169921875,-3.1618425674438475,10.997765325927734,-1.3637971206665038
1757954317696980000,29.00997998046875,-2.8981811096191405,10.884340022277831,-1.089810668182373
1757954317706936000,29.01993603515625,-2.792985874176025,10.505307971954345,-0.8358756546020507
1757954317716892000,29.029891845703126,-2.8730419921875,9.8694977935791,-0.6413467697143554
1757954317726848000,29.039847900390626,-3.0611364601135254,9.198522778320312,-0.4982932205200195
1757954317736804000,29.04980419921875,-3.256712808227539,8.665513633728027,-0.3960907371520996
1757954317746760000,29.059760009765625,-3.399616719818115,8.304288458251953,-0.4011784156799316
1757954317756716000,29.069716064453125,-3.423708374023437,8.134599415588378,-0.48407764816284177
1757954317766672000,29.079671875,-3.351134136199951,8.135347603607178,-0.5943605621337891
1757954317776628000,29.0896279296875,-3.1509190223693846,8.258499351501465,-0.6886322525024413
1757954317786583800,29.099583740234376,-2.9732991867065426,8.488492348480223,-0.7713818473815918
1757954317796540000,29.109539794921876,-2.8892028533935545,8.705766149139404,-0.8053495834350586
1757954317806496000,29.11949609375,-2.7439047401428223,8.923189587402343,-0.6976105087280273
1757954317816452000,29.1294521484375,-2.653972540283203,9.07836378250122,-0.49739539489746093
1757954317826408000,29.139407958984375,-2.628384510040283,9.125948540496825,-0.2371756019592285
1757954317836364000,29.149364013671875,-2.6129718368530273,9.006837007904052,0.04369418029785156
1757954317846319900,29.15931982421875,-2.661005507659912,8.784176253509521,0.2825157958984375
1757954317856276000,29.16927587890625,-2.661005507659912,8.496123866271972,0.5553051475524902
1757954317866231800,29.179231689453125,-2.639308055114746,8.233659509277343,0.7517793212890624
1757954317876188200,29.189188232421873,-2.6300305236816404,7.999027746582031,0.8536825294494629
1757954317886144000,29.19914404296875,-2.6101287223815914,7.772476414489746,0.9121908325195311
1757954317896100000,29.20910009765625,-2.568230193328857,7.54607472000122,0.9160814102172851
1757954317906056000,29.219055908203124,-2.5649381660461423,7.318326287078857,0.9087491676330566
1757954317916012000,29.229011962890624,-2.543390351104736,7.097461183929443,0.898274535369873
1757954317925968000,29.2389677734375,-2.467374448394775,6.862530146026611,0.8488941261291504
1757954317935924000,29.248924072265623,-2.4245780937194823,6.673687490081787,0.7625532287597656
1757954317945880000,29.258880126953127,-2.3874679679870603,6.489932512664795,0.6450877098083496
1757954317955836200,29.268836181640626,-2.310554239654541,6.353612655639648,0.5319616813659668
1757954317965792300,29.278792236328126,-2.3198317710876464,6.274155088043212,0.3935468978881836
1757954317975748400,29.288748291015626,-2.3403321228027343,6.168062026977538,0.23253683624267577
1757954317985704200,29.2987041015625,-2.333897705841064,6.026953766632079,0.0848445213317871
1757954317995660300,29.308660400390625,-2.3485621910095213,5.932981351470947,-0.07900865478515624
1757954318005616000,29.3186162109375,-2.3509563926696777,5.891232460021972,-0.28086978225708004
1757954318015572200,29.328572265625,-2.4160487503051757,5.978471183013916,-0.43454760131835934
1757954318025528300,29.3385283203125,-2.574963885498047,6.149955876922607,-0.5808931777954102
1757954318035484400,29.348484375,-2.7542297348022458,6.541407848358154,-0.66394204788208
1757954318045440300,29.358440185546876,-2.9970915657043453,7.213879239654541,-0.7131728195190429
1757954318055396400,29.368396240234375,-3.242497235870361,8.205078726959227,-0.6893804405212401
1757954318065352200,29.378352294921875,-3.4938884101867673,9.392303475189209,-0.5374982727050781
1757954318075308300,29.388308349609375,-3.750666538238525,10.490194573974609,-0.3254617881774902
1757954318085264100,29.39826416015625,-4.010886331176757,11.15383734664917,-0.0948702407836914
1757954318095220200,29.40822021484375,-4.375253896331787,11.379790128326416,0.11267711563110351
1757954318105176300,29.41817626953125,-4.857086980438232,11.508478467559813,0.2759317413330078
1757954318115132400,29.42813232421875,-5.36929649810791,11.67008707962036,0.46372693405151366
1757954318125088300,29.438088134765625,-5.844096614837646,11.731887409973144,0.6678326255798339
1757954318135044400,29.44804443359375,-6.152350078582764,11.784559846496581,0.7893383598327637
1757954318145000200,29.458000244140624,-6.282385156249999,12.012308279418944,0.7986158912658691
1757954318154956300,29.467956298828124,-6.191106217956543,12.492794625091552,0.6663362495422362
1757954318164912000,29.477912109375,-5.89302811126709,13.050942887115477,0.44636897201538084
1757954318174868200,29.4878681640625,-5.493645346832275,13.425635446929931,0.15068506698608397
1757954318184824300,29.49782421875,-4.976647425842285,13.601758906555174,-0.25423428878784177
1757954318194780400,29.507780517578126,-4.422539379119873,13.67538060760498,-0.7981669784545898
1757954318204736300,29.517736328125,-4.050241020965576,13.411270236968994,-1.3051391799926757
1757954318214692400,29.5276923828125,-3.914818989562988,12.605022827911377,-1.6042647499084473
1757954318224648200,29.537648193359374,-3.9125744255065915,11.457003131866454,-1.8243816650390623
1757954318234605300,29.547605224609374,-3.8991070411682127,10.14542953491211,-2.0485387954711913
1757954318244560100,29.55756005859375,-3.827430628967285,8.864980559539795,-2.314744092559814
1757954318254517200,29.567517333984377,-3.6522049949645994,7.786392711639404,-2.5890298202514646
1757954318264473000,29.57747314453125,-3.4153286682128905,7.022492744445801,-2.7691934951782224
1757954318274429400,29.587429443359376,-3.154659962463379,6.699874070739746,-2.7442040153503418
1757954318284385300,29.59738525390625,-2.8890532157897946,6.855497178649902,-2.5968109756469726
1757954318294341400,29.60734130859375,-2.544138539123535,7.422174784088134,-2.3484125534057614
1757954318304297200,29.617297119140623,-2.223016241455078,8.181585623168944,-1.9692308654785156
1757954318314253300,29.62725341796875,-1.9060837966918944,8.841936368560791,-1.4627075767517088
1757954318324209200,29.637209228515626,-1.7067665084838866,9.28246947402954,-0.9558850128173828
1757954318334165200,29.647165283203126,-1.6174328590393066,9.54433528060913,-0.5196913978576659
1757954318344121300,29.657121337890626,-1.679682102203369,9.677213472747802,-0.21173720932006834
1757954318354077400,29.667077392578125,-1.8462287551879881,9.785700735473633,-0.023942016601562498
1757954318364033300,29.677033203125,-2.0630536430358886,9.864859027862549,0.04055179061889648
1757954318373989400,29.6869892578125,-2.3081600379943845,9.896582199859619,-0.020949264526367185
1757954318383945200,29.6969453125,-2.6418518943786617,9.88910031967163,-0.033518823242187495
1757954318393901300,29.7069013671875,-2.9480104316711424,9.890447058105469,-0.04967968444824218
1757954318403857200,29.716857177734376,-3.1569045265197753,9.93952819213867,-0.06913257293701172
1757954318413813200,29.726813232421875,-3.2439936119079587,10.178200170135497,-0.09801263046264648
1757954318423769300,29.736769287109375,-3.268384541320801,10.721235034179687,-0.02528875503540039
1757954318433725400,29.746725341796875,-3.2954689476013184,11.459247695922851,0.12868833923339842
1757954318443681300,29.756681396484375,-3.2200515953063964,12.320112830352782,0.3093009269714355
1757954318453637400,29.766637451171874,-3.0193875686645506,12.984653428649901,0.46716859893798823
1757954318463593200,29.77659326171875,-2.805256157684326,13.111246841430663,0.6346130775451659
1757954318473549300,29.78654931640625,-2.712181568145752,12.610260144042968,0.699106884765625
1757954318483505200,29.796505126953125,-2.7557261108398436,11.722460240936279,0.5090671279907226
1757954318493461200,29.806461181640625,-2.808548184967041,10.80802484436035,0.1393126091003418
1757954318503417300,29.816417236328125,-2.8151322395324705,10.085873768615722,-0.2581248664855957
1757954318513373200,29.826373291015624,-2.770091320800781,9.567828384399414,-0.5825391914367676
1757954318523329300,29.836329345703124,-2.675669992828369,9.192986186981202,-0.8271966735839843
1757954318533285000,29.84628515625,-2.5644892532348633,8.952368920135498,-0.9427169036865234
1757954318543241200,29.8562412109375,-2.429815409851074,8.758737860870362,-0.9319429962158202
1757954318553197000,29.866197021484375,-2.223016241455078,8.634837924957274,-0.8337807281494141
1757954318563153200,29.876153076171875,-1.93451494140625,8.575282158660888,-0.7448959915161132
1757954318573109200,29.886109130859374,-1.641374875640869,8.539967684173584,-0.7261912910461426
1757954318583065300,29.8960654296875,-1.3069348312377929,8.355614156341552,-0.8315361640930176
1757954318593021200,29.906021240234374,-0.898274535369873,7.874379622650146,-1.0619780738830567
1757954318602977300,29.915977294921873,-0.46836569976806636,7.146093405151367,-1.3290811965942382
1757954318612933000,29.92593310546875,-0.018704700469970702,6.392967345428467,-1.5988777961730956
1757954318622889200,29.93588916015625,0.36436756515502927,5.7411459434509275,-1.8914193115234375
1757954318632845000,29.945844970703124,0.6739677673339843,5.193921226501464,-2.2016180641174317
1757954318642801400,29.955801513671876,0.9445125549316405,4.830451486968994,-2.4658780723571776
1757954318652757200,29.96575732421875,1.0414777221679687,4.657919329833984,-2.6868928131103513
1757954318662713300,29.97571337890625,0.8198644309997558,4.728249003601074,-2.861968809509277
1757954318672669200,29.985669189453127,0.48123453369140623,5.31153638305664,-2.73881706161499
1757954318682625300,29.995625244140626,0.13766659545898435,6.630442222595215,-2.261173830413818
1757954318692581000,30.0055810546875,-0.3456628646850586,8.48400322036743,-1.5469535476684568
1757954318702537200,30.015537109375,-0.9374795875549315,10.13271033859253,-0.6437409713745117
1757954318712493000,30.0254931640625,-1.5345336265563965,10.549002152252196,0.18659809188842771
1757954318722449400,30.035449462890625,-2.1652561264038086,9.766846397399902,0.4300584732055664
1757954318732405200,30.0454052734375,-2.8061539833068845,8.749909242248535,0.11237784042358398
1757954318742361300,30.055361328125,-3.4386721343994138,8.168118238830566,-0.41374797439575195
1757954318752317200,30.065317138671876,-4.139125757598877,7.987505651092529,-0.809539436340332
1757954318762273300,30.075273193359376,-4.8506525634765625,8.109161022949218,-0.9645639938354491
1757954318772229000,30.08522900390625,-5.499181938171386,8.422352527618408,-0.7709329345703124
1757954318782185200,30.095185302734375,-5.931484975433349,9.043947133636474,-0.11821370697021484
1757954318792141300,30.105141357421875,-6.171054779052734,10.139144755554199,0.9496002334594726
1757954318802097400,30.115097412109375,-6.245574305725097,11.514164696502684,2.309207501220703
1757954318812053200,30.12505322265625,-6.208015267181396,12.643778967285156,3.5709517761230467
1757954318822009300,30.13500927734375,-6.003161387634277,13.152995732879639,4.371213681030273
1757954318831965200,30.144965087890625,-5.709871684265137,13.223325406646728,4.8494554626464845
1757954318841921300,30.15492138671875,-5.65660069732666,13.22257721862793,5.000140529632568
1757954318851877000,30.164877197265625,-5.814917282104492,13.307272102355956,4.808604396820068
1757954318861833200,30.174833251953125,-6.070199034118652,13.39436118774414,4.263025693511962
1757954318871789300,30.184789306640624,-6.308122824096679,13.474866218566893,3.7038299682617186
1757954318881745400,30.194745361328124,-6.420051751708984,13.491924905395507,3.2763153343200684
1757954318891701200,30.204701171875,-6.388328579711914,13.46379303588867,3.018938655853271
1757954318901657300,30.2146572265625,-6.140379070281982,13.473968392944336,2.991106061553955
1757954318911613200,30.22461328125,-5.8271875656127925,13.537564374542235,3.0303111137390135
1757954318921569300,30.2345693359375,-5.508908382415771,13.55971073989868,3.0726585556030273
1757954318931525000,30.244525146484374,-5.157409651184082,13.358298525238036,3.018489743041992
1757954318941481500,30.2544814453125,-4.943278240203857,12.83172379760742,2.8666075752258298
1757954318951437300,30.264437255859374,-4.787206219482422,12.095955699920653,2.6122236488342283
1757954318961393200,30.27439306640625,-4.676474392700195,11.297639083862304,2.315492280578613
1757954318971349000,30.284348876953125,-4.611232397460937,10.427795693206786,2.0925322509765625
1757954318981305000,30.29430517578125,-4.574720822143554,9.472808506011962,1.8778022895812987
1757954318991261000,30.304260986328124,-4.504091873168945,8.47218184967041,1.7000328163146972
1757954319001216800,30.314216796875,-4.1383775695800775,7.493252645874023,1.6165350334167479
1757954319011173000,30.324173095703124,-3.5516485252380368,6.612336072540283,1.50026661529541
1757954319021129000,30.33412890625,-3.1030349891662596,5.800402434539794,1.3223475044250488
1757954319031085000,30.3440849609375,-2.775029361724853,5.054159704589844,1.1409867286682127
1757954319041041000,30.354041015625,-2.5076269638061524,4.436605313873291,1.061828436279297
1757954319050997000,30.3639970703125,-2.381931376647949,4.02210915145874,1.1339537612915038
1757954319060952800,30.373952880859374,-2.3605331993103027,3.807379190063476,1.384147834777832
1757954319070909000,30.383908935546874,-2.396745499420166,3.734056764221191,1.664419066619873
1757954319080865000,30.393864990234373,-2.4512135871887204,3.810970492553711,1.9244892219543457
1757954319090821000,30.403821044921877,-2.5501240432739256,4.033331971740722,2.19608147277832
1757954319100777000,30.41377685546875,-2.832789476776123,4.447229583740234,2.4480711975097655
1757954319110733000,30.423733154296876,-3.3171664001464842,5.01779776687622,2.7531822715759278
1757954319120689000,30.43368896484375,-3.6643256408691403,5.758204630279541,3.116352735900879
1757954319130645000,30.44364501953125,-3.753360015106201,6.654384239196777,3.5199253532409664
1757954319140600800,30.453600830078123,-3.4920927589416504,7.548768196868896,3.881000891113281
1757954319150557000,30.463556884765627,-2.987215483856201,8.249970008087157,4.03512762298584
1757954319160513000,30.473512939453126,-2.470217562866211,8.927229802703858,4.0538323234558105
1757954319170469000,30.48346923828125,-2.1260510742187497,9.679757312011718,3.9012019676208496
1757954319180425000,30.493425048828126,-1.926135235595703,10.382006586456297,3.6164416076660153
1757954319190381000,30.503381103515625,-1.9470845001220702,10.702081420898438,3.196558491516113
1757954319200337000,30.5133369140625,-2.2067057426452634,10.339509506988525,2.533813544464111
1757954319210293000,30.52329296875,-2.6044424934387207,9.514108484649658,1.6901567344665527
1757954319220248800,30.533248779296876,-2.8528409156799315,8.627655319976807,0.7957727767944336
1757954319230205200,30.543205078125,-2.7263971405029297,8.0062103515625,0.02902969512939453
1757954319240161000,30.5531611328125,-2.512116091918945,7.830086891937255,-0.6575076309204101
1757954319250117000,30.5631171875,-2.5411457870483396,8.151658102416992,-1.1327566604614256
1757954319260073000,30.573072998046875,-2.790591672515869,8.742128086853027,-1.2431892120361328
1757954319270029000,30.583029052734375,-3.095852384185791,9.180117353057861,-1.0471639511108397
1757954319279985000,30.59298486328125,-3.4434605377197265,9.210044873809814,-0.6157587394714356
1757954319289941000,30.60294091796875,-3.860650177001953,8.696189342498778,-0.15876549758911132
1757954319299896800,30.612896728515626,-4.384980340576171,8.015487882995606,0.19093758239746092
1757954319309853200,30.622853271484374,-4.74964718093872,7.395838565826415,0.4605845443725586
1757954319319809000,30.63280908203125,-4.923825351715087,6.9545572723388664,0.7564180870056152
1757954319329765000,30.64276513671875,-5.069871652984619,6.654683514404296,1.0767921966552734
1757954319339721000,30.652720947265625,-5.083787950134277,6.424241604614258,1.4559738845825194
1757954319349677000,30.662677001953124,-5.0206408813476555,6.22462504119873,1.8504186080932616
1757954319359633000,30.6726328125,-4.969764096069335,6.073042148590088,2.2384289146423337
1757954319369589000,30.682589111328124,-4.904372463226318,5.953481703186035,2.568828743743896
1757954319379545000,30.692545166015623,-4.805462007141113,5.838560023498535,2.7446529281616208
1757954319389501200,30.702501220703127,-4.7207671234130855,5.754912602996826,2.756623936462402
1757954319399457000,30.71245703125,-4.587140743255615,5.6772506866455075,2.686593537902832
1757954319409413000,30.7224130859375,-4.303876759338379,5.677101049041748,2.6192566162109374
1757954319419369000,30.732368896484374,-4.011484881591796,5.750423474884033,2.5149592063903805
1757954319429325000,30.742324951171874,-3.7755063804626463,5.851129582214355,2.421734979248047
1757954319439281000,30.752281005859373,-3.4938884101867673,6.003759938049316,2.2885575119018555
1757954319449237000,30.762237060546877,-3.343502618408203,6.21175620727539,2.121561946105957
1757954319459193000,30.772193115234376,-3.3827076705932617,6.351368091583252,1.9020435813903807
1757954319469149200,30.782149169921876,-3.516932601165771,6.393116983032226,1.7052701324462889
1757954319479105000,30.79210498046875,-3.69664736328125,6.330867739868164,1.5095441467285156
1757954319489061000,30.80206103515625,-3.8365585227966306,6.271461611175536,1.3198036651611327
1757954319499017000,30.812016845703123,-3.9092823982238767,6.207865629577636,1.1647791076660157
1757954319508973000,30.82197314453125,-3.972429467010498,6.306776085662841,1.0785878479003905
1757954319518929000,30.831928955078126,-4.129249675750732,6.589291881561279,1.1679214973449705
1757954319528885000,30.841885009765626,-4.284274233245849,6.982988417053222,1.4107833282470703
1757954319538841000,30.851841064453126,-4.402787215423584,7.402123345184326,1.7395371437072753
1757954319548797000,30.861796875,-4.523544761657715,7.741800705718994,2.013972509002685
1757954319558753000,30.8717529296875,-4.580556688690185,7.842057900238037,2.108543474578857
1757954319568708900,30.881708984375,-4.472368701171875,7.813327480316162,1.9580080451965332
1757954319578665000,30.8916650390625,-4.342183985900879,7.786542349243164,1.529745223236084
1757954319588620800,30.901620849609376,-4.208108692932129,7.876324911499023,1.0720037933349609
1757954319598577000,30.911576904296876,-4.13673155593872,8.103774069213866,0.8164227661132812
1757954319608533000,30.921532958984375,-4.097975416564942,8.479813367462159,0.7338228088378905
1757954319618489000,30.931489013671875,-3.987093952178955,8.883086709594727,0.6177040283203125
1757954319628445000,30.94144482421875,-3.8304233810424804,9.118915573120116,0.42796354675292964
1757954319638401000,30.951401123046875,-3.742286832427978,9.185953219604492,0.22026655273437498
1757954319648356900,30.96135693359375,-3.633350656890869,9.349806395721435,0.11133037719726561
1757954319658313000,30.97131298828125,-3.2472856391906735,9.954491952514648,0.17597382202148437
1757954319668268800,30.981268798828125,-2.8663083000183103,11.132439169311523,0.48198272171020506
1757954319678225200,30.99122509765625,-2.5471312911987303,12.859706029510498,1.0046668716430665
1757954319688181000,31.001180908203125,-2.3638252265930175,14.534300453186034,1.7545009040832518
1757954319698137000,31.01113720703125,-2.3843255783081054,15.29056890258789,2.64289935760498
1757954319708092000,31.021091796875,-2.525134563446045,14.997279199218749,3.376572528839111
1757954319718049000,31.031049072265624,-2.7808652282714843,14.177863681030273,3.6791397636413574
1757954319728004900,31.0410048828125,-3.0555998687744137,13.039869704437255,3.5443162826538086
1757954319737960200,31.050960205078123,-3.106476654052734,11.78500875930786,3.1803976303100585
1757954319747916000,31.060916015625,-2.699312734222412,10.847978084564208,2.685845349884033
1757954319757872000,31.0708720703125,-1.6481085678100584,10.216657034301758,2.0521300979614256
1757954319767828000,31.080827880859374,-0.43514615173339843,9.866654679107665,1.2524667434692383
1757954319777784000,31.0907841796875,0.17642273483276366,9.863213014221191,0.39968203964233395
1757954319787740000,31.100739990234374,0.07272387542724609,9.99220062866211,-0.23882161560058593
1757954319797696000,31.110696044921873,-0.5303156677246094,9.881019889068602,-0.38187516479492184
1757954319807652000,31.120652099609377,-1.2927192588806151,9.350105670928954,0.06988076095581054
1757954319817608200,31.130608154296876,-1.9749170944213865,8.545653913116455,0.7151181083679199
1757954319827564000,31.14056396484375,-2.544288176727295,7.987206375885009,1.2958616485595702
1757954319837520100,31.15052001953125,-3.014000614929199,7.8912886718749995,1.836203035736084
1757954319847476000,31.16047607421875,-3.2430957862854,8.185775476074218,2.4000375267028806
1757954319857431800,31.170431884765627,-2.970605709838867,8.558522747039794,2.9083564666748045
1757954319867388000,31.180387939453126,-2.3282114768981934,8.833407025146483,3.2933740211486815
1757954319877344000,31.190343994140626,-1.8715175102233885,8.958204786682128,3.666270929718017
1757954319887300000,31.200300048828126,-1.8908207611083983,8.89969648361206,4.168005815124512
1757954319897256000,31.210255859375,-2.2093992195129393,8.624213655090331,4.963030403900146
1757954319907212000,31.2202119140625,-2.5909751091003415,8.1724577293396,5.82239916229248
1757954319917167900,31.23016796875,-2.786701094818115,7.645733364105224,6.449679997253417
1757954319927124000,31.2401240234375,-2.7697920455932614,7.116016246795654,6.817040314483642
1757954319937079800,31.250079833984376,-2.552518244934082,6.678326255798339,7.100304298400879
1757954319947036000,31.260035888671876,-2.1556793197631836,6.374262644958495,7.1297829063415525
1757954319956992000,31.269991943359376,-1.6274585784912108,6.123918933868408,6.890063465118407
1757954319966948400,31.2799482421875,-1.2042834350585936,5.955726267242431,6.283133344268799
1757954319976904400,31.289904541015623,-1.1311106468200682,5.871330658721924,5.399373656463623
1757954319986860300,31.2998603515625,-1.3479355346679687,5.84155277557373,4.559158511352539
1757954319996816400,31.30981640625,-1.721879906463623,5.975029518127441,4.012233069610596
1757954320006772200,31.319772216796874,-2.0629040054321286,6.162375798034668,3.7544074783325194
1757954320016728300,31.329728271484374,-2.2822727325439454,6.472424913024902,3.736899878692627
1757954320026684200,31.33968408203125,-2.4096143333435056,6.875249342346191,3.8212954872131344
1757954320036640500,31.349640625,-2.5227403617858886,7.332990772247314,3.8754642997741695
1757954320046596400,31.359596435546877,-2.6683377502441403,7.810484365844726,3.9564182434082027
1757954320056552400,31.369552490234376,-2.737470323181152,8.21061531829834,4.025101903533935
1757954320066508300,31.37950830078125,-2.7787703018188474,8.50959125061035,4.116829754638672
1757954320076464400,31.38946435546875,-2.7817630538940428,8.74601866455078,4.219481150817871
1757954320086420200,31.399420166015624,-2.8200702804565427,8.908824377441405,4.242525341796875
1757954320096376300,31.409376220703123,-2.8119898498535156,9.039009092712401,4.216039485931396
1757954320106332400,31.41933251953125,-2.787299645233154,9.212887988281249,4.20721086730957
1757954320116288500,31.42928857421875,-2.7940333374023436,9.424924472808838,4.201524638366699
1757954320126244400,31.439244384765626,-2.788796021270752,9.733177936553954,4.195688771820068
1757954320136200400,31.449200439453126,-2.6876410011291503,10.140042581176758,4.165611613464355
1757954320146156300,31.45915625,-2.5673323677062987,10.660482167053223,4.050390658569336
1757954320156112400,31.4691123046875,-2.3843255783081054,11.195885513305663,3.925293621826172
1757954320166068200,31.479068115234377,-2.1576246086120605,11.72769755706787,3.786429925537109
1757954320176024300,31.4890244140625,-1.912069300842285,12.22643969039917,3.702183954620361
1757954320185980400,31.49898046875,-1.8073229782104492,12.60906304321289,3.6544495590209958
1757954320195936500,31.5089365234375,-1.854009910583496,12.708422412109375,3.6686651313781735
1757954320205892400,31.518892333984375,-1.9642928245544433,12.501623243713379,3.7193922790527343
1757954320215848400,31.528848388671875,-2.064101106262207,12.314276963806151,3.828777367401123
1757954320225804300,31.53880419921875,-1.9596540588378906,12.435633060455322,3.9386113685607906
1757954320235760400,31.548760498046875,-1.8722656982421875,12.543222497558594,3.9755718566894527
1757954320245716200,31.55871630859375,-1.8391957878112792,12.320262467956542,3.9920319931030273
1757954320255672600,31.568672607421874,-1.8655320060729979,11.774534127044676,3.9639001235961913
1757954320265628400,31.57862841796875,-2.0136732337951657,11.201422104644776,3.871872997283935
1757954320275584500,31.58858447265625,-2.2219687782287596,10.618583638000487,3.688118019866943
1757954320285540400,31.598540283203125,-2.3843255783081054,10.056544798278807,3.4796728378295896
1757954320295496400,31.608496337890625,-2.522441086578369,9.523834928894042,3.3171664001464842
1757954320305452300,31.618452392578124,-2.614168937683105,9.04753843612671,3.2365117317199705
1757954320315408400,31.628408447265624,-2.6855460746765134,8.651447698974609,3.2000001564025875
1757954320325364200,31.6383642578125,-2.7021558486938475,8.31850403060913,3.124582804107666
1757954320335320600,31.648320556640623,-2.5995044525146485,8.081029153442381,2.966864769744873
1757954320345276400,31.6582763671875,-2.4245780937194823,8.07534292449951,2.7947815254211426
1757954320355232500,31.668232421875,-2.1532851181030273,8.292317449951172,2.656666017150879
1757954320365188400,31.678188232421874,-1.8788497528076171,8.56136586151123,2.5363573837280273
1757954320375144400,31.68814453125,-1.5806220085144043,8.822034567260742,2.384475215911865
1757954320385100300,31.698100341796874,-1.2753612968444823,9.074024291992187,2.1881506797790524
1757954320395056400,31.708056396484373,-1.0238204849243164,9.392004199981688,2.0102315689086914
1757954320405012500,31.718012451171877,-0.792929662322998,9.826402163696288,1.8441338287353515
1757954320414968600,31.727968505859376,-0.5891232460021972,10.2019925491333,1.7932570434570312
1757954320424924400,31.73792431640625,-0.47270519027709956,10.363152248382567,1.7621324218749999
1757954320434880500,31.747880615234376,-0.45295302658081055,10.207529140472412,1.728314323425293
1757954320444836400,31.75783642578125,-0.5705681831359863,9.865756853485108,1.7076643341064452
1757954320454792200,31.767792236328123,-0.7914332862854003,9.476549446105956,1.6358382843017578
1757954320464748300,31.777748291015627,-1.070058504486084,9.068487700653076,1.5536872398376464
1757954320474704400,31.787704345703126,-1.356614515686035,8.59952345046997,1.5032593673706054
1757954320484660500,31.797660400390626,-1.6271593032836913,8.098387115478515,1.5038579177856444
1757954320494616300,31.8076162109375,-1.8522142593383788,7.6574050971984855,1.5918448287963867
1757954320504572400,31.817572509765625,-1.998859111022949,7.264756024932861,1.7178396911621092
1757954320514528300,31.8275283203125,-2.0688895095825193,6.961739877319336,1.8353052101135252
1757954320524484400,31.837484375,-2.117671368408203,6.710498340606689,1.9381062438964842
1757954320534440200,31.847440185546876,-2.090287686920166,6.604106004333496,2.035969236755371
1757954320544396300,31.857396240234376,-2.005892078399658,6.557867984771728,2.0979192047119137
1757954320554352400,31.867352294921876,-1.9361609550476073,6.571335369110107,2.1327847663879393
1757954320564308500,31.87730859375,-1.8071733406066894,6.613233898162841,2.13862063293457
1757954320574264300,31.887264404296875,-1.7124527374267577,6.657526628875732,2.0988170303344726
1757954320584220400,31.897220458984375,-1.623568000793457,6.694038204193115,2.083105081939697
1757954320594176300,31.90717626953125,-1.4487912796020508,6.709600514984131,2.1062989105224608
1757954320604132400,31.91713232421875,-1.2823942642211914,6.772298670959472,2.1556793197631836
1757954320614088200,31.927088134765626,-1.120486376953125,6.9430351768493646,2.266860059356689
1757954320624044500,31.93704443359375,-0.967257470703125,7.231985389709473,2.410063246154785
1757954320634000400,31.94700048828125,-0.8723872299194335,7.668927192687987,2.6200048042297364
1757954320643956500,31.95695654296875,-0.8731354179382323,8.339303657531739,2.896984008789062
1757954320653912300,31.966912353515625,-0.9603741409301757,9.246556449127196,3.167678433990478
1757954320663868400,31.976868408203124,-1.071405242919922,10.314520027160643,3.3803134689331054
1757954320673824300,31.98682421875,-1.157446865081787,11.276989094543456,3.5761890922546384
1757954320683780400,31.9967802734375,-1.2963105613708494,11.908010869598389,3.736750241088867
1757954320693736200,32.00673608398437,-1.5315408744812011,12.235118671417236,3.8166567214965816
1757954320703692500,32.01669262695312,-1.8082208038330077,12.261604527282714,3.5410242553710933
1757954320713648400,32.0266484375,-1.9521721786499022,11.899182250976562,2.7124808433532714
1757954320723604500,32.0366044921875,-2.0341735855102536,11.322030013275146,1.739686781311035
1757954320733560300,32.04656030273438,-2.129792014312744,10.805780280303955,0.8864531646728515
1757954320743516400,32.05651635742188,-2.124105785369873,10.605565166473388,0.11731588134765625
1757954320753472300,32.06647216796875,-2.016217073059082,11.036371827697753,-0.4677671493530273
1757954320763428400,32.07642846679688,-1.7003320915222166,12.067075642395018,-0.5876268699645996
1757954320773384400,32.086384521484376,-1.3868413116455078,13.198635202026367,-0.08334814529418945
1757954320783340500,32.096340576171876,-1.250072541809082,13.955502201843261,0.8044517578125
1757954320793296400,32.10629638671875,-1.323544605255127,14.226944815063476,1.6876128952026366
1757954320803252500,32.11625244140625,-1.6404770500183103,13.959392779541014,2.1622633743286133
1757954320813208300,32.12620825195312,-2.1021090576171875,13.218836278533935,2.146252150726318
1757954320823164400,32.13616430664062,-2.618807703399658,12.282703429412841,1.9098247367858885
1757954320833120300,32.14612036132812,-3.097648035430908,11.369465133666992,1.6798317398071287
1757954320843076400,32.15607641601562,-3.5817256835937497,10.655993038940428,1.5165771141052244
1757954320853032400,32.16603247070312,-3.9637504859924313,10.09395419921875,1.4490905548095703
1757954320862988500,32.17598852539062,-4.123114533996582,9.641300447845458,1.434575707244873
1757954320872944400,32.1859443359375,-4.058471089172363,9.293093743896485,1.3742717529296875
1757954320882900500,32.195900390625,-3.831919757080078,9.139864837646483,1.2376526206970213
1757954320892856300,32.205856201171876,-3.474435521697998,9.287407514953612,1.0459668502807618
1757954320902812400,32.2158125,-3.041384296417236,9.625289224243163,0.8379705810546875
1757954320912768300,32.225768310546876,-2.588730545043945,9.958831443023682,0.722749626159668
1757954320922724600,32.235724609375,-2.2177789253234863,10.128221210479735,0.6596025573730468
1757954320932680400,32.245680419921875,-1.9815011489868164,10.13196215057373,0.6751648681640625
1757954320942636500,32.255636474609375,-1.8511667961120604,10.070461095428467,0.7610568527221679
1757954320952591400,32.26559130859375,-1.7271172225952147,10.02946039199829,0.8866028022766113
1757954320962547200,32.275547119140626,-1.567304261779785,10.041431400299071,1.04057989654541
1757954320972502500,32.28550244140625,-1.4279916526794432,10.065373416900634,1.2605471740722656
1757954320982458600,32.29545874023437,-1.2726678199768067,9.9851676612854,1.513733999633789
1757954320992414500,32.30541455078125,-1.1520599113464354,9.78629928588867,1.753752716064453
1757954321002370600,32.31537060546875,-1.0859200904846191,9.480140748596192,1.9575591323852537
1757954321012326400,32.32532641601563,-1.0703577796936035,9.105747463989257,2.155080769348144
1757954321022282500,32.33528247070313,-1.0957961723327636,8.743325187683105,2.3083096755981445
1757954321032238600,32.34523852539063,-1.1462240447998047,8.386888415527343,2.466177347564697
1757954321042194700,32.35519458007813,-1.1761515655517578,8.071302709197997,2.6131214744567868
1757954321052150500,32.36515063476563,-1.2137106040954588,7.790732202148437,2.739565249633789
1757954321062106600,32.375106689453126,-1.2425906616210938,7.550863123321533,2.8603227958679196
1757954321072062500,32.3850625,-1.3093290328979492,7.39987878112793,2.9845220069885254
1757954321082018600,32.3950185546875,-1.4315829551696777,7.304858902740478,3.086874127960205
1757954321091974400,32.404974365234374,-1.560271294403076,7.2343795913696285,3.1712697364807125
1757954321101930500,32.41493041992187,-1.7377414924621581,7.207444822692871,3.2095769630432125
1757954321111886600,32.42488647460937,-1.9336171157836912,7.123647764587402,3.1720179244995115
1757954321121842700,32.4348427734375,-2.129642376708984,7.041197444915771,3.063829936981201
1757954321131798500,32.44479858398437,-2.327612926483154,6.97805037612915,2.9692589714050293
1757954321141754600,32.45475463867187,-2.5086744270324703,6.873603328704833,2.8880057525634766
1757954321151710500,32.46471044921875,-2.675819630432129,6.833799726104736,2.7952304382324216
1757954321161666600,32.47466650390625,-2.833836940002441,6.870012026214599,2.682553322601318
1757954321171622400,32.48462231445313,-3.038092269134521,7.0649898239135736,2.5573066482543942
1757954321181578800,32.49457885742188,-3.299209887695312,7.438335645294189,2.4187422271728516
1757954321191534600,32.50453466796875,-3.54311918182373,7.943961108398437,2.2105963203430172
1757954321201490700,32.51449072265625,-3.735553140258789,8.46619634552002,1.986289552307129
1757954321211446500,32.524446533203125,-3.9318776763916015,8.979902239227295,1.7651251739501952
1757954321221402600,32.534402587890625,-4.111143525695801,9.396493328094483,1.520168416595459
1757954321231358500,32.5443583984375,-4.3239281982421875,9.725995331573486,1.2502221794128416
1757954321241314600,32.554314453125,-4.4847886222839355,9.81996774673462,0.9403227020263671
1757954321251270700,32.564270751953124,-4.653430201721191,9.79408044128418,0.6109703361511231
1757954321261226800,32.574226806640624,-4.780622164916992,9.802460147094726,0.3295020034790039
1757954321271182600,32.5841826171875,-4.790947159576416,9.982025271606444,0.14903905334472656
1757954321281138700,32.594138671875,-4.66091208190918,10.331877989196776,0.06584054565429687
1757954321291094500,32.60409448242188,-4.362385062408447,10.793360359191894,-0.005087678527832031
1757954321301050600,32.61405053710938,-4.058620726776123,11.1726916847229,-0.06284779357910156
1757954321311006500,32.62400634765625,-3.8494273567199704,11.419294455718994,-0.09681552963256836
1757954321320962300,32.63396240234375,-3.7084687339782714,11.45281327896118,-0.08858546142578125
1757954321330918700,32.64391870117188,-3.6897640335083004,11.117026496124266,-0.10265139617919922
1757954321340874500,32.65387451171875,-3.817255271911621,10.531943465423584,-0.08843582382202148
1757954321350830600,32.66383056640625,-4.033182334136963,9.932644862365722,-0.10863690032958984
1757954321360786400,32.673786376953124,-4.293402127075195,9.393650213623046,-0.08933364944458007
1757954321370742500,32.683742431640624,-4.501996946716308,9.005190994262694,0.011372457885742187
1757954321380698400,32.693698486328124,-4.594173710632324,8.791957408905029,0.12913725204467771
1757954321390654500,32.703654541015624,-4.548384603881836,8.788216468811035,0.31797990798950193
1757954321400610600,32.71361059570312,-4.427776695251465,9.044695321655272,0.5472247169494628
1757954321410566700,32.72356665039062,-4.252850336456299,9.448417576599121,0.8141782020568847
1757954321420522500,32.7335224609375,-4.044255516815185,9.828497090148925,1.0434230110168456
1757954321430478600,32.743478515625,-3.842693664550781,10.077942975616455,1.2612953620910643
1757954321440434400,32.75343432617188,-3.6715082458496093,10.262296503448486,1.4927847351074217
1757954321450390500,32.763390625,-3.503016304016113,10.42540149154663,1.6938976745605467
1757954321460346400,32.77334643554688,-3.3488895721435545,10.624569142150879,1.8927660499572754
1757954321470302500,32.78330249023438,-3.17920052947998,10.809371582794189,2.0594623405456542
1757954321480258600,32.793258544921876,-3.025522710418701,10.944643976593017,2.2029648025512696
1757954321490214700,32.803214599609376,-2.91119958114624,10.964994690704344,2.255038688659668
1757954321500170500,32.81317041015625,-2.7365724975585937,10.781090075683593,2.0919337005615235
1757954321510126600,32.823126708984375,-2.5252842010498044,10.335768566894531,1.8192939865112303
1757954321520082400,32.83308251953125,-2.319382858276367,9.820865572357176,1.5710452018737793
1757954321530038500,32.84303857421875,-2.212092696380615,9.283217662048338,1.3832500091552733
1757954321539993600,32.85299365234375,-2.0992659431457517,8.716689694213867,1.2482768905639647
1757954321549949700,32.86294970703125,-1.9837457130432128,8.172906642150878,1.1565490394592284
1757954321559905500,32.872905517578126,-1.835454847717285,7.681197476196289,1.0684124908447266
1757954321569861600,32.882861572265625,-1.6744447860717773,7.180061141204834,0.9808744926452636
1757954321579817500,32.8928173828125,-1.5056535690307615,6.783371853637695,0.9235632904052734
1757954321589773600,32.902773681640625,-1.3034931663513183,6.513126341247558,0.8984241729736328
1757954321599729700,32.912729736328124,-1.0390835205078124,6.378751773071289,0.8845078758239746
1757954321609685800,32.922685791015624,-0.7671919944763184,6.401945601654052,0.9060556907653808
1757954321619641600,32.9326416015625,-0.48886605148315426,6.5868976799011225,0.9753379013061523
1757954321629597700,32.94259765625,-0.27144261322021485,6.857592105102539,1.0583867713928221
1757954321639553500,32.95255346679688,-0.10684124908447265,7.175422375488281,1.163881282043457
1757954321649509400,32.96250927734375,-0.10893617553710937,7.472453018951415,1.2457330513000489
1757954321659465500,32.97246557617188,-0.09202712631225586,7.737012302398681,1.384746385192871
1757954321669421300,32.98242138671875,-0.10339958419799804,7.91029264755249,1.495777487182617
1757954321679377700,32.99237768554688,-0.20006547622680662,8.098237477874756,1.5990274337768553
1757954321689333500,33.00233349609375,-0.3865139305114746,8.377760521697997,1.6916531105041503
1757954321699289600,33.01228955078125,-0.6766612442016601,8.788216468811035,1.7476175743103026
1757954321709245400,33.022245361328125,-0.9982324546813964,9.394847314453125,1.8785504776000976
1757954321719201500,33.032201416015624,-1.1813888816833495,10.239701225280761,2.1869535789489745
1757954321729157400,33.042157470703124,-1.426944189453125,11.126453665161133,2.5411457870483396
1757954321739113500,33.052113525390624,-1.64077632522583,11.794735203552245,2.7902923973083493
1757954321749069600,33.06206958007812,-1.8366519485473631,12.102090841674803,2.8761843818664548
1757954321759025700,33.07202563476562,-2.185457202911377,11.97055938796997,2.8446108474731444
1757954321768981500,33.0819814453125,-2.5975591636657716,11.494861445617675,2.587383806610107
1757954321778937600,33.0919375,-2.827851435852051,10.901099433898926,2.1594202598571774
1757954321788893400,33.1018935546875,-2.9240684150695797,10.48974566116333,1.7143980262756346
1757954321798849500,33.111849609375,-2.8989292976379395,10.677241578674316,1.3871405868530273
1757954321808805400,33.12180541992188,-2.551021868896484,11.722011328125,1.5138836372375488
1757954321818761500,33.13176147460938,-2.0780174034118652,13.084611347961426,2.0938789894104004
1757954321828717600,33.141717529296876,-1.6973393394470213,13.87394970779419,2.862118447113037
1757954321838673700,33.151673583984376,-1.4567220726013184,13.824569298553467,3.5935470542907715
1757954321848629500,33.16162939453125,-1.4368202713012694,13.423091607666015,4.070442097473144
1757954321858585600,33.171585693359376,-1.651550232696533,13.025953407287597,4.123264171600342
1757954321868541400,33.18154150390625,-2.0854992835998534,12.505364183807373,3.856759599304199
1757954321878497500,33.19149755859375,-2.6104279975891114,11.713930897521973,3.466055815887451
1757954321888453400,33.20145336914062,-3.127276280975342,10.832266136169434,3.06442848739624
1757954321898409700,33.21140966796875,-3.5378818656921385,10.13779801712036,2.7474960426330566
1757954321908365600,33.22136547851562,-3.8105215797424314,9.618555532073975,2.522889999389648
1757954321918321700,33.23132177734375,-3.887584945678711,9.224260446166992,2.375646597290039
1757954321928277500,33.24127758789062,-3.7849335494995113,8.921992486572265,2.183960826873779
1757954321938233600,33.25123364257813,-3.5028666664123533,8.79824218826294,1.948580876159668
1757954321948189400,33.261189453125,-3.068917615509033,8.924087413024901,1.7585411193847655
1757954321958145500,33.2711455078125,-2.5297733291625977,9.306261853027344,1.6885107208251953
1757954321968102100,33.28110205078125,-1.989431941986084,9.772981539154053,1.7206828056335448
1757954321978058000,33.29105810546875,-1.599326708984375,10.159794744873047,1.8050784141540526
1757954321988013000,33.30101293945312,-1.3715782760620117,10.395473970794677,1.9336171157836912
1757954321997969200,33.31096923828125,-1.3753192161560057,10.402058025360107,2.0287866317749024
1757954322007925000,33.32092504882812,-1.4157213691711426,10.25286933441162,2.0860978340148923
1757954322017881000,33.33088110351562,-1.4818611900329588,9.9974379447937,2.0316297462463377
1757954322027837000,33.3408369140625,-1.4573206230163573,9.67856021118164,1.931222914123535
1757954322037793300,33.35079321289062,-1.4267945518493652,9.253888691711426,1.8128595695495604
1757954322047749000,33.3607490234375,-1.4200608596801756,8.813205948638915,1.6941969497680662
1757954322057705200,33.37070532226563,-1.3799579818725585,8.380753273773193,1.6356886466979979
1757954322067661000,33.3806611328125,-1.343895319366455,8.021922299957275,1.654692622375488
1757954322077617200,33.3906171875,-1.372027188873291,7.742698531341552,1.6991349906921385
1757954322087573000,33.400572998046876,-1.4695909065246582,7.531260597229004,1.837998686981201
1757954322097529000,33.410529052734375,-1.5411176811218261,7.395090377807617,2.0356699615478515
1757954322107485000,33.42048486328125,-1.7030255683898925,7.339125914001464,2.2258593559265134
1757954322117441300,33.430441162109375,-1.9256863227844236,7.331943309020995,2.4191911399841306
1757954322127397000,33.440397216796875,-2.0816087059020996,7.350199096679687,2.6027964797973633
1757954322137353200,33.450353271484374,-2.203264077758789,7.353940036773682,2.7584195877075195
1757954322147309000,33.46030908203125,-2.309806051635742,7.403918996429443,2.8479028747558592
1757954322157265200,33.47026513671875,-2.3740005836486815,7.521234877777099,2.877980033111572
1757954322167221000,33.48022094726562,-2.4652795219421386,7.7322238990783685,2.8776807579040526
1757954322177177000,33.49017700195313,-2.5565584602355957,8.036586785125731,2.856432218170166
1757954322187133200,33.50013330078125,-2.5671827301025387,8.32508808517456,2.870947065734863
1757954322197089300,33.51008935546875,-2.588281632232666,8.528744863891601,2.910750668334961
1757954322207045000,33.52004516601563,-2.6322750877380368,8.63124662246704,2.964320930480957
1757954322217001200,33.53000122070313,-2.7647043670654297,8.706364699554443,3.003226707458496
1757954322226957000,33.53995703125,-3.0096611244201656,8.866626573181152,3.0502129150390624
1757954322236913200,33.5499130859375,-3.311480171203613,9.123404701232909,3.028515462493896
1757954322246869000,33.559868896484375,-3.6113539291381835,9.42402664718628,3.023128508758545
1757954322256825000,33.5698251953125,-3.8597523513793943,9.701604402160644,3.07086290435791
1757954322266781200,33.57978125,-4.060566015625,9.824007962036132,3.099593324279785
1757954322276737300,33.5897373046875,-4.252999974060058,9.727491707611083,3.0448259613037107
1757954322286693000,33.59969311523437,-4.432565098571777,9.534908111572266,2.8302456375122067
1757954322296649200,33.60964916992187,-4.585195454406738,9.43629693069458,2.467673723602295
1757954322306605000,33.61960498046875,-4.613626599121093,9.5384994140625,2.027739168548584
1757954322316561200,33.62956103515625,-4.544045113372802,9.797073193359374,1.6169839462280273
1757954322326517000,33.63951708984375,-4.457255303192138,10.204536388397216,1.3226467796325683
1757954322336473300,33.64947338867187,-4.3430818115234375,10.711358952331542,1.024119760131836
1757954322346429200,33.65942919921875,-4.192247106933594,11.275941631317139,0.6302735870361328
1757954322356384000,33.66938403320312,-3.976768957519531,11.626991449737549,0.1409586227416992
1757954322366340000,33.67934008789062,-3.7784991325378416,11.645995425415038,-0.2501940734863281
1757954322376296000,33.6892958984375,-3.5730467025756836,11.400440117645264,-0.47210663986206053
1757954322386252300,33.69925219726562,-3.4521395187377926,10.90439146118164,-0.6202478675842285
1757954322396208000,33.7092080078125,-3.531896361541748,10.22099652481079,-0.7234978141784667
1757954322406164200,33.71916430664062,-3.7900212280273435,9.516502686309813,-0.8228571830749511
1757954322416120000,33.7291201171875,-4.134337354278564,8.904784162139892,-0.8798691101074219
1757954322426076200,33.739076171875,-4.48852956237793,8.464550331878662,-0.8108861747741699
1757954322436032000,33.749031982421876,-4.792742810821533,8.193855906677246,-0.6667851623535156
1757954322445988000,33.758988037109376,-4.926219553375244,8.071153071594237,-0.48228199691772455
1757954322455944000,33.76894384765625,-4.895843119812011,8.058433875274657,-0.3344400444030762
1757954322465900300,33.778900390625,-4.727351177978515,8.186224388885497,-0.14215572357177733
1757954322475856100,33.788856201171875,-4.4656350090026855,8.443451429748535,0.08259995727539061
1757954322485812200,33.798812255859374,-4.134786267089844,8.75230344390869,0.2937386161804199
1757954322495768000,33.80876806640625,-3.783287535858154,9.166649968719481,0.5494692810058593
1757954322505724200,33.81872412109375,-3.442413074493408,9.712527947235106,0.8316858016967773
1757954322515680000,33.82867993164062,-3.1191958503723143,10.363900436401366,1.1254244178771973
1757954322525636000,33.83863598632813,-2.889651766204834,11.022305892944335,1.4941314735412596
1757954322535592200,33.84859228515625,-2.752284445953369,11.501295862579346,1.8139070327758788
1757954322545548300,33.85854833984375,-2.616263864135742,11.750292835235594,1.9868881027221679
1757954322555504000,33.86850415039063,-2.535908470916748,11.570578073120117,1.9934721572875975
1757954322565460200,33.87846020507813,-2.45151286239624,10.915913556671143,1.887828009033203
1757954322575416000,33.888416015625,-2.4066215812683103,10.007912577056883,1.7778443702697753
1757954322585372200,33.8983720703125,-2.431162148284912,9.09751739578247,1.6409259628295898
1757954322595328000,33.908327880859375,-2.3994389762878416,8.260145365142822,1.5031097297668456
1757954322605284000,33.9182841796875,-2.3018752586364744,7.592163101959228,1.393724641418457
1757954322615240200,33.928240234375,-2.1218612213134764,7.068880401611327,1.3712790008544922
1757954322625196300,33.9381962890625,-1.9406500831604003,6.699874070739746,1.39177935256958
1757954322635152100,33.94815209960937,-1.7274164978027342,6.520159308624267,1.4673463424682616
1757954322645108200,33.95810815429687,-1.5025111793518064,6.604106004333496,1.6051625755310057
1757954322655064000,33.96806396484375,-1.3189058395385742,6.873304053497314,1.7075146965026855
1757954322665020200,33.97802026367187,-1.0895113929748534,7.266102763366699,1.8270751419067381
1757954322674975200,33.987975341796876,-0.8671499137878418,7.706935144042968,1.9119196632385254
1757954322684931000,33.99793115234375,-0.7294833183288574,8.006060713958739,1.9997569366455077
1757954322694887200,34.00788720703125,-0.5591957252502441,8.101080592346191,2.065298207092285
1757954322704843000,34.01784301757812,-0.4282628219604492,8.008305278015136,2.022501852416992
1757954322714799000,34.02779907226562,-0.34656069030761716,7.848193041992187,1.9319711021423338
1757954322724755000,34.0377548828125,-0.33848025970458984,7.690325370025635,1.8140566703796386
1757954322734711300,34.04771118164062,-0.3751414726257324,7.642740612030029,1.7290625114440916
1757954322744667100,34.05766723632812,-0.47599721755981445,7.691372833251953,1.6997335411071777
1757954322754623200,34.06762329101562,-0.5906196220397949,7.898920189666748,1.796549070739746
1757954322764579000,34.0775791015625,-0.7052420265197753,8.259397177124024,1.996913822174072
1757954322774535200,34.08753515625,-0.7900865478515624,8.935908783721922,2.2744915771484373
1757954322784491000,34.097490966796876,-0.9548375495910644,9.816376444244383,2.625840670776367
1757954322794447000,34.107447021484376,-1.1465233200073242,10.766126315307616,2.9885622222900388
1757954322804403000,34.11740283203125,-1.354669226837158,11.528829181671142,3.327940307617187
1757954322814359300,34.127359375,-1.4787188003540037,11.767650797271727,3.4680011047363277
1757954322824315100,34.137315185546875,-1.5939397552490233,11.500098761749268,3.3563714523315427
1757954322834271200,34.147271240234375,-1.860893240356445,10.970980194854736,3.0623335609436033
1757954322844227000,34.15722705078125,-2.158672071838379,10.471789148712158,2.605938869476318
1757954322854183200,34.16718310546875,-2.39405202255249,10.2272813041687,2.0760721145629883
1757954322864139000,34.17713891601562,-2.5546131713867184,10.414627584075927,1.5541361526489257
1757954322874095000,34.18709521484375,-2.5296236915588377,11.39011512298584,1.4133271675109862
1757954322884051200,34.19705126953125,-2.3582886352539063,12.772317668914795,1.7621324218749999
1757954322894007300,34.20700732421875,-2.224961530303955,13.903877228546142,2.3965958618164063
1757954322903963100,34.21696313476563,-2.1447557746887207,14.42865630493164,3.0825346374511717
1757954322913919200,34.22691918945313,-2.175581121063232,14.369998364257812,3.5877111877441403
1757954322923875000,34.236875,-2.366817978668213,13.810952276611328,3.6979941017150875
1757954322933831200,34.2468310546875,-2.7439047401428223,12.742240510559082,3.3488895721435545
1757954322943787000,34.256787109375,-3.186233496856689,11.586888571929931,2.771587696838379
1757954322953743000,34.2667431640625,-3.6074633514404293,10.729465102386474,2.1779753227233885
1757954322963699200,34.27669921875,-3.8787563270568843,10.046219803619385,1.6385317611694334
1757954322973653800,34.28665380859375,-3.9035961692810055,9.536554125213623,1.1598410667419432
1757954322983609900,34.29660986328125,-3.7997476722717285,9.286509689331055,0.9364321243286132
1757954322993565700,34.306565673828125,-3.5863644493103024,9.444377361297606,1.0899603057861327
1757954323003521800,34.316521728515625,-3.265691064453125,10.009259315490722,1.4236521621704101
1757954323013478000,34.326477783203124,-2.856432218170166,10.65554412612915,1.7953519699096678
1757954323023433700,34.336433837890624,-2.4633342330932617,11.017367852020262,1.9563620315551757
1757954323033389800,34.346389892578124,-2.1562778701782226,11.031583424377441,1.8773533767700195
1757954323043345700,34.356345703125,-2.0055928031921386,10.876409229278563,1.6371850227355955
1757954323053301800,34.3663017578125,-1.9761141952514647,10.696694467163086,1.3887866004943847
1757954323063257600,34.37625756835938,-2.0204069259643553,10.499172830200195,1.1430816551208496
1757954323073213700,34.38621362304688,-2.0587141525268553,10.260650489807128,1.041926634979248
1757954323083169800,34.39616967773438,-1.9610007972717285,9.977386505889893,1.064821188354492
1757954323093126000,34.4061259765625,-1.790713204193115,9.664943189239501,1.1677718597412108
1757954323103081700,34.41608178710938,-1.6639701538085936,9.360430665588378,1.3208511283874511
1757954323113037800,34.42603784179688,-1.652896971130371,9.053523940277099,1.4609119255065917
1757954323122993700,34.43599365234375,-1.6493056686401366,8.743175550079345,1.598578520965576
1757954323132949800,34.44594970703125,-1.7176900535583495,8.417264849090575,1.7374422172546387
1757954323142905600,34.455905517578124,-1.7878700897216795,8.1081135597229,1.8947113388061523
1757954323152862000,34.465862060546876,-1.9402011703491209,7.835324208068847,2.031480108642578
1757954323162817800,34.47581787109375,-2.0265420677185055,7.633313442993163,2.175730758666992
1757954323172774000,34.48577392578125,-2.1191677444458006,7.468712078857421,2.332850242614746
1757954323182729700,34.49572973632812,-2.2363339881896973,7.333589322662353,2.5004443588256833
1757954323192685800,34.50568579101562,-2.329707852935791,7.194426351165771,2.614318575286865
1757954323202641700,34.5156416015625,-2.4384943908691405,7.072621341705322,2.7097873664855956
1757954323212597800,34.52559765625,-2.513612467956543,6.97146632156372,2.7723358848571777
1757954323222553900,34.53555395507812,-2.5082255142211913,6.925228302001953,2.7665000183105466
1757954323232510000,34.54551000976563,-2.524386375427246,6.954257997131347,2.703053674316406
1757954323242464800,34.55546484375,-2.572270408630371,7.0287775238037105,2.605489956665039
1757954323252420900,34.5654208984375,-2.6191069786071774,7.15716658782959,2.5074773262023924
1757954323262376700,34.57537670898437,-2.6390087799072264,7.370250535583495,2.438045478057861
1757954323272332800,34.58533276367187,-2.665494635772705,7.6484268409729,2.383876665496826
1757954323282289000,34.59528881835938,-2.6569652923583984,7.934234664154053,2.3701100059509277
1757954323292245000,34.60524487304688,-2.6446950088500976,8.256554062652587,2.367416529083252
1757954323302200800,34.61520092773438,-2.7015572982788085,8.628253870391845,2.3075614875793455
1757954323312156700,34.62515673828125,-2.814084776306152,9.038560179901122,2.2110452331542967
1757954323322112800,34.63511279296875,-2.9679122329711913,9.366116894531249,2.198326036834717
1757954323332068600,34.645068603515625,-3.185186033630371,9.638008420562743,2.2297499336242677
1757954323342024700,34.655024658203125,-3.4012627334594723,9.817124632263184,2.1920412574768067
1757954323351980800,34.664980712890625,-3.624522038269043,9.930998848724364,2.089389861297607
1757954323361937000,34.67493701171875,-3.7597944320678707,10.02901147918701,1.9500772521972656
1757954323371892700,34.684892822265624,-3.8232407760620113,10.095749850463866,1.7069161460876463
1757954323381848800,34.694848876953124,-3.882048354339599,10.128370848083495,1.4520833068847656
1757954323391804700,34.7048046875,-4.013879083251953,10.121786793518066,1.249473991394043
1757954323401760800,34.7147607421875,-4.170400016784668,10.21456210784912,1.09804073638916
1757954323411716600,34.72471655273438,-4.300584732055664,10.557232220458983,0.9419687156677246
1757954323421672700,34.73467260742188,-4.286069884490966,11.051036312866211,0.8185176925659179
1757954323431628800,34.74462890625,-4.161721035766601,11.42767416152954,0.7384615745544433
1757954323441585000,34.7545849609375,-4.083909481811523,11.597512841796874,0.716913759613037
1757954323451540700,34.76454077148438,-4.1006688934326165,11.46717848892212,0.6982090591430664
1757954323461496800,34.77449682617188,-4.222773178100586,11.117176133728027,0.5409399375915527
1757954323471452700,34.78445263671875,-4.455160376739502,10.715249530029297,0.318578458404541
1757954323481408000,34.79440795898437,-4.70505517501831,10.27830772705078,0.046537294769287106
1757954323491363800,34.80436376953125,-4.956296711730957,9.756970315551758,-0.1792658493041992
1757954323501320000,34.81431982421875,-5.228188237762451,9.21154124984741,-0.2437596565246582
1757954323511275800,34.82427587890625,-5.501875415039062,8.748562503814696,-0.15607202072143553
1757954323521232000,34.83423193359375,-5.678896700286865,8.454674250030518,-0.0234931037902832
1757954323531187700,34.844187744140626,-5.716605376434326,8.361749298095702,0.04384381790161133
1757954323541143800,34.854143798828126,-5.635501795196533,8.445995269012451,0.05551555099487304
1757954323551100000,34.864099853515626,-5.422268209838867,8.653991538238525,0.02902969512939453
1757954323561056000,34.874055908203125,-5.097554609680175,8.879645044708251,0.0383072265625
1757954323571011800,34.88401171875,-4.721066398620605,9.155726423645019,0.03920505218505859
1757954323580968000,34.893968017578125,-4.316745593261719,9.51964507598877,0.08245031967163086
1757954323590923800,34.903923828125,-3.961655559539795,9.980977808380127,0.16909049224853515
1757954323600879900,34.9138798828125,-3.6469676788330077,10.475829364013672,0.33054946670532226
1757954323610835700,34.92383569335937,-3.301903364562988,10.781239713287352,0.5301660301208496
1757954323620791800,34.93379174804687,-2.995445552062988,10.784232465362548,0.7704840217590332
1757954323630748000,34.94374780273437,-2.733280470275879,10.452785173034668,1.0203788200378416
1757954323640703700,34.95370385742188,-2.5487773048400877,9.897629663085937,1.2101193016052245
1757954323650659800,34.96365991210938,-2.391657820892334,9.324368003082276,1.3082815696716308
1757954323660615700,34.97361572265625,-2.236483625793457,8.791358858489989,1.3084312072753905
1757954323670571800,34.98357177734375,-2.0536264739990235,8.309675411987305,1.334917063140869
1757954323680527600,34.993527587890625,-1.8804957664489745,7.879766576385498,1.3910311645507811
1757954323690483700,35.003483642578125,-1.715445489501953,7.498190686798095,1.4876970565795897
1757954323700439800,35.013439697265625,-1.5958850440979002,7.161506078338623,1.6253636520385741
1757954323710396000,35.02339599609375,-1.4547767837524412,6.861931595611572,1.770362490081787
1757954323720350700,35.03335083007813,-1.3646949462890625,6.636577364349365,1.8918682243347167
1757954323730306800,35.04330688476563,-1.2578536972045897,6.499958232116699,2.026242792510986
1757954323740262700,35.0532626953125,-1.168968960571289,6.434117686462402,2.1800702491760253
1757954323750218800,35.06321875,-1.1047744285583496,6.462399193572998,2.319532495880127
1757954323760174800,35.0731748046875,-1.0347440299987793,6.529436840057373,2.4386440284729
1757954323770131000,35.083130859375,-0.948103857421875,6.62026686553955,2.5712229454040525
1757954323780086800,35.093086669921874,-0.8698433906555175,6.693140378570556,2.66878666305542
1757954323790043000,35.10304296875,-0.8602665840148925,6.7459624526977535,2.727893516540527
1757954323799998700,35.11299877929687,-0.838868406677246,6.804770030975342,2.744054377746582
1757954323809954800,35.12295483398437,-0.8635586112976074,6.873154415893555,2.767547481536865
1757954323819910700,35.13291064453125,-0.9059060531616211,6.92014062347412,2.825157958984375
1757954323829867000,35.14286694335937,-0.9524433479309081,7.00393768157959,2.8960861831665037
1757954323839822800,35.15282275390625,-0.9992799179077148,7.162703179168701,3.004573445892334
1757954323849779000,35.16277905273437,-1.098788924407959,7.35438894958496,3.0819360870361328
1757954323859734800,35.17273486328125,-1.1448773063659667,7.640645685577392,3.147028444671631
1757954323869691000,35.18269091796875,-1.1649287452697754,7.997980283355712,3.1681273468017577
1757954323879646700,35.192646728515626,-1.1414356414794922,8.578873461151122,3.2056863853454587
1757954323889602800,35.202602783203126,-1.1254244178771973,9.401880281829833,3.286789966583252
1757954323899558700,35.21255859375,-1.2125135032653809,10.345794286346434,3.3795652809143064
1757954323909515000,35.222514892578126,-1.3684358863830566,11.221024630737304,3.4391210472106932
1757954323919470800,35.232470947265625,-1.528398484802246,11.829151852416992,3.464260164642334
1757954323929427000,35.242427001953125,-1.7586907569885253,12.036848846435547,3.4515409683227536
1757954323939382800,35.2523828125,-2.091335150146484,12.004078211212157,3.426401850891113
1757954323949337600,35.262337646484376,-2.3958476737976073,11.873594220733642,3.26883345413208
1757954323959294000,35.2722939453125,-2.737619960784912,11.642853035736083,2.797026089477539
1757954323969250000,35.28225,-2.9670144073486324,11.563545105743408,2.1637597503662107
1757954323979206100,35.2922060546875,-3.0098107620239256,12.17526362991333,1.7878700897216795
1757954323989162000,35.302161865234375,-2.9426234779357907,13.63093823928833,1.773504879760742
1757954323999118000,35.3121181640625,-2.814683326721191,15.288922888946532,2.0690391471862792
1757954324009074000,35.322073974609374,-2.7295395301818846,16.251990506744384,2.5273791275024413
1757954324019030000,35.332030029296874,-2.827851435852051,16.40013173446655,2.9774890396118163
1757954324028985900,35.34198583984375,-3.205985660552978,15.852458104705809,3.086874127960205
1757954324038942200,35.35194213867187,-3.837456348419189,14.633809459686278,2.702604761505127
1757954324048898000,35.36189794921875,-4.506486074829101,13.069647587585449,2.0293851821899414
1757954324058854100,35.37185424804687,-4.913201081848144,11.55561431274414,1.2542623947143554
1757954324068810000,35.38181005859375,-5.02423218383789,10.269628746032714,0.45489831542968745
1757954324078766000,35.39176611328125,-4.962731128692627,9.313893370819091,-0.2919429649353027
1757954324088722000,35.40172192382813,-4.8014217918396,8.755445833587647,-0.8186673301696776
1757954324098678000,35.41167797851563,-4.484339709472656,8.822483480072021,-1.0161889671325683
1757954324108634000,35.42163403320313,-4.080916729736328,9.454403080749511,-0.8581716575622558
1757954324118590200,35.431590087890626,-3.7192426414489743,10.386794989776611,-0.4966472068786621
1757954324128546000,35.441546142578126,-3.4296938781738278,11.266963375091551,-0.14125789794921875
1757954324138502100,35.451502197265626,-3.2071827613830566,11.972205401611328,0.2145803237915039
1757954324148458000,35.4614580078125,-3.0729578308105467,12.363358097839354,0.5814917282104491
1757954324158413000,35.4714130859375,-2.966266219329834,12.33432840270996,0.8366238426208495
1757954324168369200,35.481369140625,-2.9315502952575683,11.91878477706909,0.964713631439209
1757954324178325000,35.491324951171876,-2.824409770965576,11.339836888122559,0.9862614463806152
1757954324188281000,35.501281005859376,-2.6412533439636228,10.703428159332274,0.9730933372497558
1757954324198237000,35.51123681640625,-2.4410382301330564,10.109815785217284,1.0320505531311035
1757954324208193000,35.521193115234375,-2.1914427070617672,9.579949030303954,1.1710638870239256
1757954324218148900,35.53114892578125,-1.9234417587280273,9.137620273590088,1.4273931022644042
1757954324228105000,35.54110498046875,-1.6829741294860838,8.78477480392456,1.7504606887817382
1757954324238061000,35.55106103515625,-1.5471031852722168,8.50390502166748,2.0965724662780763
1757954324248017200,35.56101708984375,-1.4597148246765135,8.180538159942627,2.4244284561157223
1757954324257973000,35.57097290039062,-1.3418003929138183,7.8652517288208,2.687341725921631
1757954324267929000,35.58092919921875,-1.3525743003845214,7.59740041809082,2.9487586196899414
1757954324277885000,35.59088500976563,-1.3401543792724608,7.4134958030700675,3.2044892845153807
1757954324287841000,35.60084106445313,-1.3184569267272948,7.232883215332031,3.392583752441406
1757954324297796900,35.610796875,-1.3825018211364746,7.092523143005371,3.5324949119567868
1757954324307753000,35.6207529296875,-1.542464419555664,7.033565927124023,3.6266169647216793
1757954324317709000,35.630708984375,-1.726967584991455,6.923881563568115,3.67120897064209
1757954324327665200,35.6406650390625,-1.9322703773498533,6.8140475624084464,3.6777930252075195
1757954324337621000,35.65062109375,-2.126649624633789,6.744466076660156,3.6680665809631345
1757954324347577000,35.6605771484375,-2.2958897544860837,6.738779847717285,3.5972879943847653
1757954324357532000,35.67053198242188,-2.5200468849182127,6.834248638916015,3.509450720977783
1757954324367488300,35.68048828125,-2.8853122756958007,6.966827555847168,3.42191272277832
1757954324377444000,35.69044409179688,-3.3533787002563473,7.008875722503662,3.2665888900756834
1757954324387400200,35.70040014648438,-3.806331726837158,6.9707181335449215,3.0092122116088866
1757954324397356000,35.71035595703125,-4.142567422485351,6.979995664978027,2.7597663261413574
1757954324407312100,35.72031201171875,-4.4665328346252435,7.212532501220703,2.5770588119506836
1757954324417268000,35.73026806640625,-4.791545709991455,7.738059765625,2.4416367805480954
1757954324427224000,35.74022412109375,-5.055207167816162,8.506598498535157,2.3536498695373536
1757954324437180200,35.75018017578125,-5.246144750213623,9.440037870788574,2.309207501220703
1757954324447136300,35.76013623046875,-5.345953031921386,10.283395405578613,2.3397335723876953
1757954324457092000,35.77009204101562,-5.47778376083374,10.830021572113036,2.3995886138916016
1757954324467048000,35.7800478515625,-5.7046343681335445,11.081263108825683,2.394800210571289
1757954324477004000,35.79000415039062,-5.906046582794189,11.159373937988281,2.2104466827392577
1757954324486959900,35.7999599609375,-6.012738194274902,11.170447120666504,1.7289128738403319
1757954324496916000,35.809916015625,-5.945999822998046,11.26217497177124,1.0971429107666015
1757954324506872000,35.8198720703125,-5.7243865318298335,11.509974843597412,0.41808746490478516
1757954324516828200,35.829828125,-5.4506993545532225,11.955745265197754,-0.21727380065917967
1757954324526784000,35.839783935546876,-5.217563967895508,12.57719023361206,-0.8788216468811034
1757954324536740000,35.849739990234376,-4.989067346954346,13.223774319458007,-1.5382745666503905
1757954324546696000,35.859696044921876,-4.774337385559082,13.7522943359375,-2.148347077178955
1757954324556651000,35.86965112304687,-4.619462465667724,13.926771781921387,-2.7180174346923827
1757954324566607000,35.87960717773438,-4.57771357421875,13.450026376342773,-3.1145570846557615
1757954324576563200,35.88956323242188,-4.7375265350341795,12.343456296539307,-3.3506852233886715
1757954324586519000,35.89951904296875,-5.082590849304199,10.875212128448485,-3.5980361824035643
1757954324596475100,35.90947509765625,-5.5285109085083,9.51306102142334,-3.840898013305664
1757954324606431000,35.919430908203125,-5.82254879989624,8.634239374542236,-4.0158243721008295
1757954324616387000,35.929386962890625,-5.953032790374755,8.24862326965332,-4.013430170440674
1757954324626343000,35.939343017578125,-5.915024839019775,8.149413538360594,-3.896263926696777
1757954324636299000,35.949299072265624,-5.692962635040283,8.077737126159667,-3.640982174682617
1757954324646255000,35.959255126953124,-5.37573091506958,7.918223440551757,-3.320308789825439
1757954324656211200,35.969211181640624,-5.018695592498779,7.745092733001709,-2.9887118598937987
1757954324666167000,35.9791669921875,-4.561403075408935,7.636006919860839,-2.6952725189208984
1757954324676123100,35.989123046875,-4.133589166259766,7.7602061309814445,-2.4334067123413083
1757954324686079000,35.99907885742188,-3.708019821166992,8.217947560882568,-2.1903952438354493
1757954324696035000,36.00903515625,-3.1549592376708984,8.887875112915038,-1.8953098892211913
1757954324705991000,36.01899096679688,-2.5782559127807616,9.637260232543944,-1.444751064300537
1757954324715947300,36.028947265625,-2.1217115837097165,10.181492197418212,-0.9204209007263183
1757954324725903000,36.03890307617188,-1.8359037605285644,10.348188488006592,-0.3295020034790039
1757954324735859200,36.04885913085938,-1.6418237884521483,10.138995117950438,0.1710357810974121
1757954324745814000,36.05881396484375,-1.5426140571594238,9.712677584838866,0.5424363136291503
1757954324755769900,36.06876977539063,-1.4790180755615234,9.289951354217528,0.7912836486816406
1757954324765726200,36.07872631835937,-1.4481927291870116,9.004891719055175,0.9413701652526855
1757954324775682000,36.08868212890625,-1.6364368347167968,8.967482318115234,0.9666589202880859
1757954324785638100,36.09863818359375,-1.8279729675292968,9.117269559478759,1.0871171913146973
1757954324795594000,36.10859399414063,-1.959205146026611,9.18640213241577,1.317708738708496
1757954324805550000,36.118550048828126,-2.137273894500732,9.005340631866455,1.6142904693603515
1757954324815506000,36.128505859375,-2.366817978668213,8.61209300918579,1.805377689361572
1757954324825462000,36.1384619140625,-2.6075848831176756,8.12113203125,1.8697218589782714
1757954324835418000,36.148418212890626,-2.761262702178955,7.722347817230224,1.76841720123291
1757954324845374200,36.158374267578125,-2.844311572265625,7.45733962097168,1.5472528228759765
1757954324855330000,36.168330078125,-2.818274629211426,7.363217568206787,1.2333131301879883
1757954324865286100,36.1782861328125,-2.7537808219909667,7.387009947204589,0.8574234695434569
1757954324875242000,36.18824194335937,-2.5815479400634764,7.486369316101074,0.52986675491333
1757954324885198000,36.19819799804687,-2.420238603210449,7.636605470275878,0.21652561264038084
1757954324895154000,36.20815380859375,-2.1570260581970215,7.917175977325439,-0.0008978256225585938
1757954324905110000,36.21811010742187,-1.8810943168640135,8.360103284454345,-0.19123685760498046
1757954324915066000,36.22806616210938,-1.6774375381469726,8.991424334716797,-0.43843817901611326
1757954324925022200,36.23802221679688,-1.466448516845703,9.71073229598999,-0.6795043586730957
1757954324934977000,36.24797705078125,-1.3054384552001952,10.408642079925537,-0.9213187263488769
1757954324944932900,36.25793286132812,-1.2249334243774412,10.938359197235107,-1.2120645904541014
1757954324954889000,36.26788891601562,-1.0748469078063965,11.187056894683836,-1.6080056900024413
1757954324964845000,36.27784497070313,-0.9163806854248047,11.188553270721435,-2.0919337005615235
1757954324974801200,36.28780126953125,-0.7417536018371581,11.124658013916015,-2.6159645889282226
1757954324984757200,36.29775732421875,-0.5865794067382812,11.109095703125,-3.0666730514526366
1757954324994713000,36.30771313476563,-0.4128501487731933,11.197082614135741,-3.4208652595520017
1757954325004669200,36.31766918945313,-0.28999767608642574,11.455057843017578,-3.6899136711120604
1757954325014625000,36.327625,-0.2593219673156738,11.824064173889159,-3.7862802879333493
1757954325024581000,36.3375810546875,-0.2558803024291992,12.292729148864746,-3.743035020446777
1757954325034537000,36.347536865234375,-0.2442085693359375,12.936170845031738,-3.5755905418395995
1757954325044493300,36.357493408203126,-0.29284079055786133,13.906869980621337,-3.2550667945861815
1757954325054449200,36.36744921875,-0.45175592575073237,15.027954907989502,-2.685396437072754
1757954325064405200,36.3774052734375,-0.8093897987365722,15.55183615875244,-1.8929156875610351
1757954325074361000,36.38736108398437,-1.3570634284973144,15.100678783416747,-1.140238540649414
1757954325084317200,36.39731713867187,-1.918503717803955,14.106037631225584,-0.7471405555725097
1757954325094273000,36.40727294921875,-2.4042273796081544,13.162123626708983,-0.7160159339904785
1757954325104229000,36.41722900390625,-2.7123312057495115,12.308441097259522,-0.8149263900756836
1757954325114184200,36.42718408203125,-2.9378350746154784,11.457601682281494,-0.9412205276489257
1757954325124140000,36.43714013671875,-3.107224842071533,10.558429321289061,-1.1034276901245117
1757954325134096100,36.44709619140625,-3.2812533752441406,9.72958663406372,-1.297806937408447
1757954325144052000,36.45705200195312,-3.4645594398498534,9.024943157958983,-1.5306430488586424
1757954325154008000,36.46700805664062,-3.6215292861938475,8.454674250030518,-1.7280150482177734
1757954325163964200,36.47696411132812,-3.681982878112793,8.098985665893554,-1.8640356300354002
1757954325173920300,36.48692016601562,-3.5537434516906736,8.026710703277587,-1.9062334342956542
1757954325183876000,36.4968759765625,-3.3572692779541016,8.239345738220214,-1.8031331253051757
1757954325193832200,36.50683227539062,-3.1949124778747557,8.613140472412109,-1.5931915672302246
1757954325203788000,36.5167880859375,-3.0898668800354003,9.09796630859375,-1.3516764747619627
1757954325213744000,36.526744140625,-2.9946973640441894,9.575310264587403,-1.0871171913146973
1757954325223700000,36.536699951171876,-2.859424970245361,10.02287633743286,-0.8680477394104004
1757954325233656000,36.546656005859376,-2.7124808433532714,10.259154113769531,-0.6606500205993652
1757954325243612200,36.556612060546875,-2.6282348724365234,10.268880558013915,-0.49739539489746093
1757954325253568300,36.566568359375,-2.544886727142334,10.0495118309021,-0.34865561676025386
1757954325263524000,36.576524169921875,-2.524984925842285,9.679607674407958,-0.27084406280517576
1757954325273480200,36.586480224609375,-2.5849896049499512,9.306860403442382,-0.22505495605468748
1757954325283436000,36.59643603515625,-2.65576819152832,8.979154051208496,-0.15322890625
1757954325293391000,36.60639111328125,-2.7073931648254392,8.678831380462645,-0.09412205276489258
1757954325303347200,36.61634716796875,-2.793135511779785,8.392574644470214,-0.005536591339111328
1757954325313303300,36.62630322265625,-2.840420994567871,8.116792540740967,0.09127893829345703
1757954325323259100,36.636259033203125,-2.8930934310913083,7.849689418029785,0.18435352783203124
1757954325333215200,36.64621533203125,-2.964320930480957,7.638101846313476,0.30271687240600587
1757954325343171000,36.656171142578124,-3.027168724060058,7.5074682182312005,0.42377369384765623
1757954325353127200,36.666127197265624,-3.151367935180664,7.47574504623413,0.5475239921569824
1757954325363083000,36.6760830078125,-3.33901349029541,7.499387787628174,0.6811503723144531
1757954325373039400,36.68603930664062,-3.5525463508605957,7.4788874359130855,0.7704840217590332
1757954325382995200,36.6959951171875,-3.7825393478393554,7.452551217651367,0.8233060958862304
1757954325392951000,36.70595092773438,-4.0092403175354,7.452551217651367,0.8659528129577636
1757954325402907100,36.7159072265625,-4.202871376800537,7.467514978027343,0.8777741836547851
1757954325412863000,36.72586303710938,-4.369418029785156,7.385962483978271,0.8396165946960449
1757954325422819000,36.73581909179688,-4.504091873168945,7.182904255676269,0.7508814956665039
1757954325432775000,36.74577490234375,-4.617068264007568,6.9545572723388664,0.5744587608337401
1757954325442731300,36.755731201171876,-4.630386010742187,6.756437084960937,0.36691140441894526
1757954325452687000,36.76568701171875,-4.5881882064819335,6.613682810974121,0.1396118843078613
1757954325462642200,36.77564208984375,-4.476708191680908,6.546645164489746,-0.09801263046264648
1757954325472598000,36.78559790039063,-4.326621675109863,6.545597701263428,-0.32875381546020505
1757954325482554000,36.79555419921875,-4.165013063049316,6.605003829956054,-0.5255272644042969
1757954325492510200,36.80551025390625,-4.021360963439941,6.6784758934021,-0.6708253776550293
1757954325502466300,36.81546630859375,-3.961505921936035,6.810156984710693,-0.7844003189086913
1757954325512422100,36.825422119140626,-3.9921816307067868,7.0938698814392085,-0.8542810798645019
1757954325522378200,36.835378173828126,-3.9462428863525387,7.646631189727783,-0.9002198242187499
1757954325532334000,36.845333984375,-3.847182792663574,8.392125731658934,-0.967856021118164
1757954325542290200,36.855290283203125,-3.785382462310791,9.177723151397705,-1.039981346130371
1757954325552246000,36.86524609375,-3.7556045791625974,9.957933617401123,-1.0486603271484374
1757954325562202000,36.8752021484375,-3.8139632446289062,10.686070197296141,-1.000477018737793
1757954325572158200,36.885158203125,-3.9387610061645506,11.23613802871704,-0.9756371765136718
1757954325582114300,36.8951142578125,-4.029291756439209,11.44024372024536,-1.0672153900146484
1757954325592070100,36.90507006835937,-4.179527910614014,11.288960102844237,-1.2177508193969726
1757954325602026200,36.91502612304687,-4.310161538696288,10.902595809936523,-1.407790576171875
1757954325611982000,36.92498217773438,-4.3436803619384765,10.496778628540039,-1.548150648498535
1757954325621938200,36.93493823242188,-4.261678955078125,10.206332039642334,-1.4859014053344726
1757954325631893200,36.944893310546874,-4.109647149658203,10.068515806579589,-1.3109750465393066
1757954325641849000,36.95484912109375,-3.9085342102050777,10.05549733505249,-1.0507552536010742
1757954325651805200,36.96480517578125,-3.6501100685119625,10.09993970336914,-0.7722796730041503
1757954325661761000,36.97476098632813,-3.3988685317993164,10.184036036682128,-0.49320554199218747
1757954325671717000,36.98471704101563,-3.1797990798950195,10.371980867004394,-0.2769792045593262
1757954325681673000,36.9946728515625,-2.9496564453125,10.573841994476318,-0.09980828170776367
1757954325691629000,37.00462915039063,-2.6816554969787596,10.686668747711181,0.02483984222412109
1757954325701585200,37.01458520507813,-2.4115596221923825,10.586561190795898,0.1427542739868164
1757954325711541200,37.02454125976563,-2.1814169876098632,10.323947196197508,0.28431144714355466
1757954325721497000,37.0344970703125,-2.029534819793701,9.981576358795165,0.40491935577392574
1757954325731453200,37.044453125,-1.922244657897949,9.637409870147705,0.5137058937072754
1757954325741409000,37.054408935546874,-1.8885761970520019,9.388562535095215,0.6021417175292968
1757954325751365000,37.064365234375,-1.871218235015869,9.286808964538574,0.7026981872558593
1757954325761321000,37.074321044921874,-1.8677765701293945,9.21872385482788,0.7941267631530762
1757954325771277300,37.08427734375,-1.8652327308654784,9.118616297912597,0.9305962577819824
1757954325781233200,37.09423315429687,-1.9231424835205078,8.91914937210083,1.0690110412597655
1757954325791188200,37.104188232421876,-2.02369895324707,8.651896611785888,1.1982979309082031
1757954325801144000,37.11414404296875,-2.1281460006713866,8.349778289794921,1.2499229042053221
1757954325811100200,37.12410009765625,-2.211344508361816,8.08192697906494,1.209221475982666
1757954325821056000,37.13405590820312,-2.2541408630371094,7.896226712799072,1.084722989654541
1757954325831012000,37.14401220703125,-2.274192301940918,7.78878691329956,0.9334393722534179
1757954325840968200,37.15396826171875,-2.2981343185424805,7.812579292297363,0.7619546783447265
1757954325850924000,37.16392407226562,-2.191592344665527,7.943063282775879,0.6289268486022949
1757954325860880100,37.17388012695312,-1.9470845001220702,8.26747760772705,0.5131073432922363
1757954325870836000,37.1838359375,-1.613243006134033,8.711751653289795,0.3247136001586914
1757954325880792000,37.1937919921875,-1.3124714225769043,9.294590119934082,-0.010773907470703125
1757954325890748000,37.20374780273438,-1.1513117233276366,10.109965422821045,-0.41419688720703124
1757954325900704300,37.21370434570313,-0.9039607643127441,11.045948634338378,-0.7196072364807129
1757954325910660000,37.22366015625,-0.591218172454834,11.777526879119872,-0.9941922393798828
1757954325920616200,37.2336162109375,-0.3000233955383301,12.121244454956054,-1.1602899795532227
1757954325930572000,37.243572021484376,-0.1640028137207031,12.033407181549071,-1.2837410026550293
1757954325940528000,37.253528076171875,-0.1623568000793457,11.762114205932617,-1.4757260482788086
1757954325950483200,37.26348315429688,-0.2850596351623535,11.464933924865722,-1.7489643127441405
1757954325960439300,37.27343920898438,-0.44262803192138667,11.239729331207275,-2.1065981857299803
1757954325970395100,37.28339501953125,-0.4961982940673828,11.176133349609374,-2.4200889656066895
1757954325980350700,37.293350830078126,-0.4495113616943359,11.276240906524658,-2.7033529495239255
1757954325990306800,37.303306884765625,-0.33010055389404297,11.410465837097167,-2.9294553688049314
1757954326000262700,37.3132626953125,-0.10714052429199218,11.609633487701416,-3.0564976943969726
1757954326010218800,37.32321875,0.206200617980957,12.113014386749267,-3.068319065093994
1757954326020174800,37.3331748046875,0.43978491744995113,12.923152373504639,-2.7980735527038574
1757954326030131000,37.343130859375,0.4460696968078613,13.557017263031005,-2.2801778060913085
1757954326040086800,37.35308666992187,0.26381109542846676,13.640515045928954,-1.8267758666992187
1757954326050043000,37.36304296875,0.13078326568603516,13.344531865692138,-1.7868226264953613
1757954326059998700,37.37299877929688,0.09576806640624999,12.90893680114746,-2.1781249603271484
1757954326069954800,37.38295483398438,0.24615385818481444,12.502221794128417,-2.5641899780273434
1757954326079910700,37.39291064453125,0.28446108474731446,12.259060688018797,-2.977638677215576
1757954326089866800,37.40286669921875,-0.5645826789855957,11.727398281860351,-3.591152852630615
1757954326099821800,37.41282177734375,-1.5658078857421873,10.679486142730712,-3.9158664527893063
1757954326109777700,37.42277758789062,-2.150890916442871,9.687987380218505,-3.752162914276123
1757954326119733800,37.43273364257813,-2.540247961425781,9.201066617584228,-3.415029393005371
1757954326129689600,37.44268969726563,-2.4244284561157223,9.14929200668335,-2.9198785621643064
1757954326139645700,37.45264575195313,-2.1341315048217773,9.371354210662842,-2.498947982788086
1757954326149601800,37.46260180664063,-2.1251532485961913,9.776423204040526,-2.206556105041504
1757954326159558000,37.47255786132813,-2.2756886779785157,10.141688594818115,-1.8613421531677246
1757954326169513700,37.482513671875,-2.423530630493164,10.293870037841796,-1.3808558074951172
1757954326179469800,37.4924697265625,-2.485480598449707,10.247482380676269,-0.730979694366455
1757954326189425700,37.50242578125,-2.526930214691162,10.058041174316406,0.033219548034667964
1757954326199381800,37.5123818359375,-2.5387515853881832,9.745148944854735,0.8104372619628906
1757954326209337600,37.522337646484374,-2.5213936233520506,9.316437210083008,1.4710872825622558
1757954326219294000,37.5322939453125,-2.5546131713867184,8.801234940338134,1.899948654937744
1757954326229249800,37.54224975585937,-2.529922966766357,8.2866312210083,2.113930428314209
1757954326239206000,37.55220581054687,-2.5022400100708007,7.853729633331298,2.2131401596069336
1757954326249161700,37.56216162109375,-2.438195115661621,7.508964594268798,2.198176399230957
1757954326259116800,37.57211669921875,-2.334047343444824,7.241562196350097,2.1110873138427735
1757954326269073000,37.582072998046876,-2.2608745552062985,7.025934409332275,1.9882348411560058
1757954326279029000,37.592029052734375,-2.2041619033813475,6.830358061218261,1.8605939651489256
1757954326288984800,37.60198486328125,-2.1429601234436033,6.66515814666748,1.734599102783203
1757954326298941000,37.61194091796875,-2.2200234893798827,6.574028845977783,1.5668553489685058
1757954326308896800,37.62189672851562,-2.416946575927734,6.547393352508545,1.3967173934936523
1757954326318852900,37.63185278320312,-2.61761060256958,6.61383244857788,1.2970587493896484
1757954326328808700,37.64180859375,-2.794182975006103,6.862380508422851,1.3130699729919433
1757954326338764800,37.65176489257812,-2.98137961730957,7.238569444274902,1.368735161590576
1757954326348721000,37.66172094726563,-3.172466837310791,7.612364178466796,1.4217068733215332
1757954326358677000,37.67167700195313,-3.411138815307617,7.920916917419433,1.3658920471191405
1757954326368632800,37.6816328125,-3.7481226989746093,8.189067503356933,1.165228020477295
1757954326378588700,37.691588623046876,-4.068347171020507,8.407089492034912,0.8322843521118164
1757954326388544800,37.701544677734375,-4.339191233825684,8.595333597564697,0.4091092086791992
1757954326398500600,37.71150048828125,-4.534917219543456,8.779537487792968,-0.015412673187255858
1757954326408456000,37.7214560546875,-4.755931960296631,8.974515285491943,-0.3494038047790527
1757954326418411800,37.73141186523438,-4.934150346374511,9.162310478210449,-0.589272883605957
1757954326428368000,37.74136791992188,-5.117905323791503,9.297133959197998,-0.7407061386108398
1757954326438323700,37.75132373046875,-5.324704492187499,9.37240167388916,-0.9084498924255371
1757954326448279800,37.76127978515625,-5.4990323005676265,9.392453112792968,-1.1068693550109863
1757954326458235600,37.771235595703125,-5.6203883972167965,9.356240812683104,-1.3561656028747557
1757954326468191700,37.781191650390625,-5.601085146331787,9.358335739135741,-1.6156372077941894
1757954326478147800,37.79114794921875,-5.537189889526367,9.46757118988037,-1.8499696952819824
1757954326488104000,37.80110400390625,-5.380369680786132,9.79916811981201,-2.0534768363952636
1757954326498059800,37.811059814453124,-5.173420874786377,10.350433052062987,-2.1519383796691893
1757954326508015900,37.82101586914062,-4.9723079353332515,10.995520761871337,-2.086546746826172
1757954326517971700,37.8309716796875,-4.751592469787598,11.402983956909178,-1.8059762397766113
1757954326527927800,37.840927734375,-4.567388579559326,11.273397792053222,-1.4021043472290038
1757954326537883600,37.85088354492188,-4.489726663208008,10.546308675384521,-1.0239701225280762
1757954326547838700,37.860838623046874,-4.480598769378662,9.635913494110106,-0.8110358123779297
1757954326557794800,37.870794921875,-4.442740455627441,8.741828811645508,-0.6818985603332519
1757954326567750700,37.88075073242187,-4.364479988861084,7.858518036651611,-0.5814917282104491
1757954326577706800,37.89070678710937,-4.219481150817871,7.075763731384277,-0.4375403533935547
1757954326587662600,37.90066259765625,-4.057273988342285,6.3797992362976075,-0.26231471939086914
1757954326597619000,37.91061889648437,-3.8560114112854,5.82254879989624,-0.06045359191894531
1757954326607574800,37.92057470703125,-3.6453216651916502,5.4233156730651855,0.131531453704834
1757954326617531000,37.93053076171875,-3.378517817687988,5.2162172294616695,0.30316578521728516
1757954326627486700,37.94048681640625,-3.0558991439819336,5.189731373596191,0.428412459564209
1757954326637442800,37.95044287109375,-2.7180174346923827,5.330241083526611,0.5074211143493652
1757954326647398700,37.960398681640626,-2.359635373687744,5.645976427459717,0.5593453628540038
1757954326657354800,37.970354736328126,-1.9838953506469725,6.156091018676757,0.5998971534729004
1757954326667310600,37.980310546875,-1.6359879219055176,6.867468186950683,0.6073790336608886
1757954326677267000,37.990266845703125,-1.3539210388183593,7.714716299438476,0.6507739387512207
1757954326687221800,38.0002216796875,-1.148468608856201,8.658929579162598,0.7050923889160156
1757954326697177900,38.010177734375,-1.019630632019043,9.55106897277832,0.7927800247192383
1757954326707133700,38.0201337890625,-1.0085574493408203,10.31661495361328,0.866401725769043
1757954326717089800,38.03008984375,-1.0760440086364746,10.928034202575683,0.9367313995361327
1757954326727046000,38.0400458984375,-1.2223895851135254,11.50398933944702,0.9606734161376953
1757954326737002000,38.050001953125,-1.438915197753906,12.051812606811522,0.9798270294189453
1757954326746957800,38.059957763671875,-1.6744447860717773,12.542773584747314,0.969801309967041
1757954326756914000,38.069913818359375,-1.916558428955078,12.932429904937743,0.87463179397583
1757954326766869800,38.079869873046874,-2.2062568298339844,13.22811380996704,0.6841431243896484
1757954326776825900,38.089825927734374,-2.428019758605957,13.396306476593017,0.3869628433227539
1757954326786781700,38.09978173828125,-2.6219500930786133,13.409923498535155,0.0900818374633789
1757954326796737800,38.10973779296875,-2.7843068931579587,13.314305069732665,-0.17253215713500974
1757954326806694000,38.11969384765625,-2.9038673385620117,13.09433779220581,-0.3678092300415039
1757954326816650000,38.12964990234375,-2.9792846908569333,12.739995946502685,-0.517746109008789
1757954326826604800,38.139604736328124,-2.9123966819763183,12.284499080657959,-0.613514175415039
1757954326836560600,38.149560546875,-2.7974750022888184,11.758971816253661,-0.7422025146484375
1757954326846516700,38.15951684570312,-2.9460651428222655,11.23568911590576,-0.8656535377502441
1757954326856472800,38.16947290039062,-3.045723786926269,10.863989308166504,-0.8834604125976562
1757954326866429000,38.17942895507812,-3.0166940917968748,10.650306809997558,-0.8221089950561523
1757954326876384800,38.189384765625,-2.8075007217407224,10.603170964813232,-0.6395511184692383
1757954326886340900,38.1993408203125,-2.424877368927002,10.656441951751708,-0.4510077377319336
1757954326896296700,38.20929663085938,-1.9692308654785156,10.721983222198485,-0.29343934097290036
1757954326906252800,38.21925268554688,-1.5310919616699217,10.536432593536377,-0.29777883148193357
1757954326916208600,38.22920874023438,-1.2132616912841796,10.02317561264038,-0.5294178421020508
1757954326926165000,38.2391650390625,-0.9816226806640624,9.380482104492186,-1.0115502014160156
1757954326936120800,38.249120849609376,-0.7938274879455566,8.804526967620848,-1.6692074699401855
1757954326946077000,38.259076904296876,-0.5744587608337401,8.44015940246582,-2.4986487075805663
1757954326956032800,38.26903271484375,-0.36361937713623044,8.2866312210083,-3.4249054748535155
1757954326965987600,38.27898754882813,-0.1767220100402832,8.467842359161377,-4.359841223144531
1757954326975944200,38.28894409179688,0.029179332733154296,9.255833980560302,-5.029918412780761
1757954326985900300,38.298900390625,0.019901801300048826,10.622174940490723,-5.19032992401123
1757954326995856400,38.3088564453125,-0.2700958747863769,11.722460240936279,-4.878485157775879
1757954327005812500,38.3188125,-0.6343138023376464,11.822717435455322,-4.423287567138671
1757954327015768300,38.32876831054688,-0.9593266777038574,11.238532230377196,-4.2609307670593255
1757954327025724400,38.33872436523438,-1.2113164024353027,10.704774897766113,-4.485237535095215
1757954327035680300,38.34868017578125,-1.350329736328125,10.542567735290527,-4.868459438323974
1757954327045636000,38.358635986328125,-1.4333786064147949,10.536881506347656,-5.149179582977295
1757954327055592200,38.36859228515625,-1.5511434005737303,10.335020378875733,-5.239111782836914
1757954327065548300,38.37854833984375,-1.6467618293762205,9.996240843963623,-5.1399020515441896
1757954327075504400,38.38850439453125,-1.7164929527282713,9.795726454925537,-4.8309003997802735
1757954327085460200,38.39846020507812,-1.9179051673889158,9.816376444244383,-4.405929605102539
1757954327095416300,38.40841625976562,-2.1534347557067868,10.00432127456665,-3.948786725616455
1757954327105371100,38.41837109375,-2.3792378997802732,10.255263536071777,-3.484760516357422
1757954327115327200,38.4283271484375,-2.5659856292724608,10.45128879699707,-3.0014310562133786
1757954327125283300,38.438283447265626,-2.677166368865967,10.500070655822753,-2.5245360130310055
1757954327135239400,38.448239501953125,-2.7259482276916502,10.430638807678221,-2.046144593811035
1757954327145195300,38.4581953125,-2.730586993408203,10.287734896087645,-1.6169839462280273
1757954327155151400,38.4681513671875,-2.7334301078796384,10.093056373596191,-1.1974001052856444
1757954327165107200,38.47810717773437,-2.726546778106689,9.841964474487304,-0.8102876243591308
1757954327175063300,38.48806323242187,-2.7424083641052244,9.457545470428466,-0.5283703788757323
1757954327185019100,38.49801904296875,-2.741510538482666,8.97032543258667,-0.2973299186706543
1757954327194975500,38.5079755859375,-2.720261998748779,8.476670977783202,-0.1236006607055664
1757954327204931300,38.51793139648437,-2.6695348510742187,8.035240046691895,0.0004489128112792969
1757954327214887400,38.52788745117188,-2.599205177307129,7.639897497558593,0.10100538253784179
1757954327224843300,38.53784326171875,-2.523638187408447,7.33568424911499,0.19168577041625975
1757954327234798000,38.54779809570312,-2.433107437133789,7.107037990570068,0.2721908012390137
1757954327244754400,38.55775439453125,-2.3943512977600094,6.9068228767395015,0.34536358947753903
1757954327254710300,38.56771020507812,-2.320280683898926,6.719476596832275,0.40237551651000975
1757954327264666400,38.57766625976563,-2.269703173828125,6.58210927658081,0.4773439559936523
1757954327274622200,38.58762231445313,-2.227505369567871,6.490231787872314,0.5383960983276367
1757954327284578300,38.59757836914063,-2.2129905220031736,6.396259372711182,0.6067804832458495
1757954327294534100,38.6075341796875,-2.2028151649475096,6.2870239219665525,0.6471826362609863
1757954327304490200,38.617490234375,-2.2661118713378903,6.242731191253662,0.6720224784851074
1757954327314446300,38.6274462890625,-2.3678654418945313,6.227468155670166,0.6694786392211913
1757954327324402400,38.63740234375,-2.511367903900146,6.292560513305664,0.6829460235595702
1757954327334358300,38.647358154296874,-2.7027543991088865,6.440851378631591,0.6950666694641113
1757954327344314400,38.657314453125,-2.9608792655944822,6.686257048797607,0.6801029090881348
1757954327354270200,38.667270263671874,-3.2426468734741207,7.100005023193359,0.6634931350708008
1757954327364225300,38.67722534179688,-3.478775012207031,7.736264114379883,0.6323685134887695
1757954327374181400,38.68718139648438,-3.6851252677917476,8.44719236984253,0.584185205078125
1757954327384137500,38.697137451171876,-3.8398505500793454,9.055768504333496,0.4921580787658691
1757954327394093300,38.70709326171875,-4.064606230926514,9.38497123260498,0.3833715408325195
1757954327404049400,38.71704931640625,-4.307617699432373,9.391704924774169,0.1580173095703125
1757954327414005200,38.727005126953124,-4.624250868988037,9.2956375831604,-0.10160393295288085
1757954327423961300,38.73696142578125,-4.971709384918213,9.228151023864745,-0.3333925811767578
1757954327433917200,38.74691723632812,-5.2159179542541505,9.19418328781128,-0.5482721801757812
1757954327443873300,38.75687329101562,-5.4230163978576655,9.189394884490966,-0.7266402038574218
1757954327453829400,38.76682934570312,-5.492148970794678,9.34082813949585,-0.8913912055969238
1757954327463785500,38.77678540039062,-5.455936670684814,9.72360112991333,-1.0462661254882812
1757954327473741300,38.7867412109375,-5.444863488006591,10.32888523712158,-1.1887211242675781
1757954327483697400,38.79669750976562,-5.477035572814941,11.0830587600708,-1.3082815696716308
1757954327493652200,38.80665234375,-5.49050295715332,11.842319961547851,-1.4318822303771972
1757954327503608300,38.8166083984375,-5.378723667144775,12.307842546844482,-1.5285481224060058
1757954327513564400,38.826564453125,-5.226093311309814,12.177807469177246,-1.6265607528686523
1757954327523520300,38.83652026367187,-5.112219094848633,11.494861445617675,-1.7473182991027831
1757954327533476400,38.84647631835937,-5.023483995819092,10.631901384735107,-1.9093758239746093
1757954327543432200,38.85643212890625,-4.90931050415039,9.821464122772216,-2.0555717628479004
1757954327553388300,38.86638818359375,-4.732438856506348,9.128193104553223,-2.0331261222839356
1757954327563344100,38.87634423828125,-4.497956731414795,8.610596633148193,-1.8670283821105955
1757954327573300500,38.88630053710938,-4.2205286140441896,8.30593447189331,-1.574337229156494
1757954327583256300,38.89625634765625,-3.9041947196960445,8.288576509857178,-1.2357073318481444
1757954327593212400,38.90621240234375,-3.549104685974121,8.636035025787352,-0.9783306533813476
1757954327603168300,38.916168212890625,-3.1401451148986816,9.17383257369995,-0.7749731498718261
1757954327613123000,38.926123046875,-2.6515783386230467,9.625738137054443,-0.5945101997375488
1757954327623079400,38.93607934570313,-2.226158631134033,9.861417362976074,-0.42317514343261714
1757954327633035300,38.94603515625,-1.8532617225646972,9.92785645904541,-0.27174188842773433
1757954327642991400,38.95599145507813,-1.6000748970031737,9.846453602600096,-0.08708908538818359
1757954327652947200,38.965947265625,-1.4330793312072754,9.717914900970458,0.08080430603027343
1757954327662903300,38.9759033203125,-1.3561656028747557,9.636661682128906,0.21891981430053709
1757954327672859100,38.985859130859374,-1.3428478561401367,9.625887774658203,0.35628713455200195
1757954327682815200,38.995815185546874,-1.3431471313476562,9.631873278808593,0.4469675224304199
1757954327692771000,39.00577099609375,-1.3359645263671873,9.504681315612793,0.5346551582336425
1757954327702727400,39.0157275390625,-1.3608043685913085,9.265261149597167,0.629525399017334
1757954327712683300,39.02568334960937,-1.4202104972839356,8.929923279571533,0.7022492744445801
1757954327722639400,39.03563940429687,-1.4969745880126952,8.572738319396972,0.7553706237792969
1757954327732595200,39.04559521484375,-1.5638625968933104,8.200140686035155,0.8110358123779297
1757954327742550300,39.05555029296875,-1.6361375595092773,7.854627458953857,0.9117419197082519
1757954327752506400,39.06550634765625,-1.6915034729003906,7.5254247306823725,1.0654197387695312
1757954327762462500,39.07546240234375,-1.777994007873535,7.217919454956054,1.185578734588623
1757954327772418300,39.08541821289062,-1.798494359588623,6.972064871978759,1.2773065856933592
1757954327782374400,39.09537451171875,-1.7821838607788085,6.749553755187988,1.3813047203063964
1757954327792330200,39.10533032226562,-1.8460791175842284,6.6714429260253905,1.426944189453125
1757954327802286300,39.11528637695312,-1.8924667747497557,6.905476138305664,1.430685129547119
1757954327812242200,39.1252421875,-1.7597382202148437,7.458985634613037,1.3757681289672852
1757954327822198300,39.1351982421875,-1.4953285743713378,8.273163836669921,1.3242927932739257
1757954327832154400,39.145154296875,-1.3344681503295899,9.11083514251709,1.2018892333984375
1757954327842110500,39.1551103515625,-1.1592425163269042,9.868001417541503,1.0088567245483397
1757954327852066300,39.16506640625,-0.9457096557617187,10.673500638580322,0.621145693206787
1757954327862021000,39.17502124023437,-0.6835445739746093,11.49890166091919,0.022296002960205077
1757954327871977200,39.18497729492187,-0.4082113830566406,12.243947290039062,-0.8355763793945312
1757954327881933300,39.19493334960937,-0.11686696853637694,12.823344091796875,-1.889025109863281
1757954327891889400,39.20488940429688,0.08604162216186523,13.08131932067871,-3.034650604248047
1757954327901845200,39.21484521484375,0.18989011917114257,13.057826216888428,-4.04784681930542
1757954327911801300,39.22480126953125,0.2902969512939453,12.78683251647949,-4.741716387939453
1757954327921757200,39.234757080078126,0.3420715621948242,12.509853311920166,-5.145139367675781
1757954327931713300,39.24471337890625,0.3821744400024414,12.453439935302734,-5.315576598358154
1757954327941669000,39.254669189453125,0.3917512466430664,12.597989860534668,-5.193173038482666
1757954327951625500,39.26462548828125,0.30316578521728516,12.748824565124512,-4.937292736053466
1757954327961581300,39.274581298828124,0.09771335525512695,12.916568318939209,-4.796783026123046
1757954327971537400,39.284537353515624,-0.0665887336730957,13.27375327911377,-4.686949024963378
1757954327981493000,39.29449291992187,-0.1105821891784668,13.718176962280273,-4.27110612411499
1757954327991447800,39.30444775390625,-0.397736750793457,13.67433314437866,-3.446902202606201
1757954328001404200,39.314404052734375,-0.9488520454406738,12.932130629730224,-2.614168937683105
1757954328011360000,39.324360107421874,-1.4573206230163573,12.215366507720946,-2.0919337005615235
1757954328021316000,39.334316162109374,-1.6068085891723631,12.006023500061035,-1.8359037605285644
1757954328031272000,39.34427197265625,-1.5988777961730956,12.090419108581543,-1.7462708358764647
1757954328041228000,39.35422802734375,-1.6641197914123533,12.09101765899658,-1.6201263359069824
1757954328051183900,39.36418383789062,-1.9065327095031737,11.726500456237792,-1.4037503608703612
1757954328061140000,39.37413989257813,-2.2782325172424316,11.118971784973144,-1.3048399047851562
1757954328071096000,39.38409594726563,-2.6523265266418456,10.436474674224852,-1.3787608810424803
1757954328081052200,39.39405224609375,-2.993649900817871,9.928754284667969,-1.5710452018737793
1757954328091008000,39.40400805664063,-3.2083798622131345,9.661052611541747,-1.7111059989929198
1757954328100964000,39.41396411132813,-3.2420483230590817,9.670629418182372,-1.7814356727600096
1757954328110919000,39.4239189453125,-3.169174810028076,9.804405435943602,-1.7494132255554198
1757954328120875000,39.433875,-3.079092972564697,9.88939959487915,-1.654692622375488
1757954328130831000,39.4438310546875,-2.9937995384216305,9.847201790618897,-1.5559318038940428
1757954328140787000,39.45378686523438,-2.851793452453613,9.706841718292235,-1.4573206230163573
1757954328150743000,39.46374291992188,-2.6701334014892577,9.561393967437743,-1.325938806915283
1757954328160699000,39.47369897460938,-2.457348728942871,9.42312882156372,-1.1653776580810546
1757954328170655000,39.48365502929688,-2.2942437408447263,9.278129983520508,-0.9299977073669433
1757954328180610800,39.49361083984375,-2.134281142425537,9.056516692352295,-0.6319196006774902
1757954328190567000,39.50356689453125,-2.048688433074951,8.742576999664307,-0.3081038261413574
1757954328200523000,39.51352294921875,-1.9060837966918944,8.366238426208495,0.008230068206787108
1757954328210479000,39.52347900390625,-1.8795979408264158,8.00680890197754,0.24136545486450195
1757954328220435000,39.53343505859375,-1.7877204521179197,7.68628515472412,0.4129997863769531
1757954328230390000,39.54339013671875,-1.7485153999328613,7.427561737823486,0.536899722290039
1757954328240345900,39.553345947265626,-1.6913538352966309,7.212083588409423,0.6096235977172851
1757954328250302000,39.563302001953126,-1.6443676277160644,7.091176404571533,0.6242880828857421
1757954328260258000,39.573258056640626,-1.6282067665100097,7.0652890991210935,0.6283282981872558
1757954328270214100,39.583214111328125,-1.651550232696533,7.1504328956604,0.6317699630737305
1757954328280170000,39.593169921875,-1.7274164978027342,7.2809168861389155,0.598251139831543
1757954328290126000,39.6031259765625,-1.785625525665283,7.420528770446777,0.5578489868164063
1757954328300082000,39.61308203125,-1.900696842956543,7.574954777526855,0.5291185668945312
1757954328310038000,39.6230380859375,-2.084451820373535,7.716960863494872,0.49859249572753905
1757954328319993900,39.63299389648437,-2.3234230735778807,7.806144875335693,0.4156932632446289
1757954328329950200,39.6429501953125,-2.593369310760498,7.799860095977783,0.31229367904663086
1757954328339905000,39.652905029296875,-2.8589760574340817,7.763498158264159,0.13033435287475587
1757954328349860900,39.66286083984375,-3.1702222732543945,7.7250412940979,-0.04144961624145507
1757954328359817000,39.67281689453125,-3.4425627120971676,7.729680059814453,-0.1785176612854004
1757954328369772800,39.68277270507812,-3.6845267173767087,7.79507169265747,-0.31663316955566406
1757954328379729200,39.692729248046874,-3.9076363845825193,7.902661129760742,-0.4215291297912597
1757954328389685000,39.70268505859375,-4.114734828186035,8.036437147521973,-0.47150808944702144
1757954328399641000,39.71264111328125,-4.3260231246948235,8.134749053192138,-0.46791678695678707
1757954328409597000,39.72259692382813,-4.517259982299804,8.207173653411864,-0.4052186309814453
1757954328419553000,39.73255297851563,-4.7022120605468745,8.192060255432128,-0.34970307998657224
1757954328429508900,39.7425087890625,-4.875941318511963,8.150012088775634,-0.41060558471679687
1757954328439465000,39.75246484375,-5.01809704208374,8.167519688415528,-0.5404910247802734
1757954328449421000,39.76242114257813,-5.139004225921631,8.328080837249756,-0.7451952667236328
1757954328459376000,39.77237622070312,-5.172223773956299,8.76592046585083,-0.939724151611328
1757954328469332000,39.78233203125,-5.050568402099609,9.491962119293213,-1.0996867500305174
1757954328479288000,39.7922880859375,-4.894197106170654,10.341754071044921,-1.1620856307983398
1757954328489244000,39.80224389648438,-4.806509470367431,11.183764867401122,-1.0806827743530272
1757954328499200000,39.81219995117188,-4.713285243225098,11.813290266418456,-0.9083002548217773
1757954328509156000,39.82215600585938,-4.694580542755126,11.952153962707518,-0.7133224571228027
1757954328519112200,39.8321123046875,-4.72450806350708,11.525986067199707,-0.6138134506225585
1757954328529068000,39.842068115234376,-4.821473230743408,10.837204177093506,-0.7224503509521484
1757954328539024100,39.852024169921876,-4.895244569396972,10.173561404418944,-0.9373299499511718
1757954328548980000,39.86197998046875,-4.863072484588622,9.63366893005371,-1.160738892364502
1757954328558936000,39.87193603515625,-4.713285243225098,9.20540610809326,-1.255758770751953
1757954328568892000,39.88189184570312,-4.534917219543456,8.779387850189208,-1.2099696640014648
1757954328578847000,39.891846923828126,-4.3923125831604,8.46604670791626,-1.100584575653076
1757954328588803000,39.901802978515626,-4.248361208343505,8.445995269012451,-1.0395324333190918
1757954328598759000,39.911759033203126,-4.013879083251953,8.73988352279663,-1.063624087524414
1757954328608715000,39.921715087890625,-3.70936655960083,9.184756118774413,-1.030404539489746
1757954328618670800,39.9316708984375,-3.378068904876709,9.587879823303222,-0.8852560638427733
1757954328628627000,39.941626953125,-3.0514100158691404,9.815328981018066,-0.7438485282897949
1757954328638583000,39.9515830078125,-2.781164503479004,9.93967782974243,-0.6519710395812988
1757954328648539100,39.9615390625,-2.583942141723633,9.989507151794433,-0.5970540390014648
1757954328658495000,39.97149487304687,-2.446874096679687,9.998036495208739,-0.5644330413818359
1757954328668451000,39.981451171875,-2.3344962562561036,9.982474184417724,-0.5042787246704101
1757954328678407000,39.99140698242188,-2.2776339668273926,10.011204604339598,-0.3815758895874023
1757954328688363000,40.00136303710938,-2.2192753013610838,10.079738626861571,-0.2506429862976074
1757954328698318000,40.011318115234374,-2.149544178009033,10.121188243103028,-0.11148001480102539
1757954328708274000,40.02127392578125,-2.085948196411133,10.037840097808838,0.0469862075805664
1757954328718230000,40.03122998046875,-2.0555717628479004,9.795127904510498,0.19602526092529296
1757954328728185900,40.04118579101562,-2.092083338165283,9.428066862487793,0.3555389465332031
1757954328738142000,40.05114184570313,-2.194285821533203,8.95670841064453,0.45025954971313475
1757954328748097800,40.06109790039063,-2.3228245231628417,8.381651099395752,0.5041290870666504
1757954328758054100,40.07105419921875,-2.5240871002197265,7.8067434257507315,0.5316624061584473
1757954328768010000,40.08101000976563,-2.6740239791870115,7.313837158966064,0.5315127685546874
1757954328777966000,40.09096606445313,-2.7736826232910157,6.900388459777831,0.5285200164794922
1757954328787922000,40.100921875,-2.8342858528137205,6.611887159729004,0.5409399375915527
1757954328797878000,40.1108779296875,-2.8112416618347167,6.419902114105224,0.570119270324707
1757954328807832800,40.12083276367188,-2.7166706962585447,6.319196006774902,0.5921159980773926
1757954328817789200,40.1307890625,-2.5143606559753415,6.335656143188476,0.5460276161193848
1757954328827745000,40.1407451171875,-2.2575825279235837,6.488585774230956,0.41883565292358393
1757954328837701000,40.150701171875,-1.9788076721191405,6.8225769058227534,0.2609679809570312
1757954328847657000,40.16065698242188,-1.6778864509582518,7.322366502380371,0.08678981018066406
1757954328857613000,40.170613037109376,-1.317110188293457,8.039579537200927,-0.07556698989868163
1757954328867569000,40.18056884765625,-0.951844797515869,8.939051173400879,-0.2608183433532715
1757954328877525000,40.19052490234375,-0.5702689079284667,10.040683212280273,-0.4495113616943359
1757954328887481000,40.200481201171876,-0.22176292877197265,11.328314792633057,-0.6784568954467773
1757954328897437200,40.210437255859375,0.03067570877075195,12.559383358764647,-0.9018658378601073
1757954328907393000,40.22039306640625,0.2066495307922363,13.315202895355224,-1.2397475471496582
1757954328917349000,40.23034912109375,0.23597850112915036,13.364284029388427,-1.7087117973327637
1757954328927304000,40.240303955078126,0.12868833923339842,12.908188613128662,-2.2194249389648437
1757954328937260000,40.250260009765626,-0.06673837127685546,12.439074725341795,-2.699013459014892
1757954328947216100,40.260216064453125,-0.26351182022094727,12.252476633453368,-3.136853087615967
1757954328957172000,40.270171875,-0.40357261734008787,12.374730555725098,-3.527257595825195
1757954328967128000,40.280128173828125,-0.46103345718383787,12.761244486236572,-3.7810429718017575
1757954328977084000,40.290083984375,-0.5000888717651367,13.428628199005127,-3.874716111755371
1757954328987039700,40.30003979492187,-0.5383960983276367,14.293234273529052,-3.821894037628174
1757954328996995800,40.30999584960937,-0.6323685134887695,15.039925916290283,-3.564816634368896
1757954329006952000,40.31995190429687,-0.9923965881347656,15.024812518310545,-3.0967502098083495
1757954329016908000,40.32990795898438,-1.6229694503784178,14.17936005706787,-2.618059515380859
1757954329026863900,40.33986376953125,-2.3159411933898926,13.229759823608397,-2.4082675949096677
1757954329036819000,40.34981884765625,-2.9548937614440915,12.565518500518799,-2.48338567199707
1757954329046774800,40.35977490234375,-3.3705870246887204,12.017695233154296,-2.6138696624755857
1757954329056731000,40.36973095703125,-3.6610336135864254,11.372008972930908,-2.726696415710449
1757954329066687000,40.37968701171875,-3.8603509017944333,10.603320602416991,-2.779668127441406
1757954329076643000,40.38964306640625,-4.00938995513916,9.858873523712157,-2.8317420135498046
1757954329086599000,40.39959887695313,-4.057872538757324,9.233388339996337,-2.870198877716064
1757954329096555000,40.40955493164063,-3.99652112121582,8.742277724456786,-2.8962358207702636
1757954329106510800,40.4195107421875,-3.837456348419189,8.493131114196776,-2.869151414489746
1757954329116466700,40.429466796875,-3.6159926948547363,8.492532563781738,-2.789244934082031
1757954329126422800,40.4394228515625,-3.4050036735534666,8.679280293273925,-2.5763106239318847
1757954329136379000,40.44937890625,-3.220949420928955,8.942492838287354,-2.267458609771728
1757954329146334000,40.459333984375,-3.0125042388916015,9.1676974319458,-1.8963573524475097
1757954329156289800,40.46928979492188,-2.8080992721557614,9.26930136489868,-1.5255553703308105
1757954329166246000,40.47924584960938,-2.6165631393432616,9.293393019104004,-1.1921627891540527
1757954329176201700,40.48920166015625,-2.485929511260986,9.270498465728759,-0.9050082275390624
1757954329186157800,40.49915771484375,-2.3341969810485836,9.164106129455567,-0.6503250259399413
1757954329196114000,40.509114013671876,-2.2191256637573242,8.952219282531738,-0.4472667976379394
1757954329206070000,40.519070068359376,-2.155978594970703,8.58665461654663,-0.2813186950683594
1757954329216025900,40.52902587890625,-2.126499987030029,8.135048328399657,-0.143652099609375
1757954329225982000,40.53898193359375,-2.1384709953308105,7.679401824951172,-0.019003975677490233
1757954329235937800,40.54893774414062,-2.110788038635254,7.232583940124512,0.11133037719726561
1757954329245894000,40.55889379882812,-2.082656169128418,6.815992851257324,0.22475568084716796
1757954329255849000,40.568848876953126,-2.063352918243408,6.480355706024169,0.3007715835571289
1757954329265804800,40.5788046875,-2.069787335205078,6.245873580932617,0.423923331451416
1757954329275761000,40.588760986328126,-2.094926452636719,6.065709906005859,0.5315127685546874
1757954329285716700,40.598716796875,-2.1718401809692383,6.006902327728271,0.6066308456420898
1757954329295672800,40.6086728515625,-2.2828712829589843,6.024409927368164,0.6512228515624999
1757954329305628700,40.61862866210937,-2.4028806411743164,6.097881990814209,0.6763619689941406
1757954329315585000,40.6285849609375,-2.563441790008545,6.232406196594238,0.6841431243896484
1757954329325540900,40.63854077148437,-2.7762264625549316,6.356156494903564,0.6664858871459961
1757954329335497000,40.6484970703125,-2.9698575218200682,6.503549534606933,0.6823474731445313
1757954329345452800,40.65845288085937,-3.1829414695739744,6.642263593292236,0.6570587181091309
1757954329355409000,40.66840893554688,-3.432686630249023,6.844872908782959,0.6513724891662598
1757954329365364700,40.67836474609375,-3.7032314178466796,7.151480358886718,0.6438906089782714
1757954329375320000,40.688320068359374,-3.962104472351074,7.582137382507324,0.6374561920166015
1757954329385276000,40.69827587890625,-4.181173924255371,8.069357420349121,0.6380547424316406
1757954329395232000,40.70823193359375,-4.404133953857421,8.506598498535157,0.6251859085083007
1757954329405187800,40.71818774414062,-4.579958138275146,8.747664678192137,0.5163993705749511
1757954329415144000,40.72814404296875,-4.706850826263428,8.780884226226807,0.40282442932128903
1757954329425099800,40.73809985351563,-4.893897830963135,8.70816035079956,0.2838625343322754
1757954329435055900,40.74805590820313,-5.101744462585449,8.69454332885742,0.1605611488342285
1757954329445012000,40.75801196289063,-5.322908840942382,8.798391825866698,0.060303954315185544
1757954329454968000,40.76796801757813,-5.47119970626831,8.993369623565673,-0.019303250885009764
1757954329464924000,40.777923828125,-5.574150377655029,9.249100288391112,-0.05252279891967773
1757954329474878700,40.78787866210938,-5.604676448822021,9.50064110031128,-0.09352350234985352
1757954329484834800,40.79783471679688,-5.585223560333252,9.881468801879882,-0.10280103378295898
1757954329494791000,40.807791015625,-5.529109458923339,10.468347483825683,-0.11956044540405272
1757954329504747000,40.8177470703125,-5.485564916229248,11.231648900604247,-0.12375029830932617
1757954329514702800,40.82770288085938,-5.485564916229248,11.950358311462402,-0.10579378585815429
1757954329524659000,40.83765893554688,-5.459228697967529,12.4238116897583,-0.15696984634399413
1757954329534614800,40.84761474609375,-5.363610269165039,12.521824320220947,-0.3815758895874023
1757954329544571000,40.85757080078125,-5.307645805358886,12.199355284118651,-0.7627028663635254
1757954329554526700,40.867526611328124,-5.26739328994751,11.598261029815673,-1.2141595169067383
1757954329564482800,40.87748291015625,-5.143942266845703,10.903343997955321,-1.6223708999633788
1757954329574439000,40.88743896484375,-4.97365467376709,10.218602323150634,-1.8719664230346678
1757954329584394000,40.89739404296875,-4.760570726013183,9.546280569458007,-1.9174562545776366
1757954329594349800,40.907349853515626,-4.486584273529052,9.052476477050782,-1.802983487701416
1757954329604306000,40.917305908203126,-4.155136981201172,8.807070806884765,-1.6448165405273436
1757954329614261800,40.92726171875,-3.7397429931640622,8.839392529296875,-1.479915901184082
1757954329624218000,40.937218017578125,-3.2296284019470214,9.09198080444336,-1.3311761230468748
1757954329634174000,40.947174072265625,-2.699761647033691,9.421033895111083,-1.183633445739746
1757954329644130000,40.957130126953125,-2.145803237915039,9.695618898010252,-1.0179846183776855
1757954329654086000,40.9670859375,-1.66636435546875,9.839121360015868,-0.8387187690734863
1757954329664042000,40.9770419921875,-1.3093290328979492,9.874735109710693,-0.685040950012207
1757954329673997800,40.98699780273437,-0.9877578224182129,9.903016616821288,-0.5817910034179687
1757954329683953000,40.996952880859375,-0.732326432800293,9.941623118591307,-0.51071314163208
1757954329693909000,41.006908935546875,-0.5364508094787598,9.951798475646973,-0.41584290084838865
1757954329703864800,41.01686474609375,-0.40013095245361324,9.94057565536499,-0.2754828285217285
1757954329713821000,41.026821044921874,-0.3381809844970703,9.866056128692627,-0.1580173095703125
1757954329723776800,41.03677685546875,-0.34925416717529295,9.699509475708007,-0.029478607940673827
1757954329733732900,41.04673291015625,-0.4542997650146484,9.354594799041747,0.08364742050170898
1757954329743688700,41.05668872070312,-0.6329670639038085,8.875006278991698,0.15637129592895507
1757954329753645000,41.06664501953125,-0.840813695526123,8.33840583190918,0.23732523956298826
1757954329763601000,41.07660083007813,-1.0758943710327147,7.764994534301757,0.28730419921875
1757954329773557000,41.08655688476563,-1.2913725204467772,7.250989365386962,0.31229367904663086
1757954329783512800,41.09651293945313,-1.438915197753906,6.822726543426513,0.3368342460632324
1757954329793469000,41.10646899414063,-1.5804723709106445,6.486939760589599,0.4101566719055176
1757954329803424000,41.11642407226562,-1.6817770286560059,6.236745687103271,0.5078700271606446
1757954329813379800,41.1263798828125,-1.779340746307373,6.0790276527404785,0.598251139831543
1757954329823336000,41.1363359375,-1.8300678939819335,5.982960311126709,0.6829460235595702
1757954329833291800,41.14629174804688,-1.8541595481872557,6.016179859161377,0.7496843948364257
1757954329843247900,41.15624780273438,-1.839345425415039,6.178985572052001,0.8246528343200683
1757954329853203700,41.16620361328125,-1.903689595031738,6.487538311004638,0.8604162216186523
1757954329863159800,41.17615991210938,-1.972223617553711,7.03566085357666,0.8487444885253905
1757954329873116000,41.186115966796876,-1.9366098678588866,7.843105363464355,0.7893383598327637
1757954329883072000,41.196072021484376,-1.8435352783203125,8.733598743438721,0.6602011077880859
1757954329893027800,41.20602783203125,-1.69823716506958,9.63411784286499,0.508169302368164
1757954329902983000,41.21598291015625,-1.4806640892028808,10.465055456542968,0.29134441452026366
1757954329912938800,41.22593872070313,-1.2753612968444823,11.155034447479247,-0.04339490509033203
1757954329922894800,41.235894775390626,-1.1110592079162598,11.742362042236328,-0.4746504791259765
1757954329932851000,41.245850830078126,-1.0269628746032715,12.29003567199707,-0.9846154327392578
1757954329942807000,41.25580712890625,-1.0378864196777342,12.930783891296386,-1.4323311431884764
1757954329952763000,41.265762939453126,-1.0003273811340332,13.710844719696045,-1.8189947113037108
1757954329962719000,41.275718994140625,-0.9163806854248047,14.426561378479002,-2.1184195564270016
1757954329972675000,41.285675048828125,-0.8930372192382812,14.914529604339599,-2.3617303001403807
1757954329982631200,41.295631103515625,-0.7624035911560059,15.190012432861327,-2.542941438293457
1757954329992587000,41.3055869140625,-0.6926724678039551,15.21979031600952,-2.824409770965576
1757954330002542300,41.31554223632813,-0.6721721160888672,15.133299781036376,-3.202992908477783
1757954330012498200,41.32549829101563,-0.5666776054382324,15.032743311309813,-3.6557962974548337
1757954330022454300,41.33545434570313,-0.32561142578124996,14.968099866485595,-4.0092403175354
1757954330032410000,41.34541015625,-0.19901801300048827,14.691270299530029,-4.131494239807129
1757954330042366200,41.3553662109375,-0.3290530906677246,13.93111127243042,-3.9655461372375487
1757954330052322000,41.365322021484374,-0.6362590911865234,13.05573129043579,-3.7008372161865233
1757954330062278100,41.375278076171874,-0.8541314422607421,12.613402533721922,-3.6267666023254392
1757954330072234200,41.385234130859374,-0.9249100288391112,12.457180875396729,-3.634098844909668
1757954330082190300,41.3951904296875,-1.0441711990356444,12.312780587768554,-3.5708021385192867
1757954330092146200,41.40514624023437,-1.27042325592041,12.006173137664794,-3.403357659912109
1757954330102102300,41.41510229492187,-1.7182886039733887,11.49201833114624,-3.2650925140380855
1757954330112057000,41.42505712890625,-2.25369195022583,10.86069728088379,-3.109768681335449
1757954330122013200,41.43501318359375,-2.834136215209961,10.192565380096434,-2.9267618919372556
1757954330131969300,41.44496923828125,-3.321056977844238,9.58862801132202,-2.6904841156005856
1757954330141925000,41.45492504882812,-3.6258687767028808,9.10978767929077,-2.4046762924194334
1757954330151881200,41.46488110351562,-3.7065234451293945,8.831312098693846,-2.076820302581787
1757954330161837000,41.47483715820312,-3.6074633514404293,8.831312098693846,-1.790713204193115
1757954330171793200,41.48479321289062,-3.3821091201782223,9.09153189163208,-1.525256095123291
1757954330181749000,41.4947490234375,-3.199700881195068,9.419986431884766,-1.2306196533203124
1757954330191705300,41.50470532226562,-3.0000843177795407,9.596558804321289,-0.8828618621826171
1757954330201661200,41.5146611328125,-2.870498152923584,9.517999062347412,-0.4682160621643066
1757954330211616300,41.5246162109375,-2.823661582946777,9.254038329315184,-0.014215572357177733
1757954330221572000,41.53457202148437,-2.7914894981384277,8.90044467163086,0.39010523300170896
1757954330231528200,41.54452807617187,-2.8191724548339843,8.56794991607666,0.7003039855957031
1757954330241484300,41.554484375,-2.8860604637145992,8.227823642730712,0.9124901077270507
1757954330251440400,41.5644404296875,-2.8746880058288573,7.888146282196044,1.0393827957153319
1757954330261396200,41.57439624023438,-2.7980735527038574,7.511059520721435,1.0862193656921386
1757954330271352000,41.58435205078125,-2.671180864715576,7.11841044845581,1.092953057861328
1757954330281308200,41.59430810546875,-2.51555775680542,6.757783823394775,1.0793360359191895
1757954330291264000,41.604263916015626,-2.386719779968262,6.376507209014892,1.0627262619018554
1757954330301220000,41.61422021484375,-2.2833201957702633,5.999270809936523,1.011849476623535
1757954330311175200,41.62417504882813,-2.2354361625671384,5.6952071990966795,0.9403227020263671
1757954330321131300,41.63413134765625,-2.253093399810791,5.473893183135986,0.9168295982360839
1757954330331087000,41.64408715820313,-2.318784307861328,5.410446839141845,0.8819640365600585
1757954330341043200,41.65404321289063,-2.4534581512451172,5.482721801757812,0.8616133224487305
1757954330350999000,41.6639990234375,-2.586037068176269,5.706280381774902,0.824203921508789
1757954330360955100,41.673955078125,-2.7410616256713864,6.0136360198974605,0.7902361854553223
1757954330370911200,41.6839111328125,-2.8968343711853026,6.368576416015625,0.7538742477416992
1757954330380867300,41.693867431640626,-3.049913639831543,6.686107411193848,0.7356184600830078
1757954330390823200,41.7038232421875,-3.1976059547424316,6.983437329864501,0.7193079612731933
1757954330400779300,41.713779296875,-3.3544261634826658,7.228543724822997,0.7225999885559081
1757954330410734000,41.72373413085938,-3.570652500915527,7.477989610290527,0.7149684707641601
1757954330420690200,41.73369018554688,-3.7624879089355465,7.687931168365478,0.6697779144287109
1757954330430646300,41.743646240234376,-3.956867156219482,7.868094843292236,0.6865373260498047
1757954330440602000,41.75360205078125,-4.233696723175049,8.054543297576904,0.6937199310302734
1757954330450558200,41.76355810546875,-4.4668321098327635,8.2230352394104,0.678007982635498
1757954330460514000,41.77351416015625,-4.696076918792724,8.343343872833252,0.5945101997375488
1757954330470470100,41.78347021484375,-4.888810152435302,8.482207569122314,0.4730044654846191
1757954330480426000,41.79342602539062,-5.065232887268066,8.589946643829345,0.3112462158203125
1757954330490382000,41.80338208007812,-5.214421578216553,8.711302740478516,0.09965864410400391
1757954330500338200,41.81333813476562,-5.312883121490478,8.95745659866333,-0.14050970993041992
1757954330510293200,41.823293212890626,-5.378574029541015,9.30296982574463,-0.3242646873474121
1757954330520249000,41.8332490234375,-5.4610243492126465,9.76235726928711,-0.4478653480529785
1757954330530205200,41.843205078125,-5.536890614318847,10.446949306488037,-0.46193128280639645
1757954330540161000,41.8531611328125,-5.502324327850341,11.246612660980224,-0.5041290870666504
1757954330550117400,41.863117431640624,-5.429750090026855,11.993154666137695,-0.6284779357910156
1757954330560073200,41.8730732421875,-5.284451976776123,12.581828999328613,-0.8499415893554687
1757954330570029300,41.883029296875,-5.052962603759766,12.887837899017333,-1.1379939765930176
1757954330579985200,41.89298510742187,-4.847959086608887,12.834716549682616,-1.4654010536193847
1757954330589941200,41.90294116210937,-4.693981992340087,12.444162403869628,-1.8287211555480956
1757954330599897000,41.91289697265625,-4.621108479309082,11.849652204132079,-2.1154268043518063
1757954330609852200,41.92285205078125,-4.675127654266357,11.275343080902099,-2.2849662094116208
1757954330619808300,41.932808349609374,-4.703259523773193,10.795604923248291,-2.3491607414245603
1757954330629764000,41.94276416015625,-4.623353043365478,10.340856245422362,-2.2679075225830077
1757954330639720200,41.95272021484375,-4.4850878974914545,9.918130014801024,-2.0503344467163083
1757954330649676000,41.96267602539063,-4.312855015563964,9.591770401000977,-1.755099454498291
1757954330659632000,41.97263208007813,-4.122964896392822,9.354445161437988,-1.3989619575500487
1757954330669588000,41.982587890625,-3.8805519783020017,9.230245950317382,-1.0863690032958984
1757954330679544300,41.99254443359375,-3.5995325584411617,9.285013313293456,-0.8134300140380859
1757954330689500200,42.00250024414063,-3.2110733390808104,9.364021968078612,-0.582239916229248
1757954330699456300,42.01245629882813,-2.7358243095397947,9.354295523834228,-0.3924994346618652
1757954330709411000,42.0224111328125,-2.366069790649414,9.237428555297852,-0.21398177337646482
1757954330719367200,42.0323671875,-2.080561242675781,9.055768504333496,-0.027832594299316404
1757954330729323300,42.0423232421875,-1.8436849159240722,8.774449809265136,0.11552023010253906
1757954330739279400,42.052279296875,-1.6671125434875487,8.437615563201904,0.2371756019592285
1757954330749235200,42.06223510742188,-1.5222633430480956,8.125621159362792,0.33758243408203126
1757954330759191300,42.07219140625,-1.4185644836425781,7.837119859313964,0.4750993919372558
1757954330769147100,42.082147216796876,-1.3871405868530273,7.518990313720702,0.6605003829956054
1757954330779103200,42.092103271484376,-1.3334206871032714,7.237821256256103,0.8622118728637694
1757954330789059000,42.10205908203125,-1.357362703704834,6.970568495941162,1.0718541557312011
1757954330799015200,42.11201513671875,-1.3676876983642576,6.76122548828125,1.2473790649414063
1757954330808970200,42.12197021484375,-1.3210007659912109,6.590189707183837,1.3826514587402343
1757954330818926000,42.13192602539063,-1.2761094848632812,6.442796667480469,1.4706383697509764
1757954330828882200,42.141882080078126,-1.2642881141662596,6.300491306304932,1.5451578964233397
1757954330838838000,42.151838134765626,-1.2801497001647948,6.130652626037597,1.605611488342285
1757954330848794000,42.161794189453126,-1.3347674255371094,5.98804798965454,1.6394295867919921
1757954330858750200,42.171750244140625,-1.403899998474121,5.862651677703857,1.645864003753662
1757954330868706300,42.181706298828125,-1.4570213478088379,5.738003553771972,1.6398784996032714
1757954330878662100,42.191662109375,-1.5257050079345702,5.674407572174072,1.6283564041137695
1757954330888618200,42.2016181640625,-1.53213942489624,5.744737245941161,1.6615759521484375
1757954330898574000,42.21157397460937,-1.518821678161621,5.968146188354492,1.70467158203125
1757954330908529400,42.221529296875,-1.4833575660705565,6.402544152069091,1.8249802154541015
1757954330918485200,42.2314853515625,-1.4318822303771972,7.050624613952636,1.9439421104431152
1757954330928441300,42.24144140625,-1.39177935256958,7.949946612548827,2.104203984069824
1757954330938397200,42.251397216796875,-1.3359645263671873,9.100659785461426,2.3153426429748536
1757954330948353000,42.26135302734375,-1.2364555198669434,10.254066435241699,2.4657284347534176
1757954330958309000,42.27130908203125,-1.160738892364502,11.024101544189453,2.405574118041992
1757954330968265000,42.28126489257812,-1.1623849060058593,11.58778639755249,2.288707149505615
1757954330978221000,42.29122094726562,-1.17480482711792,12.011709729003906,2.1172224555969237
1757954330988177000,42.30117700195313,-1.2331634925842285,12.465111668395995,1.8532617225646972
1757954330998133000,42.31113305664063,-1.2876315803527831,13.04316173171997,1.5370774658203123
1757954331008087800,42.321087890625,-1.2982558502197266,13.754688537597655,1.1125555839538575
1757954331018044000,42.3310439453125,-1.2553098579406738,14.504672207641601,0.5783493385314941
1757954331028000000,42.341,-1.2381015335083008,15.170559544372558,0.0022445640563964844
1757954331037955800,42.35095581054688,-1.2045827102661133,15.713594408416746,-0.6317699630737305
1757954331047912000,42.36091186523438,-1.2048819854736328,16.09950978851318,-1.2490250785827637
1757954331057867800,42.37086767578125,-1.2626421005249022,16.193781478881835,-1.7616835090637206
1757954331067823900,42.38082397460938,-1.3461398834228515,16.222661536407468,-2.177825685119629
1757954331077779700,42.39077978515625,-1.3584101669311524,16.347160022735594,-2.4850316856384276
1757954331087735800,42.40073583984375,-1.3772645050048826,16.168642361450193,-2.5583541114807127
1757954331097691000,42.41069091796875,-1.5215151550292967,15.389628996276855,-2.385373041534424
1757954331107647000,42.42064697265625,-1.8625392539978027,14.490755910491943,-2.212840884399414
1757954331117602800,42.43060278320313,-2.2068553802490234,13.933655111694335,-2.2144868980407715
1757954331127559000,42.44055883789063,-2.3986907882690427,13.531129957580566,-2.297685405731201
1757954331137514800,42.4505146484375,-2.4097639709472656,12.951284243011473,-2.316988656616211
1757954331147470800,42.46047094726563,-2.376993335723877,12.119299166107178,-2.2471078956604003
1757954331157427000,42.47042700195313,-2.325667637634277,11.240178244018553,-2.1423615730285643
1757954331167383000,42.480383056640626,-2.2930466400146483,10.478822116088866,-2.103156520843506
1757954331177339000,42.4903388671875,-2.334047343444824,9.86994670639038,-2.185157927703857
1757954331187295000,42.500294921875,-2.3898621696472166,9.437045118713378,-2.31743756942749
1757954331197249800,42.51024975585938,-2.516006669616699,9.184905756378173,-2.3974936874389647
1757954331207206000,42.52020581054688,-2.6690859382629393,9.083301823425293,-2.27299520111084
1757954331217162000,42.530161865234376,-2.8649615615844723,9.094823918914795,-1.916558428955078
1757954331227117800,42.540117919921876,-2.9607296279907227,9.136722447967529,-1.466448516845703
1757954331237074000,42.550073974609376,-3.0330045906066894,9.087342038726806,-0.9569324760437011
1757954331247029800,42.56002978515625,-3.0371944435119627,8.917652996063232,-0.5099649536132812
1757954331256985900,42.56998583984375,-3.0268694488525387,8.681524857330322,-0.15292963104248045
1757954331266941700,42.57994165039062,-2.925714428710937,8.39496884613037,0.13766659545898435
1757954331276897800,42.58989770507812,-2.7862521820068356,8.119635655212402,0.3607762626647949
1757954331286852900,42.599852783203126,-2.6313772621154783,7.789385463714599,0.5514145698547362
1757954331296809000,42.60980908203125,-2.4904186393737793,7.4785881607055655,0.7574655502319335
1757954331306764800,42.619764892578125,-2.344372338104248,7.099855385589599,0.9460089309692382
1757954331316721000,42.629720947265625,-2.2014684265136717,6.726509564208984,1.1399392654418945
1757954331326676700,42.6396767578125,-2.0611083541870117,6.37815322265625,1.2789525993347166
1757954331336633000,42.649633056640624,-1.9583073204040526,6.089352647399902,1.4348749824523925
1757954331346589000,42.6595888671875,-1.8234838394165038,5.839308211517333,1.5538368774414062
1757954331356545000,42.669544921875,-1.6952444129943847,5.657049610137939,1.6710031211853027
1757954331366500900,42.6795009765625,-1.5690999130249021,5.533748224639893,1.7606360458374022
1757954331376457000,42.68945703125,-1.4944307487487791,5.45863014755249,1.7847277000427244
1757954331386412000,42.699412109375,-1.4417583122253417,5.478531948852539,1.7950526947021483
1757954331396368000,42.709367919921874,-1.4007576087951659,5.582829358673095,1.8103157302856445
1757954331406324000,42.719323974609374,-1.4443021514892578,5.785438674163818,1.8261773162841797
1757954331416279800,42.72927978515625,-1.578826357269287,5.986102700805664,1.8315642700195311
1757954331426236000,42.73923583984375,-1.7744027053833007,6.1836243377685545,1.835604485321045
1757954331436191700,42.74919165039063,-1.988683753967285,6.317849268341064,1.8020856620788572
1757954331446147800,42.75914794921875,-2.1728876441955567,6.402544152069091,1.739686781311035
1757954331456103700,42.76910375976563,-2.4416367805480954,6.490830338287354,1.6314987937927246
1757954331466060000,42.77906005859375,-2.818124991607666,6.592883184051513,1.5237597190856933
1757954331476014800,42.78901489257812,-3.3194109642028806,6.702866822814941,1.3401543792724608
1757954331485971000,42.79897094726562,-3.891026610565185,6.957400386810303,1.126920793914795
1757954331495926800,42.8089267578125,-4.458003491210937,7.38641139678955,0.9689034843444824
1757954331505883000,42.8188828125,-4.949263744354248,7.9773302940368644,0.8895955543518066
1757954331515839000,42.8288388671875,-5.342062454223632,8.60012200088501,0.9102455436706542
1757954331525795000,42.83879516601562,-5.636399620819091,9.113378981781006,1.004217958831787
1757954331535751000,42.8487509765625,-5.8734255851745605,9.389759635925293,1.0862193656921386
1757954331545707000,42.85870703125,-6.102371118927001,9.483582413482665,1.0850222648620604
1757954331555662800,42.868662841796876,-6.330269189453125,9.597755905151367,0.9769839149475097
1757954331565618000,42.87861791992187,-6.514921992492676,9.974393753814697,0.7251438278198242
1757954331575574000,42.88857397460937,-6.5668462409973145,10.486303996276854,0.404769718170166
1757954331585529900,42.89852978515625,-6.535272706604004,11.016619664001464,0.18480244064331053
1757954331595486000,42.90848583984375,-6.485593022155761,11.487978115844726,0.12569558715820311
1757954331605441800,42.91844189453125,-6.334608679962158,12.069170568847655,0.09262567672729492
1757954331615398000,42.92839794921875,-6.115688865661621,12.774412595367432,0.01092354507446289
1757954331625353700,42.938353759765626,-5.842749876403809,13.404835820007323,-0.08035539321899414
1757954331635309800,42.948309814453125,-5.493046796417236,13.681066836547851,-0.19183540802001953
1757954331645266000,42.958265869140625,-5.099350260925292,13.325976802825927,-0.2781763053894043
1757954331655221000,42.96822094726563,-4.7010149597167965,12.438625812530518,-0.3203741096496582
1757954331665176800,42.9781767578125,-4.368520204162597,11.349264057159424,-0.4149450752258301
1757954331675133000,42.9881328125,-4.1115924385070795,10.213365007019043,-0.654365241241455
1757954331685088800,42.9980888671875,-3.8775592262268064,9.057264880371093,-0.9226654647827148
1757954331695045000,43.00804516601563,-3.7071219955444334,7.914931413269042,-1.1712135246276856
1757954331705001000,43.0180009765625,-3.5681086616516113,6.899490634155273,-1.251868193054199
1757954331714956800,43.027956787109375,-3.464260164642334,6.082170042419433,-1.248875440979004
1757954331724913000,43.037912841796874,-3.4102409896850583,5.455637395477295,-1.1137526847839354
1757954331734868700,43.04786865234375,-3.3276410324096677,5.036652104949951,-0.8836100502014159
1757954331744824800,43.057824951171874,-3.219004132080078,4.791695347595215,-0.600794979095459
1757954331754780000,43.06777978515625,-3.0541034927368162,4.7295957420349115,-0.3006219459533691
1757954331764736000,43.07773608398438,-2.8480525123596188,4.809202947235107,-0.0652419952392578
1757954331774691800,43.08769189453125,-2.6039935806274412,5.033060802459716,0.09038111267089843
1757954331784648000,43.09764794921875,-2.362927400970459,5.486313104248047,0.21727380065917967
1757954331794603800,43.107603759765624,-2.061557266998291,6.1732993431091305,0.33264439315795896
1757954331804560000,43.117559814453124,-1.7667711875915526,7.177068389129638,0.4848258361816406
1757954331814515700,43.127515625,-1.5128361740112304,8.509441613006592,0.7074865905761718
1757954331824472000,43.13747216796875,-1.3025953407287596,10.15126540145874,1.041328084564209
1757954331834428000,43.14742797851562,-1.1426327423095703,11.780669268798828,1.533486163330078
1757954331844382700,43.1573828125,-1.0860697280883789,13.003657404327392,2.084002907562256
1757954331854338800,43.1673388671875,-1.2401964599609374,13.545495167541503,2.503886023712158
1757954331864294700,43.17729467773437,-1.5834651229858399,13.647847288513184,2.6431986328124997
1757954331874251000,43.1872509765625,-1.948580876159668,13.737629850769043,2.523189274597168
1757954331884206800,43.19720678710937,-2.2991817817687985,13.980491681671142,2.2170307373046874
1757954331894163000,43.20716284179687,-2.6619033332824706,14.244302777099609,1.7347487403869628
1757954331904118800,43.21711889648437,-3.003825257873535,14.497339965057373,1.1026795021057127
1757954331914075000,43.22707495117187,-3.2671874404907224,14.52397545852661,0.4355950645446777
1757954331924030700,43.23703076171875,-3.490147470092773,14.292037172698974,-0.11177929000854492
1757954331933986000,43.246986083984375,-3.6545991966247557,14.041543824005126,-0.4514566505432129
1757954331943942000,43.25694189453125,-3.847332430267334,13.924976130676269,-0.5686228942871093
1757954331953898000,43.26689794921875,-4.076128326416016,13.825467124176024,-0.5054758255004882
1757954331963853800,43.27685375976562,-4.273799600982666,13.645153811645507,-0.2193687271118164
1757954331973810000,43.28680981445312,-4.339789784240723,13.299341309356688,0.21562778701782226
1757954331983766000,43.29676611328125,-4.235193099212646,12.789825268554686,0.6150105514526367
1757954331993722000,43.30672216796875,-4.043208053588867,12.18184768447876,0.9045593147277832
1757954332003678200,43.31667822265625,-3.7921161544799804,11.476007107543944,1.0015244819641114
1757954332013634300,43.32663427734375,-3.5366847648620605,10.765976677703856,0.9216180015563964
1757954332023589000,43.336589111328124,-3.195810303497314,10.085724131011963,0.7568669998168945
1757954332033545000,43.346544921875,-2.860771708679199,9.483582413482665,0.5014356101989745
1757954332043501000,43.3565009765625,-2.5406968742370606,8.991873247528076,0.21383213577270507
1757954332053457000,43.36645678710938,-2.2418705795288085,8.66296979446411,-0.10025719451904297
1757954332063413200,43.37641333007812,-1.9698294158935545,8.448389470672607,-0.45444940261840816
1757954332073369000,43.386369140625,-1.6343419082641601,8.213907345581054,-0.8149263900756836
1757954332083325200,43.3963251953125,-1.2840402778625488,7.894131786346435,-1.310077220916748
1757954332093281000,43.40628100585938,-1.1845312713623046,7.378929516601562,-1.9915268684387206
1757954332103237000,43.41623706054688,-1.1592425163269042,6.810605897521972,-2.656666017150879
1757954332113192200,43.42619213867187,-1.087865379333496,6.228365981292725,-3.2065842109680176
1757954332123148300,43.43614819335937,-0.9947907897949219,5.888090070343017,-3.5797803947448728
1757954332133104000,43.44610424804687,-0.8268973983764648,6.0805240287780755,-3.736301328277588
1757954332143060200,43.45606030273437,-0.6344634399414062,7.079205396270751,-3.52396556854248
1757954332153016000,43.46601611328125,-0.6153098266601562,8.685714710235596,-3.0023288818359375
1757954332162972200,43.47597216796875,-0.8584709327697754,10.025270539093016,-2.3136966293334957
1757954332172928000,43.485927978515626,-1.3039420791625975,10.37497361907959,-1.6096517036437987
1757954332182884000,43.495884033203126,-1.7666215499877929,9.826252526092528,-1.2482768905639647
1757954332192840200,43.505840087890626,-2.186654303741455,9.138069186401367,-1.2315174789428711
1757954332202795000,43.515794921875,-2.5733178718566894,8.910021478271483,-1.4196119468688964
1757954332212751000,43.52575122070313,-2.9135937828063962,9.145251791381835,-1.6117466300964354
1757954332222707000,43.53570703125,-3.2276831130981445,9.531616084289551,-1.6932991241455078
1757954332232663000,43.5456630859375,-3.557933304595947,9.740809454345703,-1.7290625114440916
1757954332242619100,43.555619140625,-3.828029179382324,9.726144969177245,-1.8121113815307617
1757954332252575200,43.5655751953125,-4.138976119995117,9.630825815582275,-1.84518129196167
1757954332262531000,43.575531005859375,-4.537461058807373,9.54448491821289,-1.7815853103637693
1757954332272487200,43.585487060546875,-4.937891286468505,9.577255553436279,-1.6747440612792968
1757954332282443000,43.595443115234374,-5.167136095428466,9.789591313171385,-1.4914379966735838
1757954332292398300,43.6053984375,-5.12000025024414,10.153659603118896,-1.2942156349182128
1757954332302354200,43.61535424804688,-4.863820672607422,10.580575686645508,-1.1448773063659667
1757954332312310300,43.62531030273438,-4.489128112792969,10.989235982513428,-1.0239701225280762
1757954332322266000,43.63526611328125,-4.115483016204834,11.253944903564452,-1.0486603271484374
1757954332332222200,43.64522216796875,-3.812317230987549,11.292401767730713,-1.0627262619018554
1757954332342178000,43.655177978515624,-3.589207563781738,11.078270356750487,-1.06616792678833
1757954332352134100,43.665134033203124,-3.4017116462707517,10.619631101226807,-1.0040683212280272
1757954332362090000,43.675090087890624,-3.252672592926025,10.069862545013427,-0.9395745140075683
1757954332372046300,43.68504638671875,-3.151816847991943,9.497947623443602,-0.9232640151977538
1757954332382001200,43.695001220703126,-3.003077069854736,8.960898263549804,-0.8710404914855957
1757954332391957000,43.70495703125,-2.7871500076293945,8.534880005645752,-0.7459434547424316
1757954332401913000,43.7149130859375,-2.516605220031738,8.130708837890625,-0.567575431060791
1757954332411869000,43.724868896484374,-2.2334908737182615,7.745990558624267,-0.3591302490234375
1757954332421825300,43.7348251953125,-1.9922750564575193,7.404966459655761,-0.13766659545898435
1757954332431781000,43.74478100585937,-1.7694646644592285,7.136815873718262,0.0953191535949707
1757954332441737200,43.7547373046875,-1.6358382843017578,6.916100408172607,0.34311902542114253
1757954332451693000,43.76469311523437,-1.5958850440979002,6.771101570129394,0.607827946472168
1757954332461649200,43.77464916992187,-1.6289549545288085,6.631040773010254,0.8496423141479492
1757954332471604200,43.784604248046875,-1.7791911087036132,6.52479807434082,1.0654197387695312
1757954332481560300,43.794560302734375,-1.9710265167236327,6.464494120025634,1.2970587493896484
1757954332491516200,43.80451611328125,-2.1582231590270995,6.521356409454345,1.5285481224060058
1757954332501472300,43.81447216796875,-2.3695114555358887,6.721870798492431,1.7431284461975096
1757954332511428000,43.82442797851562,-2.5954642372131347,6.988375370788574,1.9642928245544433
1757954332521384200,43.83438427734375,-2.824409770965576,7.268646602630615,2.120364845275879
1757954332531340000,43.84434008789062,-3.0897172424316404,7.403918996429443,2.1761796714782715
1757954332541296000,43.85429614257812,-3.349937035369873,7.332541859436034,2.173635832214355
1757954332551251200,43.864251220703125,-3.6616321640014644,7.111676756286621,2.0883423980712887
1757954332561207000,43.87420703125,-3.962254109954834,6.852953339385986,1.9422960968017577
1757954332571163100,43.8841630859375,-4.240430415344238,6.608744770050048,1.7465701110839842
1757954332581119000,43.89411889648437,-4.453963275909423,6.464793395233154,1.5562310791015623
1757954332591075000,43.90407495117187,-4.614225149536132,6.5023524337768555,1.350180098724365
1757954332601031200,43.91403125,-4.767603693389892,6.761524763488769,1.1273697067260742
1757954332610987300,43.9239873046875,-4.8698061767578125,7.3802762550354,0.8456020988464354
1757954332620943000,43.93394311523438,-4.903325,8.390479718017577,0.5397428367614746
1757954332630899200,43.94389916992188,-4.854243865966796,9.803357972717285,0.20141221466064452
1757954332640854000,43.95385400390625,-4.754136309051513,11.490073042297363,-0.15996259841918944
1757954332650810400,43.96381030273437,-4.66674794845581,13.157484860992431,-0.5735609352111816
1757954332660766200,43.97376611328125,-4.6258968826293945,14.328848023223877,-0.9777321029663085
1757954332670722300,43.98372241210937,-4.6155718879699705,14.689175373077392,-1.3602058181762695
1757954332680678100,43.99367822265625,-4.739771099090576,14.40950269165039,-1.7184382415771484
1757954332690634000,44.00363403320313,-5.080495922851562,13.945027569580077,-2.1197662948608396
1757954332700590000,44.01359008789063,-5.396081629180908,13.481001360321045,-2.6452935592651365
1757954332710546000,44.0235458984375,-5.5540989387512205,12.883199133300781,-3.1221886024475096
1757954332720502000,44.033501953125,-5.6197898468017575,12.000636546325683,-3.338265302276611
1757954332730457000,44.04345703125,-5.569511611938476,10.974870772552489,-3.3547254386901852
1757954332740413200,44.0534130859375,-5.3758805526733395,9.968857162475585,-3.1905729873657225
1757954332750369000,44.063369140625,-5.089773454284668,9.236830004882812,-2.840420994567871
1757954332760325000,44.0733251953125,-4.715529807281494,8.899097933197021,-2.415150924682617
1757954332770281000,44.08328100585938,-4.267963734436035,8.88099178314209,-1.948580876159668
1757954332780237300,44.0932373046875,-3.7804444213867185,8.986785569000244,-1.5465046348571776
1757954332790193200,44.103193115234376,-3.3023522773742675,9.11756883468628,-1.2369044326782226
1757954332800149200,44.113149169921876,-2.871695253753662,9.201216255187989,-0.9609726913452148
1757954332810105000,44.12310498046875,-2.5022400100708007,9.235483266448973,-0.7110778930664062
1757954332820061200,44.133061279296875,-2.157325333404541,9.220519506072998,-0.39743747558593745
1757954332830016300,44.14301635742188,-1.8474258560180663,9.25044702682495,-0.06673837127685546
1757954332839972000,44.15297216796875,-1.5689502754211424,9.300725261688232,0.2883516624450683
1757954332849928200,44.16292822265625,-1.3154641746520996,9.36626653213501,0.6564601676940918
1757954332859884000,44.172884033203125,-1.120486376953125,9.337236837005614,0.9847650703430175
1757954332869840100,44.182840087890625,-0.9612719665527343,9.171139096832276,1.244386312866211
1757954332879796000,44.1927958984375,-0.8773252708435058,8.916006982421875,1.416020644378662
1757954332889752000,44.202751953125,-0.848445213317871,8.565406076812744,1.5301941360473632
1757954332899708200,44.212708251953124,-0.8794201972961425,8.18457837524414,1.5831658477783201
1757954332909664300,44.222664306640624,-0.98955347366333,7.76978293762207,1.6525976959228514
1757954332919619000,44.232619140625,-1.1757026527404784,7.32281541519165,1.7169418655395507
1757954332929575200,44.2425751953125,-1.3778630554199218,6.833051538085937,1.759438945007324
1757954332939531000,44.252531005859375,-1.5904980903625487,6.3144076034545895,1.7717092285156248
1757954332949487000,44.262487060546874,-1.7808371223449706,5.806687213897705,1.7413327949523925
1757954332959443200,44.272443115234374,-1.9393033447265624,5.380968231201171,1.7069161460876463
1757954332969399300,44.2823994140625,-2.0395605392456053,5.072265854644775,1.646462554168701
1757954332979354600,44.29235473632812,-2.1161749923706052,4.907664490509033,1.6157868453979491
1757954332989310500,44.302310546875,-2.173037281799316,4.932055419921875,1.5605705696105956
1757954332999266300,44.312266357421876,-2.22166950302124,5.129427419281005,1.497124225616455
1757954333009221600,44.3222216796875,-2.250549560546875,5.511601859283447,1.3998597831726074
1757954333019177500,44.33217749023437,-2.196829660797119,6.086958445739746,1.2752116592407226
1757954333029133600,44.34213354492187,-2.072929724884033,6.97146632156372,1.0794856735229492
1757954333039089400,44.35208935546875,-1.9158102409362792,8.31910258102417,0.7842506813049316
1757954333049045500,44.36204541015625,-1.5614683952331543,10.265738168334961,0.39698856277465816
1757954333059001300,44.37200146484375,-1.0372878692626952,12.49354281311035,-0.11118073959350586
1757954333068957400,44.38195751953125,-0.4695628005981445,14.160804994201659,-0.8321347145080565
1757954333078913500,44.39191357421875,-0.16654665298461913,14.647875394439696,-1.6994342658996582
1757954333088869600,44.40186962890625,-0.18854338073730467,14.362217208862305,-2.4019828155517575
1757954333098825500,44.411825439453125,-0.4569932418823242,14.164545934295653,-2.8734909049987793
1757954333108780500,44.42178051757813,-0.8940846824645996,14.378976620483398,-3.29427184677124
1757954333118736400,44.431736328125,-1.1649287452697754,14.679149653625487,-3.6276644279479977
1757954333128692500,44.4416923828125,-1.0688614036560058,14.64593010559082,-3.8048353507995603
1757954333138648600,44.45164868164063,-0.8725368675231933,14.3008657913208,-3.8991070411682127
1757954333148604400,44.4616044921875,-0.6801029090881348,14.141950656127928,-4.025850091552734
1757954333158560500,44.471560546875,-0.3902548706054687,14.439130937194824,-4.0915409996032714
1757954333168516400,44.481516357421874,-0.08424597091674804,14.680795667266844,-3.871872997283935
1757954333178472400,44.491472412109374,-0.16924012985229492,14.121001391601562,-3.2926258331298826
1757954333188428300,44.50142822265625,-0.8219593574523926,13.014132036590576,-2.721608737182617
1757954333198384600,44.51138452148437,-1.6385317611694334,12.10478431854248,-2.4958055931091305
1757954333208339500,44.52133935546875,-2.2966379425048826,11.656619695281982,-2.507178050994873
1757954333218295600,44.531295654296876,-2.698564546203613,11.635520793151855,-2.5698762069702146
1757954333228251400,44.54125146484375,-2.8125884002685546,11.673229469299315,-2.4449288078308102
1757954333238207500,44.55120751953125,-2.7793688522338864,11.406724897003173,-2.225111167907715
1757954333248163600,44.56116357421875,-2.801814492797851,10.780641162872314,-2.136076793670654
1757954333258119700,44.57111962890625,-2.9987375793457027,10.065523054504395,-2.17692785949707
1757954333268075500,44.58107543945312,-3.238905933380127,9.4496146774292,-2.279878530883789
1757954333278031600,44.59103149414062,-3.409941714477539,9.101407973480224,-2.320131046295166
1757954333287987500,44.60098754882812,-3.4112884529113767,9.053972853088379,-2.2176292877197263
1757954333297942300,44.6109423828125,-3.336320013427734,9.21213980026245,-1.9170073417663573
1757954333307898600,44.620898681640625,-3.2499791160583493,9.42956323852539,-1.4731822090148925
1757954333317854500,44.6308544921875,-3.1120132453918457,9.586383447265625,-1.0078092613220215
1757954333327810600,44.640810546875,-2.9686604209899903,9.580697218322753,-0.6123170745849609
1757954333337766400,44.65076635742187,-2.8775311203002927,9.451410328674315,-0.21951836471557615
1757954333347722500,44.66072241210937,-2.811540937042236,9.260023833465576,0.14006079711914063
1757954333357678300,44.67067822265625,-2.7932851493835447,9.042450757598877,0.42332478103637694
1757954333367634400,44.68063452148437,-2.7542297348022458,8.781931689453124,0.7095815170288086
1757954333377590500,44.69059057617188,-2.667290287017822,8.441506140899659,0.9192237998962401
1757954333387546600,44.70054663085938,-2.5727193214416504,8.038980986785889,1.0365396812438965
1757954333397502500,44.71050244140625,-2.4890719009399414,7.596203317260742,1.1023802268981933
1757954333407457500,44.72045751953125,-2.3834277526855465,7.171531797790527,1.1592425163269042
1757954333417413400,44.73041333007812,-2.280626718902588,6.769605194091796,1.1990461189270019
1757954333427369500,44.74036938476563,-2.178873148345947,6.382492713165282,1.1936591651916504
1757954333437325600,44.75032568359375,-2.0980688423156737,6.017825872802734,1.1737573638916015
1757954333447281700,44.76028173828125,-2.006640266418457,5.727379283905029,1.158793603515625
1757954333457237500,44.77023754882813,-1.9295769004821777,5.497386286926269,1.1385925270080566
1757954333467193600,44.78019360351563,-1.8728642486572264,5.3384711517333985,1.0859200904846191
1757954333477149400,44.7901494140625,-1.8634370796203612,5.30525160369873,1.034893667602539
1757954333487105500,44.80010546875,-1.9168577041625976,5.386654460144043,1.0031704956054688
1757954333497060600,44.810060546875,-1.9879355659484863,5.603928260803222,0.9712976860046386
1757954333507016400,44.82001635742188,-2.1082441993713377,5.9032034683227534,0.9099462684631348
1757954333516972500,44.82997265625,-2.284367658996582,6.252457635498047,0.869544115447998
1757954333526928400,44.83992846679688,-2.4574983665466306,6.714538555908203,0.8623615104675293
1757954333536884500,44.84988452148438,-2.70694425201416,7.2152259780883785,0.8692448402404784
1757954333546840300,44.85984033203125,-2.934094134521484,7.71860687713623,0.8586205703735351
1757954333556796700,44.869796630859376,-3.2071827613830566,8.201786699676513,0.8804676605224608
1757954333566752500,44.87975244140625,-3.4983775382995606,8.664915083312987,0.8866028022766113
1757954333576708600,44.88970849609375,-3.8139632446289062,9.046191697692871,0.9036614891052246
1757954333586664400,44.89966455078125,-4.153490967559814,9.286659326934814,0.9205705383300781
1757954333596619500,44.90961962890625,-4.507982450866699,9.331400970458985,0.9542389991760253
1757954333606575600,44.91957568359375,-4.8519993019104,9.223961170959472,0.9690531219482421
1757954333616531700,44.92953173828125,-5.135263285827636,9.129090930175781,0.9388263259887695
1757954333626487600,44.939487548828126,-5.383661708068847,9.03990691833496,0.8755296195983886
1757954333636443600,44.949443603515626,-5.587019211578369,9.083301823425293,0.7688380081176758
1757954333646399500,44.9593994140625,-5.755361515808105,9.252242678070068,0.5813420906066894
1757954333656355600,44.96935546875,-5.877166525268555,9.470264666748045,0.33623569564819333
1757954333666311400,44.9793115234375,-5.993734218597412,9.692925421142577,0.11656769332885741
1757954333676267300,44.98926733398437,-6.0622682411193844,10.087519782257079,-0.08903437423706054
1757954333686223600,44.9992236328125,-6.052841072082519,10.787823767852782,-0.3206733848571777
1757954333696179500,45.00917944335937,-5.985354512786865,11.718868938446045,-0.5358522590637207
1757954333706134500,45.019134521484375,-5.811924530029296,12.503418894958495,-0.7311293319702148
1757954333716090400,45.02909033203125,-5.513996060943604,12.759448834991455,-0.9311948081970214
1757954333726046500,45.03904638671875,-5.195118327331543,12.40420916366577,-1.120336739349365
1757954333736002600,45.04900244140625,-4.914996733093261,11.628487825775146,-1.319654027557373
1757954333745958700,45.058958740234374,-4.731241755676269,10.742483573913574,-1.5295955856323242
1757954333755914500,45.06891455078125,-4.556764309692382,9.92680899581909,-1.7163433151245115
1757954333765870600,45.07887060546875,-4.323030372619629,9.153182584381103,-1.7724574165344238
1757954333775826400,45.08882641601563,-4.049492832946777,8.406191666412353,-1.6677110939025879
1757954333785782500,45.09878247070313,-3.772363990783691,7.776965542602539,-1.4591162742614745
1757954333795738400,45.10873828125,-3.4843116035461423,7.287800215911865,-1.2307692909240722
1757954333805693400,45.118693359375,-3.1534628616333005,7.025635134124755,-1.0128969398498535
1757954333815649500,45.1286494140625,-2.711433380126953,6.947374667358398,-0.8503905021667479
1757954333825605400,45.13860546875,-2.2596774543762206,7.072322066497803,-0.7480383811950683
1757954333835561500,45.1485615234375,-1.796549070739746,7.250989365386962,-0.6533177780151367
1757954333845517300,45.15851733398438,-1.3792097938537597,7.428309925842285,-0.550965657043457
1757954333855473400,45.16847338867188,-0.9771335525512694,7.721749266815185,-0.4875193130493164
1757954333865429500,45.17842944335938,-0.535702621459961,8.119037104797362,-0.4878185882568359
1757954333875385600,45.18838549804688,-0.08439560852050781,8.710404914855957,-0.4800374328613281
1757954333885341400,45.19834155273438,0.28042086944580075,9.40382557067871,-0.46627077331542965
1757954333895297500,45.208297607421876,0.5473743545532226,10.02332525024414,-0.40925884628295894
1757954333905252400,45.21825244140625,0.6576572685241698,10.454281549072265,-0.2781763053894043
1757954333915208700,45.22820874023437,0.6382043800354004,10.579528223419189,-0.15816694717407226
1757954333925164500,45.23816455078125,0.5066729263305664,10.619631101226807,-0.04833294601440429
1757954333935120600,45.24812060546875,0.25348610076904293,10.779444062042236,-0.03037643356323242
1757954333945076500,45.258076416015626,-0.06150105514526367,11.067496449279785,-0.06299743118286133
1757954333955032600,45.268032470703126,-0.38307226562499996,11.55456684951782,-0.09771335525512695
1757954333964988400,45.277988525390626,-0.8075941474914551,12.14952596206665,-0.07870937957763671
1757954333974944500,45.287944580078126,-1.2403460975646972,12.78832889251709,0.027383681488037107
1757954333984900600,45.297900634765625,-1.712303099822998,13.308618840789794,0.1149216796875
1757954333994857000,45.30785693359375,-2.1344307800292968,13.686154515075684,0.04384381790161133
1757954334004811800,45.31781176757813,-2.492812841033935,13.873650432586668,-0.23523031311035156
1757954334014767600,45.327767578125,-2.6924294044494625,13.884274702453613,-0.6299743118286133
1757954334024723700,45.3377236328125,-2.7630583534240722,13.730297608184813,-1.00227266998291
1757954334034679600,45.347679443359375,-2.867206125640869,13.402591255950927,-1.2874819427490234
1757954334044635600,45.3576357421875,-2.9014731369018554,13.098078732299804,-1.5634136840820312
1757954334054591700,45.367591796875,-2.745850028991699,12.884545871734618,-1.8251298530578612
1757954334064547800,45.3775478515625,-2.2474071708679197,12.744634712219238,-1.8836381561279296
1757954334074503700,45.387503662109374,-1.4531307701110838,12.613851446533202,-1.7335516395568846
1757954334084459800,45.397459716796874,-1.0019733947753906,12.169876676177978,-1.6476596549987792
1757954334094415600,45.40741552734375,-1.133205573272705,11.495160720825195,-1.6472107421875
1757954334104371000,45.41737084960938,-1.112106671142578,10.651952823638915,-1.6394295867919921
1757954334114326800,45.427326904296876,-0.8265981231689452,9.864859027862549,-1.5224129806518554
1757954334124283000,45.437282958984376,-0.5443816024780274,9.202862268829346,-1.4671967048645018
1757954334134238700,45.44723876953125,-0.4204816665649414,8.603862940979003,-1.599326708984375
1757954334144194800,45.45719482421875,-0.3190273712158203,7.986158912658691,-1.8275240547180174
1757954334154150700,45.46715063476562,-0.18899229354858396,7.4214265960693355,-2.1312883903503415
1757954334164106800,45.47710668945312,-0.08349778289794921,6.997952177429199,-2.586037068176269
1757954334174062800,45.48706274414062,-0.12554594955444334,6.715586019134521,-3.1604958290100096
1757954334184019000,45.49701904296875,-0.19228432083129882,6.685508860778808,-3.7816415222167965
1757954334193974800,45.50697485351562,-0.27787703018188475,7.240514733123779,-4.379144474029541
1757954334203929600,45.5169296875,-0.33922844772338867,8.569745567321776,-4.735581246185302
1757954334213885700,45.5268857421875,-0.5823895538330078,10.218452685546874,-4.600009577178954
1757954334223841800,45.536841796875,-1.0185831687927245,11.17942537689209,-3.9739258430480953
1757954334233798000,45.5467978515625,-1.4308347671508788,10.970531282043456,-3.20493819732666
1757954334243753700,45.55675366210937,-1.8107646430969238,10.164134235382079,-2.9474118812561034
1757954334253709800,45.56670971679687,-2.109890213012695,9.742605105590819,-3.251475492095947
1757954334263665700,45.57666577148437,-2.2468086204528808,10.131064324951172,-3.736899878692627
1757954334273621800,45.58662182617188,-2.3307553161621093,10.960804837799072,-3.9612066467285154
1757954334283577600,45.59657763671875,-2.45151286239624,11.681459537506102,-3.8428433021545407
1757954334293533700,45.60653369140625,-2.606537419891357,11.918635139465332,-3.379116368103027
1757954334303488800,45.61648876953125,-2.793734062194824,11.733683061218262,-2.747196767425537
1757954334313444900,45.62644482421875,-3.1171009239196774,11.330260081481933,-2.269703173828125
1757954334323400700,45.63640063476562,-3.500622102355957,10.901099433898926,-2.071732624053955
1757954334333356800,45.64635668945313,-3.7413890068054196,10.537480056762695,-2.0368670623779295
1757954334343312600,45.65631274414063,-3.781342247009277,10.184784224700927,-2.0383634384155274
1757954334353268700,45.66626879882813,-3.600131108856201,9.71686743774414,-1.9919757812499999
1757954334363224800,45.67622485351563,-3.319261326599121,9.25747999420166,-1.860893240356445
1757954334373181000,45.68618090820313,-3.0858266647338866,8.939649723815917,-1.5767314308166502
1757954334383136800,45.69613671875,-2.8380267929077148,8.717886795043945,-1.1493664344787597
1757954334393092900,45.7060927734375,-2.632873638153076,8.627655319976807,-0.6736684921264648
1757954334403047700,45.71604760742188,-2.467374448394775,8.501211544799805,-0.16684592819213867
1757954334413003800,45.72600366210938,-2.3677158042907713,8.227524367523193,0.24660277099609373
1757954334422959900,45.7359599609375,-2.1746832954406736,7.834576020050048,0.4777928688049316
1757954334432915700,45.74591577148438,-1.9958663589477539,7.329698744964599,0.5698199951171875
1757954334442871800,45.75587182617188,-1.8683751205444334,6.854748990631103,0.5732616600036621
1757954334452827600,45.76582763671875,-1.7758990814208984,6.430825659179687,0.529268204498291
1757954334462783700,45.77578369140625,-1.748665037536621,6.06496171798706,0.508169302368164
1757954334472739600,45.785739501953124,-1.7401356941223143,5.749675286865234,0.5853823059082031
1757954334482696000,45.795696044921876,-1.7310078002929687,5.460276161193847,0.7053916641235352
1757954334492651800,45.80565185546875,-1.763329522705078,5.22190345840454,0.8258499351501465
1757954334502606800,45.81560693359375,-1.7943045066833494,5.071368029022216,0.9491513206481933
1757954334512562700,45.825562744140626,-1.8613421531677246,5.033060802459716,1.00227266998291
1757954334522518500,45.8355185546875,-1.9232921211242675,5.129726694488525,1.0146925910949707
1757954334532475000,45.845474853515626,-2.0136732337951657,5.363310993957519,1.01514150390625
1757954334542430700,45.8554306640625,-2.1173720932006836,5.689969882965087,0.9687538467407226
1757954334552386800,45.86538671875,-2.258031440734863,6.165218912506103,0.955735375213623
1757954334562342700,45.8753427734375,-2.4142530990600584,6.723516812133789,0.9843161575317382
1757954334572298800,45.885298828125,-2.6173113273620605,7.323413965606689,1.045667575073242
1757954334582254600,45.89525463867187,-2.8860604637145992,7.829338703918457,1.0764929214477539
1757954334592210700,45.90521069335937,-3.19835414276123,8.10093095474243,1.0583867713928221
1757954334602165800,45.915165771484375,-3.504363042449951,8.026411428070068,0.8846575134277344
1757954334612121900,45.925121826171875,-3.863044378662109,7.85941586227417,0.6515221267700195
1757954334622077700,45.93507763671875,-4.320785808563232,7.823502837371826,0.4670189613342285
1757954334632033800,45.94503369140625,-4.764012390899658,7.9846625366210935,0.35030163040161133
1757954334641989600,45.95498974609375,-5.169231021881103,8.323591709136963,0.32665888900756834
1757954334651945700,45.96494580078125,-5.447706602478027,8.805424793243407,0.3968389251708984
1757954334661901800,45.97490185546875,-5.654805046081543,9.236231454467774,0.5068225639343261
1757954334671858000,45.98485791015625,-5.780949546051025,9.523086740875243,0.6197989547729492
1757954334681813800,45.99481372070313,-5.853074871063232,9.765649296569825,0.689530078125
1757954334691768600,46.0047685546875,-5.915773027038574,10.036942272186279,0.745045629119873
1757954334701724700,46.014724609375,-5.940762506866455,10.389638104248046,0.7327753456115722
1757954334711680800,46.0246806640625,-5.849483568572998,10.82702882003784,0.6607996582031249
1757954334721636900,46.03463696289062,-5.652859757232665,11.289109740447998,0.4617816452026367
1757954334731592700,46.0445927734375,-5.397727642822265,11.782464920043944,0.21248539733886718
1757954334741548800,46.054548828125,-5.211877738952636,12.33477731552124,0.005237316131591796
1757954334751504600,46.06450463867188,-5.119401699829101,12.884545871734618,-0.17507599639892577
1757954334761460700,46.07446069335938,-5.040542682647705,13.370119895935058,-0.30735563812255856
1757954334771416600,46.08441650390625,-4.98562568206787,13.590685723876952,-0.45235447616577146
1757954334781372700,46.09437255859375,-4.9726072105407715,13.453916954040526,-0.7181108604431152
1757954334791327700,46.10432763671875,-4.996249951934814,12.859855667114257,-1.0244190353393554
1757954334801283800,46.11428393554687,-5.032611889648437,11.878831536865233,-1.2351087814331054
1757954334811239700,46.12423974609375,-5.07525860671997,10.600477487945556,-1.347785897064209
1757954334821195800,46.13419580078125,-5.038447756195068,9.21303762588501,-1.3842974723815917
1757954334831151600,46.14415161132813,-4.910058692169189,7.9010151161193845,-1.376516316986084
1757954334841108000,46.15410791015625,-4.712088142395019,6.782025115203857,-1.371428638458252
1757954334851063800,46.164063720703126,-4.520851284790039,5.955576629638672,-1.307533381652832
1757954334861020000,46.17402001953125,-4.292354663848877,5.422268209838867,-1.1667243965148926
1757954334870975700,46.183975830078126,-4.040664214324951,5.212027376556396,-0.9169792358398436
1757954334880931800,46.193931884765625,-3.7771523941040037,5.296572622680664,-0.5774515129089355
1757954334890886700,46.20388671875,-3.5208231788635254,5.552602562713623,-0.1936310592651367
1757954334900842800,46.2138427734375,-3.277961347961426,5.912780274963379,0.16011223602294922
1757954334910798800,46.223798828125,-3.0502129150390624,6.317250717926025,0.4707599014282226
1757954334920754700,46.233754638671876,-2.8444612098693844,6.713191817474365,0.7612064903259277
1757954334930710800,46.243710693359375,-2.6726772407531736,7.1416042770385735,1.0461164878845215
1757954334940666600,46.25366650390625,-2.55371534576416,7.64827720336914,1.2952630981445312
1757954334950622700,46.263622802734375,-2.4742577781677246,8.296806578063965,1.56416187210083
1757954334960578600,46.27357861328125,-2.4253262817382812,8.992621435546875,1.828421880340576
1757954334970535000,46.283534912109374,-2.3828292022705075,9.599551556396484,2.11333187789917
1757954334980489500,46.293489501953125,-2.388365793609619,10.18373676147461,2.3925556465148925
1757954334990445600,46.303445556640625,-2.4856302360534666,10.730512565612793,2.6862942626953124
1757954335000401400,46.3134013671875,-2.6294319732666014,11.193491311645507,2.9144916084289547
1757954335010357500,46.323357421875,-2.8235119453430175,11.486781015014648,3.0151977157592773
1757954335020313600,46.333313720703124,-3.0165444541931152,11.688342867279053,3.015496990966797
1757954335030269700,46.343269775390624,-3.2519244049072262,11.946617371368408,2.917035447692871
1757954335040225500,46.3532255859375,-3.412934466552734,12.267141118621826,2.803161231231689
1757954335050181400,46.36318139648437,-3.527257595825195,12.637344550323485,2.705148600769043
1757954335060137500,46.37313745117188,-3.5625720703124997,12.968043654632568,2.589478733062744
1757954335070092500,46.383092529296874,-3.45378553237915,13.226916709136962,2.5288755035400388
1757954335080048600,46.393048583984374,-3.3460464576721187,13.45182202758789,2.4455273582458497
1757954335090004500,46.40300439453125,-3.2365117317199705,13.605649484252929,2.311900978088379
1757954335099960600,46.41296069335937,-3.1392472892761227,13.741370790863037,2.11318224029541
1757954335109916400,46.42291650390625,-3.09645093460083,13.925873956298828,1.976563108062744
1757954335119872500,46.43287255859375,-3.124582804107666,14.18564483642578,1.8981530036926269
1757954335129828400,46.44282836914063,-3.103483901977539,14.305953469848632,1.9135656768798828
1757954335139784400,46.45278442382813,-2.989609685516357,14.201207147216795,1.9557634811401365
1757954335149740500,46.46274047851563,-2.8776807579040526,13.98857211227417,1.9463363121032713
1757954335159696600,46.47269653320313,-2.812887675476074,13.770550123596191,1.8812439544677733
1757954335169651500,46.4826513671875,-2.8467057739257813,13.410671686553954,1.7476175743103026
1757954335179607300,46.49260717773438,-2.7754782745361326,12.893823403167724,1.567304261779785
1757954335189563400,46.5025634765625,-2.6601076820373533,12.118700615692138,1.3154641746520996
1757954335199519500,46.51251953125,-2.554463533782959,11.120617798614502,1.0223241088867188
1757954335209475600,46.5224755859375,-2.47066647567749,9.963769483947754,0.6073790336608886
1757954335219431400,46.53243139648438,-2.2836194709777833,8.785971904754637,0.086191259765625
1757954335229387500,46.54238745117188,-2.026242792510986,7.672069582366943,-0.5223848747253418
1757954335239343400,46.55234326171875,-1.6665139930725097,6.608595132446289,-1.1767501159667968
1757954335249299500,46.562299560546876,-1.2176011817932129,5.65031591796875,-1.7387889556884764
1757954335259254500,46.57225463867187,-0.7133224571228027,4.771943183898926,-2.2349872497558594
1757954335269210600,46.58221069335937,-0.18270751419067383,3.9062896461486813,-2.64963304977417
1757954335279166500,46.59216650390625,0.36960488128662106,3.114856359863281,-3.0220810455322265
1757954335289122600,46.60212255859375,0.8822633117675781,2.5080758766174314,-3.3098341575622556
1757954335299078400,46.612078369140626,1.1879729362487792,2.2349872497558594,-3.425952938079834
1757954335309034500,46.622034423828126,1.2217910346984862,2.4268226577758787,-3.2800562744140622
1757954335318990600,46.631990478515625,1.0809820495605469,3.1748610389709473,-2.8239608581542965
1757954335328946700,46.64194677734375,0.7052420265197753,4.3622354248046875,-2.2821230949401854
1757954335338902500,46.651902587890625,0.20201076507568358,5.766434698486328,-1.797895809173584
1757954335348857300,46.661857421875,-0.2876034744262695,7.255179218292236,-1.4712369201660156
1757954335358813400,46.6718134765625,-0.6670844375610351,8.677035729217529,-1.186775835418701
1757954335368769300,46.681769287109375,-0.8071452346801757,9.958532167816161,-0.7417536018371581
1757954335378725600,46.6917255859375,-0.739957950592041,10.947786366271972,0.041000703430175776
1757954335388681500,46.701681396484375,-0.5582978996276855,11.594969002532958,1.041926634979248
1757954335398637600,46.711637451171875,-0.5205892234802246,11.84217032394409,2.0874445724487303
1757954335408593400,46.721593505859374,-0.7755717002868652,11.701211701202391,2.883815899658203
1757954335418549500,46.731549560546874,-1.2725181823730467,11.285518437957762,3.3289877708435056
1757954335428505300,46.74150537109375,-1.8761562759399413,10.797101299285888,3.461417050170898
1757954335438461400,46.75146142578125,-2.2704513618469235,10.344148272705077,3.374776877593994
1757954335448416500,46.76141650390625,-2.465578797149658,10.057741899108887,3.0933085449218747
1757954335458372600,46.77137255859375,-2.375646597290039,9.971101726531982,2.757372124481201
1757954335468328400,46.781328369140624,-2.3413795860290527,9.924863706970214,2.532017893218994
1757954335478284500,46.791284423828124,-2.2189760261535643,9.91498762512207,2.492962478637695
1757954335488240400,46.80124047851562,-2.0599112533569333,9.879373875427245,2.59202257232666
1757954335498196500,46.81119653320312,-1.7817349479675293,9.881768077087402,2.7442040153503418
1757954335508152600,46.82115258789062,-1.3769652297973631,9.8702459815979,2.80271231842041
1757954335518108700,46.83110864257812,-1.010652375793457,9.846303964996338,2.714575769805908
1757954335528064500,46.841064453125,-0.7071873153686523,9.743203656005859,2.581248664855957
1757954335538019300,46.851019287109374,-0.4674678741455078,9.599252281188964,2.5151088439941405
1757954335547975400,46.86097534179687,-0.41374797439575195,9.36536870651245,2.562543964385986
1757954335557931500,46.870931640625,-0.5789478889465332,9.025840983581542,2.7762264625549316
1757954335567887600,46.8808876953125,-0.7745242370605468,8.617031050109862,3.111564332580566
1757954335577843500,46.89084350585937,-0.8436568099975585,8.192509168243408,3.539378241729736
1757954335587799600,46.90079956054687,-0.7522282341003418,7.766490910339355,3.9477392623901366
1757954335597755400,46.91075537109375,-0.6802525466918945,7.385812846374511,4.2417771537780755
1757954335607711500,46.92071142578125,-0.47884033203125,7.109881105041503,4.563198726654052
1757954335617667300,46.93066723632813,-0.4381389038085937,6.865373260498046,4.941781864166259
1757954335627622700,46.94062255859375,-0.6687304512023925,6.6976295066833496,5.407005174255371
1757954335637578500,46.95057861328125,-0.8866028022766113,6.634781713104248,5.950937863922118
1757954335647534600,46.96053466796875,-1.0025719451904296,6.630591860198974,6.517016918945312
1757954335657490400,46.97049047851562,-1.2184990074157713,6.694187841796874,6.988375370788574
1757954335667446500,46.98044653320313,-1.5179238525390624,6.790404821014404,7.372046186828613
1757954335677402600,46.99040258789063,-1.7721581413269043,6.998850003051757,7.697059062194824
1757954335687358700,47.00035864257813,-2.1211130332946775,7.228094812011718,7.93588067779541
1757954335697314600,47.010314453125,-2.396296586608887,7.419481307220458,8.010998754882811
1757954335707270700,47.02027075195313,-3.6565444854736326,8.396315584564208,7.97418790435791
1757954335717225500,47.0302255859375,-3.4554315460205074,9.400533543395996,8.009801654052733
1757954335727181300,47.04018139648438,-3.079092972564697,8.381351824188233,6.9421373512268065
1757954335737137700,47.0501376953125,-3.4076971504211424,7.311742232513427,5.617395645141602
1757954335747093500,47.06009350585938,-2.4895208137512204,7.849539780426025,5.853224508666992
1757954335757049600,47.07004956054688,-1.8472762184143066,7.334786423492432,5.317072974395751
1757954335767005400,47.08000537109375,-1.592293741607666,6.757783823394775,4.632630574798584
1757954335776961500,47.08996142578125,-1.0998363876342774,6.425139430236816,4.538957434844971
1757954335786917400,47.09991748046875,-0.9344868354797363,6.330119551849365,4.588337844085693
1757954335796873500,47.10987353515625,-0.743100340270996,6.592434271240234,4.661211357116699
1757954335806828500,47.11982861328125,-1.002871220397949,6.939443874359131,4.776581949615478
1757954335816784600,47.12978466796875,-0.9873089096069335,7.512406259155273,4.517559257507324
1757954335826740500,47.13974047851563,-0.9478045822143554,7.76289960784912,4.688445401000976
1757954335836696300,47.1496962890625,-0.9285013313293456,7.899518740081787,4.739471823883056
1757954335846652400,47.15965234375,-0.601992079925537,7.674912696838378,4.645499408721924
1757954335856608500,47.1696083984375,0.7820061172485351,7.027730060577392,4.506486074829101
1757954335866564600,47.179564697265626,1.1797428680419921,7.050624613952636,4.501398396301269
1757954335876520400,47.1895205078125,0.49455228042602534,8.264784130859374,5.268889665985107
1757954335886476500,47.1994765625,0.2771288421630859,8.860341793823242,5.585672473144531
1757954335896431400,47.209431396484376,-0.06628945846557617,9.172336197662354,5.706878932189941
1757954335906387500,47.219387451171876,-0.023642741394042967,9.237428555297852,6.0778305519104
1757954335916343600,47.229343505859376,-0.04683656997680664,9.075670305633544,6.687753424835205
1757954335926299600,47.239299560546876,0.18599954147338865,8.595333597564697,7.223904959106445
1757954335936255500,47.24925537109375,0.42003275375366206,8.125172246551513,7.5266218315124505
1757954335946211600,47.259211669921875,0.3398269981384277,7.92256293106079,7.387608497619628
1757954335956167400,47.26916748046875,0.22400749282836913,7.721150716400146,6.995258700561523
1757954335966123500,47.27912353515625,0.42332478103637694,7.3742907508850095,6.723217536926269
1757954335976079400,47.28907934570312,0.6114192489624023,6.9162500457763665,6.535272706604004
1757954335986035200,47.29903515625,1.0497077903747558,6.403741252899169,6.4381579017639154
1757954335995991000,47.30899096679688,1.488145969390869,6.0154316711425775,6.391470969390869
1757954336005947100,47.31894702148438,1.6449661781311034,5.768679262542724,6.438606814575195
1757954336015903000,47.328903076171876,1.6699556579589843,5.609464852142334,6.516418368530273
1757954336025859000,47.338859130859376,1.5951368560791015,5.439626171875,6.592434271240234
1757954336035815000,47.34881494140625,1.514332550048828,5.327996519470214,6.649595835876465
1757954336045771000,47.35877099609375,1.258452247619629,5.475838471984863,6.6802715446472165
1757954336055727000,47.36872705078125,1.229572190093994,5.784840123748779,6.890362740325927
1757954336065683200,47.37868310546875,1.4148235435485839,5.971438215637207,7.078457208251953
1757954336075638000,47.388637939453126,1.4932336479187012,6.4852937469482415,7.193678163146973
1757954336085593900,47.39859375,1.2446855880737304,6.794594673919677,7.180210778808593
1757954336095550000,47.408550048828126,0.9867103591918944,7.011718836975097,7.188291209411621
1757954336105506000,47.418506103515625,0.6950666694641113,7.265653850555419,7.1860466453552245
1757954336115462100,47.428462158203125,0.6784568954467773,7.323713240814208,7.28450818862915
1757954336125418000,47.43841796875,1.031003089904785,7.152378184509277,7.451503754425048
1757954336135374000,47.4483740234375,1.2753612968444823,6.841730519104003,7.612663453674316
1757954336145330000,47.45832983398437,1.429338391113281,6.405985816955566,7.684938416290283
1757954336155285200,47.46828515625,1.7051204948425291,5.929838961791992,7.627327938842773
1757954336165241000,47.478240966796875,2.147598889160156,5.336675500488281,7.41184978942871
1757954336175197200,47.488197265625,2.61117618560791,4.529230990600586,7.0853405380249015
1757954336185153000,47.498153076171874,2.70036019744873,3.743633570861816,7.043890921783447
1757954336195109000,47.508109130859374,2.184709014892578,3.474285884094238,7.331644033813476
1757954336205065000,47.51806494140625,1.7863737136840818,3.713556412506103,8.013841869354248
1757954336215021000,47.52802099609375,1.3061866432189941,4.370166217803955,8.634089736938476
1757954336224977000,47.53797680664063,1.0193313568115234,5.140949514770507,9.286210414123534
1757954336234933200,47.54793334960937,0.8521861534118652,5.945850185394287,9.591620763397216
1757954336244888000,47.55788818359375,0.9247603912353515,6.585700579071045,9.51859761276245
1757954336254844000,47.567843994140624,1.1037269653320312,6.957550024414062,9.066243136596679
1757954336264800000,47.577800048828124,1.5797241828918456,6.966079367828368,8.397063772583007
1757954336274755800,47.587755859375,2.0311808334350583,6.922534825134277,7.740603604888916
1757954336284712200,47.59771215820312,2.525733113861084,6.63328533706665,6.9916673980712885
1757954336294668000,47.60766796875,2.6843489738464354,6.111050099945068,6.201131937408447
1757954336304624000,47.6176240234375,2.414702011871338,6.263830093383788,6.040421150970459
1757954336314580000,47.627580078125,2.38133282623291,6.5954270233154295,5.876567974853515
1757954336324536000,47.6375361328125,1.904437783050537,6.928969242095947,5.8862944190979
1757954336334491100,47.6474912109375,1.7549498168945312,7.15716658782959,6.290166311645508
1757954336344447200,47.657447265625,1.8353052101135252,7.03581049118042,6.510732139587402
1757954336354403000,47.66740307617187,1.8052280517578123,7.0661869247436515,6.68386284713745
1757954336364359200,47.67735913085937,1.6298527801513671,7.274033556365966,7.001842755126953
1757954336374315000,47.68731494140625,1.506102481842041,7.307702017211914,7.445667887878417
1757954336384271000,47.69727099609375,1.4423568626403809,7.305158177947997,8.016984259033203
1757954336394227000,47.70722705078125,1.0941501586914062,7.397035666656493,8.684068696594238
1757954336404183000,47.71718310546875,1.4303858543395995,7.007080071258544,8.694094416046141
1757954336414138000,47.72713818359375,1.8673276573181152,6.442647029876708,7.952041539001464
1757954336424094000,47.73709399414062,2.273593751525879,6.011241818237305,6.845920372009277
1757954336434050000,47.74705004882812,2.360682836914062,5.926546934509277,6.006752690124511
1757954336444006000,47.757005859375,2.6355671150207516,6.349871715545654,5.703736542510986
1757954336453962000,47.7669619140625,2.9698575218200682,6.747009915924072,5.636698896026611
1757954336463918000,47.77691796875,3.1274259185791013,7.264456749725341,5.955726267242431
1757954336473874200,47.78687426757813,2.697367445373535,7.4220251464843745,6.349422802734375
1757954336483830000,47.796830078125,2.7843068931579587,7.448959915161132,6.766762079620361
1757954336493786000,47.8067861328125,2.6382605918884274,7.671620669555663,6.987028632354736
1757954336503741000,47.81674096679688,1.8166005096435547,8.15854143218994,7.246799512481689
1757954336513697000,47.82669702148438,2.129941651916504,8.366836976623535,7.78205322113037
1757954336523653000,47.83665307617188,3.625120588684082,7.8529814453124995,7.787739450073242
1757954336533609200,47.84660913085938,3.8968624771118163,7.540837403869628,6.865672535705566
1757954336543565000,47.85656494140625,3.5308488983154294,7.154772386169433,6.031143619537353
1757954336553521200,47.86652124023438,3.0891186920166014,6.967426106262207,5.849633206176757
1757954336563477000,47.87647705078125,2.832789476776123,7.003788043975829,5.827337203216552
1757954336573433000,47.88643310546875,2.852392002868652,6.941838076019287,5.9856537879943845
1757954336583389000,47.896388916015624,3.1082723052978514,6.881534121704101,6.317849268341064
1757954336593344000,47.90634399414063,3.1643864067077634,6.8584899307250975,6.445639781951904
1757954336603300000,47.91630004882813,3.1673791587829587,6.924629751586914,6.3700727920532225
1757954336613256000,47.926255859375,3.328688495635986,6.890662015533447,6.114791040039062
1757954336623212000,47.9362119140625,3.537582590484619,6.791751559448242,5.735310076904296
1757954336633168000,47.94616796875,3.8512230079650878,6.6510922119140625,5.267991840362549
1757954336643124200,47.956124267578126,4.125658373260498,6.561608924865722,4.768052606201172
1757954336653080000,47.966080078125,4.1840170387268065,6.592434271240234,4.374804983520508
1757954336663036200,47.9760361328125,4.127005111694336,6.748655929565429,4.077175789642334
1757954336672991000,47.98599096679688,4.060266740417481,6.963535528564453,3.8551135856628416
1757954336682947000,47.995947021484376,4.024503353118896,7.1029977752685545,3.747075235748291
1757954336692903200,48.005903076171876,3.6770448371887205,7.339724464416504,3.7442321212768555
1757954336702859300,48.015859375,3.481318851470947,7.520037776947021,3.8118683181762694
1757954336712815000,48.025815185546875,3.2130186279296873,7.579443905639648,3.8708255340576168
1757954336722771000,48.03577099609375,2.9912556991577146,7.681796026611328,3.989488153839111
1757954336732727000,48.04572705078125,3.1055788284301755,7.850736881256103,4.088548247528076
1757954336742683000,48.05568286132812,3.350535585784912,8.0567878616333,4.069993184661865
1757954336752639000,48.06563891601562,3.6043209617614744,8.49133546295166,4.106504759979248
1757954336762594000,48.075593994140625,3.991433442687988,9.076568131256103,4.291756113433838
1757954336772550100,48.085550048828125,4.440046978759765,9.616310968017578,4.329614427185058
1757954336782506000,48.095506103515625,4.331559716033936,9.765350021362304,4.534468306732178
1757954336792462000,48.105462158203125,4.047996456909179,9.387664709472656,4.939836575317383
1757954336802418000,48.11541796875,3.7132571372985836,8.741828811645508,5.361814617919921
1757954336812374000,48.1253740234375,3.286041778564453,8.137442530059815,5.82254879989624
1757954336822330000,48.135330078125,4.011185606384277,7.5433812431335445,5.686228942871093
1757954336832286200,48.1452861328125,3.26898309173584,7.594407666015624,5.091269830322266
1757954336842242000,48.15524194335938,4.137928656768799,7.302614338684082,4.765209491729736
1757954336852196900,48.16519677734375,3.810072666931152,7.092223867797851,4.16231958618164
1757954336862153000,48.175153076171874,3.9176621040344237,6.9075710647583,4.043956241607666
1757954336872109000,48.185109130859374,4.061164566040039,6.538115821075439,3.614346681213379
1757954336882065200,48.19506518554687,3.8361096099853516,6.466439408874511,3.2315736907958983
1757954336892021000,48.20502099609375,3.792864342498779,6.646902359008789,2.9809307044982907
1757954336901977000,48.21497705078125,3.022380320739746,7.215076340484619,3.165433869934082
1757954336911933000,48.22493286132813,3.678092300415039,7.575104415130615,3.084928839111328
1757954336921889000,48.23488891601563,2.87932677154541,8.05633894882202,3.052457479095459
1757954336931844000,48.24484399414062,2.9984383041381832,8.517821318817138,3.2679356285095214
1757954336941800200,48.25480029296875,3.395726142120361,8.654590088653563,3.041683571624756
1757954336951756000,48.26475610351562,3.193416101837158,9.151985483551025,3.0527567543029783
1757954336961712000,48.27471215820312,3.2008979820251464,9.854683670806883,3.175160314178467
1757954336971668000,48.28466796875,1.09160631942749,11.08290912246704,4.316147042846679
1757954336981623800,48.29462377929688,4.641908106231689,10.430489170074463,4.077624702453613
1757954336991579600,48.30457958984375,0.03755903854370117,11.09637650680542,4.242674979400634
1757954337001536000,48.31453588867188,6.062717153930664,10.65554412612915,4.347421302032471
1757954337011490800,48.32449072265625,5.237316131591797,9.83747534637451,2.9863176582336424
1757954337021446700,48.33444677734375,3.5595793182373043,9.597157354736327,2.973897737121582
1757954337031402800,48.34440283203125,3.6935049736022947,9.271246653747559,3.211971164703369
1757954337041358600,48.35435864257813,2.9414263771057128,8.857199404144287,3.2843957649230955
1757954337051315000,48.36431494140625,2.8625673599243164,8.352621404266356,3.4364275703430174
1757954337061270800,48.37427075195313,2.967463320159912,8.065915755462646,3.536235852050781
1757954337071227000,48.384226806640626,3.1325135971069336,8.026261790466307,3.571999239349365
1757954337081182700,48.3941826171875,3.247136001586914,8.190563879394531,3.293673296356201
1757954337091138800,48.404138916015626,3.027318361663818,8.387786241149902,3.4174235946655274
1757954337101094000,48.41409399414062,0.6245873580932617,8.850016799163818,4.063409130096435
1757954337111050000,48.42405004882813,1.3804068946838377,9.233687615203857,5.223848747253418
1757954337121005800,48.434005859375,6.7565867225646965,9.94027638015747,3.931578401184082
1757954337130962000,48.4439619140625,4.751143556976318,8.86782367401123,2.558653386688232
1757954337140917800,48.453917724609376,3.4075475128173824,8.336161267852782,2.7727847976684568
1757954337150873900,48.463873779296875,5.569511611938476,9.037662354278565,2.5719711334228514
1757954337160829700,48.47382958984375,4.077774340057373,9.30252091293335,2.24067347869873
1757954337170785800,48.483785888671875,3.2899323562622067,9.21887349243164,3.257161721038818
1757954337180742000,48.493741943359375,4.261828592681884,8.783577703094481,4.024503353118896
1757954337190696700,48.50369677734375,3.47952320022583,9.293093743896485,3.5461119338989255
1757954337200652800,48.51365283203125,3.7249288703918455,9.728988083648682,2.9855694702148434
1757954337210608600,48.523608642578125,4.312555740356445,9.507075517272948,3.030610388946533
1757954337220564700,48.533564697265625,3.970484178161621,9.18101517868042,3.3164182121276853
1757954337230520800,48.543520751953125,5.146785381317138,8.739135334777831,3.3897406379699704
1757954337240477000,48.553476806640624,4.1754876953124995,8.730456353759765,3.536385489654541
1757954337250432800,48.563432861328124,4.366275640106201,8.35740980758667,3.3476924713134766
1757954337260388900,48.573388916015624,4.876090956115722,8.0437693901062,2.978386865234375
1757954337270343700,48.58334375,3.6918589599609373,7.810035453033446,3.1399954772949217
1757954337280299800,48.5932998046875,3.333925811767578,7.7120228225708,3.3994670822143553
1757954337290256000,48.603255859375,3.0054712715148924,7.902960404968261,3.3227029914855954
1757954337300212000,48.6132119140625,2.2878093238830566,8.033594033050537,3.315370748901367
1757954337310167800,48.623167724609374,2.545634915161133,7.9846625366210935,3.3858500602722166
1757954337320124000,48.6331240234375,3.1055788284301755,8.06412010421753,3.314024010467529
1757954337330079700,48.64307983398437,3.439869235229492,8.24802471923828,3.048566901397705
1757954337340035600,48.65303564453125,1.6103998916625977,8.610746270751953,3.250428028869629
1757954337349991700,48.66299169921875,2.1806687995910643,8.399757249450683,3.7743092796325683
1757954337359946800,48.67294677734375,-4.463240807342529,8.664166895294189,4.7283986412048336
1757954337369902800,48.68290283203125,-15.292663829040526,7.407959211730956,6.291662687683105
1757954337379858700,48.69285864257812,2.6542718154907226,9.822511585998535,8.003965787506104
1757954337389814800,48.70281469726562,1.1249755050659178,11.733084510803222,10.788422318267822
1757954337399770600,48.7127705078125,0.6133645378112793,11.004499018096924,11.801768170928954
1757954337409727000,48.72272705078125,2.427271570587158,9.833435131072997,12.485013469696044
1757954337419682800,48.73268286132812,3.771915077972412,9.214683639526367,12.983456327819823
1757954337429639000,48.74263891601562,5.230732077026367,9.53790086364746,12.274622998809814
1757954337439593700,48.75259375,5.079747734832764,10.062979215240478,11.25603983001709
1757954337449549800,48.7625498046875,5.664531490325928,9.835829332733153,10.681132156372069
1757954337459506000,48.772505859375,6.347926426696777,9.802460147094726,9.251644127655029
1757954337469461800,48.78246166992187,5.851279219818115,9.086893125915527,4.82057540512085
1757954337479417900,48.79241796875,4.4184991638183595,7.095964807891845,0.8913912055969238
1757954337489373700,48.80237377929687,2.4232313552856444,5.844994440460205,-0.850989052581787
1757954337499329800,48.81232983398438,1.4238017997741699,5.80953032836914,-0.7923311119079589
1757954337509285600,48.82228564453125,0.9575310264587402,6.591386808013915,-0.44532150878906246
1757954337519241700,48.83224169921875,0.5804442649841308,7.396137841033935,-0.43574470214843747
1757954337529196800,48.84219677734375,-0.03486556167602539,8.273762387084961,-0.2976291938781738
1757954337539153000,48.85215283203125,-0.42018239135742186,8.987982669830322,0.4204816665649414
1757954337549108700,48.86210864257812,-1.0443208366394043,9.856628959655762,0.8584709327697754
1757954337559064800,48.87206494140625,-0.7887398094177246,10.334870741271972,2.0527286483764646
1757954337569020700,48.88202075195313,-1.2235866859436035,10.695347728729248,3.0762498580932616
1757954337578976800,48.89197680664063,-1.2548609451293944,10.41253265762329,4.3816883132934565
1757954337588932900,48.90193286132813,-1.7631798851013183,9.923367330932617,5.6209869476318355
1757954337598889000,48.91188891601563,-2.1811177124023438,9.273341580200194,6.710498340606689
1757954337608844800,48.9218447265625,-2.7105355545043945,8.651746974182128,7.438784558105469
1757954337618799600,48.93179956054688,-2.912097406768799,8.062623728179931,7.713219923400878
1757954337628755700,48.94175561523438,-2.7072435272216797,7.655459808349609,7.53365479888916
1757954337638711800,48.9517119140625,-2.390759995269775,7.4308537651062005,6.927921778869629
1757954337648668000,48.96166796875,-1.9617489852905272,7.354239311981201,6.03323854598999
1757954337658623700,48.97162377929688,-1.6705542083740232,7.429058113861084,5.046079273986816
1757954337668579800,48.98157983398438,-1.594837580871582,7.617152581787109,4.319588707733154
1757954337678535700,48.99153564453125,-1.4935329231262207,7.796119155883789,3.897610665130615
1757954337688491800,49.00149169921875,-1.295412735748291,8.12023420562744,3.8997055915832517
1757954337698447600,49.011447509765624,-0.8759785324096679,8.47801771621704,4.183119213104248
1757954337708403000,49.02140283203125,-0.46686932373046874,8.931270018005371,4.765059854125976
1757954337718358800,49.03135888671875,-0.6099228729248046,9.39843861694336,5.581781895446777
1757954337728315000,49.04131494140625,-0.7296329559326171,9.564386719512939,6.487987223815917
1757954337738270700,49.051270751953126,-0.7670423568725585,9.469666116333007,7.374590026092529
1757954337748226800,49.061226806640626,-0.44412440795898434,9.115473908233643,7.860762600708007
1757954337758182700,49.0711826171875,0.024390929412841794,8.594735047149658,7.761852144622802
1757954337768139000,49.081138916015625,0.37394437179565426,8.141333107757568,7.436988906860351
1757954337778094800,49.0910947265625,0.4412812934875488,7.746888384246826,6.76691171722412
1757954337788051000,49.101051025390625,0.3624222763061523,7.471405555725097,6.065260993194579
1757954337798005800,49.111005859375,0.10265139617919922,7.316680273437499,5.296871897888184
1757954337807961600,49.120961669921876,-0.10354922180175781,7.261613635253906,4.872649291229248
1757954337817917700,49.130917724609375,-0.37888241271972656,7.305008540344238,4.591180958557128
1757954337827873800,49.140873779296875,-0.39100305862426754,7.334786423492432,4.471171600341797
1757954337837830000,49.150829833984375,-0.3687070556640625,7.447912451934814,4.291456838226318
1757954337847785700,49.16078564453125,-0.23822306518554687,7.552958049774169,4.2025721015930175
1757954337857741800,49.170741943359374,-0.38801030654907226,7.669525743103027,4.125508735656738
1757954337867697700,49.18069775390625,-0.48407764816284177,7.615356930541992,3.988440690612793
1757954337877653800,49.19065380859375,-0.49889177093505854,7.4311530403137205,3.7804444213867185
1757954337887609600,49.20060961914062,-0.35194764404296874,7.044639109802246,3.543717732238769
1757954337897565000,49.21056494140625,-0.1836053398132324,6.745214264678955,3.276464971923828
1757954337907520800,49.220520751953124,-0.6018424423217773,7.258022332763671,2.574963885498047
1757954337917476900,49.230476806640624,-0.04399345550537109,8.494328215026854,2.1959318351745605
1757954337927432700,49.2404326171875,0.9374795875549315,9.70459715423584,3.2118215270996093
1757954337937388800,49.25038891601562,0.35239655685424803,10.792462533569335,4.126406561279297
1757954337947345000,49.26034497070312,-0.4831798225402832,11.17867718887329,4.865765961456298
1757954337957301000,49.27030102539062,-0.2415150924682617,11.168501831817625,5.0948611328124995
1757954337967256800,49.2802568359375,-1.1061211669921875,11.758822178649902,3.6255695014953613
1757954337977213400,49.29021337890625,-3.781342247009277,11.426776335906982,0.845302823638916
1757954337987168300,49.300168212890625,-1.233462767791748,11.649586727905273,-2.361580662536621
1757954337997124400,49.310124267578125,2.75183553314209,7.893832511138916,2.175132208251953
1757954338007080200,49.320080078125,2.1326351287841794,4.142118509674072,6.664559596252441
1757954338017036500,49.33003662109375,-0.49200844116210934,4.318092331695556,6.8599863067626945
1757954338026992400,49.339992431640624,-2.4193407775878906,6.210559106445312,6.007051965332031
1757954338036948500,49.349948486328124,-2.806004345703125,8.183231636810302,5.3116860206604
1757954338046904300,49.359904296875,-2.025045691680908,9.394697676849365,4.953303959655761
1757954338056860400,49.3698603515625,-0.18031331253051758,10.769567980194092,5.098003522491455
1757954338066816300,49.37981616210938,1.166425121307373,11.556362500762939,4.88402174911499
1757954338076772400,49.3897724609375,1.3443442321777344,10.71884083251953,4.799775778198242
1757954338086727400,49.3997275390625,0.37618893585205077,9.214085089111327,5.568763423919678
1757954338096683300,49.409683349609374,-1.7688661140441893,7.081300322723388,6.355707582092284
1757954338106639400,49.41963940429687,-1.5849614990234373,6.223427940368652,7.388655960845947
1757954338116595200,49.42959521484375,-1.3392565536499024,6.807313870239257,7.115118421173095
1757954338126551300,49.43955126953125,-1.120336739349365,7.6093714263916015,6.333860491943359
1757954338136507400,49.44950732421875,-0.2711433380126953,8.37521668243408,6.293907251739501
1757954338146463500,49.45946337890625,-0.26979659957885743,8.551190504455565,5.834669445800781
1757954338156419300,49.46941943359375,0.16774375381469725,8.64381618118286,5.275922633361816
1757954338166375400,49.47937548828125,0.5705681831359863,8.422202890014647,5.069273102569579
1757954338176331300,49.48933129882813,0.3327940307617187,8.717288244628906,5.679644888305663
1757954338186286300,49.49928637695312,0.6654384239196777,8.460959029388427,5.0197430557250975
1757954338196242400,49.50924243164062,0.02528875503540039,8.443152154541016,3.5256115821838376
1757954338206198500,49.51919848632812,0.0805050308227539,10.295516051483153,2.620304079437256
1757954338216154400,49.529154296875,1.6992846282958984,10.9811555519104,1.7983447219848632
1757954338226110500,49.5391103515625,2.637961316680908,10.667215859222411,1.4932336479187012
1757954338236066300,49.54906640625,2.3329998802185057,10.81505781173706,1.6187795974731445
1757954338246022400,49.5590224609375,1.3067851936340331,10.781538988494873,1.4223054237365722
1757954338255978200,49.568978271484376,1.0362404060363768,10.27247186050415,0.7603086647033691
1757954338265934600,49.5789345703125,1.8433856407165525,8.57393542022705,0.1771709228515625
1757954338275890400,49.588890380859375,3.127276280975342,8.863334545898438,0.373495458984375
1757954338285846500,49.598846435546875,4.124610910034179,9.923367330932617,0.9961375282287597
1757954338295801300,49.60880126953125,1.4706383697509764,9.789740950775146,1.894112788391113
1757954338305757200,49.618757080078126,-2.7358243095397947,8.760683149719238,3.4112884529113767
1757954338315713300,49.62871337890625,-4.627243621063232,8.825027319335938,6.190358029937744
1757954338325669400,49.63866943359375,-3.4196681587219238,9.043797496032715,6.578517974090576
1757954338335625500,49.64862548828125,-1.6213234367370604,10.064475591278075,5.29881718673706
1757954338345581300,49.658581298828125,-0.04444236831665039,9.756222127532958,3.9125744255065915
1757954338355537400,49.668537353515624,0.5843348426818847,9.664344638824462,3.10917013092041
1757954338365493200,49.6784931640625,0.09457096557617187,9.713425772857665,3.7000890281677243
1757954338375449300,49.688449462890624,-0.9510966094970703,9.468917928314209,5.459976885986328
1757954338385405200,49.6984052734375,-1.1409867286682127,10.041581037902832,6.62056614074707
1757954338395361500,49.70836157226562,-1.158045415496826,10.226383478546142,6.046855567932129
1757954338405316400,49.71831640625,-0.5951087501525879,9.823110136413574,4.362983612823486
1757954338415272400,49.7282724609375,0.38097733917236326,8.802731316375732,2.1155764419555663
1757954338425228300,49.738228271484374,1.8971055404663084,8.588899180603027,-0.1862988166809082
1757954338435184400,49.748184326171874,2.849249613189697,8.96359174041748,-1.6889596336364745
1757954338445140500,49.75814038085937,2.7632079910278318,8.93830298538208,-2.47725053024292
1757954338455096600,49.7680966796875,1.8076222534179687,8.788815019226075,-2.028337718963623
1757954338465052400,49.77805249023437,0.6757634185791015,8.51108762664795,-1.0262146865844726
1757954338475008500,49.78800854492187,-0.1514332550048828,8.40125362548828,-0.07302315063476562
1757954338484964400,49.79796435546875,-1.1677718597412108,8.110956674194336,0.5467758041381836
1757954338494920400,49.80792041015625,-1.1330559356689451,8.386439502716064,0.7829039428710937
1757954338504876300,49.81787622070313,-1.246181964111328,9.242965146636962,1.2811971633911132
1757954338514831400,49.82783129882812,-2.2590789039611816,9.820715934753418,2.0892402236938477
1757954338524787500,49.83778735351562,-2.5195979721069333,9.938480728912353,3.1573534393310547
1757954338534743300,49.84774340820312,-2.766799293518066,9.840019185638427,4.172345305633545
1757954338544699400,49.85769946289062,-2.693027954864502,9.705794255065918,5.220107807159423
1757954338554655200,49.8676552734375,-2.0597616157531737,10.277709176635742,5.703586904907226
1757954338564611300,49.877611328125,-1.1296142707824706,10.152163227081298,6.455216588592529
1757954338574567400,49.8875673828125,-0.47719431838989257,9.501838201141357,7.368604521942138
1757954338584523500,49.8975234375,-0.7269394790649414,9.120860861968994,7.433846517181396
1757954338594479400,49.907479248046876,-0.9855132583618164,9.379285003662108,6.291662687683105
1757954338604435500,49.917435546875,-0.1379658706665039,9.744849669647216,4.536413595581054
1757954338614391300,49.927391357421875,0.5876268699645996,9.133580058288574,3.8787563270568843
1757954338624346400,49.93734643554688,0.4230255058288574,9.171288734436034,3.21750775604248
1757954338634302500,49.94730249023438,0.42108021697998044,9.71641852493286,2.5513211441040036
1757954338644258300,49.95725830078125,0.8276455863952636,10.354772542572022,2.187402491760254
1757954338654214400,49.96721435546875,1.2907739700317382,11.114482656860352,1.5732897659301757
1757954338664170200,49.977170166015625,2.2315455848693846,11.795633029174803,1.065569376373291
1757954338674126300,49.987126220703125,2.657863117980957,11.788450424194336,1.1610381675720214
1757954338684082200,49.997082275390625,2.1900959686279298,10.924742175292968,2.054524299621582
1757954338694038300,50.007038330078124,1.3842974723815917,9.911246685028075,3.1057284660339355
1757954338703994400,50.016994384765624,0.24316110610961914,9.310900618743895,3.8404491004943844
1757954338713950500,50.026950439453124,-0.6025906303405761,8.988581220245361,4.389619106292725
1757954338723906300,50.03690625,-0.8928875816345214,8.703820860290527,4.781071077728271
1757954338733861400,50.046861328125,-1.1568483146667479,8.637531401824951,4.783614916992187
1757954338743817200,50.056817138671875,-1.486200680541992,8.588300630187987,4.690241052246093
1757954338753773600,50.066773681640626,-1.7586907569885253,8.359055821228027,4.598064288330078
1757954338763729400,50.0767294921875,-1.956062756347656,8.2360537109375,4.199280074310303
1757954338773685500,50.086685546875,-1.7169418655395507,8.040627000427246,3.4356793823242184
1757954338783641300,50.09664135742187,-1.2451345008850097,7.945457484436035,2.7410616256713864
1757954338793597400,50.10659741210937,-1.1046247909545899,8.173056279754638,2.241571304321289
1757954338803553300,50.11655322265625,-1.0039186836242675,8.451681497955322,2.072181536865234
1757954338813509400,50.12650927734375,-0.6229413444519043,8.616582137298584,2.2316952224731446
1757954338823465500,50.13646557617187,-0.10160393295288085,8.74003316040039,2.7365724975585937
1757954338833421600,50.14642163085937,0.3016694091796875,8.920945023345947,3.314772198486328
1757954338843377400,50.15637744140625,0.5336076950073242,9.251793765258789,3.940407019805908
1757954338853332200,50.16633227539062,0.2871545616149902,9.992499903869628,4.395155697631836
1757954338863288300,50.17628833007812,0.24929624786376953,10.10652375793457,4.5678374923706055
1757954338873244200,50.186244140625,0.31483751831054685,9.65282254333496,4.188955079650879
1757954338883200500,50.19620043945312,0.40402153015136716,9.316437210083008,3.667767305755615
1757954338893156400,50.20615625,0.3386298973083496,9.475501982879639,3.321206615447998
1757954338903112400,50.21611254882812,0.37663784866333005,9.51919616317749,3.1561563385009763
1757954338913068300,50.226068359375,0.4011784156799316,9.765798934173583,3.2933740211486815
1757954338923024400,50.2360244140625,0.40147769088745117,9.925611894989013,3.2701801925659177
1757954338932980200,50.245980224609376,0.2967313682556152,10.102782817840575,3.3200095146179196
1757954338942936300,50.255936279296876,0.3277063522338867,9.783755446624756,3.5727474273681636
1757954338952892400,50.265892333984375,0.6094739601135254,9.260772021484375,3.502567391204834
1757954338962847500,50.27584741210938,0.6124667121887206,8.170213165283203,3.4534862571716305
1757954338972803300,50.28580322265625,0.5090671279907226,7.550264572906494,3.379864556121826
1757954338982758400,50.29575830078125,0.7076362281799315,6.529436840057373,3.2811037376403807
1757954338992714800,50.30571484375,0.6121674369812011,6.150853702545166,3.1720179244995115
1757954339002670600,50.31567065429687,0.3580827857971191,6.112546475982666,3.0228292335510254
1757954339012626700,50.32562670898437,1.1854290969848633,5.364208819580078,4.223970278930664
1757954339022582500,50.33558251953125,-0.6688800888061524,7.455394332122802,3.3598131172180175
1757954339032538600,50.34553857421875,-0.5690718070983887,8.466944533538818,3.391386651611328
1757954339042494500,50.35549438476563,0.6123170745849609,8.834304850769042,3.446902202606201
1757954339052450600,50.36545043945313,1.4914379966735838,9.317634310913085,4.17563733291626
1757954339062406700,50.37540673828125,1.9738696311950683,9.737816702270507,5.531503660583496
1757954339072362800,50.38536279296875,2.3344962562561036,9.997138669586182,6.425139430236816
1757954339082318600,50.395318603515626,2.5616461387634275,9.809493114471435,7.117811898040771
1757954339092273700,50.40527368164062,2.3535002319335936,9.592817864227294,7.172279985809325
1757954339102229500,50.4152294921875,2.1070470985412597,9.065195673370361,6.616675563049316
1757954339112185600,50.425185546875,1.862988166809082,8.47233148727417,5.9756280685424805
1757954339122141700,50.4351416015625,1.4915876342773438,7.832481093597412,5.536890614318847
1757954339132097800,50.44509790039063,0.987009634399414,7.5713634750366205,5.267692565155029
1757954339142053600,50.4550537109375,0.07616554031372069,7.549516384887695,5.330091445922851
1757954339152009700,50.465009765625,-0.5599439132690429,7.738508678436279,6.16043050918579
1757954339161965600,50.474965576171876,-1.2880804931640624,7.722347817230224,5.958719019317627
1757954339171921700,50.484921630859375,-1.3684358863830566,7.330895845794677,5.65001664276123
1757954339181877500,50.49487744140625,-1.269824705505371,7.3669585083007805,5.867589718627929
1757954339191833900,50.504833740234375,-0.8785223716735839,7.246799512481689,6.571933919525146
1757954339201788700,50.51478857421875,-0.5642834037780762,7.159710427093505,6.8308069740295405
1757954339211744500,50.52474462890625,-0.21682488784790038,6.987028632354736,6.462698468780517
1757954339221700600,50.53470068359375,-0.005087678527832031,6.683413934326172,5.8542719718933105
1757954339231656400,50.544656494140625,0.44502223358154297,6.268319221496582,5.20304912033081
1757954339241612800,50.55461279296875,0.5584475372314452,6.010792905426025,4.740369649505615
1757954339251568600,50.564568603515625,0.38890813217163084,5.333383473205566,4.464138632965088
1757954339261524700,50.574524658203124,0.4095581214904785,4.526986426544189,4.13703083114624
1757954339271480600,50.58448046875,0.47420156631469723,4.154688068389892,4.037222549438476
1757954339281436700,50.594436767578124,-0.0522235237121582,3.934720790863037,4.46937594909668
1757954339291392500,50.604392578125,0.3612251754760742,3.7740100044250484,4.938789112091064
1757954339301348600,50.6143486328125,0.9642647186279296,3.596240531158447,4.567089304351806
1757954339311304400,50.62430444335938,0.8173205917358398,3.960907371520996,4.526238238525391
1757954339321260800,50.6342607421875,1.2466308769226073,4.214692747497558,5.167435370635986
1757954339331215600,50.644215576171874,2.09417826461792,5.293879145812988,5.616348181915283
1757954339341171700,50.65417163085937,3.2549171569824216,6.302286957550049,6.1626750732421876
1757954339351127600,50.66412744140625,4.214543109893799,7.311742232513427,6.964433354187011
1757954339361083600,50.67408374023437,3.388992449951172,7.148188331604003,8.038831349182129
1757954339371039700,50.68403979492187,0.22954408416748046,8.258200076293944,8.307879760742187
1757954339380995600,50.69399560546875,0.7100304298400878,7.764096708679198,9.380482104492186
1757954339390951700,50.70395166015625,2.9926024375915525,6.891859116363525,9.139565562438964
1757954339400907500,50.71390747070313,3.212719352722168,6.6234092552185055,8.454075699615478
1757954339410863600,50.72386352539063,4.319289432525634,6.099228729248047,8.230666757202147
1757954339420819500,50.7338193359375,3.3545758010864257,6.931961994171142,7.666383353424072
1757954339430775600,50.743775634765626,0.9150339469909667,7.2617632728576655,7.880215489196777
1757954339440731600,50.753731689453126,-2.699013459014892,8.61882670135498,7.451054841613769
1757954339450686700,50.76368676757812,-7.445069337463378,9.067290599822998,7.844003189086914
1757954339460642600,50.773642578125,-5.129427419281005,7.161206803131103,9.450063590240479
1757954339470598700,50.7835986328125,-3.1292215698242187,4.640411730194091,9.521889640045165
1757954339480554500,50.793554443359376,-3.375375428009033,3.9867946769714355,8.458115914916991
1757954339490510600,50.803510498046876,-0.7015010864257812,5.607070650482178,9.028235185241698
1757954339500466700,50.813466796875,2.479046181488037,5.933879177093505,10.268431645202636
1757954339510422800,50.8234228515625,5.130175607299805,7.584232308959961,11.212495287322998
1757954339520378600,50.833378662109375,3.831919757080078,7.827692690277099,11.633276229095458
1757954339530334700,50.843334716796875,0.9816226806640624,6.693888566589355,11.936741289520263
1757954339540290600,50.85329052734375,-2.168248878479004,6.615628099822998,11.142315251159667
1757954339550246700,50.86324658203125,-3.5708021385192867,6.711845079040527,10.563666637420654
1757954339560202500,50.87320239257812,-4.23309817276001,7.856872023010253,10.547805051422118
1757954339570158800,50.883158935546874,-3.9674914260864256,9.535506661987304,12.797007873535156
1757954339580113700,50.89311376953125,-2.983324906158447,10.83466033782959,13.561805666351317
1757954339590069500,50.903069580078125,-3.1049802780151365,12.100295190429687,12.995726611328124
1757954339600025600,50.913025634765624,-1.8300678939819335,13.614178827667235,12.248885330963134
1757954339609981400,50.9229814453125,-1.6935983993530273,14.433594345855711,11.40941837387085
1757954339619937500,50.9329375,-0.4560954162597656,14.170232163238525,10.098592964935301
1757954339629893600,50.9428935546875,-4.923077163696289,13.280935884094237,6.700921533966064
1757954339639849700,50.952849609375,-13.46469086151123,10.750115091705322,2.3849241287231444
1757954339649805600,50.9628056640625,7.8447513771057125,7.563432682037353,6.570587181091308
1757954339659761700,50.97276171875,8.664466170501708,6.721721160888672,5.162646967315673
1757954339669717500,50.98271752929688,7.488164967346191,5.728576384735107,3.3625065940856933
1757954339679673600,50.99267358398438,5.047276374816894,5.287744004058838,1.2300211029052734
1757954339689629400,51.00262939453125,1.022773021697998,5.614851805877685,0.9612719665527343
1757954339699584800,51.01258471679687,-2.0890905860900877,5.923254907226562,1.992424694061279
1757954339709540600,51.02254052734375,-4.468029210662841,6.662015756988525,3.857507787322998
1757954339719496700,51.03249658203125,-5.917718315887451,7.350648009490967,6.401496688842773
1757954339729452500,51.04245263671875,-6.338948170471191,8.170213165283203,7.281365798950195
1757954339739408600,51.05240869140625,-6.591985358428954,8.778041111755371,7.107187628173827
1757954339749364700,51.06236474609375,-6.073939974212646,8.72162773513794,6.0048074012756345
1757954339759320800,51.07232080078125,-3.912275150299072,8.539818046569824,4.284423870849609
1757954339769276700,51.082276611328126,-1.9340660285949707,8.296956215667723,2.6843489738464354
1757954339779232800,51.092232666015626,-0.6742670425415038,7.964760735321044,1.8652327308654784
1757954339789188600,51.102188720703126,-0.1466448516845703,8.130409562683106,2.3014263458251953
1757954339799144700,51.112144775390625,-0.04025251541137695,7.84026224899292,3.0934581825256346
1757954339809100500,51.1221005859375,-0.1457470260620117,8.06950705795288,4.206313041687012
1757954339819056400,51.13205639648437,-1.1888707618713379,8.494178577423096,5.046677824401855
1757954339829012700,51.1420126953125,-2.683301510620117,9.159467363739013,5.881954928588867
1757954339838967600,51.151967529296876,-3.879205239868164,8.821585654449462,5.811176342010498
1757954339848923600,51.161923583984375,-4.3807904876708985,8.804526967620848,5.372139612579345
1757954339858879500,51.17187939453125,-4.283077132415771,8.157793244171142,4.620809204101562
1757954339868835600,51.181835693359375,-3.9782653335571285,7.431601953125,3.620481822967529
1757954339878791700,51.191791748046874,-4.3445781875610345,7.213579964447021,2.883366986846924
1757954339888747800,51.201747802734374,-5.281309587097168,7.09297205581665,2.5002947212219238
1757954339898703600,51.21170361328125,-6.105064595794677,6.934356195831298,1.9734207183837889
1757954339908659700,51.22165966796875,-6.46105245513916,6.7550903465270995,1.107767180633545
1757954339918615600,51.23161547851562,-5.923554182434081,6.590488982391357,0.29343934097290036
1757954339928571600,51.24157153320313,-4.855141691589355,6.666355247497558,-0.3477577911376953
1757954339938527500,51.25152758789063,-3.8878842208862303,6.711396166229248,-0.773776049041748
1757954339948483600,51.26148364257813,-2.801964130401611,6.58270782699585,-1.2376526206970213
1757954339958439700,51.27143969726563,-2.541594699859619,6.370372067260742,-2.2581810783386227
1757954339968394500,51.28139453125,-3.2296284019470214,6.472424913024902,-3.5181297019958495
1757954339978350600,51.2913505859375,-3.7997476722717285,6.506542286682128,-4.566341116333008
1757954339988306400,51.30130639648438,-5.395183803558349,6.698676969909668,-5.429450814819336
1757954339998262500,51.31126245117188,-6.215946060180664,6.63957011642456,-6.577021598052978
1757954340008218600,51.32121850585938,-5.749675286865234,6.131251176452636,-7.005434057617187
1757954340018174700,51.3311748046875,-6.096235977172851,5.992686755371094,-6.58210927658081
1757954340028130600,51.34113061523438,-6.485742659759521,5.92445200805664,-5.750423474884033
1757954340038086700,51.35108666992188,-6.497264755249023,5.681141264343261,-4.999242704010009
1757954340048042500,51.36104248046875,-7.89098939666748,5.568464148712158,-4.445134657287597
1757954340057998600,51.37099853515625,-9.950601374816895,5.134515097808838,-3.789721952819824
1757954340067954400,51.380954345703124,-8.61269155960083,4.550030617523193,-3.4729391456604004
1757954340077910800,51.390910888671876,-6.949319956207275,4.263324968719482,-3.797952021026611
1757954340087866600,51.40086669921875,-5.58597174835205,4.215740210723877,-3.53054962310791
1757954340097822700,51.41082275390625,-4.634426226043701,4.3634325256347655,-2.4224831672668454
1757954340107777500,51.420777587890626,-3.9273885482788082,4.5413516365051265,-2.108094561767578
1757954340117733600,51.430733642578126,-3.845237503814697,4.7399207366943354,-1.7785925582885742
1757954340127689500,51.440689453125,-4.469974499511719,4.527884252166748,-0.7677905448913573
1757954340137645800,51.450645751953125,-4.573074808502197,4.482992971038818,-0.06539163284301758
1757954340147601700,51.4606015625,-4.0161236473083495,4.019415674591064,0.9534908111572266
1757954340157557800,51.470557861328125,-4.125658373260498,3.405452586364746,2.516605220031738
1757954340167513600,51.480513671875,-3.7419875572204586,3.384952234649658,3.9236476081848144
1757954340177469700,51.4904697265625,-3.3283892204284666,3.008164748382568,4.913949269866943
1757954340187425500,51.50042553710937,-3.471143494415283,2.6868928131103513,5.347748683166504
1757954340197381600,51.51038159179687,-4.718522559356689,1.2208932090759277,4.5708302444458
1757954340207337700,51.52033764648438,-5.4893058563232415,-1.8330606460571288,1.3835492843627928
1757954340217293800,51.5302939453125,-4.777928688049316,1.2246341491699217,2.337489008331299
1757954340227249700,51.54024975585938,-4.288912998962402,1.3799579818725585,2.8547862045288084
1757954340237205800,51.55020581054688,-2.1158757171630858,-0.4477157104492187,3.859303438568115
1757954340247160600,51.56016064453125,-0.483928010559082,-0.4504091873168945,2.4230817176818844
1757954340257116700,51.57011669921875,-0.8183680549621581,-0.35194764404296874,2.0611083541870117
1757954340267072800,51.58007275390625,-1.128716445159912,-0.7748235122680663,2.8293478118896482
1757954340277028600,51.59002856445313,-2.377591886138916,-0.8473977500915527,5.007173497009277
1757954340286984700,51.59998461914063,-6.890213102722168,1.8650830932617186,11.834838081359862
1757954340296940500,51.6099404296875,-14.732719915771483,5.698199951171874,17.942147241210936
1757954340306896600,51.61989672851563,-10.944494338989257,8.70845962600708,20.14167037887573
1757954340316852500,51.6298525390625,-4.2320507095336914,10.168623363494872,20.55018103713989
1757954340326808600,51.63980859375,-4.754585221862793,9.584587796020507,19.08388215789795
1757954340336764700,51.6497646484375,-8.751704893493653,7.352144385528564,14.78599090270996
1757954340346720800,51.659720703125,-11.093683029937743,5.13960277633667,11.488726303863524
1757954340356676600,51.669676513671874,-10.376918907928466,3.7119103988647457,9.5645363571167
1757954340366632700,51.6796328125,-9.671227968597412,3.2302269523620604,7.979275582885742
1757954340376588500,51.68958862304687,-9.744400756835937,3.0856770271301266,7.350797647094726
1757954340386544600,51.69954467773437,-9.238326380920409,2.601000828552246,7.299023036193847
1757954340396499700,51.709499755859376,-9.728539170837402,2.420238603210449,7.1881415718078605
1757954340406455600,51.71945556640625,-9.78629928588867,2.264615495300293,6.921487361907959
1757954340416411600,51.72941162109375,-9.654169281768798,2.0780174034118652,6.924031201171875
1757954340426367500,51.73936743164062,-8.188768228149414,1.7057190452575683,7.521534152984619
1757954340436323600,51.74932348632812,-6.394014808654785,2.218527113342285,7.6276272140502925
1757954340446279400,51.75927954101562,-6.060622227478027,2.6414029815673827,7.803900311279296
1757954340456235500,51.76923559570312,-6.458358978271484,3.297114961242676,8.62600930633545
1757954340466191600,51.77919165039062,-6.244975755310058,3.863642929077148,8.962095364379882
1757954340476147700,51.78914770507812,-6.202029763031005,4.509927739715576,9.531017533874511
1757954340486103600,51.799103515625,-5.801898810577392,4.829703298950195,9.752481187438963
1757954340496059600,51.8090595703125,-5.718550665283203,5.193173038482666,9.62693523788452
1757954340506015500,51.819015380859376,-5.872677397155761,5.45877978515625,9.558850128173827
1757954340515971600,51.8289716796875,-6.042964990234375,5.6304141166687005,9.274688318634032
1757954340525927400,51.838927490234376,-5.604676448822021,5.62502716293335,8.710255277252196
1757954340535883800,51.8488837890625,-4.484938259887695,5.736058264923096,7.965359285736083
1757954340545838600,51.85883862304688,-4.218134412384033,5.876418337249755,7.397783854675293
1757954340555794700,51.86879467773438,-4.438101689910888,6.162974348449707,6.789506995391846
1757954340565750500,51.87875048828125,-3.5550901901245116,6.515370905303954,6.347477513885497
1757954340575706600,51.88870654296875,-2.990357873535156,6.799831990051269,6.172251879882812
1757954340585662700,51.89866284179688,-2.717119609069824,7.230040100860595,6.203825414276123
1757954340595618800,51.90861889648438,-2.3014263458251953,7.676708348083496,6.453271299743652
1757954340605574700,51.91857470703125,-1.8077718910217284,7.945008571624755,6.828861685180664
1757954340615530800,51.92853076171875,-1.180341418457031,8.169764252471923,6.8685156501770015
1757954340625486600,51.938486572265624,-0.4294599227905273,8.31835439300537,6.79923343963623
1757954340635442700,51.948442626953124,0.15427636947631834,8.413673546600341,6.958148574829101
1757954340645398500,51.9583984375,0.5719149215698242,8.506448860931396,7.136516598510742
1757954340655354600,51.96835473632812,0.706738402557373,8.488791623687744,7.065438736724853
1757954340665310700,51.97831079101562,0.750133307647705,8.358606908416748,6.822726543426513
1757954340675266800,51.98826684570312,0.7529764221191406,8.21585263442993,6.617274113464355
1757954340685222700,51.99822265625,0.6690297264099121,8.199691773223876,6.545747338867187
1757954340695178800,52.0081787109375,0.3277063522338867,8.244433416748047,6.570437543487548
1757954340705134600,52.01813452148438,-0.09771335525512695,8.201487424468993,6.445639781951904
1757954340715089700,52.02808959960937,-0.361374813079834,8.104821532440186,6.25664748840332
1757954340725045800,52.03804565429687,-0.6218938812255859,8.02521432723999,6.097433078002929
1757954340735001600,52.04800170898437,-0.7541735229492187,7.984812174224853,5.917269403076172
1757954340744957700,52.05795776367187,-0.8680477394104004,7.814075668334961,5.723937619018554
1757954340754913500,52.06791357421875,-0.9962871658325195,7.641393873596191,5.5367409767150875
1757954340764869600,52.07786962890625,-1.2603975364685058,7.52692110671997,5.377526566314697
1757954340774825500,52.08782543945313,-1.5713444770812988,7.329549107360839,5.181351667785644
1757954340784781600,52.09778149414063,-2.231844860076904,7.020846730804443,4.856638067626953
1757954340794737700,52.107737548828126,-8.384943126678467,6.124667121887207,3.9273885482788082
1757954340804693800,52.11769384765625,-15.460856495666503,7.153126372528075,3.6742017227172847
1757954340814649600,52.127649658203126,-10.369586665344238,6.360047072601318,5.538985540771484
1757954340824605700,52.137605712890625,-11.686547216033935,5.80339518661499,5.42017328338623
1757954340834561500,52.1475615234375,-11.693879458618163,6.8958993316650385,6.097433078002929
1757954340844517600,52.157517578125,-7.128436167907714,6.7268088394165035,6.6717422012329095
1757954340854473500,52.16747338867187,-5.421968934631347,6.88841745147705,6.482151357269287
1757954340864429800,52.177429931640624,-2.863315547943115,7.625532287597656,6.655581340026855
1757954340874385700,52.1873857421875,-0.38666356811523434,7.682843489837646,5.831975968933105
1757954340884340500,52.197340576171875,1.4000094207763671,7.457189983367919,3.743783208465576
1757954340894296600,52.207296630859375,2.27284556350708,6.879588832855224,1.382801096343994
1757954340904252400,52.21725244140625,0.4164414512634277,6.764068602752685,2.8788778587341306
1757954340914208800,52.227208740234374,-1.8860323577880858,7.581538832092285,5.363310993957519
1757954340924164600,52.23716455078125,-2.6056395942687987,8.111854499816895,6.363039824676513
1757954340934120700,52.24712060546875,-2.1064485481262207,7.436839269256591,5.475389559173584
1757954340944076500,52.25707666015625,-0.6534674156188964,6.795492499542236,4.567388579559326
1757954340954032600,52.26703271484375,-1.6614263145446777,7.257124507141113,6.138134506225586
1757954340963988500,52.27698852539063,-2.4205378784179685,7.851036156463622,6.801777278900146
1757954340973944600,52.28694458007813,-2.4061726684570313,9.064148210144042,6.306327172851562
1757954340983900700,52.29690063476563,-2.0433014793395996,8.122478769683838,5.967846913146972
1757954340993857000,52.30685693359375,-1.041926634979248,7.613561279296874,6.2599395156860345
1757954341003813000,52.31681323242187,-0.6509235763549804,8.304587733459472,6.169708040618896
1757954341013769000,52.32676904296875,-1.4333786064147949,7.863156802368164,5.587917037200928
1757954341023725000,52.33672509765625,-1.6077064147949218,8.074145823669433,5.124489378356933
1757954341033681000,52.346680908203126,-1.291671795654297,8.362497486114501,4.778227963256835
1757954341043637000,52.356636962890626,-0.873434693145752,8.340949671173096,4.2149920227050774
1757954341053592800,52.3665927734375,-0.8508394149780273,7.595604766845702,3.6540006462097168
1757954341063548200,52.37654809570312,-0.9240122032165526,8.027608528900146,3.4584242980957027
1757954341073504000,52.38650390625,-0.8876502655029296,8.741080623626708,3.746327047729492
1757954341083460000,52.39646020507813,-0.6434416961669921,9.115922821044922,3.9619548347473144
1757954341093416000,52.406416015625,-0.7341220840454101,8.900743946838379,3.6381390602111816
1757954341103372000,52.4163720703125,-0.8768763580322265,8.635436475372314,3.5488054107666014
1757954341113327900,52.426327880859375,-0.6034884559631347,8.27974789123535,3.4620156005859375
1757954341123284200,52.4362841796875,-0.7778162643432617,8.08866067123413,3.1000422370910643
1757954341133240000,52.446239990234375,-0.8571241943359375,8.396914134979248,3.0627824737548828
1757954341143196200,52.456196044921874,-0.70868369140625,8.703970497894286,3.0207343070983885
1757954341153152000,52.466152099609374,-0.752677146911621,8.731653454589843,3.084180651092529
1757954341163108000,52.476108154296874,-0.6584054565429687,9.113827894592285,3.2002994316101074
1757954341173064000,52.48606396484375,-0.8810662109374999,8.645911107635497,2.3145944549560546
1757954341183020000,52.49602001953125,-0.604535919189453,8.291718899536132,2.9447184043884276
1757954341192976000,52.50597583007813,-0.2668038475036621,8.391527181243896,3.3357214630126952
1757954341202932200,52.51593212890625,-0.2002151138305664,8.912864592742919,3.078494422149658
1757954341212888000,52.52588818359375,-0.12554594955444334,8.714145854949951,2.964919480895996
1757954341222844000,52.53584399414063,0.3238157745361328,8.549694128417968,3.11560454788208
1757954341232800000,52.54580004882813,0.5683236190795898,8.539818046569824,3.0807389862060544
1757954341242755800,52.555755859375,0.6024409927368164,8.254010223388672,3.076399495697021
1757954341252711200,52.56571118164062,0.8432078971862792,9.20031842956543,2.67492180480957
1757954341262667000,52.5756669921875,0.8738836059570312,9.469815753936768,1.9289783500671385
1757954341272623000,52.585623046875,1.1896189498901366,8.807669357299805,1.7380407676696776
1757954341282579000,52.59557885742188,1.128117894744873,8.881291058349609,1.8305168067932127
1757954341292535000,52.60553515625,0.9035118515014647,9.076867406463622,2.0233996780395507
1757954341302491000,52.61549096679688,1.0889128425598145,9.196128576660156,2.089988411712646
1757954341312447000,52.625447021484376,1.1007342132568358,9.09781667098999,2.11333187789917
1757954341322403000,52.635403076171876,1.130661734008789,9.094524643707274,2.103605433654785
1757954341332359200,52.645359130859376,1.387888774871826,9.25074630203247,2.1842601020812986
1757954341342315000,52.65531494140625,1.3811550827026366,9.307758229064941,1.9883844787597655
1757954341352271000,52.66527099609375,1.3979144943237305,9.354744436645507,1.6283564041137695
1757954341362227000,52.67522705078125,1.3730746520996093,9.370905297851563,1.3545195892333983
1757954341372183000,52.68518310546875,1.474229672241211,9.32047742538452,1.2036848846435546
1757954341382139000,52.69513891601562,1.556380716705322,9.251644127655029,1.2883797683715819
1757954341392095000,52.70509497070312,1.5988777961730956,9.297582872009277,1.3398551040649413
1757954341402051000,52.71505102539062,1.5442600708007812,9.388113622283935,1.3519757499694824
1757954341412007200,52.72500708007812,1.7690157516479492,9.545682019042967,1.4618097511291503
1757954341421963000,52.734962890625,2.1811177124023438,9.629778352355956,1.1746551895141601
1757954341431919000,52.74491918945313,2.2700024490356445,9.496002334594726,0.7713818473815918
1757954341441875000,52.754875,2.3747487716674804,9.382128118133544,0.5485714553833008
1757954341451831000,52.7648310546875,2.557456285858154,9.36641616973877,0.4535515769958496
1757954341461786000,52.7747861328125,2.742707639312744,9.45485199356079,0.3833715408325195
1757954341471742000,52.78474194335938,2.9499557205200193,9.602544308471678,0.28490999755859375
1757954341482320100,52.79532006835937,3.283946852111816,9.706243167877197,0.155772745513916
1757954341492276000,52.80527587890625,3.6454713027954098,9.910797772216796,-0.0282815071105957
1757954341502232000,52.81523217773437,4.041861315155029,10.191368279266356,-0.24735095901489257
1757954341512188000,52.82518798828125,4.058321451568603,10.279953740692138,-0.385616104888916
1757954341522144000,52.83514404296875,4.4942157913208005,10.291775111389159,-0.4560954162597656
1757954341532099800,52.84509985351563,4.660014256286621,10.115352376556396,-0.3295020034790039
1757954341542056200,52.85505615234375,4.352808255767822,10.147674098968505,-0.3938461730957031
1757954341552012000,52.86501196289063,4.266467358398438,10.038438648223876,-0.5143044441223145
1757954341561968000,52.87496801757813,5.42675733795166,9.726444244384766,-0.9614216041564941
1757954341571924000,52.884924072265626,4.830152211761474,9.963021295928954,-1.0688614036560058
1757954341581880000,52.894880126953126,5.285200164794921,8.28633194580078,-1.8296189811706542
1757954341591836000,52.9048359375,4.487182823944091,9.245359348297118,-2.1781249603271484
1757954341601792000,52.9147919921875,3.895665376281738,10.44425582962036,-0.9723451492309569
1757954341611748000,52.924748046875,4.155136981201172,8.747365402984618,-1.2099696640014648
1757954341621704200,52.9347041015625,3.907337109375,8.367435527038573,-0.6985083343505859
1757954341631660000,52.94465991210937,3.474585159301758,8.015338245391845,-0.12150573425292968
1757954341641616100,52.9546162109375,3.2363620941162106,7.516745749664306,0.25468320159912106
1757954341651572000,52.96457202148437,3.680636139678955,7.357680976867675,0.19123685760498046
1757954341661528000,52.97452807617187,3.8275802665710446,7.893682873535155,-0.03336918563842773
1757954341671483100,52.984483154296875,4.022707701873779,8.737040408325194,-0.29777883148193357
1757954341681439000,52.99443896484375,4.040215301513672,9.478494734954834,-0.5147533569335937
1757954341691395000,53.00439501953125,4.300135819244384,9.917980377197265,-0.7001543479919433
1757954341701351000,53.01435083007812,4.191199643707275,9.610774376678465,-0.9554361000061035
1757954341711307000,53.02430712890625,3.8902784225463867,9.130437668609618,-0.987009634399414
1757954341721262800,53.03426293945312,3.4762311729431152,8.93815334777832,-0.5562029731750487
1757954341731219000,53.04421899414063,3.242497235870361,8.663119432067871,-0.33967736053466796
1757954341741175000,53.05417504882813,3.244442524719238,8.666710734558105,-0.26979659957885743
1757954341751131100,53.06413110351563,3.2653917892456055,8.847173684692383,-0.31797990798950193
1757954341761087000,53.0740869140625,3.167229521179199,8.957905511474609,-0.43020811080932614
1757954341771043000,53.08404296875,3.1120132453918457,8.896703731536865,-0.5255272644042969
1757954341780999000,53.0939990234375,3.351283773803711,8.965537029266358,-0.6947673942565917
1757954341790955000,53.103955078125,3.2417490478515623,9.147197080230713,-0.8683470146179199
1757954341800910800,53.113910888671874,3.397671430969238,9.324816915893555,-0.941070890045166
1757954341810867000,53.123866943359374,3.5984850952148437,9.99683939437866,-0.7882908966064452
1757954341820823000,53.133822998046874,3.1856349464416502,10.0870708694458,-0.6332663391113281
1757954341830779100,53.143779052734374,3.1658827827453613,9.807847100830077,-0.8678981018066406
1757954341840735000,53.15373486328125,3.192817551422119,9.858574248504638,-0.7333738960266113
1757954341850691000,53.16369116210937,3.594893792724609,10.176404518890381,-0.19288287124633788
1757954341860647000,53.17364697265625,3.554790914916992,10.403554401397704,-0.26051906814575193
1757954341870603000,53.18360302734375,3.025073797607422,10.372579417419432,-0.29089550170898437
1757954341880558800,53.19355883789063,2.7124808433532714,10.234613546752929,-0.013467384338378905
1757954341890515200,53.20351513671875,2.5020903724670407,10.02377416305542,0.00718260498046875
1757954341900471000,53.21347094726563,1.9027917694091796,9.623643210601806,0.8500912269592285
1757954341910427100,53.22342724609375,1.877652651977539,9.338134662628173,0.1518821678161621
1757954341920382000,53.2333818359375,2.1052514472961423,9.652672905731201,0.0282815071105957
1757954341930337800,53.243337890625,2.593369310760498,9.664643914031982,-0.05880757827758789
1757954341940294100,53.25329418945312,2.812738037872314,9.354445161437988,-0.18121113815307616
1757954341950250000,53.26325,3.0831331878662107,9.09796630859375,-0.5900210716247558
1757954341960206000,53.2732060546875,2.8119898498535156,9.239224206542968,-0.8215104446411132
1757954341970162000,53.283161865234376,1.3555670524597168,9.696516723632811,-0.8551789054870605
1757954341980118000,53.293117919921876,0.834379278564453,9.757419228363036,-0.8584709327697754
1757954341990073300,53.3030732421875,1.39821376953125,9.71058265838623,-1.1155483360290526
1757954342000029400,53.313029541015624,2.0233996780395507,9.80635072479248,-1.0633248123168946
1757954342009985500,53.32298559570312,2.0834043571472165,9.699509475708007,-0.865054987335205
1757954342019941600,53.33294165039062,2.0965724662780763,9.78031378173828,-0.817769504547119
1757954342029897500,53.3428974609375,2.4998458084106443,9.791686239624022,-0.6961141326904297
1757954342039853600,53.352853515625,2.467524085998535,9.914239437103271,-0.6266822845458984
1757954342049809400,53.36280932617188,2.1568764205932616,10.225485652923583,-0.4065653694152832
1757954342059765500,53.372765625,2.325817275238037,10.32334864578247,-0.270694425201416
1757954342069721300,53.38272143554688,2.4365491020202636,10.403105488586425,-0.10549451065063475
1757954342079677700,53.392677734375,2.6253917579650876,10.23491282196045,0.005237316131591796
1757954342089633500,53.402633544921876,3.107374479675293,9.854085120391845,0.08813654861450194
1757954342099589600,53.412589599609376,3.309684519958496,9.490765018463135,0.10758943710327148
1757954342109545500,53.42254541015625,3.207332398986816,9.296535408782958,0.14200608596801756
1757954342119501600,53.43250146484375,3.017891192626953,9.310002793121336,-0.1236006607055664
1757954342129457400,53.44245751953125,2.7193641731262206,9.457695108032226,-0.6079775840759277
1757954342139413500,53.45241357421875,2.6126725616455078,9.594912790679931,-1.158793603515625
1757954342149369600,53.46236962890625,2.231395947265625,9.606734161376952,-1.57044665145874
1757954342159325700,53.47232568359375,1.8345570220947265,9.517250874328612,-1.9847931762695312
1757954342169281500,53.48228149414062,1.185578734588623,9.418789331054686,-1.8104653678894043
1757954342179237600,53.49223754882812,1.107767180633545,9.40412484588623,-1.9677344894409179
1757954342189193500,53.502193359375,1.0859200904846191,9.392153837585449,-2.3958476737976073
1757954342199149600,53.51214965820313,0.6015431671142578,9.241468770599365,-2.5254338386535644
1757954342209105400,53.52210546875,0.29284079055786133,8.989927958679198,-2.80929637298584
1757954342219061500,53.5320615234375,0.16430208892822265,8.614487210845947,-3.5932477790832515
1757954342229017600,53.542017578125,-0.38830958175659175,8.353668867492676,-3.917961379241943
1757954342238973700,53.5519736328125,-2.792985874176025,7.707982607269287,-2.7813141410827633
1757954342248929500,53.561929443359375,0.787841983795166,6.574028845977783,-4.859181906890869
1757954342258885600,53.5718857421875,-2.0501848091125487,7.222408583068847,-5.432443566894531
1757954342268841500,53.581841552734375,-2.085349645996094,7.449558465576171,-4.121019607543945
1757954342278797300,53.59179736328125,-0.4460696968078613,7.735665563964844,-3.158700177764892
1757954342288753400,53.60175341796875,-0.39279870986938475,7.2988733985900875,-2.083254719543457
1757954342298709500,53.61170947265625,0.09292495193481445,7.0473325866699215,-1.3168109130859373
1757954342308665600,53.62166552734375,0.5725134719848632,7.110180380249023,-1.1640309196472167
1757954342318621400,53.63162133789063,0.8198644309997558,8.065616480255127,-1.4836568412780762
1757954342328577500,53.64157763671875,0.48617257461547847,9.41011035003662,-1.7004817291259764
1757954342338533400,53.65153344726563,0.3676595924377441,9.916334363555908,-2.007837367248535
1757954342348489500,53.66148950195313,0.1744774459838867,10.095899488067626,-2.2665607841491697
1757954342358445300,53.6714453125,0.3468599655151367,9.906009368896484,-2.467524085998535
1757954342368401400,53.6814013671875,0.4674678741455078,9.529670795440673,-2.6452935592651365
1757954342378357500,53.691357421875,0.23074118499755858,9.342474153137207,-2.816778253173828
1757954342388313600,53.701313720703126,0.03845686416625976,9.547627307891846,-3.130867583465576
1757954342398269400,53.71126953125,-0.023642741394042967,9.906907194519043,-3.071611092376709
1757954342408225500,53.7212255859375,-0.06793547210693358,10.03664299697876,-2.938882537841797
1757954342418181400,53.731181396484374,-0.2166752502441406,9.923965881347655,-2.909254292297363
1757954342428137500,53.74113745117187,-0.2914940521240234,9.802909059906005,-3.0119056884765625
1757954342438093300,53.75109326171875,-0.3742436470031738,9.685892453765868,-3.004573445892334
1757954342448049700,53.76104956054687,-0.35718496017456053,9.579799392700195,-2.9433716659545897
1757954342458004500,53.77100439453125,-0.2280477081298828,9.443180260467528,-2.6497826873779293
1757954342467961600,53.78096166992187,0.014814122772216796,9.351153134155274,-2.2438158683776854
1757954342477917400,53.79091748046875,0.1910872200012207,9.437045118713378,-2.002300775909424
1757954342487872500,53.80087255859375,0.2079962692260742,9.521291089630127,-2.0121768577575683
1757954342497829400,53.81082934570313,-0.10220248336791991,9.65970587310791,-2.099116305541992
1757954342507785500,53.820785400390626,-0.483928010559082,9.822960498809813,-2.233939786529541
1757954342517740500,53.83074047851562,-0.8538321670532226,10.006715476226805,-2.359036823272705
1757954342527697700,53.84069775390625,-1.0953472595214844,10.204536388397216,-2.4961048683166505
1757954342537653500,53.850653564453125,-1.2078747375488281,10.177451982116699,-2.638709504699707
1757954342547608600,53.86060864257813,-1.2859855667114257,9.9851676612854,-2.633322550964355
1757954342557565400,53.8705654296875,-1.3575123413085937,9.817573545074461,-2.5350106452941894
1757954342567521500,53.880521484375,-1.0465654006958007,9.765649296569825,-2.4967034187316894
1757954342577477400,53.89047729492187,-0.7050923889160156,9.821314485168456,-2.340032847595215
1757954342587433500,53.90043359375,-0.7029974624633789,9.734225399780273,-2.1996727752685548
1757954342597389600,53.9103896484375,-0.7625532287597656,9.509170443725585,-2.233191598510742
1757954342607345700,53.920345703125,-0.8224082702636718,9.166799606323242,-2.4932617538452146
1757954342617301500,53.93030151367188,-0.9756371765136718,8.737638958740234,-2.7156232330322263
1757954342627257600,53.94025756835938,-0.7938274879455566,8.994117811584472,-2.6108769104003904
1757954342637213400,53.95021337890625,-0.15936404800415038,9.580547580718994,-2.8757354690551757
1757954342647169500,53.96016943359375,-0.6299743118286133,8.93875189819336,-1.3931260910034178
1757954342657125400,53.97012548828125,-1.8745102622985839,8.841487455749512,-2.0495862586975098
1757954342667081500,53.98008154296875,-0.2539350135803223,8.7470661277771,-1.0503063407897948
1757954342677037600,53.99003759765625,0.060603229522705075,8.767716117095947,-0.949300958251953
1757954342686993700,53.99999365234375,0.9115922821044922,8.422502165222168,-1.4565724349975586
1757954342696949500,54.009949462890624,0.7902361854553223,8.509890525817871,-1.7286135986328124
1757954342706905600,54.019905517578124,-3.1465795318603513,11.104008024597167,-0.5677250686645507
1757954342716861400,54.029861328125,0.28969840087890625,13.473519480133056,-1.4583680862426758
1757954342726817500,54.03981762695312,2.1191677444458006,11.263671347808836,-3.13460852355957
1757954342736773400,54.0497734375,-0.9207201759338378,9.418789331054686,-0.5349544334411621
1757954342746729700,54.05972973632812,-0.2442085693359375,9.452757067108154,-0.6443395217895508
1757954342756685600,54.069685546875,-1.087865379333496,9.718064538574218,-1.4936825607299804
1757954342766641700,54.0796416015625,-1.590947003173828,9.5645363571167,-2.323123798370361
1757954342776597500,54.08959741210938,-1.5120879859924317,9.646088851165771,-2.7283424293518066
1757954342786553600,54.0995537109375,-1.3013982398986816,10.193912118530273,-2.6431986328124997
1757954342796509400,54.10950952148438,-1.3409025672912598,10.572794531249999,-2.486079148864746
1757954342806465300,54.11946533203125,-1.0404302589416503,10.537031143951415,-2.6689363006591798
1757954342816421600,54.129421630859376,-0.6193500419616699,10.12597664642334,-2.5938182235717773
1757954342826377500,54.13937744140625,-0.4403834678649902,9.197624952697753,-2.189347780609131
1757954342836333600,54.14933349609375,-0.5184942970275879,9.62109937133789,-1.342698218536377
1757954342846289400,54.15928930664062,0.7338228088378905,8.275408400726318,-2.105700360107422
1757954342856245500,54.16924560546875,0.6325181510925293,9.325415466308593,-1.0935516082763672
1757954342866201300,54.17920141601562,0.8761281700134277,10.152612139892577,-1.8893243850708006
1757954342876157400,54.18915747070312,1.0127473022460938,10.478223565673828,-1.7073650588989258
1757954342886113300,54.19911328125,0.4908113403320312,10.515483329010008,-1.6054618507385252
1757954342896069600,54.20906958007812,0.277727392578125,10.018536846923828,-1.7202338928222656
1757954342906025500,54.219025390625,0.23687632675170897,9.601646482849121,-1.7266683097839355
1757954342915981600,54.22898168945313,0.0618003303527832,9.498546173858642,-1.815104133605957
1757954342925937400,54.2389375,-0.21577742462158203,9.643096099090576,-1.8562544746398926
1757954342935893500,54.2488935546875,-0.34536358947753903,9.817723182678222,-1.681028840637207
1757954342945849300,54.258849365234376,-0.023792378997802732,10.070610733032225,-1.6771382629394531
1757954342955805400,54.268805419921875,0.3136404174804687,10.320056618499756,-1.764676261138916
1757954342965761500,54.278761474609375,0.01945288848876953,10.289530547332763,-1.8332102836608886
1757954342975717600,54.288717529296875,-0.05955576629638672,9.893589447784423,-1.8602946899414061
1757954342985673500,54.298673583984375,1.084124439239502,8.349179739379883,-3.3922844772338867
1757954342995629600,54.308629638671874,-0.7595604766845703,10.70657054901123,-1.2523171058654785
1757954343005585400,54.31858544921875,-0.29343934097290036,10.060884288787841,-0.6714239280700683
1757954343015541500,54.32854150390625,-0.8505401397705078,8.718036432647704,-1.3826514587402343
1757954343025497300,54.33849731445312,-0.15173253021240232,8.180837435150146,-1.7931074058532714
1757954343035453400,54.34845336914063,1.4028525352478027,10.74427922515869,-2.683301510620117
1757954343045409500,54.35840942382813,-0.2823661582946777,10.423456202697754,-1.121084927368164
1757954343055365600,54.36836572265625,-2.4607903938293454,9.695020347595214,-0.939125601196289
1757954343065321500,54.37832153320313,-2.203114440155029,8.852411000823974,-1.3353659759521483
1757954343075277600,54.38827758789063,1.1058218917846678,9.298031784820557,-0.36855741806030273
1757954343085233400,54.3982333984375,3.9077860221862792,9.782558345794676,0.5719149215698242
1757954343095189500,54.408189453125,4.359242672729492,10.87880343093872,-1.9792565849304198
1757954343105145300,54.418145263671875,1.1571475898742676,9.398887529754639,-2.6096798095703124
1757954343115101700,54.428101806640626,-0.3871124809265136,8.163329835510254,-2.658611305999756
1757954343125057500,54.4380576171875,-0.59376201171875,8.643067993164061,-1.4245499877929686
1757954343135013600,54.448013671875,0.2750339157104492,8.831611373901367,-0.7013514488220215
1757954343144969500,54.45796948242187,0.5789478889465332,8.79674581222534,-0.9156324974060058
1757954343154925600,54.46792553710937,0.3525461944580078,8.709357451629637,-0.9864110839843749
1757954343164881400,54.47788134765625,0.5931634613037109,8.748263228607177,-1.1561001266479491
1757954343174838500,54.487838623046876,1.1945569908142089,8.813205948638915,-1.373822840118408
1757954343184794400,54.49779443359375,1.434575707244873,8.987384119415283,-1.4258967262268065
1757954343194750500,54.50775048828125,1.1878232986450195,9.351003496551513,-1.3955202926635741
1757954343204706300,54.517706298828124,0.6109703361511231,9.45485199356079,-1.323544605255127
1757954343214662700,54.52766259765625,0.3350385948181152,9.432855265808104,-1.3307272102355956
1757954343224618500,54.53761840820312,0.522833787536621,9.661052611541747,-1.5120879859924317
1757954343234574600,54.54757470703125,0.3829226280212402,10.306439596557617,-1.3488333602905274
1757954343244530400,54.55753051757812,-0.22729952011108398,10.568006127929687,-0.9560346504211426
1757954343254486500,54.56748657226562,-0.12210428466796874,10.043975239562988,-1.2738649208068846
1757954343264442400,54.5774423828125,0.1927332336425781,10.873266839599609,-2.240224565887451
1757954343274398500,54.5873984375,0.17133505630493162,11.296890895843505,-1.9454384864807128
1757954343284354600,54.5973544921875,0.5455787033081054,11.706449017333984,-1.6392799491882324
1757954343294310700,54.607310546875,1.5222633430480956,11.42722524871826,-1.2752116592407226
1757954343304266500,54.6172666015625,2.640654793548584,10.800542964172363,-1.0875661041259765
1757954343314222600,54.62722265625,3.525461944580078,10.544363386535643,-0.9599252281188965
1757954343324178400,54.637178466796875,3.237559194946289,10.501267756652831,-0.5093664031982421
1757954343334134500,54.647134521484375,2.0138228713989257,10.484209069824217,-0.43679216537475585
1757954343344090400,54.65709033203125,1.5562310791015623,10.625018054962158,0.20440496673583983
1757954343354046500,54.66704638671875,0.8438064476013183,10.32948378753662,0.8415618835449218
1757954343364002600,54.67700244140625,-0.47315410308837885,9.541941078948975,-0.007781155395507812
1757954343373958700,54.686958740234374,-1.2005424949645995,9.099911597442626,-1.2521674682617188
1757954343383914500,54.69691455078125,-0.9614216041564941,9.109338766479492,-1.9511247154235838
1757954343393870600,54.70687060546875,-0.4816834465026855,9.358036463928222,-2.527678402709961
1757954343403826400,54.71682641601563,-0.8265981231689452,9.602544308471678,-3.0775965965270995
1757954343413782500,54.72678247070313,-1.0105027381896972,9.649530516052245,-3.452588431549072
1757954343423738400,54.73673828125,-0.5781997009277343,9.944765508270264,-3.856609961700439
1757954343433695500,54.746695556640624,-3.2083798622131345,10.585663365173339,-3.3631051445007323
1757954343443651300,54.7566513671875,-4.451120161437988,10.605415528869628,-3.1196447631835937
1757954343453607700,54.766607666015624,-3.0557495063781737,10.349984139251708,-3.145083155822754
1757954343463563500,54.7765634765625,-2.3876176055908203,10.475679726409911,-2.9780875900268553
1757954343473519600,54.78651953125,-2.7992706535339353,10.696395191955565,-2.7142764945983884
1757954343483475500,54.79647534179688,-2.867056488037109,10.735001693725586,-2.578555187988281
1757954343493431600,54.806431640625,-2.5499744056701656,10.61708726196289,-2.5178023208618163
1757954343503387400,54.81638745117188,-2.4691700996398924,10.528950713348388,-2.582595403289795
1757954343513343500,54.82634350585938,-2.7832594299316407,9.842263749694824,-2.3751976844787595
1757954343523299300,54.83629931640625,-2.3597850112915038,9.553163899230956,-1.7931074058532714
1757954343533255700,54.84625561523438,-1.9149124153137207,9.580697218322753,-1.4685434432983397
1757954343543211500,54.85621142578125,-2.2584803535461426,9.208847772979736,-1.355417414855957
1757954343553167600,54.866167724609376,-2.3879168807983397,8.678831380462645,-1.8626888916015625
1757954343563123500,54.87612353515625,-1.7827824111938475,8.32463917236328,-3.3502363105773925
1757954343573079600,54.88607958984375,-2.947112606048584,8.568099553680419,-3.698592652130127
1757954343583035400,54.89603540039062,-3.2878374298095703,8.351424303436279,-2.9076082786560056
1757954343592991500,54.90599145507812,-1.014542953491211,8.778041111755371,-2.5158570320129394
1757954343602947600,54.91594750976562,0.41898529052734373,9.772831901550292,-2.1109376762390135
1757954343612903700,54.92590356445312,-0.7474398307800293,10.934917532348631,-0.45759179229736324
1757954343622859500,54.93585961914062,-1.0462661254882812,11.474361093902587,0.805050308227539
1757954343632816600,54.945816650390626,-0.3133411422729492,11.099219621276855,0.3537432952880859
1757954343642772500,54.9557724609375,0.4355950645446777,10.879401981353759,-0.48347909774780273
1757954343652728600,54.965728515625,0.5407902999877929,10.101436079406737,-0.8626607856750488
1757954343662684400,54.97568432617187,-0.12689268798828124,9.318083223724365,-0.515202269744873
1757954343672640500,54.985640625,1.4848539421081541,8.550891229248046,-0.4939537300109863
1757954343682596400,54.99559643554687,3.324498642730713,7.837868047332763,-1.468992356109619
1757954343692552400,55.00555249023437,0.6941688438415526,8.639626328277588,-0.6669347999572753
1757954343702508500,55.01550854492187,-0.5910685348510741,8.34349351043701,-2.216581824493408
1757954343712464600,55.02546459960938,-0.8246528343200683,8.114847251892089,-3.838354174041748
1757954343722420500,55.03542041015625,-1.2363058822631836,8.253710948181151,-3.2974142364501953
1757954343732376600,55.04537646484375,-0.5520131202697753,8.022820125579834,-3.1289222946166992
1757954343742332400,55.05533251953125,-1.6494553062438964,8.205078726959227,-1.488295606994629
1757954343752288500,55.06528857421875,-1.8685247581481932,7.844302464294433,-1.1966519172668457
1757954343762244400,55.075244384765625,-0.22610241928100586,7.106589077758788,-2.1836615516662596
1757954343772200700,55.08520068359375,-0.29239187774658204,7.06139852142334,-1.677736813354492
1757954343782156500,55.095156494140625,0.10594342346191406,7.242310384368896,-1.4332289688110351
1757954343792113700,55.10511376953125,1.033696566772461,7.940968356323242,-1.66636435546875
1757954343802069500,55.11506958007813,0.9169792358398436,8.862586357879637,-1.0708066925048827
1757954343812025600,55.12502563476563,1.8700211341857909,9.132831870269776,-0.9973346290588379
1757954343821981400,55.1349814453125,1.8975544532775879,8.780285675811767,-1.1454758567810057
1757954343831937500,55.1449375,1.4404115737915038,8.58680425415039,-1.0500070655822753
1757954343841893400,55.154893310546875,1.0428244606018067,8.654290813446044,-1.0556932945251465
1757954343851849500,55.164849365234375,1.5824176597595214,8.492382926177978,-1.4440028762817383
1757954343861805300,55.174805419921874,1.8308160820007322,8.531887253570556,-1.7640777107238768
1757954343871761700,55.18476171875,0.6465840858459472,9.32751039276123,-1.0203788200378416
1757954343881717500,55.194717529296874,1.5216647926330567,9.387365434265137,-1.0594342346191405
1757954343891673600,55.20467358398437,2.8827684364318844,9.111882605743407,-1.4606126502990722
1757954343901629400,55.21462939453125,3.0424317596435544,9.318532136535644,-1.676539712524414
1757954343911585500,55.22458544921875,2.325667637634277,9.632471829223633,-1.5445593460083007
1757954343921541400,55.23454125976563,2.6708815895080567,9.024045332336426,-1.8294693435668945
1757954343931497500,55.24449755859375,1.078288572692871,8.639327053070067,-0.8456020988464354
1757954343941454300,55.254454345703124,1.1852794593811034,8.481459381103516,-0.34551322708129883
1757954343951410400,55.264410400390624,1.600523809814453,8.52320827255249,-0.19153613281249998
1757954343961366500,55.27436645507812,1.669506745147705,9.035268152618407,0.3705027069091797
1757954343971322600,55.28432250976562,2.7774235633850095,9.651625442504882,0.7604583023071289
1757954343981278500,55.29427856445312,2.760514514160156,10.203788200378417,0.43888709182739255
1757954343991235300,55.3042353515625,3.0205846694946286,10.678588317108154,0.13946224670410157
1757954344001191200,55.314191162109374,3.443011624908447,10.864438220977783,0.03232172241210937
1757954344011147300,55.324147216796874,2.742857276916504,11.392958237457275,-0.2916436897277832
1757954344021103000,55.33410302734375,3.6351463081359863,10.59823292388916,1.092953057861328
1757954344031059200,55.34405908203125,2.52184253616333,11.235988391113281,0.36795886764526364
1757954344041015000,55.35401513671875,3.4467525650024413,10.681132156372069,-0.0004489128112792969
1757954344050971400,55.36397143554687,3.183839295196533,10.513687677764892,-0.2498947982788086
1757954344060927200,55.37392724609375,2.7232547508239744,10.939855573272704,-0.2973299186706543
1757954344070884400,55.38388427734375,2.8561329429626463,10.749965454101561,-0.25782559127807614
1757954344080840200,55.393840087890624,3.0912136184692383,10.433332284545898,-0.5131073432922363
1757954344090796300,55.40379638671875,3.037044805908203,10.425251853942871,-0.7363666481018066
1757954344100752100,55.41375219726562,3.1010897003173827,10.301351918029784,-0.9689034843444824
1757954344110708200,55.42370825195312,3.236212456512451,10.06776761856079,-1.1272200691223144
1757954344120664000,55.4336640625,3.381360932159424,9.795127904510498,-1.3575123413085937
1757954344130620200,55.4436201171875,3.451391330718994,9.78689783630371,-1.285835929107666
1757954344140576000,55.45357592773438,3.361309493255615,9.89598364944458,-1.117942537689209
1757954344150532400,55.46353247070312,3.470395306396484,9.667038115692138,-1.117942537689209
1757954344160488200,55.47348828125,3.481468489074707,8.913912055969238,-1.3039420791625975
1757954344170444300,55.4834443359375,3.471143494415283,8.27406166229248,-1.732055263519287
1757954344180401200,55.49340112304687,3.421164534759521,8.678083192443847,-2.221070952606201
1757954344190357200,55.50335717773437,3.5748423538208005,7.113771682739257,-3.580678220367431
1757954344200313000,55.51331298828125,4.796034838104248,7.949198424530029,-2.0005051246643064
1757954344210269200,55.52326928710937,3.7376480667114254,9.415646941375732,-2.224811892700195
1757954344220225000,55.53322509765625,4.4744636276245116,9.452607429504393,-1.5973814201354979
1757954344230181000,55.54318115234375,4.512621216583252,9.373149861907958,-1.5116390731811522
1757954344240137200,55.55313720703125,4.387823455047607,9.12415288925171,-2.187252854156494
1757954344250093300,55.56309326171875,4.908711953735351,9.043348583221436,-2.2144868980407715
1757954344260049200,55.573049072265626,5.018695592498779,8.652944075012206,-2.337189733123779
1757954344270005200,55.583005126953125,3.793612530517578,8.84837078552246,-2.5866356185913086
1757954344279961000,55.592961181640625,3.7865795631408687,8.399906887054442,-3.133261785125732
1757954344289918200,55.60291821289063,4.949263744354248,7.79522133026123,-2.918232548522949
1757954344299874000,55.6128740234375,3.0783447845458984,8.303689907836914,-3.6927567855834957
1757954344309830100,55.622830078125,3.375375428009033,8.706065424346923,-3.5333927375793457
1757954344319786000,55.632785888671876,3.942501946258545,8.314912728118896,-3.347842108917236
1757954344329742000,55.6427421875,3.9387610061645506,8.132354851531982,-3.3819594825744628
1757954344339698200,55.6526982421875,3.9468414367675777,8.198345034790039,-3.3476924713134766
1757954344349654300,55.662654296875,3.8884827713012693,8.340800033569336,-3.5453637458801266
1757954344359610000,55.672610107421875,3.5980361824035643,8.257152613067626,-4.040215301513672
1757954344369566200,55.682566162109374,3.2544682441711426,7.914482500457763,-4.215291297912597
1757954344379522000,55.69252197265625,3.0003835929870606,7.692719571685791,-4.1015667190551754
1757954344389478100,55.70247802734375,2.568978381347656,7.475296133422851,-3.7844846366882323
1757954344399435300,55.71243530273438,2.5212439857482907,7.302015788269043,-3.4925416717529294
1757954344409391000,55.72239111328125,2.590226921081543,7.19517453918457,-3.226037099456787
1757954344419347200,55.73234716796875,3.3343747245788573,6.7757403358459465,-3.3616087684631344
1757954344429303300,55.74230322265625,3.6733038970947263,6.890662015533447,-3.843890765380859
1757954344439259100,55.752259033203124,4.294150315093994,7.700949639892578,-3.6061166130065914
1757954344449215200,55.76221533203125,3.441664886474609,7.530961322021484,-3.6351463081359863
1757954344459171000,55.772171142578124,2.2608745552062985,7.582436657714843,-4.087500784301757
1757954344469127200,55.78212719726562,2.6891373771667477,7.644985176086426,-4.3442789123535155
1757954344479083000,55.7920830078125,3.0348002418518063,8.09569363861084,-4.25180287322998
1757954344489040100,55.8020400390625,2.7328315574645994,8.02416686401367,-3.902099793243408
1757954344498996200,55.811996337890626,2.4756045166015626,8.120084568023682,-4.0547301490783685
1757954344508952000,55.8219521484375,4.423137929534912,9.453056342315673,-4.707898289489746
1757954344518908200,55.831908203125,4.8056116447448725,9.580996493530273,-4.452915812683105
1757954344528864300,55.8418642578125,3.906588921356201,9.8702459815979,-4.854393503570557
1757954344538820400,55.8518203125,3.553294538879394,10.343699359893797,-4.604648342895508
1757954344548776200,55.86177612304687,3.0698154411315914,9.951050287628174,-4.426130681610108
1757954344558732300,55.87173217773437,3.179948717498779,9.327809667968749,-4.170998567199707
1757954344568688000,55.88168823242187,4.209455431365966,8.636633576202392,-3.8781577766418454
1757954344578644200,55.89164428710937,4.743811314392089,8.550891229248046,-3.4835634155273434
1757954344588601000,55.90160107421875,4.560954162597656,8.448239833068847,-3.539527879333496
1757954344598557200,55.91155712890625,4.330811528015136,9.273940130615234,-3.5525463508605957
1757954344608513000,55.92151293945312,4.077175789642334,9.781510882568359,-3.536385489654541
1757954344618469000,55.93146923828125,3.866934956359863,9.459191484069823,-3.5660137351989745
1757954344628425200,55.94142529296875,5.2162172294616695,8.301744618988037,-3.699191202545166
1757954344638381300,55.95138134765625,5.557241328430176,6.884826148986816,-2.558054836273193
1757954344648337200,55.96133715820312,5.319018263244629,6.569838993072509,-2.6970681701660153
1757954344658293200,55.97129321289062,5.434837768554687,7.021295643615722,-2.861519896697998
1757954344668250000,55.98125,5.342361729431152,7.247697338104247,-2.7096377288818356
1757954344678206200,55.991206298828125,5.237016856384277,7.573907314300537,-3.0256723480224608
1757954344688162000,56.001162109375,4.805910919952392,7.99304224243164,-3.2065842109680176
1757954344698118100,56.0111181640625,4.329464789581299,8.507346686553955,-3.365200070953369
1757954344708074000,56.02107397460937,4.15004930267334,8.909273290252685,-3.574543078613281
1757954344718030300,56.0310302734375,4.034229797363281,8.954014933776856,-3.6008792968749996
1757954344727986200,56.04098608398437,3.7954081817626952,8.685714710235596,-3.595641980743408
1757954344737942300,56.0509423828125,3.7850831871032713,8.334814529418944,-3.6209307357788085
1757954344747898000,56.06089819335938,4.40548069229126,7.786243074035644,-3.732710025787353
1757954344757855200,56.070855224609375,3.883694367980957,7.7121724601745605,-3.2227450721740722
1757954344767811000,56.08081103515625,4.674529103851318,6.918644247436523,-2.9141923332214352
1757954344777767200,56.09076708984375,4.463540082550049,7.075165180969238,-2.6786627449035643
1757954344787723000,56.10072290039062,4.376151721954345,7.199065116882323,-2.932298483276367
1757954344797679000,56.11067919921875,4.517259982299804,7.149684707641601,-3.174412126159668
1757954344807635000,56.12063500976563,4.180276098632812,6.946626479339599,-3.040336833190918
1757954344817591300,56.13059130859375,4.709993215942383,6.799981627655029,-2.9212253005981443
1757954344827547100,56.14054711914063,4.842572132873535,6.692841103363037,-3.3865982482910155
1757954344837503200,56.15050317382813,4.1003696182250975,7.170035421752929,-3.421164534759521
1757954344847460400,56.16046044921875,4.108300411224365,7.9035589553833,-3.37717107925415
1757954344857416200,56.170416259765624,4.042609503173828,8.531438340759276,-3.604470599365234
1757954344867372300,56.18037231445312,3.4693478431701656,8.517970956420898,-3.971830916595459
1757954344877328100,56.190328125,3.2625486747741697,8.229918569183349,-3.88803385848999
1757954344887284200,56.2002841796875,3.2932243835449215,8.144176222229003,-3.5893572013854977
1757954344897240000,56.21023999023438,3.743184658050537,8.13295340194702,-3.5507506996154783
1757954344907196200,56.22019604492188,4.040664214324951,8.384494213867187,-3.5130420234680173
1757954344917153000,56.230153076171874,4.442141905212402,8.151358827209473,-3.6427778259277344
1757954344927109000,56.24010913085937,4.94118331375122,7.979425220489501,-3.667617668151855
1757954344937065200,56.25006518554687,4.556465034484863,7.931391549682616,-3.7502176254272457
1757954344947021300,56.26002124023437,4.2034699272155756,7.895628162384033,-3.7491701622009277
1757954344956977200,56.26997705078125,4.379294111633301,8.246229067993164,-3.958962082672119
1757954344966933200,56.27993334960937,4.330063339996338,8.540566234588622,-3.8744168365478515
1757954344976889000,56.28988916015625,4.407725256347656,8.431630059051512,-3.61988327255249
1757954344986845200,56.29984521484375,4.32841732635498,8.600570913696288,-3.6267666023254392
1757954344996802300,56.30980224609375,5.435286681365967,9.11098478012085,-3.8310219314575193
1757954345006758400,56.31975830078125,5.429600452423095,9.19986951675415,-3.886986395263672
1757954345016714200,56.32971435546875,5.697152487945556,8.78507407913208,-3.7811926094055175
1757954345026670300,56.33967041015625,5.784989761352539,8.15958889541626,-3.5839702476501465
1757954345036626400,56.34962646484375,5.377975479125976,7.7210010787963865,-3.47323842086792
1757954345046582500,56.35958251953125,4.81982721710205,7.870638682556152,-3.5681086616516113
1757954345056538400,56.36953833007812,4.241328240966797,8.281693180084227,-3.4382232215881348
1757954345066494500,56.37949438476563,4.119074318695068,8.876801930236816,-4.037372187042236
1757954345076451300,56.389451416015625,3.9164650032043453,9.693523971557617,-4.676474392700195
1757954345086407400,56.399407470703125,3.488202181243896,11.007791045379639,-5.196016152954101
1757954345096363300,56.40936328125,3.127126643371582,13.684358863830566,-5.827935753631592
1757954345106319400,56.4193193359375,3.1286230194091793,15.689353116607665,-6.4834980957031245
1757954345116275200,56.42927514648437,2.1152771667480468,13.363835116577148,-5.344307018280029
1757954345126231600,56.4392314453125,1.1055226165771483,11.26831011352539,-4.180575373840332
1757954345136187400,56.4491875,1.5361796401977539,12.574197481536865,-3.6737528099060057
1757954345146144500,56.45914453125,1.8930653251647949,11.534365773010252,-4.90317536239624
1757954345156100400,56.469100341796874,1.6856676063537597,9.49315922012329,-4.4470799461364745
1757954345166056400,56.479056396484374,2.8315923759460446,8.053795109558106,-4.178480447387695
1757954345176012300,56.48901220703125,5.077952083587646,7.015310139465331,-4.257938014984131
1757954345185968400,56.498968505859374,6.201131937408447,6.77379504699707,-3.5175311515808105
1757954345195924200,56.50892431640625,5.400570757293701,4.938190561676025,-3.175609226989746
1757954345205880300,56.51888037109375,4.800523966217041,2.948908257293701,-2.840271356964111
1757954345215837400,56.52883740234375,6.129904438018799,-0.03681085052490234,-2.0247464164733886
1757954345225793300,56.538793212890624,7.671770307159424,-0.45235447616577146,-1.8318635452270506
1757954345235749400,56.548749267578124,9.388263259887696,1.3594576301574706,-1.291671795654297
1757954345245705500,56.55870556640625,8.348581188964843,4.765209491729736,-3.4659061782836913
1757954345255661600,56.56866162109375,5.441122547912597,6.905326500701904,-4.115483016204834
1757954345265617400,56.57861743164062,4.639364266967773,7.7504796867370604,-4.144213436126709
1757954345275573500,56.58857348632812,4.139574670410156,7.851784344482422,-3.7663784866333008
1757954345285530400,56.5985302734375,3.7538089279174804,7.497292861175537,-3.907337109375
1757954345295486500,56.608486572265626,4.450970523834228,6.976105087280273,-3.6727053466796873
1757954345305442300,56.6184423828125,5.058499195098877,7.257423782348632,-3.7850831871032713
1757954345315398400,56.6283984375,4.633079487609863,8.058882788085937,-4.708646477508545
1757954345325354200,56.63835424804687,3.7924154296875,8.557475283813476,-5.26739328994751
1757954345335310300,56.64831030273437,3.8501755447387693,9.348609294891357,-5.431845016479492
1757954345345266400,56.65826635742187,4.045153342437744,9.750535898590087,-5.147234294128418
1757954345355223300,56.668223388671876,3.7401919059753417,9.36626653213501,-4.380042299652099
1757954345365179400,56.678179443359376,4.493916516113281,8.702324484252928,-3.644872752380371
1757954345375135500,56.688135498046876,5.2447980117797846,8.295459839630126,-3.206135298156738
1757954345385091300,56.69809130859375,5.403413871765136,8.80392841720581,-3.604620236968994
1757954345395047400,56.70804736328125,5.527164170074463,9.293542656707762,-3.8949171882629394
1757954345405003300,56.71800317382812,4.969764096069335,9.58339069519043,-4.0830116561889644
1757954345414959400,56.72795947265625,4.467281022644043,8.980650427246093,-3.8130654190063473
1757954345424916200,56.737916259765626,4.740968199920654,8.254010223388672,-3.402010921478271
1757954345434872300,56.747872314453126,5.871779571533203,8.522609722137451,-3.0015806938171385
1757954345444828200,56.757828125,7.615506568145752,8.856002303314208,-2.6767174560546874
1757954345454784500,56.767784423828125,7.396137841033935,7.76978293762207,-2.6862942626953124
1757954345464740400,56.777740234375,7.358878077697754,7.651718868255615,-2.186504666137695
1757954345474696400,56.787696533203125,5.070320565795898,7.6484268409729,-3.094505645751953
1757954345484652300,56.79765234375,4.420893365478515,8.068309957122802,-3.207482036590576
1757954345494609400,56.807609375,6.853402252197265,7.6856866043090815,-3.4680011047363277
1757954345504565500,56.8175654296875,8.764274452209472,6.732345430755615,-3.1100679565429687
1757954345514521300,56.827521240234375,8.427589843749999,5.514295336151123,-2.7322330070495604
1757954345524477400,56.8374775390625,7.339275551605224,4.644601583099365,-2.6056395942687987
1757954345534433300,56.847433349609375,6.554875232696533,4.319139794921875,-2.7666496559143066
1757954345544389400,56.857389404296875,6.200084474182129,4.179228635406494,-3.0928596321105957
1757954345554346200,56.86734619140625,6.0707975845336914,3.821894037628174,-3.3111808959960936
1757954345564302300,56.87730224609375,5.689371332550048,3.104082452392578,-3.1794998046874996
1757954345574258400,56.88725854492188,5.3499932472229,2.906111902618408,-3.240252671813965
1757954345584214500,56.89721459960938,5.543025756072998,3.320458427429199,-3.860051626586914
1757954345594170400,56.90717041015625,5.539733728790283,3.3156700241088863,-4.043656966400146
1757954345604126500,56.91712646484375,5.325303042602539,2.927210804748535,-3.7994483970642086
1757954345614082300,56.927082275390624,5.361964255523682,2.610577635192871,-3.591152852630615
1757954345624039400,56.93703930664063,6.2027779510498045,2.7404630752563475,-3.636941959381103
1757954345633995300,56.94699536132813,7.385214295959472,2.9480104316711424,-4.009988505554199
1757954345643951400,56.95695141601563,8.003965787506104,2.7214590995788575,-3.905840733337402
1757954345653907200,56.9669072265625,7.8739307098388664,2.3122002532958983,-3.643077101135254
1757954345663863300,56.97686328125,7.4871175041198725,2.0259435173034666,-3.407248237609863
1757954345673819400,56.9868193359375,6.772747583770752,2.107346373748779,-3.2173581184387205
1757954345683776300,56.9967763671875,6.250512346649169,2.3460183517456055,-3.3825580329895018
1757954345693732400,57.006732421875,6.163572898864746,2.7500398818969725,-3.3318308853149414
1757954345703688400,57.0166884765625,6.4086792938232415,3.321056977844238,-3.3729812263488768
1757954345713644300,57.02664428710938,6.903979762268066,4.0222587890625,-3.511994560241699
1757954345723600400,57.03660034179688,7.532308060455322,4.285321696472168,-3.6745009979248047
1757954345733556200,57.04655615234375,7.6196964210510245,4.07298593673706,-3.2685341789245603
1757954345743513300,57.05651342773437,7.39987878112793,3.636941959381103,-2.658611305999756
1757954345753469400,57.06646948242187,7.576151878356933,3.3720834007263183,-2.187252854156494
1757954345763425300,57.07642529296875,8.022071937561035,3.3414076919555664,-1.8556559242248534
1757954345773381400,57.08638134765625,8.40843623046875,3.6349966705322263,-1.609502066040039
1757954345783337500,57.09633740234375,8.61239228439331,4.448725959777832,-2.0382138008117674
1757954345793293600,57.10629345703125,8.793453784942626,4.961534027862548,-2.2227169662475585
1757954345803250400,57.11625048828125,8.42100578918457,5.320365001678466,-2.3012767082214354
1757954345813206500,57.12620654296875,7.300369774627685,5.429151539611816,-2.5383026725769042
1757954345823162400,57.13616235351562,6.414365522766113,5.178358915710449,-2.331054591369629
1757954345833118500,57.14611840820312,6.087108083343505,4.904372463226318,-2.11333187789917
1757954345843074300,57.15607421875,6.392219157409667,4.659266068267822,-1.9482816009521484
1757954345853030400,57.16603051757812,7.161057165527343,4.382137226104736,-1.6232687255859375
1757954345862987300,57.1759873046875,7.766790185546874,4.100070343017578,-1.2054805358886718
1757954345872943400,57.185943359375,8.105868995666503,4.491522314453125,-1.1156979736328125
1757954345882899200,57.19589916992187,8.34424169845581,5.157260013580322,-2.05587103805542
1757954345892855300,57.20585522460937,8.249221820068358,5.138854588317871,-2.334047343444824
1757954345902811400,57.21581127929687,7.922263655853271,4.94776736831665,-1.271171443939209
1757954345912767500,57.225767578125,12.401665324401854,7.194276713562012,3.8290766426086424
1757954345922724600,57.235724609375,12.680739455413818,5.618742383575439,2.647089210510254
1757954345932680400,57.245680419921875,11.954847439575195,4.391714032745361,-1.34703770904541
1757954345942636500,57.255636474609375,11.252149252319334,4.750545006561279,0.06494272003173827
1757954345952592400,57.26559228515625,10.191368279266356,3.977966058349609,-0.5825391914367676
1757954345962548500,57.275548583984374,9.293841931915283,3.9731776550292968,-0.19722236175537108
1757954345972504300,57.28550439453125,9.276184694671631,3.9254432594299313,-0.4966472068786621
1757954345982461400,57.29546142578125,8.874707003784179,4.3622354248046875,-0.8209118942260741
1757954345992416500,57.30541650390625,8.35770908279419,4.377648097991943,-1.0592845970153808
1757954346002372600,57.31537255859375,7.812130379486083,4.25838692779541,-1.1547533882141112
1757954346012328400,57.32532836914063,7.886649906158447,4.444685744476318,-1.4438532386779783
1757954346022284500,57.33528442382813,8.95147109451294,4.402936853027343,-1.5007155281066893
1757954346032241700,57.34524169921875,9.922020592498779,4.0824131057739255,-1.6301520553588866
1757954346042197500,57.355197509765624,10.555436569213867,4.517259982299804,-1.0723030685424804
1757954346052153600,57.365153564453124,10.15769981842041,4.430919084930419,-1.0646715507507323
1757954346062109400,57.375109375,9.888352131652832,4.170998567199707,-0.630123949432373
1757954346072065500,57.3850654296875,9.423577734375,3.0846295639038086,-0.36376901473999024
1757954346082021400,57.395021484375,8.31910258102417,2.291400626373291,0.4607341819763183
1757954346091978500,57.404978515625,8.421454701995849,3.319261326599121,-0.10190320816040038
1757954346101934300,57.414934326171874,9.724050042724608,5.096806421661377,-0.715716658782959
1757954346111890400,57.424890380859374,10.300454092407225,6.009446166992187,-0.4887164138793945
1757954346121846500,57.43484643554687,9.64683703918457,5.590760151672363,-1.0161889671325683
1757954346131802600,57.444802734375,9.558251577758789,4.750245731353759,-1.0527005424499511
1757954346141759500,57.45475952148438,9.615712417602538,4.1463083625793455,-0.8511386901855468
1757954346151715600,57.464715576171876,9.670629418182372,3.876511763000488,-1.0874164665222168
1757954346161671400,57.47467138671875,9.746944596099853,3.7371991539001463,-1.3545195892333983
1757954346171627500,57.48462744140625,9.303119463348388,3.5220202796936033,-1.101183126068115
1757954346181583400,57.494583251953124,9.399785355377198,2.9774890396118163,-0.8877999031066894
1757954346191539500,57.50453955078125,9.902866979217528,2.452410688018799,-0.5600935508728027
1757954346201496600,57.51449658203125,10.062380664825438,2.187851404571533,-0.4091092086791992
1757954346211452400,57.52445239257813,9.82565397567749,2.152237654876709,-0.7199065116882324
1757954346221408500,57.534408447265626,10.115502014160155,2.2691046234130856,-0.7356184600830078
1757954346231364600,57.544364501953126,9.536105212402344,2.507327688598633,-0.9914987625122069
1757954346241320700,57.55432080078125,9.1163717338562,2.837877155303955,-0.922515827178955
1757954346251277600,57.56427758789062,8.946084140777588,2.8905495918273925,-0.7615057655334472
1757954346261233700,57.57423364257812,8.621071265411377,2.9165865348815916,-0.46148236999511716
1757954346271189500,57.584189453125,8.77220524520874,3.074005294036865,-0.22086510314941404
1757954346281145600,57.5941455078125,9.196876764678954,2.768295669555664,-0.20560206756591795
1757954346291101400,57.604101318359376,9.651326167297363,2.5671827301025387,0.10175357055664062
1757954346301058600,57.61405859375,10.136600916290282,2.2369325386047363,0.430956298828125
1757954346311014400,57.62401440429687,10.602273139190673,1.6871639823913573,0.6395511184692383
1757954346320970500,57.63397045898437,11.010484522247314,1.4565724349975586,0.9186252494812012
1757954346330926300,57.64392626953125,11.289708290863036,1.4446014266967773,1.0459668502807618
1757954346340882400,57.65388232421875,11.143213076782226,1.2536638442993164,0.7815572044372558
1757954346350839600,57.663839599609375,10.830171209716797,1.490091258239746,0.826149210357666
1757954346360795400,57.67379541015625,10.85935054244995,1.8089689918518066,1.5551836158752441
1757954346370751700,57.683751708984374,10.433332284545898,1.6590321128845213,1.6023194610595701
1757954346380707600,57.69370751953125,9.560645779418945,1.6668132682800292,1.0166378799438476
1757954346390663400,57.70366333007812,9.11667100906372,1.8083704414367674,1.0407295341491698
1757954346400619500,57.71361962890625,9.036914166259765,1.8683751205444334,1.4214075981140135
1757954346410576600,57.72357666015625,8.693346228027343,1.786972264099121,1.507449220275879
1757954346420532500,57.733532470703125,8.445097443389892,1.7977461715698242,1.5035586425781249
1757954346430488600,57.743488525390624,8.31296743927002,1.96638775100708,1.1647791076660157
1757954346440444400,57.7534443359375,8.23515588531494,2.3362919075012205,0.5113116920471191
1757954346450400500,57.763400390625,8.417264849090575,2.6452935592651365,0.012120645904541014
1757954346460357400,57.773357421875,9.14270795211792,2.690933028411865,-0.6220435188293457
1757954346470313500,57.7833134765625,10.248529843902586,2.985270195007324,-1.1921627891540527
1757954346480269300,57.793269287109375,10.525658686065674,3.529801435089111,-1.2328642173767088
1757954346490225700,57.8032255859375,10.153210690307617,3.4023101966857907,-1.2834417274475096
1757954346500181500,57.813181396484374,9.943418769836425,3.1739632133483884,-0.9901520240783691
1757954346510138600,57.823138671875,9.831040929412842,2.9637223800659176,-0.5301660301208496
1757954346520094500,57.83309448242188,9.717765263366699,2.752882996368408,-0.32576106338500976
1757954346530050600,57.84305053710938,9.647585227203368,2.681954772186279,-0.14036007232666015
1757954346540006400,57.85300634765625,9.64668740158081,2.688389189147949,0.04773439559936523
1757954346549962500,57.86296240234375,9.472658868408203,2.711283742523193,0.17836802368164062
1757954346559919600,57.87291967773437,9.14929200668335,2.7974750022888184,0.3277063522338867
1757954346569875500,57.88287548828125,8.841487455749512,2.8694506896972656,0.3437175758361816
1757954346579831600,57.89283154296875,8.593986859130858,2.9735984619140625,0.31064766540527344
1757954346589787400,57.90278735351563,8.38269856262207,3.0687679779052734,0.19258359603881836
1757954346599744500,57.91274462890625,8.349179739379883,3.160795104217529,0.03890577697753906
1757954346609700400,57.92270043945312,8.37656342086792,3.1905729873657225,-0.10848726272583008
1757954346619656400,57.93265649414062,8.565106801605225,3.1892262489318846,-0.2645592834472656
1757954346629612500,57.94261254882812,8.96972688217163,3.183240744781494,-0.32022447204589843
1757954346639568600,57.95256860351562,9.248352100372314,3.1024364387512207,-0.3458125022888183
1757954346649525500,57.962525390625,9.36641616973877,2.9294553688049314,-0.3942950859069824
1757954346659481600,57.972481689453126,9.541043253326416,2.8630162727355954,-0.35449148330688474
1757954346669437400,57.9824375,9.561393967437743,2.839672806549072,-0.29882629470825195
1757954346679393500,57.9923935546875,9.494805233764648,2.8477532371520993,-0.25139117431640623
1757954346689349400,58.00234936523437,9.488670092010498,2.8368296920776364,-0.21338322296142576
1757954346699306500,58.01230639648438,9.555408463287353,2.855085479736328,-0.2742857276916504
1757954346709262600,58.0222626953125,9.711929396820068,2.9049148017883297,-0.31753099517822264
1757954346719218400,58.032218505859376,9.797372468566895,2.953846298217773,-0.258573779296875
1757954346729174500,58.042174560546876,9.77507646560669,3.0295629257202146,-0.18166005096435545
1757954346739130600,58.052130615234375,9.607332711791992,3.0813375366210938,-0.1144727668762207
1757954346749087500,58.06208740234375,9.361927041625975,3.0820857246398923,-0.148739778137207
1757954346759043300,58.07204321289063,9.188347421264648,3.09001651763916,-0.15652093353271485
1757954346768999700,58.08199975585938,9.045293872070312,3.0783447845458984,-0.15472528228759766
1757954346778955500,58.09195556640625,8.86168853225708,3.005770546722412,-0.09053075027465819
1757954346788911600,58.10191162109375,8.704120135498046,3.033154228210449,-0.26261399459838863
1757954346798868500,58.11186840820312,8.820837466430664,3.1193454879760742,-0.3386298973083496
1757954346808824600,58.12182446289062,8.988581220245361,3.1809961807250975,-0.34715924072265625
1757954346818780400,58.13178051757812,8.964339928436278,3.2344168052673337,-0.4465186096191406
1757954346828736500,58.14173657226563,8.9386022605896,3.2474352767944334,-0.5497685562133788
1757954346838693600,58.151693603515625,9.068487700653076,3.321655528259277,-0.6533177780151367
1757954346848649500,58.1616494140625,9.287407514953612,3.515735500335693,-0.7917325614929199
1757954346858605300,58.17160522460937,9.406070134735106,3.5235166557312008,-0.7369651985168456
1757954346868561400,58.1815615234375,9.37255131149292,3.1789012542724606,-0.33054946670532226
1757954346878517500,58.191517578125,9.258826732635498,2.918831098937988,-0.28057050704956055
1757954346888474400,58.201474365234375,9.246855724334717,3.1636382186889644,-0.6832452987670898
1757954346898430500,58.211430419921875,9.803806885528564,3.4892496444702146,-1.201589958190918
1757954346908386600,58.221386474609375,9.935637614440918,3.5351883888244626,-0.6622960342407226
1757954346918342700,58.2313427734375,9.414749115753173,3.197755592346191,-0.3550900337219238
1757954346928299500,58.24129956054688,8.855852665710449,3.0448259613037107,-0.21248539733886718
1757954346938255600,58.25125561523438,8.749609967041016,3.1925182762145994,-0.17761983566284179
1757954346948211500,58.26121142578125,8.981248977661132,3.22394217300415,-0.33952772293090816
1757954346958167600,58.27116748046875,9.190891260528565,3.2230443473815917,-0.33414076919555663
1757954346968123400,58.281123291015625,9.286509689331055,3.224690361022949,-0.3006219459533691
1757954346978080500,58.29108056640625,9.233986890411376,3.137451638031006,-0.30346506042480464
1757954346988036400,58.30103637695313,9.132233319854736,3.1105168693542478,-0.31064766540527344
1757954346997993000,58.31099291992187,9.077615594482422,3.164087131500244,-0.266205297088623
1757954347007948800,58.32094873046875,9.140762663269042,3.178751616668701,-0.20231004028320312
1757954347017906000,58.330906005859376,9.209446323394776,3.1172505615234374,-0.13302782974243163
1757954347027861800,58.34086181640625,9.206752846527099,3.094505645751953,-0.05581482620239257
1757954347037817900,58.35081787109375,9.177274238586426,3.0933085449218747,-0.029478607940673827
1757954347047774000,58.36077392578125,9.10380217514038,3.094954558563232,-0.04608838195800781
1757954347057730800,58.37073071289063,9.062053283691405,3.0912136184692383,-0.09202712631225586
1757954347067687000,58.38068701171875,9.117868109893799,3.107374479675293,-0.12629413757324218
1757954347077643000,58.39064306640625,9.13537570953369,3.1274259185791013,-0.10324994659423828
1757954347087598800,58.400598876953126,9.068786975860595,3.160795104217529,-0.0987608184814453
1757954347097555000,58.410554931640625,9.056666329956053,3.2007483444213864,-0.10893617553710937
1757954347107512000,58.42051196289062,9.030180474090576,3.252822230529785,-0.18031331253051758
1757954347117468000,58.43046801757812,8.983493541717529,3.301903364562988,-0.26066870574951173
1757954347127423700,58.440423828125,9.026888446807861,3.338115664672851,-0.3091512893676758
1757954347137379800,58.4503798828125,9.107992028045654,3.339462403106689,-0.34057518615722654
1757954347147337000,58.4603369140625,9.192237998962401,3.296217135620117,-0.3345896820068359
1757954347157292800,58.47029272460937,9.317634310913085,3.304447203826904,-0.2888005752563476
1757954347167249000,58.48024877929687,9.368960009002684,3.3349732749938963,-0.2632125450134277
1757954347177204700,58.49020483398437,9.30207200012207,3.3693899238586424,-0.24181436767578124
1757954347187161900,58.500161865234375,9.181164816284179,3.3705870246887204,-0.2507926239013672
1757954347197117700,58.51011767578125,9.094375006103515,3.309684519958496,-0.25258827514648435
1757954347207074000,58.520073974609375,9.190891260528565,3.2787095359802243,-0.10175357055664062
1757954347217030000,58.53002978515625,9.270498465728759,3.372233038330078,0.037110125732421874
1757954347226987000,58.53998706054688,9.159018450927734,3.2064345733642576,-0.14604630126953125
1757954347236942800,58.54994287109375,9.086144937896728,3.143736417388916,-0.10953472595214843
1757954347246899000,58.55989892578125,9.107992028045654,3.172317199707031,0.008978256225585938
1757954347256854800,58.569854736328125,9.119813398742675,3.0973487602233885,0.08813654861450194
1757954347266811000,58.579810791015625,9.126397453308105,2.982726355743408,0.21906945190429686
1757954347276768000,58.58976806640625,9.160814102172852,2.9103017555236814,0.3956418243408203
1757954347286723800,58.59972387695313,9.20615429611206,2.861370259094238,0.5823895538330078
1757954347296680000,58.60967993164063,9.207201759338378,2.755875748443603,0.7402572257995605
1757954347306635800,58.6196357421875,9.226505010223388,2.6306290740966793,0.8617629600524902
1757954347316593000,58.629593017578124,9.32706147994995,2.513313192749023,0.9597755905151366
1757954347326548700,58.639548828125,9.468618653106688,2.410811434173584,1.0136451278686522
1757954347336504800,58.6495048828125,9.605088147735595,2.323273435974121,1.0917559570312498
1757954347346461700,58.659461669921875,9.688585930633545,2.4167969383239747,0.9416694404602051
1757954347356417800,58.669417724609374,9.76894132385254,2.901173861694336,0.04129997863769531
1757954347366374000,58.679373779296874,10.650157172393799,3.4497453170776367,-0.6257844589233398
1757954347376330000,58.689330078125,10.701033957672118,3.411587728118896,-0.23298574905395505
1757954347386286800,58.69928686523438,10.152911415100098,2.8706477905273435,-0.03696048812866211
1757954347396243000,58.70924291992188,10.34280153427124,2.971802810668945,0.22789807052612304
1757954347406199000,58.71919897460938,10.105775569915771,2.8493992507934567,0.25258827514648435
1757954347416155000,58.72915478515625,9.75412720108032,3.1988030555725095,0.3360860580444336
1757954347426112000,58.73911206054687,9.284115487670897,3.5435680946350097,0.5406406623840332
1757954347436067800,58.74906787109375,8.763675901794434,3.35173268661499,0.6887818901062012
1757954347446024000,58.75902392578125,8.174702293395995,3.2261867370605466,0.9906009368896483
1757954347455979800,58.76897973632813,7.662792050933837,3.2522236801147457,1.0690110412597655
1757954347465937000,58.77893701171875,7.332541859436034,3.5730467025756836,0.6856395004272461
1757954347475892700,58.78889282226562,7.439083833312988,3.769071963500976,0.44322658233642576
1757954347485848800,58.79884887695312,7.87198542098999,3.4090438888549803,0.6190507667541504
1757954347495804700,58.8088046875,8.358307633209227,3.275866421508789,0.7908347358703612
1757954347505761800,58.81876171875,8.783128790283202,3.2462381759643555,0.5714660087585449
1757954347515718000,58.8287177734375,9.22635537261963,2.945616230010986,0.22176292877197265
1757954347525674000,58.838674072265626,9.777321029663085,2.673575066375732,0.12389993591308593
1757954347535630000,58.848630126953125,10.363900436401366,2.5350106452941894,0.266205297088623
1757954347545587000,58.8585869140625,10.687267298126221,2.4802432823181153,0.37140053253173827
1757954347555543000,58.86854296875,10.702829608917236,2.4200889656066895,0.2567781280517578
1757954347565499000,58.878498779296876,10.637288338470459,2.4347534507751463,0.14170681076049804
1757954347575455000,58.888455078125,10.449942058563233,2.421435704040527,0.18824410552978516
1757954347585411800,58.89841186523437,10.211718993377685,2.4465748214721676,0.34835634155273437
1757954347595368000,58.90836791992187,9.999532871246338,2.4691700996398924,0.4652233100891113
1757954347605323800,58.91832373046875,9.808296013641357,2.5192986968994138,0.4736030158996582
1757954347615281000,58.928281005859375,9.598354455566406,2.639308055114746,0.39594109954833984
1757954347625237000,58.938237060546875,9.426420848846435,2.7822119667053222,0.31797990798950193
1757954347635192800,58.94819287109375,9.265560424804686,2.9343934097290036,0.2771288421630859
1757954347645149000,58.95814892578125,9.12415288925171,3.0747534820556637,0.25692776565551756
1757954347655105800,58.968105712890626,8.959252249908447,3.1413422157287596,0.2284966209411621
1757954347665062000,58.978061767578126,8.862436720275879,3.22409181060791,0.1623568000793457
1757954347675017700,58.988017822265626,8.862735995483398,3.306542130279541,0.1031003089904785
1757954347684974000,58.99797412109375,8.924685963439941,3.324498642730713,0.023792378997802732
1757954347694930700,59.0079306640625,8.994716361999512,3.346495370483398,-0.06075286712646484
1757954347704887000,59.01788696289063,9.099013771820069,3.378517817687988,-0.15861585998535155
1757954347714843000,59.0278427734375,9.157522074890137,3.376572528839111,-0.23388357467651366
1757954347724799700,59.0377998046875,9.242516233825683,3.393631215667724,-0.33264439315795896
1757954347734756000,59.047756103515624,9.310900618743895,3.42849677734375,-0.39968203964233395
1757954347744712000,59.0577119140625,9.339631038665772,3.487753268432617,-0.4387374542236328
1757954347754668000,59.06766796875,9.328557855987547,3.5039141296386718,-0.46193128280639645
1757954347764625000,59.077625,9.311050256347656,3.463661614227295,-0.44801498565673825
1757954347774581000,59.0875810546875,9.271246653747559,3.459621398925781,-0.33907881011962887
1757954347784536800,59.097536865234375,9.195380388641357,3.515735500335693,-0.32561142578124996
1757954347794494000,59.10749389648438,9.066542411804198,3.575740179443359,-0.35628713455200195
1757954347804449800,59.11744970703125,9.047987348937987,3.640383624267578,-0.4333505004882812
1757954347814406000,59.12740600585938,9.036315615844726,3.6899136711120604,-0.5087678527832031
1757954347824361700,59.13736181640625,8.960449350738525,3.697245913696289,-0.33848025970458984
1757954347834318800,59.14731884765625,8.815151237487793,3.6935049736022947,-0.25213936233520506
1757954347844275000,59.15727490234375,8.671199862670898,3.6988919273376464,-0.2305915473937988
1757954347854230800,59.16723071289063,8.601319101715088,3.680785777282715,-0.21742343826293944
1757954347864188000,59.17718798828125,8.604611128997803,3.6329017440795894,-0.20949264526367187
1757954347874143700,59.187143798828124,8.655487914276122,3.559429680633545,-0.16654665298461913
1757954347884099800,59.197099853515624,8.683619783782959,3.540874617767334,-0.1096843635559082
1757954347894056000,59.207055908203124,8.716839331817626,3.5091514457702635,-0.09591770401000976
1757954347904012800,59.2170126953125,8.849418248748778,3.4754829849243163,-0.1140238540649414
1757954347913969000,59.22696899414063,8.939799361419677,3.5091514457702635,-0.143652099609375
1757954347923925000,59.23692504882813,9.028684098052977,3.559280043029785,-0.18704700469970703
1757954347933882000,59.24688208007812,9.085696025085449,3.574692716217041,-0.19916765060424804
1757954347943838000,59.256837890625,9.092429717254639,3.541473168182373,-0.21128829650878905
1757954347953793800,59.26679370117188,9.12370397644043,3.4853590667724608,-0.14679448928833008
1757954347963750000,59.27675,9.179518802642821,3.4466029273986813,-0.06344634399414062
1757954347973707000,59.28670703125,9.226654647827148,3.3646015205383297,-0.017357962036132813
1757954347983662800,59.29666284179687,9.293692294311523,3.3400609535217285,0.010025719451904296
1757954347993619000,59.30661889648437,9.30760859146118,3.360710942840576,0.0022445640563964844
1757954348003576000,59.316576171875,9.320028512573241,3.362057681274414,-0.03441664886474609
1757954348013532200,59.3265322265625,9.329605319213867,3.3553239891052242,-0.014963760375976562
1757954348023488000,59.336488037109376,9.323320539855956,3.3611598556518554,0.019901801300048826
1757954348033443800,59.34644384765625,9.337536112213135,3.3660978965759276,0.05327098693847656
1757954348043401000,59.35640087890625,9.374496600341796,3.3707366622924804,0.06045359191894531
1757954348053357000,59.36635717773437,9.37240167388916,3.3399113159179685,0.07062894897460938
1757954348063313000,59.37631298828125,9.370755660247802,3.346495370483398,0.0857423469543457
1757954348073270000,59.38627001953125,9.358485376739502,3.3506852233886715,0.08110358123779296
1757954348083225900,59.39622583007812,9.345766180419922,3.393631215667724,0.043245267486572266
1757954348093182200,59.40618212890625,9.290849179840087,3.433434818267822,-0.008080430603027343
1757954348103139000,59.41613916015625,9.160365189361572,3.518279339599609,-0.0857423469543457
1757954348113095200,59.42609521484375,9.039607643127441,3.565714459991455,-0.06254851837158203
1757954348123051000,59.436051025390626,8.937405159759521,3.580977495574951,-0.0565630142211914
1757954348133007000,59.446007080078125,8.885630548858643,3.6041713241577145,-0.05357026214599609
1757954348142964200,59.45596411132812,8.837746515655517,3.6264673271179197,-0.06150105514526367
1757954348152920000,59.46592016601563,8.780136038208008,3.630208267211914,-0.07062894897460938
1757954348162876200,59.47587622070313,8.761431337738037,3.619135084533691,-0.07422025146484375
1757954348172833000,59.4858330078125,8.80377877960205,3.606565525817871,-0.13287819213867186
1757954348182789000,59.4957890625,8.815749787902831,3.649810793304443,-0.13602058181762694
1757954348192745000,59.50574487304687,8.83565158920288,3.6329017440795894,-0.127042325592041
1757954348202701000,59.515701171875,8.899097933197021,3.620332185363769,-0.1222539222717285
1757954348212658000,59.525657958984375,8.984391367340088,3.5932477790832515,-0.1566705711364746
1757954348222614000,59.535614013671875,9.036165978240966,3.589806114196777,-0.23852234039306638
1757954348232569900,59.54556982421875,9.024194969940185,3.557334754180908,-0.26485855865478514
1757954348242527000,59.55552685546875,9.012822512054443,3.5281554214477535,-0.24765023422241209
1757954348252483000,59.56548315429688,9.02105258026123,3.534290563201904,-0.21607669982910155
1757954348262439000,59.57543896484375,9.067440237426757,3.555389465332031,-0.21158757171630857
1757954348272395000,59.58539501953125,9.088838414764403,3.5296517974853514,-0.25363573837280273
1757954348282351900,59.59535180664062,9.163657216644287,3.531297811126709,-0.2680009483337402
1757954348292308000,59.60530786132812,9.208698135375975,3.5410242553710933,-0.28266543350219725
1757954348302264000,59.61526416015625,9.21273835067749,3.5537434516906736,-0.2889502128601074
1757954348312221000,59.625220947265625,9.222015882110595,3.565564822387695,-0.3298012786865234
1757954348322177000,59.635177001953124,9.22590645980835,3.5200749908447264,-0.3452139518737793
1757954348332133000,59.645133056640624,9.204059369659424,3.5160347755432126,-0.3437175758361816
1757954348342090200,59.65509033203125,9.197774590301513,3.486855442810058,-0.3269581642150879
1757954348352046000,59.66504614257813,9.209446323394776,3.469796755981445,-0.3232172241210937
1757954348362002200,59.67500219726563,9.207949947357177,3.45393516998291,-0.35015199279785153
1757954348371958000,59.6849580078125,9.20031842956543,3.4483985786437987,-0.3730465461730957
1757954348381915100,59.6949150390625,9.222464794921875,3.430890979003906,-0.3480570663452148
1757954348391871000,59.70487109375,9.236381092071532,3.3879449867248534,-0.36541502838134765
1757954348401827000,59.7148271484375,9.254187966918945,3.4106899024963377,-0.3847182792663574
1757954348411784000,59.724783935546874,9.235782541656494,3.4446576385498044,-0.38830958175659175
1757954348421740000,59.734739990234374,9.19927096633911,3.464110527038574,-0.40192660369873046
1757954348431696000,59.74469580078125,9.162609753417968,3.4753333473205563,-0.4198831161499023
1757954348441652000,59.75465185546875,9.118017747497557,3.4790742874145506,-0.40880993347167965
1757954348451609000,59.76460913085938,9.093626818084717,3.4618659629821775,-0.3920505218505859
1757954348461565000,59.77456494140625,9.12983911819458,3.454533720397949,-0.36706104202270506
1757954348471521000,59.78452099609375,9.150938020324707,3.4599206741333006,-0.3495534423828125
1757954348481478000,59.79447778320313,9.141810126495361,3.4391210472106932,-0.36376901473999024
1757954348491434000,59.80443408203125,9.119065210723877,3.4401685104370117,-0.33399113159179683
1757954348501390000,59.81439013671875,9.052027564239502,3.432237717437744,-0.3087023765563965
1757954348511347000,59.824346923828124,9.052027564239502,3.4093431640625,-0.30735563812255856
1757954348521303000,59.83430297851562,9.112930068969726,3.4202667091369627,-0.32231939849853514
1757954348531259100,59.84425903320312,9.154080410003662,3.446902202606201,-0.3387795349121094
1757954348541215000,59.85421508789062,9.137620273590088,3.3999159950256344,-0.3541922080993652
1757954348551172000,59.864172119140626,9.102605074310302,3.405452586364746,-0.2829647087097168
1757954348561128200,59.874128173828126,9.096320294952392,3.4323873550415036,-0.28206688308715816
1757954348571084000,59.884083984375,9.089436965179443,3.4166754066467284,-0.31184476623535157
1757954348581041200,59.89404125976562,9.136872085571289,3.3915362892150878,-0.34326866302490233
1757954348590997000,59.9039970703125,9.177423876190185,3.366995722198486,-0.3477577911376953
1757954348600953000,59.913953125,9.188197783660888,3.365798621368408,-0.3603273498535156
1757954348610910000,59.92390991210937,9.241468770599365,3.3282395828247067,-0.3676595924377441
1757954348620866000,59.93386596679687,9.564985269927979,3.3201591522216796,-0.3468599655151367
1757954348630822000,59.94382177734375,9.558850128173827,3.323151904296875,-0.32920272827148434
1757954348640778000,59.95377807617187,9.242665871429443,3.246986363983154,-0.43035774841308594
1757954348650735000,59.963735107421876,9.191789086151122,3.5148376747131347,-0.33698388366699217
1757954348660691000,59.97369091796875,8.965537029266358,3.667019117736816,-0.3429693878173828
1757954348670647000,59.98364697265625,8.821136741638183,3.6188358093261717,-0.33788170928955075
1757954348680604000,59.99360400390625,8.81694688873291,3.708768009185791,-0.4285620971679687
