time,seconds_elapsed,z,y,x
1759645173775513900,0.047513916015625,6.665833269450068,6.587764525863528,-2.8876310740321873
1759645173785471000,0.057470947265625,6.664118866747617,6.585613485309481,-2.8964819044858214
1759645173795427800,0.067427734375,6.6621227244943375,6.582996580809354,-2.9070006681516767
1759645173805385000,0.077385009765625,6.659978113681078,6.580757277449965,-2.9169693967193364
1759645173815342800,0.0873427734375,6.658496935212612,6.578441986244917,-2.9255592381492255
1759645173825300000,0.097300048828125,6.6576984783113,6.576250029158592,-2.932297021971643
1759645173835256800,0.1072568359375,6.656677318570018,6.575013765361905,-2.937386161804199
1759645173845214000,0.1172138671875,6.655256930378079,6.575014934405684,-2.9405969405442476
1759645173855171000,0.127171142578125,6.653821929138898,6.57617871748805,-2.9412437140151857
1759645173865127700,0.137127685546875,6.652413815906644,6.578389379274845,-2.9394854721710084
1759645173875084800,0.147084716796875,6.651736939558386,6.580816314160823,-2.9355826195135712
1759645173885042000,0.1570419921875,6.651788962006568,6.583194149208069,-2.9301269844561815
1759645173894998800,0.166998779296875,6.652187021413445,6.5853580492436885,-2.9243545385345815
1759645173904956000,0.176955810546875,6.653008274668455,6.5868327979713674,-2.9191604770228263
1759645173914913000,0.1869130859375,6.653971566742658,6.587743483075499,-2.914908664797246
1759645173924870000,0.196869873046875,6.654568363592028,6.58878510108292,-2.9111890597522256
1759645173934826800,0.20682666015625,6.654460811564326,6.590674275830388,-2.9071552741914988
1759645173944785000,0.216784912109375,6.65352031584382,6.5936150054574005,-2.902637796767056
1759645173954742000,0.226741943359375,6.652368807721138,6.596903525608778,-2.8977988323032853
1759645173964699000,0.236698974609375,6.65107759886682,6.600228870639205,-2.8931881236374375
1759645173974655700,0.24665576171875,6.6495005588084455,6.603379443624616,-2.88962195558846
1759645173984612900,0.25661279296875,6.64818713812232,6.605895810359716,-2.886891069319844
1759645173994569700,0.26656982421875,6.647374652695656,6.607844606339931,-2.8843004683047533
1759645174004526800,0.27652685546875,6.646645169377327,6.6099453780114645,-2.8811665541931983
1759645174014484000,0.28648388671875,6.646117930632829,6.6124336876958605,-2.8766677814692256
1759645174024440800,0.29644091796875,6.645955433547496,6.615021366101503,-2.8710902735978365
1759645174034398000,0.30639794921875,6.645940820500254,6.6173261359125375,-2.8658079492807387
1759645174044354800,0.316354736328125,6.645676616606116,6.6191165264606475,-2.862282697764039
1759645174054311700,0.326311767578125,6.645188540828228,6.620492490988969,-2.8602327794969082
1759645174064268800,0.336268798828125,6.644396513667703,6.622404462090135,-2.8576456856131554
1759645174074227000,0.34622705078125,6.642975540953874,6.625781829568743,-2.853117979055643
1759645174084183800,0.356183837890625,6.6408204087466,6.630635114818811,-2.846852196659148
1759645174094140700,0.366140625,6.638588119649887,6.63610214805305,-2.839309233933687
1759645174104097800,0.376097900390625,6.63662412610054,6.641311991655826,-2.8317081112802027
1759645174114055000,0.386054931640625,6.634826136767864,6.645752604451775,-2.825497273941338
1759645174124011800,0.39601171875,6.632571051317453,6.649556088387966,-2.8218428430870173
1759645174133969000,0.405968994140625,6.629767684334516,6.653552464547753,-2.8190096654877066
1759645174143926000,0.415926025390625,6.626743952599168,6.658216364705562,-2.8151021366551516
1759645174153882400,0.42588232421875,6.6236717055469745,6.663070818999409,-2.810843310166895
1759645174163839200,0.435839111328125,6.6208128089845175,6.667682696709036,-2.8066411823019384
1759645174173796400,0.44579638671875,6.617886107882857,6.672173578387499,-2.8028680935040113
1759645174183753200,0.455753173828125,6.614546149805188,6.676802407231927,-2.7997274573907256
1759645174193710300,0.46571044921875,6.610804040667414,6.681593733161687,-2.79713539507091
1759645174203668500,0.47566845703125,6.607261253494024,6.685882954788208,-2.7952570339784026
1759645174213625300,0.485625244140625,6.604194851660728,6.689560181996226,-2.7937016212299466
1759645174223582200,0.495582275390625,6.601237170898914,6.693320995834469,-2.7916832671448586
1759645174233539300,0.505539306640625,6.597972031623125,6.697638859033584,-2.789045612117648
1759645174243496400,0.515496337890625,6.59454907143712,6.702144938281178,-2.786317063936591
1759645174253453300,0.525453369140625,6.591543459880351,6.706050713548064,-2.7840295375213024
1759645174263410400,0.535410400390625,6.588970394521951,6.709474842777848,-2.7818685600951314
1759645174273367300,0.5453671875,6.58630614374876,6.713392308482527,-2.7787276317209004
1759645174283324200,0.55532421875,6.582940466707944,6.718395815858244,-2.7746073369204995
1759645174293281300,0.56528125,6.578913695409893,6.724101334023476,-2.770332436080277
1759645174303238400,0.57523828125,6.57468584858179,6.729476012799143,-2.7673177644342184
1759645174313195300,0.5851953125,6.5706818736374375,6.733444916430115,-2.7671736797884106
1759645174323152400,0.59515234375,6.566874298048019,6.735982910475134,-2.770034037655592
1759645174333110300,0.6051103515625,6.562748742550611,6.73839815492332,-2.773934844486415
1759645174343067400,0.6150673828125,6.55810588518083,6.741799487799406,-2.776648487359285
1759645174353024300,0.625024169921875,6.553056785097718,6.746392660808563,-2.7774130419909953
1759645174362981400,0.6349814453125,6.548095947819948,6.751404936012626,-2.7769331495195626
1759645174372938500,0.6449384765625,6.543626108929515,6.7560594838201995,-2.776149597926438
1759645174382895000,0.65489501953125,6.540010841041803,6.760201405930519,-2.7745833715230224
1759645174392852200,0.664852294921875,6.537226178759336,6.764121794244646,-2.7715900349259375
1759645174402809300,0.674809326171875,6.5346133659124375,6.768198834425211,-2.767795026557147
1759645174412766200,0.68476611328125,6.531913459303975,6.772308023309707,-2.764114584478736
1759645174422723300,0.694723388671875,6.529153346940874,6.77593965781033,-2.7617352881267667
1759645174432680400,0.704680419921875,6.526461623638868,6.778640148940682,-2.7614704997107387
1759645174442637300,0.71463720703125,6.523613248470425,6.780690651729703,-2.7631676590174434
1759645174452594200,0.72459423828125,6.520459752875566,6.782946906223893,-2.765070570029318
1759645174462551300,0.73455126953125,6.517102843663096,6.785956609433889,-2.765601315905154
1759645174472509400,0.744509521484375,6.513150306645035,6.7900459245741365,-2.7648776778057216
1759645174482466300,0.75446630859375,6.508876867109537,6.794844264766573,-2.763149538838863
1759645174492423200,0.764423095703125,6.504520425465703,6.7997010571479795,-2.7614611473605035
1759645174502380300,0.77438037109375,6.500315959513187,6.803926565888523,-2.7609540746212002
1759645174512337200,0.784337158203125,6.496539948105812,6.807237882393598,-2.761678297242522
1759645174522294300,0.794294189453125,6.493065549993514,6.809566617602109,-2.7641078624770046
1759645174532251400,0.80425146484375,6.4895379603892565,6.8113605152815575,-2.7679697986021634
1759645174542208500,0.81420849609375,6.485999264869093,6.813142138001322,-2.771876450651884
1759645174552165400,0.824165283203125,6.482092320558428,6.815810480427742,-2.774455068968236
1759645174562122200,0.834122314453125,6.477640017324686,6.819557850262522,-2.775643694230914
1759645174572079400,0.844079345703125,6.472930524459481,6.824063344988226,-2.775556015947461
1759645174582036200,0.8540361328125,6.46845600939393,6.828638397818803,-2.7747376853018997
1759645174591994400,0.863994384765625,6.464435667836666,6.8328609839498995,-2.7737100958198306
1759645174601951500,0.873951416015625,6.4611074001967905,6.836206787246465,-2.773220850998163
1759645174611908400,0.883908447265625,6.4587734042912714,6.838296453002095,-2.773506389941275
1759645174621865200,0.893865234375,6.456898258069157,6.839795167127251,-2.774175959765911
1759645174631822300,0.903822265625,6.454397088903188,6.841685510918498,-2.7753341898903248
1759645174641779500,0.913779541015625,6.451491430589556,6.844093156582117,-2.7761536895796657
1759645174651736300,0.923736328125,6.448808475115895,6.846738118132948,-2.7758666893318296
1759645174661693400,0.933693359375,6.44631899638772,6.849370804724097,-2.775152988104522
1759645174671650300,0.943650390625,6.443536087670922,6.8521215647369615,-2.7748259481072424
1759645174681607200,0.953607177734375,6.440475531056523,6.854771202462911,-2.775386796860397
1759645174691564300,0.963564208984375,6.437393931654095,6.856895355010033,-2.7772897078722716
1759645174701521400,0.973521484375,6.434474244815111,6.85805504643917,-2.7811899301812053
1759645174711478300,0.983478271484375,6.431763816812634,6.858406344094872,-2.7865868207886813
1759645174721435400,0.993435302734375,6.429478336223959,6.858830122464894,-2.790815544399619
1759645174731393300,1.003393310546875,6.427142586752772,6.860241742828488,-2.7927254696741697
1759645174741350400,1.013350341796875,6.42410599553585,6.863000101625919,-2.792932682684064
1759645174751307300,1.023307373046875,6.420971204641461,6.8659624585628505,-2.7928628323182463
1759645174761264400,1.033264404296875,6.418254931420088,6.8683449697852135,-2.793245401895046
1759645174771221500,1.043221435546875,6.415802862092852,6.870157572165131,-2.7944235057637092
1759645174781178000,1.05317822265625,6.413465943577886,6.871361102735996,-2.7968253062084316
1759645174791135200,1.06313525390625,6.41177959792614,6.871963744804263,-2.799209863257408
1759645174801092400,1.07309228515625,6.410441042798757,6.872520209643245,-2.800910529695451
1759645174811049200,1.08304931640625,6.408764049497246,6.87327541192472,-2.802894981510937
1759645174821006300,1.09300634765625,6.406452849945426,6.874490048411488,-2.8051968287125226
1759645174830963500,1.10296337890625,6.403614996170997,6.876229585555196,-2.8074112898916006
1759645174840920300,1.11292041015625,6.401077002125978,6.877655818966031,-2.8097052460476752
1759645174850877200,1.122877197265625,6.399043450471758,6.878157923269272,-2.813105994401872
1759645174860835300,1.13283544921875,6.397180579209327,6.877575154945254,-2.818764750815928
1759645174870792400,1.14279248046875,6.395474359813332,6.875676627847552,-2.8272543467417357
1759645174880749300,1.152749267578125,6.393951680290699,6.872757525530457,-2.8377757407560944
1759645174890706200,1.1627060546875,6.392728860497474,6.8700131952583785,-2.8471584861293433
1759645174900663300,1.172663330078125,6.391321916308999,6.868712049531936,-2.853451448793709
1759645174910620200,1.1826201171875,6.389904450726509,6.869213569313287,-2.85541748816967
1759645174920577300,1.192577392578125,6.388190048024058,6.871725259873271,-2.8532085799485443
1759645174930534400,1.202534423828125,6.3864160240888594,6.875194397288561,-2.848818820556998
1759645174940491300,1.2124912109375,6.385252241006493,6.878297624000907,-2.8439336788639427
1759645174950448400,1.222448486328125,6.38451106725037,6.880598302158713,-2.8400305339455603
1759645174960405200,1.2324052734375,6.383964539283514,6.881864376571774,-2.838191920341551
1759645174970362400,1.2423623046875,6.383360728171468,6.882308613207936,-2.838470445021987
1759645174980319200,1.2523193359375,6.3827370433151716,6.882070712798834,-2.840448759357631
1759645174990277400,1.26227734375,6.382429584801197,6.881562763276696,-2.842369790548086
1759645175000234200,1.272234130859375,6.382112189415097,6.881534706225991,-2.843153342141211
1759645175010191000,1.282191162109375,6.381542280572653,6.882324395298958,-2.8425197204127906
1759645175020148200,1.292148193359375,6.380948406332731,6.883422127407789,-2.841194609288871
1759645175030105300,1.302105224609375,6.380511183959245,6.884122384631634,-2.840479154495895
1759645175040062500,1.3120625,6.380345179742575,6.883931245973706,-2.841314728537202
1759645175050019300,1.322019287109375,6.38052228987515,6.88287910657227,-2.8434654768303034
1759645175059976400,1.3319765625,6.380795261597633,6.881503726565837,-2.846178535181284
1759645175069933300,1.341933349609375,6.380757267674803,6.880276815119386,-2.8492279858797787
1759645175079890200,1.35189013671875,6.380664913216233,6.879011909750104,-2.8524884489804503
1759645175089847300,1.361847412109375,6.3806538073003285,6.877798442307114,-2.855438238696754
1759645175099804400,1.371804443359375,6.380242888411879,6.8773290712296955,-2.857485526615381
1759645175109761300,1.38176123046875,6.3791919180542225,6.877616655999422,-2.8591408926069737
1759645175119719200,1.39171923828125,6.377957407823205,6.878036927238107,-2.8608842291429637
1759645175129676300,1.40167626953125,6.376832787707448,6.878041603413224,-2.8633795530900357
1759645175139633400,1.41163330078125,6.375871833720803,6.877567556160688,-2.866656090542674
1759645175149590300,1.42159033203125,6.375276790437102,6.876725844639539,-2.8699972176641224
1759645175159547400,1.43154736328125,6.3748518430233,6.876099237173795,-2.872437888814509
1759645175169504500,1.44150439453125,6.374432156306505,6.876048383769392,-2.873493535347283
1759645175179461000,1.451461181640625,6.37414223344922,6.87644410508871,-2.8731895839646455
1759645175189418200,1.461418212890625,6.374094887176156,6.877226195377111,-2.8714211129873988
1759645175199375400,1.471375244140625,6.374095471698046,6.878450184214115,-2.8684879821449516
1759645175209332200,1.481332275390625,6.374081443172693,6.8794836189150805,-2.8660394199490544
1759645175219289300,1.491289306640625,6.374166198846697,6.879928440073132,-2.864781236581504
1759645175229246500,1.50124658203125,6.374563673731684,6.879844268921017,-2.8641014376237988
1759645175239203300,1.511203369140625,6.375009079411625,6.87948595700264,-2.863967874372005
1759645175249161200,1.5211611328125,6.374979268795252,6.8792772826880215,-2.86453719869256
1759645175259118300,1.531118408203125,6.374509897717833,6.879486541524529,-2.865079635006189
1759645175269075500,1.541075439453125,6.373719624122977,6.8803750147968525,-2.864703495170176
1759645175279032300,1.5510322265625,6.372602602791786,6.881782543507218,-2.863808299896121
1759645175288989200,1.5609892578125,6.3713780294328926,6.883333864602446,-2.862804675811529
1759645175298946300,1.5709462890625,6.370443963453173,6.884476604896784,-2.8621359827697277
1759645175308903200,1.580903076171875,6.370116631194949,6.885145882460475,-2.86125510828197
1759645175318860300,1.5908603515625,6.370179759559035,6.8856801354676485,-2.8598247832179067
1759645175328817400,1.6008173828125,6.370612305757403,6.885767229229211,-2.8586522323071955
1759645175338774300,1.610774169921875,6.371078169703483,6.885409501832723,-2.8584762912183996
1759645175348731400,1.6207314453125,6.371223131132125,6.88485712864697,-2.8594825456514954
1759645175358688300,1.630688232421875,6.370757267186045,6.884440364539623,-2.861523403829336
1759645175368645400,1.640645263671875,6.369727924138307,6.88420304865241,-2.8643834694355723
1759645175378602200,1.650602294921875,6.368407489189505,6.884180252298712,-2.8673730066403746
1759645175388560400,1.660560302734375,6.366760891026258,6.884928440317511,-2.8692323707714675
1759645175398517200,1.670517333984375,6.36463147778213,6.8865160017699,-2.870146563006937
1759645175408474000,1.68047412109375,6.362361194762587,6.8883619218975305,-2.870751543162763
1759645175418431200,1.69043115234375,6.36017332932949,6.890243497860431,-2.8710838438570496
1759645175428388400,1.700388427734375,6.358224533349275,6.891825214093923,-2.8716046528607606
1759645175438345500,1.710345458984375,6.3568164201170205,6.892750512245297,-2.872499555873871
1759645175448302300,1.72030224609375,6.3559238551914685,6.893028744664788,-2.873807715862989
1759645175458259500,1.730259521484375,6.3555100136935705,6.892942819947004,-2.874929121108353
1759645175468216300,1.74021630859375,6.355023691481351,6.893079598069191,-2.875677309127152
1759645175478173200,1.750173095703125,6.35448593134284,6.893066738587618,-2.876892822396755
1759645175488130300,1.76013037109375,6.354003700783848,6.892903656980395,-2.878349743206799
1759645175498087400,1.77008740234375,6.353289999556541,6.892873846364021,-2.87999780267477
1759645175508044300,1.780044189453125,6.353005337396263,6.892520795142651,-2.881469336532056
1759645175518002200,1.790002197265625,6.352984294608235,6.8920052468359465,-2.882749147209525
1759645175527959300,1.799959228515625,6.352296312344074,6.891622969520092,-2.885177835661173
1759645175537916400,1.80991650390625,6.350970616698265,6.8911775638401505,-2.8891581374689936
1759645175547873300,1.819873291015625,6.349468979963659,6.891140154439211,-2.8925451495587824
1759645175557830400,1.829830322265625,6.347841086500883,6.891971929088235,-2.894136510403454
1759645175567787500,1.83978759765625,6.345899889305233,6.893534356099367,-2.894673686020076
1759645175577744100,1.849744140625,6.344008960992097,6.895092691457271,-2.8951038941308855
1759645175587701200,1.859701171875,6.342172393214702,6.89634415282309,-2.8961478502258657
1759645175597658400,1.869658447265625,6.340218921059369,6.897102277714014,-2.898618039731681
1759645175607615200,1.879615234375,6.338526730188727,6.8969678376793855,-2.902635750940442
1759645175617572400,1.889572265625,6.337457639652491,6.896430077540874,-2.9062454658702013
1759645175627529500,1.899529541015625,6.336406669294834,6.896593743669986,-2.9081495459258555
1759645175637486300,1.909486328125,6.335106108090281,6.897841697904467,-2.908021827892959
1759645175647444200,1.9194443359375,6.333744756609201,6.900176278331875,-2.9054470089688897
1759645175657401300,1.9294013671875,6.33242373713851,6.902970292964577,-2.901689994522929
1759645175667358500,1.9393583984375,6.33106063209176,6.905593627205491,-2.8984190100282428
1759645175677315300,1.9493154296875,6.329816769510507,6.907242563456297,-2.897205250324309
1759645175687272200,1.959272216796875,6.3288903023153535,6.907691476267575,-2.8981600668311116
1759645175697229300,1.969229248046875,6.328231546145677,6.907466435340046,-2.9001357508182526
1759645175707186200,1.979186279296875,6.327469914123416,6.907260683634877,-2.9022870836332437
1759645175717143300,1.989143310546875,6.326458691254258,6.907668095391989,-2.9035198402985927
1759645175727100400,1.999100341796875,6.325053500631451,6.909048151573538,-2.9032971374586225
1759645175737057300,2.009057373046875,6.323295258787274,6.9110302653014655,-2.9024107100129126
1759645175747014400,2.019014404296875,6.3214242042183875,6.912893721085786,-2.902047721919417
1759645175756971300,2.02897119140625,6.319828459459543,6.914139337232709,-2.9025559637024996
1759645175766928400,2.038928466796875,6.318474122241139,6.914876419335603,-2.903746634791791
1759645175776885200,2.04888525390625,6.317167715817689,6.915576676559448,-2.9049229850947853
1759645175786843400,2.058843505859375,6.315944896024465,6.916659211099147,-2.9050056949421763
1759645175796800300,2.06880029296875,6.314600495678186,6.918442002862691,-2.9036814606010912
1759645175806757000,2.078757080078125,6.313167832526564,6.920681306222081,-2.9014594006374477
1759645175816714200,2.08871435546875,6.311629955434799,6.922963864201307,-2.899359213487804
1759645175826671400,2.09867138671875,6.310155791229009,6.924706323954463,-2.8984067350685594
1759645175836628500,2.10862841796875,6.30881197540462,6.925933235400914,-2.898402058893442
1759645175846585300,2.11858544921875,6.30735593137741,6.926943873748183,-2.8991557998701927
1759645175856542500,2.12854248046875,6.30579058175683,6.927879693293571,-2.900322213301062
1759645175866499300,2.138499267578125,6.3044163707941765,6.928620282527804,-2.9015397723972796
1759645175876456200,2.148456298828125,6.303471198898554,6.929006651496887,-2.902673452602327
1759645175886413300,2.158413330078125,6.302795491594075,6.929196036589145,-2.9036884748637672
1759645175896370400,2.168370361328125,6.302024507221579,6.929301250529289,-2.905108863055706
1759645175906327300,2.178327392578125,6.3015574742317195,6.92901892645657,-2.9067952087074516
1759645175916285200,2.18828515625,6.3013715962707995,6.928762905868887,-2.907807016098499
1759645175926242300,2.1982421875,6.30099633321762,6.9290569203793995,-2.907919244301319
1759645175936199400,2.208199462890625,6.300441037422418,6.929964098352193,-2.9069617974460122
1759645175946156300,2.21815625,6.300079218372702,6.930877706065774,-2.90556712821722
1759645175956113400,2.228113525390625,6.299951208078861,6.931417219769954,-2.9045573666527864
1759645175966070500,2.238070556640625,6.299848332226276,6.9314686576962465,-2.9046579044178125
1759645175976027100,2.248027099609375,6.299592311638594,6.931119698128104,-2.9060449748620387
1759645175985984300,2.257984375,6.299038184887171,6.93093966538608,-2.9076760831952093
1759645175995941400,2.26794140625,6.298315715831518,6.931303238001465,-2.9083737100705505
1759645176005898200,2.277898193359375,6.2974927090108395,6.931976022696495,-2.9085516969859597
1759645176015855400,2.28785546875,6.2965644882500165,6.932934054073691,-2.9082798943072556
1759645176025812500,2.2978125,6.295711086291075,6.9338143440395585,-2.9080288421556353
1759645176035769300,2.307769287109375,6.295282631745934,6.934248059281707,-2.9079221669107675
1759645176045726200,2.317726318359375,6.2954807846665375,6.934212987968325,-2.9075764222130176
1759645176055684400,2.327684326171875,6.295809870490431,6.933930663895606,-2.9075355056807397
1759645176065641500,2.337641357421875,6.2959390498280525,6.9334566166430704,-2.908387738595903
1759645176075598300,2.347598388671875,6.2958881964236495,6.932685632270574,-2.9103344887495037
1759645176085555200,2.35755517578125,6.295665493583678,6.931714156889915,-2.913129672425985
1759645176095512300,2.36751220703125,6.29515871310532,6.930726899418234,-2.91657075279057
1759645176105469200,2.37746923828125,6.294353241941333,6.930145884659886,-2.9196880080282686
1759645176115426300,2.38742626953125,6.293329744112492,6.930200245195627,-2.9217645220413804
1759645176125383400,2.397383544921875,6.292062500655651,6.93077307664752,-2.923134056828916
1759645176135340300,2.40734033203125,6.290876505741477,6.931384486544132,-2.9242376341566443
1759645176145297400,2.41729736328125,6.290102014237642,6.931470995783806,-2.9256995234027503
1759645176155254800,2.4272548828125,6.289422215279936,6.9311541849195955,-2.927907847101986
1759645176165212000,2.4372119140625,6.288843538609147,6.930767815950513,-2.9300673632234333
1759645176175168800,2.447168701171875,6.288392287710309,6.9305275774538515,-2.931605824837088
1759645176185126000,2.4571259765625,6.2880655399739736,6.930358066105843,-2.9327038492068644
1759645176195083800,2.467083740234375,6.287558174973726,6.930203752326965,-2.9341569706246253
1759645176205041000,2.477041015625,6.28693507463932,6.929645533922314,-2.9368083619162437
1759645176214997800,2.486997802734375,6.28673049197793,6.928313408535718,-2.940386804924905
1759645176224955000,2.496954833984375,6.287006970831752,6.926507820418476,-2.944047957780957
1759645176234912000,2.506912109375,6.287489785912633,6.924751916661858,-2.947144462491572
1759645176244868900,2.516868896484375,6.287368789881468,6.9237465390115975,-2.9497648741230367
1759645176254825700,2.52682568359375,6.286489084437489,6.923530850434303,-2.952143585953116
1759645176264782800,2.536782958984375,6.2854626639991995,6.923830710163712,-2.9536262257263064
1759645176274739700,2.54673974609375,6.284805076873302,6.92422643148303,-2.954098519413173
1759645176284696800,2.55669677734375,6.284650763094425,6.924332814466953,-2.95417859891206
1759645176294654000,2.566654052734375,6.284835472011566,6.924308849069476,-2.953841037520766
1759645176304610800,2.57661083984375,6.285078048595786,6.924170901903509,-2.9536501911237836
1759645176314567700,2.586567626953125,6.285161050704121,6.923747708055377,-2.954463845594227
1759645176324524800,2.59652490234375,6.285214242196083,6.923187151563167,-2.955662992250919
1759645176334483000,2.60648291015625,6.285215411239862,6.922778570762277,-2.956618101018667
1759645176344439800,2.616439697265625,6.285048237979412,6.922832931298017,-2.956846064555645
1759645176354397000,2.62639697265625,6.284651932138204,6.923233913314342,-2.956749326182902
1759645176364353800,2.636353759765625,6.284184899148345,6.923740109270811,-2.9565558494374153
1759645176374310700,2.646310546875,6.2838581514120095,6.924048152306676,-2.956530130474269
1759645176384267800,2.656267822265625,6.283813727748393,6.9240662724852555,-2.9565801070958373
1759645176394225000,2.666224853515625,6.284074424511194,6.923765243712067,-2.9567312060043216
1759645176404181800,2.676181640625,6.284288944044709,6.9234180377095935,-2.9570895179226993
1759645176414139000,2.686138916015625,6.28439824963808,6.923026408043503,-2.9577757466211914
1759645176424095700,2.696095703125,6.2844923576623195,6.922316213947534,-2.959238512650132
1759645176434052600,2.706052490234375,6.284563084810972,6.921417803803086,-2.961188769935071
1759645176444009700,2.716009765625,6.28453035158515,6.920479646170139,-2.963449992865324
1759645176453966800,2.725966796875,6.284260886994004,6.919828488785028,-2.965538489577174
1759645176463924000,2.735924072265625,6.283852890715003,6.919481282782554,-2.9672125602692363
1759645176473881600,2.745881591796875,6.283519713237881,6.9191749933123585,-2.9686335329830644
1759645176483838700,2.755838623046875,6.283224529683589,6.918859936013817,-2.969994299942255
1759645176493795800,2.7657958984375,6.283246156993508,6.918245018985867,-2.971379324559867
1759645176503752700,2.775752685546875,6.283545432201027,6.91751085949242,-2.9724551370978354
1759645176513709800,2.785709716796875,6.283873933503031,6.916960824394225,-2.9730419970750805
1759645176523667000,2.7956669921875,6.283930632126331,6.916722339463234,-2.9734748355343936
1759645176533623800,2.805623779296875,6.283911927425861,6.916514249670505,-2.9739959367990494
1759645176543580700,2.81558056640625,6.28372604946494,6.916109760522842,-2.9753309847950935
1759645176553537800,2.825537841796875,6.284033507978916,6.915168680280447,-2.9768674005821345
1759645176563495000,2.835494873046875,6.284964651349187,6.913865780988335,-2.9779297691166398
1759645176573451800,2.84545166015625,6.285972367087006,6.912766879835725,-2.9783538397476077
1759645176583409000,2.855408935546875,6.286669117179513,6.912175343683361,-2.978257685896754
1759645176593366000,2.865365966796875,6.2873600220531225,6.91171240234673,-2.977871609188616
1759645176603322600,2.875322509765625,6.288220438274741,6.911127880457043,-2.9774104214176536
1759645176613280800,2.88528076171875,6.289140475729107,6.910465032634138,-2.9770065167918798
1759645176623238000,2.89523779296875,6.290204305568337,6.909556685617566,-2.976867985104024
1759645176633195000,2.905195068359375,6.291397899267077,6.90839231801331,-2.977047725585103
1759645176643152000,2.91515185546875,6.292434256577492,6.907325565564632,-2.97733297226727
1759645176653108700,2.925108642578125,6.293503931635618,6.906283363035321,-2.9774884550899263
1759645176663065900,2.93506591796875,6.294611600616574,6.9055188084036105,-2.976920299813151
1759645176673022700,2.945022705078125,6.295739727863669,6.905050606369972,-2.975620907652378
1759645176682979800,2.954979736328125,6.296780176827311,6.9046198137372725,-2.974419715169072
1759645176692937000,2.96493701171875,6.297537717196345,6.904130568915605,-2.973951513135433
1759645176702893800,2.974893798828125,6.29773411655128,6.903938845735788,-2.973981031490862
1759645176712850700,2.9848505859375,6.297548823112249,6.9041592104882,-2.9738606199815867
1759645176722807800,2.994807861328125,6.29719226475954,6.904817382135987,-2.9730875897824762
1759645176732764700,3.0047646484375,6.296866101545095,6.905698256623745,-2.9717338370859623
1759645176742721800,3.0147216796875,6.296639307051897,6.906669732004404,-2.969956306019425
1759645176752679000,3.024678955078125,6.296328925928473,6.907659912085533,-2.968309707856178
1759645176762636800,3.03463671875,6.296389716205001,6.908292949292063,-2.9667069488346574
1759645176772593700,3.04459375,6.297009893929958,6.908419206020236,-2.9650980523332953
1759645176782550800,3.05455078125,6.297851020929217,6.907924115979671,-2.96446413834393
1759645176792508000,3.0645078125,6.298454247519373,6.906790728035569,-2.965822274954617
1759645176802464800,3.07446484375,6.298959858953952,6.904965266174077,-2.9689971055984494
1759645176812422000,3.084421875,6.299811507347226,6.902699074807763,-2.972459521012008
1759645176822378800,3.094378662109375,6.300693550878763,6.900239406695961,-2.9762966149568557
1759645176832335600,3.104335693359375,6.301443492463231,6.898385887783766,-2.979004120349884
1759645176842292700,3.114292724609375,6.301380948621034,6.897886121568083,-2.9802918220728634
1759645176852249900,3.124249755859375,6.300477277779579,6.898561828872561,-2.9806401971191168
1759645176862207000,3.13420703125,6.2994970345705745,6.8995221983373165,-2.9804893904715777
1759645176872163800,3.144163818359375,6.2987687202960245,6.900256357830762,-2.9803295237347482
1759645176882121000,3.154120849609375,6.298670520618558,6.900282661315798,-2.980475361946225
1759645176892077800,3.164077880859375,6.299011296880245,6.899847777029872,-2.9807617776721713
1759645176902035700,3.17403564453125,6.299649010261893,6.899340996551513,-2.9805867133662103
1759645176911992800,3.183992919921875,6.30000790670216,6.899203633907437,-2.9801456916004416
1759645176921950000,3.193949951171875,6.299928996247052,6.899468422323465,-2.979699701398611
1759645176931906800,3.20390673828125,6.2995098940521475,6.900027225250005,-2.979290828336775
1759645176941863700,3.21386376953125,6.298935309034586,6.900772490659356,-2.9787825865536925
1759645176951820800,3.22382080078125,6.2982338827669615,6.901857363286614,-2.977750320896506
1759645176961778000,3.23377783203125,6.297615458607673,6.903315160879492,-2.975678775319457
1759645176971734800,3.24373486328125,6.296414266124367,6.905927973726391,-2.9721552773684263
1759645176981692000,3.25369189453125,6.2950119981110095,6.908600992327928,-2.9689126421853897
1759645176991649000,3.26364892578125,6.295205474856496,6.910266879713535,-2.9646216669932004
1759645177001605600,3.273605712890625,6.2958016871839755,6.912013431119918,-2.9592785523995757
1759645177011562800,3.283562744140625,6.295957754528522,6.913663536414504,-2.9550895762771368
1759645177021520000,3.293519775390625,6.2962868403524155,6.914762437567115,-2.9518147923901674
1759645177031476700,3.303476806640625,6.297023337933421,6.9149676047503945,-2.949763705079257
1759645177041433900,3.313433837890625,6.297815949615836,6.914466084969043,-2.949245818684995
1759645177051391700,3.323391845703125,6.298412161943316,6.913610929444432,-2.949979101395607
1759645177061348900,3.333348876953125,6.29879736186862,6.912797859495877,-2.9510630972400307
1759645177071305700,3.3433056640625,6.298717282369733,6.912334918159246,-2.9523171889543534
1759645177081262800,3.353262939453125,6.298412161943316,6.912095848706365,-2.9535268570050595
1759645177091220000,3.363219970703125,6.298132760480046,6.911603681275248,-2.955275454238057
1759645177101176800,3.3731767578125,6.298026962018013,6.910561478745937,-2.957936490140855
1759645177111133700,3.3831337890625,6.298121070042252,6.909060426533221,-2.9612405001223085
1759645177121090800,3.3930908203125,6.298230375635623,6.907347192874551,-2.965003359787166
1759645177131047700,3.403047607421875,6.298061448809504,6.906025588881969,-2.968438887193799
1759645177141004800,3.4130048828125,6.297899536246061,6.905459187170862,-2.9700974680557843
1759645177150961700,3.422961669921875,6.297935776603222,6.905702348276972,-2.9694562475427984
1759645177160918800,3.432918701171875,6.297971432438493,6.906353505662083,-2.967864302176237
1759645177170876000,3.4428759765625,6.298090090382098,6.906809432736039,-2.9665517582729457
1759645177180832500,3.45283251953125,6.298422098815441,6.906893019366264,-2.965650717779994
1759645177190789600,3.46278955078125,6.299141060739755,6.9066890212267635,-2.9646017932489515
1759645177200747800,3.472747802734375,6.300057006540894,6.906523017010092,-2.963041119803488
1759645177210705000,3.482704833984375,6.300724530538917,6.906573285892605,-2.9615032427117227
1759645177220661800,3.492661865234375,6.300692381834984,6.907170082741976,-2.960179592892527
1759645177230618600,3.50261865234375,6.2998956784993405,6.908536110398173,-2.958687893030047
1759645177240575700,3.51257568359375,6.2989037448525425,6.910265126147866,-2.956762185664475
1759645177250532600,3.52253271484375,6.298046835762262,6.911712986868619,-2.955202389001846
1759645177260489700,3.53248974609375,6.297611366954445,6.912222689956426,-2.954935554759204
1759645177270446800,3.54244677734375,6.297660466793179,6.911814693677425,-2.9557860341086983
1759645177280403700,3.55240380859375,6.297876739892363,6.911317850071192,-2.9564889216810464
1759645177290360600,3.562360595703125,6.2975564218968145,6.911293300151825,-2.9572265883058306
1759645177300317700,3.572317626953125,6.295861892938613,6.9121221521914,-2.9588980286493896
1759645177310274600,3.582274658203125,6.292782631623744,6.9136611983269445,-2.9618522022798657
1759645177320231700,3.592231689453125,6.2888219112992285,6.915450419831275,-2.9660850175440308
1759645177330188800,3.602188720703125,6.285054083198308,6.916832814100384,-2.9708418566823003
1759645177340145700,3.612145751953125,6.280697641554474,6.918056218415498,-2.9771999935373663
1759645177350103600,3.622103515625,6.276270472761988,6.91823917376697,-2.986097585742175
1759645177360060700,3.632060791015625,6.2737751488149165,6.917055516940355,-2.994071341100335
1759645177370017800,3.642017822265625,6.273071384459733,6.9147881565302605,-3.000777853001654
1759645177379974700,3.651974609375,6.273658828958869,6.912092341575026,-3.005757394979894
1759645177389931800,3.661931884765625,6.274771174114942,6.910024303129315,-3.008187252475321
1759645177399888600,3.671888671875,6.276086932888627,6.909354441043734,-3.0069799225121736
1759645177409845500,3.681845458984375,6.2772261660516255,6.910044176873564,-3.0030154027953744
1759645177419802600,3.691802734375,6.277956233891844,6.911456966280936,-2.998236351825297
1759645177429759700,3.701759765625,6.278489317855239,6.912844621247053,-2.993916735060513
1759645177439716600,3.711716552734375,6.278839446467161,6.914108357572555,-2.990263180989027
1759645177449673700,3.721673828125,6.279448518276214,6.914866482463479,-2.987228635598719
1759645177459630800,3.731630859375,6.280162804025411,6.9147676982641215,-2.985953501096368
1759645177469587700,3.741587646484375,6.2804071341753005,6.91404406016469,-2.987115530613065
1759645177479544600,3.751544677734375,6.280030117556453,6.9129340530961745,-2.9904762392178177
1759645177489501700,3.761501708984375,6.279096051576733,6.911759164097905,-2.9951497839868066
1759645177499458800,3.771458740234375,6.2776961216509335,6.910941417974233,-2.999968582445383
1759645177509416700,3.781416748046875,6.275988733211159,6.9106748759925365,-3.004151128827035
1759645177519373600,3.79137353515625,6.273848798573017,6.910961291718483,-3.0079607502430674
1759645177529330700,3.80133056640625,6.27132424853146,6.911707141649723,-3.0115082135915756
1759645177539287800,3.811287841796875,6.2688686720728874,6.91271953356266,-3.0142966752663254
1759645177549244700,3.82124462890625,6.266626446104049,6.913789793142676,-3.0165020763561126
1759645177559201800,3.831201904296875,6.2644830043345685,6.914865897941589,-3.0184871126934882
1759645177569159000,3.841158935546875,6.262527778613567,6.915639804923534,-3.020770839716494
1759645177579115500,3.851115478515625,6.260372061884403,6.916482100966572,-3.023309126022458
1759645177589072600,3.86107275390625,6.257904210466146,6.917521965408325,-3.0260382587254044
1759645177599029800,3.87102978515625,6.25538024494648,6.918757060161233,-3.0284336294293404
1759645177608986600,3.880986572265625,6.252793151062726,6.920118996164202,-3.0306638726994395
1759645177618943700,3.89094384765625,6.250262755802273,6.921551074793935,-3.032611499635875
1759645177628900900,3.90090087890625,6.247611949032545,6.923094212582707,-3.03455182004869
1759645177638857700,3.910857666015625,6.244927239993214,6.924390097612142,-3.037117578883469
1759645177648814600,3.920814697265625,6.24226708087325,6.925239407917857,-3.0406486756190656
1759645177658771700,3.930771728515625,6.239690508383512,6.925687736207246,-3.0449142241090534
1759645177668729900,3.940729736328125,6.237469325202703,6.925958954364061,-3.0488439647734165
1759645177678686700,3.950686767578125,6.235630419337749,6.926411958828568,-3.051576604607701
1759645177688643600,3.9606435546875,6.234088450592756,6.927001156893372,-3.053388330204785
1759645177698600700,3.9706005859375,6.2325330378443,6.927707843858003,-3.054960109566152
1759645177708557600,3.9805576171875,6.230827402970195,6.92862671226859,-3.0563559478387234
1759645177719759600,3.991759521484375,6.2286705171972505,6.929934872257709,-3.057785396119952
1759645177729716700,4.001716796875,6.226510124292969,6.931372796106338,-3.0589263828486204
1759645177739673600,4.011673583984375,6.2245636664003134,6.9327674653351306,-3.0597257165327667
1759645177749630700,4.021630615234375,6.22300357747674,6.9341060204625125,-3.059866586308181
1759645177759587800,4.031587890625,6.221461024209857,6.935451589852571,-3.0599530955478547
1759645177769544700,4.041544677734375,6.219687584796548,6.936673240602016,-3.0607895463719963
1759645177779501600,4.05150146484375,6.218391115245223,6.937362391909956,-3.061860974995792
1759645177789458700,4.061458740234375,6.217814776661991,6.937624257716536,-3.0624387748837467
1759645177799415600,4.07141552734375,6.2173319615811105,6.938135714370012,-3.0622604957073927
1759645177809372700,4.08137255859375,6.216483235797286,6.939265595182776,-3.0614234603613615
1759645177819329800,4.091329833984375,6.215407130998373,6.940850234025716,-3.0600179774776097
1759645177829287700,4.10128759765625,6.214435071095824,6.942609644913673,-3.0580007924363017
1759645177839244500,4.11124462890625,6.21339754474163,6.944362626060843,-3.0561247694313525
1759645177849201700,4.12120166015625,6.212285784107446,6.945782429730892,-3.055157385703921
1759645177859158800,4.13115869140625,6.21140198701024,6.946686685094237,-3.054900488333404
1759645177869115600,4.14111572265625,6.210887607747316,6.947287573596835,-3.0545790012940763
1759645177879072800,4.15107275390625,6.210725695183873,6.947816565907001,-3.0537060178518294
1759645177889029600,4.161029541015625,6.21037556657195,6.948591057410836,-3.0526532939285036
1759645177898986500,4.170986572265625,6.209548468098044,6.949921429231763,-3.051306847755611
1759645177908943600,4.180943603515625,6.208417418241501,6.951517173990607,-3.0499744301080702
1759645177918900700,4.190900634765625,6.2070578203260895,6.953109411618113,-3.0491125525817275
1759645177928857900,4.20085791015625,6.205374981805682,6.9547367205590005,-3.048825260072946
1759645177938814700,4.210814697265625,6.203657071971893,6.956279858347773,-3.04880012563169
1759645177948771800,4.220771728515625,6.202188168463111,6.9576616680949925,-3.0486364595025774
1759645177958728700,4.230728759765625,6.2010091878116125,6.9589797649562355,-3.0480270954325794
1759645177968685600,4.240685546875,6.200223005869984,6.960252269110083,-3.04672068900913
1759645177978642700,4.250642578125,6.199678231468797,6.961553999358415,-3.04485489513725
1759645177988600800,4.260600830078125,6.199173789077997,6.962797277417779,-3.043039077886939
1759645177998557700,4.2705576171875,6.198568224400281,6.964040555477142,-3.041425797471404
1759645178008514600,4.2805146484375,6.197892517095804,6.965285002580285,-3.0399557249188423
1759645178018471700,4.2904716796875,6.197220316922664,6.966448201140761,-3.0386601321503517
1759645178028428800,4.3004287109375,6.19668781748116,6.967576912909745,-3.0371558650672434
1759645178038385700,4.3103857421875,6.196162916824221,6.968719068682193,-3.0356077588424086
1759645178048342800,4.3203427734375,6.195516435614228,6.969821476966143,-3.034394583660364
1759645178058300000,4.3302998046875,6.194550220930576,6.9707970440000295,-3.034124242286384
1759645178068256500,4.340256591796875,6.193111128038168,6.971927509334683,-3.034467064374685
1759645178078213600,4.350213623046875,6.191599554431438,6.973259634721279,-3.034491322033107
1759645178088170800,4.360170654296875,6.190431095173954,6.974771208328009,-3.0333991428822276
1759645178098127600,4.370127685546875,6.189454943618178,6.976431835016608,-3.0315736810207365
1759645178108084700,4.380084716796875,6.188599788093566,6.9780772641360755,-3.0295313615381714
1759645178118041900,4.390041748046875,6.188081901699304,6.979719186124205,-3.0268066127493976
1759645178127998500,4.39999853515625,6.188129247972369,6.981231344252825,-3.0232199864342806
1759645178137955600,4.40995556640625,6.188365979337692,6.982490404403209,-3.0198244987770915
1759645178147913700,4.419913818359375,6.1883741626441475,6.983335038533807,-3.0178534909650683
1759645178157870600,4.42987060546875,6.18816315024197,6.983502796316146,-3.0178987914115187
1759645178167827700,4.43982763671875,6.187938109314441,6.983055052548647,-3.019395751971006
1759645178177784600,4.44978466796875,6.188025203076005,6.982223277899623,-3.0211417188555
1759645178187741400,4.459741455078125,6.188135677713156,6.981805344748497,-3.0218779241755604
1759645178197698600,4.469698486328125,6.187842832246423,6.982305695486068,-3.0213223361194133
1759645178207655700,4.47965576171875,6.187205703386664,6.983865199887752,-3.019021657961607
1759645178217612500,4.489612548828125,6.186323659855127,6.986211470752954,-3.0153984990283846
1759645178227569700,4.499569580078125,6.185453891283274,6.988641328248381,-3.0115494223847983
1759645178237526500,4.509526611328125,6.1847869518071406,6.990538101780414,-3.008515753777325
1759645178247483400,4.5194833984375,6.184298291507363,6.991506070029735,-3.007271891196072
1759645178257440500,4.5294404296875,6.184147484859824,6.991666229027509,-3.0072111009195446
1759645178267397600,4.539397705078125,6.184376032918691,6.991453463059663,-3.007234481795132
1759645178277354800,4.549354736328125,6.184307059335708,6.991462815409898,-3.0073551855653524
1759645178287311600,4.5593115234375,6.1833893599689,6.992193467772006,-3.0075448629185555
1759645178297269500,4.56926953125,6.182323776564002,6.993143900364637,-3.007522943347692
1759645178307226600,4.5792265625,6.182092890417575,6.994123559051752,-3.0057188165351745
1759645178317183500,4.58918359375,6.1820987356364725,6.995261038649081,-3.0030595341980457
1759645178327140600,4.599140625,6.181833362698555,6.996705976760387,-3.000237170253694
1759645178337097700,4.60909765625,6.181177529138326,6.9985770313292734,-2.9972227908685802
1759645178347054600,4.6190546875,6.180574887070059,7.000469713208079,-2.994043576310575
1759645178357011500,4.629011474609375,6.18053630862534,7.001995315340161,-2.9905545651510357
1759645178366968600,4.638968505859375,6.18068536170721,7.0030147215157745,-2.9878578734129664
1759645178376925700,4.64892578125,6.180588915595412,7.003463634327054,-2.987007101802528
1759645178386882600,4.658882568359375,6.180101424339413,7.003356666821241,-2.9882664542138575
1759645178396839700,4.668839599609375,6.1796156866490835,7.002727721267938,-2.9907442425042388
1759645178406796800,4.678796875,6.179184309494495,7.002147875553369,-2.992991436909139
1759645178416753400,4.68875341796875,6.17846651661396,7.001890101400018,-2.995076718750596
1759645178426711600,4.698711669921875,6.177264155086875,7.0021934682607645,-2.9968437284231184
1759645178436668700,4.708668701171875,6.175590084394813,7.003081941533088,-2.998217062602937
1759645178446625800,4.718625732421875,6.1735273066461085,7.004218836608529,-2.999811346057057
1759645178456582700,4.728582763671875,6.171563313096762,7.0052598700940605,-3.0014219961240887
1759645178466539500,4.73853955078125,6.169771168982982,7.006163540935516,-3.0029964058339593
1759645178476496600,4.74849658203125,6.168047998452186,7.006914651563763,-3.004782412467897
1759645178486453500,4.75845361328125,6.1664534227371215,7.007505018672346,-3.00667918599993
1759645178496410600,4.76841064453125,6.1652054685026405,7.007953931483626,-3.0081907596066593
1759645178506367700,4.77836767578125,6.164169111192226,7.008377709853649,-3.0093273624211547
1759645178516324600,4.78832470703125,6.16319179059267,7.00878570613265,-3.0103783327788114
1759645178526281500,4.798281494140625,6.162264738875627,7.009265598604083,-3.0111572081968188
1759645178536238600,4.808238525390625,6.1611547318071125,7.009975792700052,-3.0117744633123276
1759645178546195500,4.818195556640625,6.159906193050742,7.010754375857115,-3.0125170983731744
1759645178556153600,4.828153564453125,6.158499833384156,7.011518345966935,-3.013614830482006
1759645178566110700,4.83811083984375,6.157355339524149,7.011966674256325,-3.0149098387286064
1759645178576067600,4.848067626953125,6.156568573060631,7.012112804728746,-3.0161759131416677
1759645178586024400,4.8580244140625,6.156101540070772,7.011929849377274,-3.017555969323218
1759645178595981600,4.867981689453125,6.156003924915194,7.011558677977323,-3.018614830726385
1759645178605938700,4.877938720703125,6.1556216475993395,7.011418392723798,-3.0197195770978924
1759645178615895600,4.8878955078125,6.154290691256523,7.011931018421054,-3.0212428411424157
1759645178625852700,4.897852783203125,6.15274813798964,7.012475208300351,-3.023124124844372
1759645178635809500,4.9078095703125,6.150783559918403,7.013095970547199,-3.0256781932413577
1759645178645766400,4.917766357421875,6.1483402584195135,7.013651266342401,-3.029356589493155
1759645178655723500,4.9277236328125,6.146421857577562,7.014025944873691,-3.0323794444456693
1759645178665680600,4.9376806640625,6.1451452617704865,7.0141446028172965,-3.0346900594756003
1759645178675638800,4.947638671875,6.144139884120226,7.014349770000576,-3.036252486486733
1759645178685595400,4.957595458984375,6.143026369920372,7.0149150026679035,-3.037197950643301
1759645178695552500,4.967552490234375,6.14155863545537,7.015867773348092,-3.0379671814501283
1759645178705509600,4.977509521484375,6.139702193933725,7.017018112426996,-3.039060821905732
1759645178715466500,4.987466552734375,6.1375236808508635,7.018151500371098,-3.0408430291473865
1759645178725423600,4.997423583984375,6.134892747825384,7.019009578505158,-3.044171004526317
1759645178735380700,5.007380615234375,6.13199176568687,7.019439786615967,-3.0490219516888257
1759645178745337600,5.017337646484375,6.128687463444471,7.019653137105703,-3.055167030315101
1759645178755294500,5.02729443359375,6.124964643529057,7.019756012958288,-3.062386752435565
1759645178765251600,5.03725146484375,6.120732705047726,7.020213109076023,-3.06979059895128
1759645178775208700,5.047208740234375,6.115763099941611,7.0213038269221775,-3.077192984162271
1759645178785165600,5.05716552734375,6.109402917259931,7.022933473950624,-3.0860967138469215
1759645178795123500,5.06712353515625,6.101930973944068,7.024947736382484,-3.096278792904317
1759645178805080600,5.07708056640625,6.093895551526546,7.027112220939993,-3.107173404145241
1759645178815037700,5.08703759765625,6.08510551134944,7.0292854733258485,-3.1194568393960593
1759645178824994600,5.09699462890625,6.074878716367483,7.031290383407473,-3.1348353180527684
1759645178834951700,5.10695166015625,6.062557579454779,7.032857486593723,-3.1551062449261544
1759645178844908800,5.11690869140625,6.046683133974671,7.034946567827463,-3.1808079646766183
1759645178854865700,5.12686572265625,6.030461482492089,7.037282317298651,-3.206334620121121
1759645178864822500,5.136822509765625,6.015733284437656,7.040735088101029,-3.226358001974225
1759645178874779600,5.146779541015625,6.003844109201431,7.045290851709246,-3.23853563876301
1759645178884736500,5.156736572265625,5.994565993246436,7.051908808544278,-3.2413197165235874
1759645178894694700,5.166694580078125,5.987069500011206,7.059900391820073,-3.237775760306418
1759645178904651500,5.176651611328125,5.980262742605805,7.067990174773335,-3.2327015257820486
1759645178914608600,5.186608642578125,5.973810205465555,7.075916291597485,-3.2272888530835506
1759645178924565500,5.1965654296875,5.967744621816277,7.082848136687279,-3.223302706056833
1759645178934522600,5.206522705078125,5.9623564990371465,7.087389871770143,-3.22328984657526
1759645178944479700,5.216479736328125,5.957431317594647,7.089408810377121,-3.2279514086455103
1759645178954436600,5.2264365234375,5.952611934614181,7.089532729017734,-3.236560539297759
1759645178964393700,5.236393798828125,5.947828791990876,7.088776357692479,-3.2469927937239405
1759645178974350600,5.2463505859375,5.943273612904548,7.087998359057307,-3.2570176363930106
1759645178984307500,5.256307373046875,5.939072654083371,7.087887884420156,-3.2649107277303933
1759645178994264600,5.2662646484375,5.934573589098453,7.089058681765199,-3.2705443497031923
1759645179004222700,5.27622265625,5.929222875720262,7.091514258223771,-3.2749235877007243
1759645179014179600,5.2861796875,5.923419742399454,7.094450896197557,-3.2790620026797055
1759645179024136400,5.296136474609375,5.918009992310404,7.097048511475324,-3.283206262877583
1759645179034093600,5.306093505859375,5.9130380491167305,7.098999645543098,-3.287942059227824
1759645179044050700,5.31605078125,5.908714925220608,7.10033995423615,-3.292817264048755
1759645179054007600,5.326007568359375,5.905127714383601,7.101285710653662,-3.2972105305716393
1759645179063964700,5.335964599609375,5.902148406311869,7.102141450700163,-3.300698957209289
1759645179073921800,5.345921875,5.899757127261162,7.102893145850301,-3.3033556091979146
1759645179083878400,5.35587841796875,5.89798777950108,7.103624967256188,-3.3049405403017995
1759645179093835500,5.36583544921875,5.897030917167664,7.104343929180502,-3.305102452865243
1759645179103793700,5.375793701171875,5.896225446003675,7.105583700108528,-3.3038758336797356
1759645179113750800,5.385750732421875,5.894793367373943,7.107707852655649,-3.3018612789869306
1759645179123707600,5.395707763671875,5.892788457292318,7.110394899782538,-3.2996552933752534
1759645179133664500,5.40566455078125,5.8906894391864535,7.112977317491174,-3.2978368457764384
1759645179143621600,5.41562158203125,5.889067390942573,7.114921437296271,-3.2965389149203896
1759645179153578500,5.42557861328125,5.888029864588379,7.116165884399414,-3.2957053867056962
1759645179163535400,5.435535400390625,5.8870595582515,7.1169380378156895,-3.295771145418286
1759645179173492500,5.445492431640625,5.8859688404053445,7.117464107516407,-3.2965839231058953
1759645179183449300,5.455449462890625,5.884808564454317,7.117734741151333,-3.2980697777494785
1759645179193406500,5.465406494140625,5.883500404465198,7.117892562061548,-3.300064458698034
1759645179203364400,5.4753642578125,5.882134376809001,7.1181298779487605,-3.3019849053665995
1759645179213321200,5.4853212890625,5.8812061560481785,7.1185717764973635,-3.3026860393732784
1759645179223278300,5.4952783203125,5.880579548582435,7.119525716221332,-3.301744959130883
1759645179233235500,5.5052353515625,5.8796425599932665,7.121038458871841,-3.3001521369814872
1759645179243192300,5.5151923828125,5.878048568800091,7.122926464575529,-3.298917334489524
1759645179253149200,5.525149169921875,5.87588817589581,7.1248688308149575,-3.2985718820527192
1759645179263106300,5.535106201171875,5.87350040397644,7.126568035948276,-3.2991537735939023
1759645179273063400,5.5450634765625,5.87087005547285,7.127740586858987,-3.3013021837994456
1759645179283020300,5.555020263671875,5.867907114014029,7.128223401939868,-3.3055224318429826
1759645179292977400,5.564977294921875,5.865082704243064,7.128112342780828,-3.3107711461514233
1759645179302935300,5.574935302734375,5.863351934927701,7.127588611167669,-3.314961583578586
1759645179312892400,5.584892333984375,5.862520160278677,7.1272566027343265,-3.31714623414129
1759645179322849300,5.594849365234375,5.861703583198786,7.1277224666804075,-3.3175866713851687
1759645179332806400,5.604806396484375,5.860340478152036,7.128975097090006,-3.3173034705296156
1759645179342763500,5.614763427734375,5.858204635167121,7.13094318229258,-3.3168452053681015
1759645179352720400,5.624720458984375,5.855594160407781,7.133036355179548,-3.3169562645271418
1759645179362677200,5.63467724609375,5.853138583949208,7.134621578544378,-3.3178818549394604
1759645179372634400,5.64463427734375,5.851206154581904,7.13530780724287,-3.31981282300204
1759645179382591200,5.65459130859375,5.84977699856162,7.13499099637866,-3.3230110345214605
1759645179392548400,5.66454833984375,5.848494557535648,7.134112459978461,-3.3271512030661103
1759645179402506200,5.67450634765625,5.8471764606744046,7.132830018952489,-3.3322131626307963
1759645179412463400,5.68446337890625,5.845798742580413,7.131501985219121,-3.3374685989409683
1759645179422420200,5.694420166015625,5.844498181375861,7.1305305098384615,-3.3418186108440158
1759645179432377300,5.70437744140625,5.843369469606876,7.129765955206752,-3.345423357337713
1759645179442334500,5.71433447265625,5.842105148759484,7.1289692518711085,-3.3493259177342054
1759645179452291300,5.724291259765625,5.840832644605636,7.1282193102866405,-3.35314109210819
1759645179462248400,5.73424853515625,5.8398453871339555,7.127668690666556,-3.3560289225041866
1759645179472205300,5.744205322265625,5.839124671643972,7.127347203627228,-3.357966028046608
1759645179482162200,5.754162109375,5.838346673008799,7.127344865539669,-3.3593227033525705
1759645179492120300,5.764120361328125,5.837298625260591,7.127241405165195,-3.361361807964742
1759645179502077400,5.774077392578125,5.8361728361010545,7.126731117555499,-3.3643986914426085
1759645179512034300,5.784034423828125,5.835617540305853,7.125578440389036,-3.3678003165796397
1759645179521991200,5.7939912109375,5.835692943629622,7.124101353573799,-3.37079336091578
1759645179531948300,5.8039482421875,5.836359883105755,7.1223296677261585,-3.373383377408981
1759645179541905400,5.813905517578125,5.837333112052082,7.120265136411786,-3.3760555192276835
1759645179551862300,5.8238623046875,5.838309263607859,7.117877949014305,-3.3793995689585805
1759645179561819400,5.8338193359375,5.839298274645209,7.114937219387293,-3.383879636982083
1759645179571776500,5.843776611328125,5.8409010336667295,7.111862634247541,-3.3875773224562407
1759645179581734400,5.853734375,5.84272941813767,7.109360880559683,-3.389673125691712
1759645179591691300,5.863691162109375,5.844120580235123,7.107729479965567,-3.390696915781498
1759645179601648400,5.8736484375,5.845089717528223,7.106800090160966,-3.390974271418154
1759645179611605500,5.88360546875,5.846206154337525,7.105785944682359,-3.391175346948206
1759645179621562400,5.893562255859375,5.847620112788677,7.104304181692004,-3.3918408251196146
1759645179631519200,5.903519287109375,5.8490586211591955,7.102584518292546,-3.3929633994087576
1759645179641476400,5.913476318359375,5.850800496390462,7.100617602133751,-3.3940780826523897
1759645179651433200,5.92343310546875,5.852808329081535,7.098671728762984,-3.3946833550691604
1759645179661390300,5.933390380859375,5.854807393944263,7.096899458393454,-3.394941421483457
1759645179671348200,5.94334814453125,5.8566316867619745,7.095413603749871,-3.3949010894730685
1759645179681305300,5.953305419921875,5.8581865149885415,7.094124732983112,-3.394911026345193
1759645179691262200,5.96326220703125,5.859293599447608,7.093048043662309,-3.3952518026068805
1759645179701219300,5.97321923828125,5.85992429856658,7.092128006207942,-3.3960841617777944
1759645179711176400,5.983176513671875,5.860234679690003,7.091214398494363,-3.397457495957613
1759645179721133300,5.99313330078125,5.860722170946001,7.0902189577162265,-3.3986946365371344
1759645179731090400,6.00309033203125,5.861659744057059,7.089328146356344,-3.398936628599465
1759645179741047300,6.01304736328125,5.863002975359558,7.088610353475809,-3.3981165443882344
1759645179751004200,6.023004150390625,5.86439881363213,7.088060318377614,-3.3968548538893457
1759645179760961300,6.032961181640625,5.865535124185681,7.087419097864627,-3.3962291232064366
1759645179770919400,6.04291943359375,5.866660328823328,7.086092233175039,-3.3970547603756187
1759645179780876300,6.052876220703125,5.867677981433272,7.084198966774344,-3.39924408711344
1759645179790833200,6.062833251953125,5.868630752113461,7.082258354100585,-3.401643841731548
1759645179800790300,6.072790283203125,5.869582353749871,7.080519986000657,-3.403621571545303
1759645179810747400,6.082747314453125,5.870605851578712,7.078837732002139,-3.4053526331216095
1759645179820704300,6.092704345703125,5.871895306867361,7.077130928084254,-3.4066754061579703
1759645179830661400,6.102661376953125,5.873309265318513,7.075560902288555,-3.4075016278490424
1759645179840618500,6.112618408203125,5.874798627093434,7.074091414257883,-3.407983566147089
1759645179850576400,6.122576416015625,5.876593109294772,7.07264355353713,-3.4078947188198563
1759645179860533200,6.132533203125,5.878369471317529,7.071281617534161,-3.4076562338888645
1759645179870490400,6.142490478515625,5.879892735362053,7.070196160385012,-3.407283893445134
1759645179880447500,6.152447509765625,5.881368068611621,7.06922994570136,-3.406741457131505
1759645179890404400,6.162404296875,5.882724743917584,7.068267822670936,-3.4063936666071415
1759645179900361200,6.172361328125,5.883532553169131,7.067436632543802,-3.4067218756482003
1759645179910318300,6.182318359375,5.884147470197081,7.066484446385503,-3.4076369446665047
1759645179920275200,6.192275146484375,5.885161615675687,7.065043015405536,-3.408873208463192
1759645179930232300,6.202232421875,5.8862681156128644,7.063567097634077,-3.4100220862373707
1759645179940190200,6.212190185546875,5.8871735400199885,7.0625944532096385,-3.410473337136209
1759645179950147300,6.222147216796875,5.888128064265847,7.061684352627396,-3.410709776240587
1759645179960104200,6.232104248046875,5.8892351487249135,7.060631044182181,-3.4109792408317325
1759645179970061300,6.242061279296875,5.8902551394224165,7.059657815235853,-3.4112314620271325
1759645179980018400,6.252018310546875,5.8912459040254355,7.05859866157174,-3.411712523542344
1759645179989975300,6.261975341796875,5.892060143017768,7.0573097908049816,-3.4129730449974534
1759645179999932400,6.271932373046875,5.892637650644779,7.056258820447325,-3.414149103039503
1759645180009889300,6.28188916015625,5.893378239879012,7.055340536558628,-3.414768403981626
1759645180019846100,6.29184619140625,5.89461275011003,7.05427319958806,-3.4148417614787814
1759645180029804300,6.30180419921875,5.895816865202784,7.053729594230651,-3.413885775928199
1759645180039761400,6.311761474609375,5.896639287501573,7.053943529242277,-3.412022612404823
1759645180049718300,6.32171826171875,5.897409102830291,7.054469598942995,-3.4096053221300244
1759645180059675100,6.331675048828125,5.898269519051909,7.054919096276164,-3.407186862811446
1759645180069632300,6.34163232421875,5.899159745889902,7.055059966051578,-3.4053546789482234
1759645180079589400,6.35158935546875,5.89968581559062,7.055108481368422,-3.404340825730562
1759645180089546200,6.361546142578125,5.900315930187702,7.055005605515837,-3.4034631661131978
1759645180099503400,6.37150341796875,5.901240059295296,7.05473906353414,-3.4024119034945963
1759645180109460500,6.38146044921875,5.902080601772665,7.054616898459195,-3.401207788401842
1759645180119418400,6.39141845703125,5.902360003235936,7.054998006731271,-3.3999329461604355
1759645180129375200,6.401375244140625,5.902013381755352,7.055625783240795,-3.3992303508490322
1759645180139332400,6.411332275390625,5.900994560101628,7.056492044681311,-3.3992002479717134
1759645180149289500,6.42128955078125,5.899896827992796,7.05738694769442,-3.3992481787666677
1759645180159246600,6.43124658203125,5.8987768840521575,7.058624380534887,-3.398621571300924
1759645180169203500,6.441203369140625,5.89772708273828,7.060216618162393,-3.3971368857011197
1759645180179160600,6.45116064453125,5.896717613434792,7.061987719488143,-3.3952067944213744
1759645180189117700,6.46111767578125,5.895653783595562,7.063686924621463,-3.3935192797258495
1759645180199075600,6.47107568359375,5.894789275720715,7.06499683817625,-3.392294121845066
1759645180209032400,6.481032470703125,5.894058038836717,7.065769576114416,-3.391955683670938
1759645180218989600,6.490989501953125,5.893783313548565,7.065611170682311,-3.3927614470958707
1759645180228946700,6.50094677734375,5.8936056188940995,7.064559615802764,-3.3952594013914466
1759645180238903600,6.510903564453125,5.8934185718894,7.063029337495565,-3.3987659482076764
1759645180248860700,6.520860595703125,5.893140923991799,7.061704810893535,-3.4019977697357535
1759645180258817800,6.53081787109375,5.892794302511215,7.0608613458067175,-3.4043510548636315
1759645180268774400,6.5407744140625,5.892290444642305,7.060608832350373,-3.405744847309589
1759645180278731500,6.5507314453125,5.891296172907948,7.060861930328607,-3.406938733269274
1759645180288689700,6.560689697265625,5.890087381640076,7.0611313949197525,-3.408469888359308
1759645180298646500,6.570646484375,5.889155069226026,7.061013321498036,-3.410329252490401
1759645180308603600,6.580603759765625,5.8887143397212025,7.060647995316982,-3.411843164184689
1759645180318560500,6.590560546875,5.888796172785758,7.060162842148542,-3.4127059184938666
1759645180328517600,6.600517578125,5.88901712206006,7.059902145385742,-3.4128649084478613
1759645180338474500,6.610474609375,5.8888937879413366,7.060012620022892,-3.41284912635684
1759645180348431600,6.620431640625,5.888202298545837,7.060550964683294,-3.412929205855727
1759645180358388700,6.630388671875,5.887374615550041,7.060965975224971,-3.4134967766106126
1759645180368346400,6.640346435546875,5.88677898774445,7.060958960962295,-3.414536641052365
1759645180378303500,6.650303466796875,5.886159979063272,7.061064759424329,-3.4153862436190248
1759645180388260600,6.660260498046875,5.885301900929212,7.061496136578917,-3.4159733958572147
1759645180398217700,6.6702177734375,5.883976789805293,7.062606143647432,-3.4159611208975313
1759645180408174600,6.680174560546875,5.882197505173087,7.064470768475532,-3.4151699705198406
1759645180418131700,6.690131591796875,5.880353923133015,7.066841589260101,-3.4134392012044787
1759645180428088600,6.700088623046875,5.878969190776348,7.06924865040183,-3.4108398323610425
1759645180438045400,6.71004541015625,5.877690841403603,7.071285124665498,-3.4088194324493406
1759645180448002600,6.72000244140625,5.875948381650447,7.072687977200746,-3.40891354047358
1759645180457960700,6.729960693359375,5.873884434857964,7.073346148848533,-3.41110462077707
1759645180467917600,6.73991748046875,5.871853805813193,7.073373621377349,-3.414542194010317
1759645180477874400,6.74987451171875,5.869874614694714,7.07340752364695,-3.4178739687815307
1759645180487831600,6.75983154296875,5.867541787832975,7.074037638244032,-3.4205744599118826
1759645180497788700,6.76978857421875,5.864534422710538,7.075267472299933,-3.4231893185853957
1759645180507745500,6.77974560546875,5.8612950023978945,7.07665395822227,-3.4258678901448842
1759645180517702700,6.78970263671875,5.8580719486981625,7.07805155006051,-3.4284923934295772
1759645180527659800,6.79965966796875,5.855318266075849,7.07904056109786,-3.431154013854265
1759645180537617700,6.80961767578125,5.8527808565527195,7.079530974963307,-3.434469422012567
1759645180547574500,6.819574462890625,5.849823175790906,7.079667753085493,-3.4392224617585536
1759645180557531600,6.82953173828125,5.846206738859415,7.079797516945004,-3.445100706142187
1759645180567488800,6.83948876953125,5.841416581973433,7.080146476513147,-3.4524998764827846
1759645180577445600,6.849445556640625,5.834828435754775,7.081461066243052,-3.4609339428290724
1759645180587401700,6.859401611328125,5.826355790963769,7.0841089504033325,-3.46977834354192
1759645180597359600,6.869359619140625,5.816702996477485,7.087416175255179,-3.47920638936162
1759645180607316500,6.87931640625,5.8059378568351265,7.0906965121001,-3.490486785049736
1759645180617273600,6.889273681640625,5.794223453643918,7.094288399112224,-3.502631980873644
1759645180627230700,6.899230712890625,5.781769630262255,7.09791535743773,-3.515838083927333
1759645180637187600,6.9091875,5.768666987583041,7.101060085204243,-3.5309774931311604
1759645180647144400,6.91914453125,5.755386065727472,7.1032105412364,-3.5482851862847804
1759645180657101600,6.9291015625,5.742199251896142,7.104246898546815,-3.5675223861962553
1759645180667058400,6.939058349609375,5.728715500944853,7.104687043529749,-3.5882629764080045
1759645180677015600,6.949015625,5.714679961329698,7.104763031375407,-3.6104248315945267
1759645180686973700,6.9589736328125,5.700275003880262,7.104706332752108,-3.633234921556711
1759645180696930600,6.9689306640625,5.686078136223554,7.1048507096588605,-3.655132572849095
1759645180706887400,6.978887451171875,5.672431303665042,7.1053358628273005,-3.6753386177927254
1759645180716844500,6.988844482421875,5.659489404505491,7.106782554504275,-3.6924542955055832
1759645180726801700,6.9988017578125,5.647383956170081,7.109474277806282,-3.7057828558951615
1759645180736758500,7.008758544921875,5.636152952581644,7.113046875596046,-3.716010819920897
1759645180746715600,7.018715576171875,5.62593960160315,7.116668573224544,-3.724543378205597
1759645180756672500,7.028672607421875,5.617144885250926,7.120204930657148,-3.7310531984910367
1759645180766630700,7.038630615234375,5.609674695500731,7.123954638579487,-3.7351311154544353
1759645180776587500,7.04858740234375,5.602723561188578,7.12807142624855,-3.737709149248898
1759645180786544600,7.058544677734375,5.595780610182881,7.13236123239696,-3.7399250717326997
1759645180796501800,7.068501708984375,5.5886278158187865,7.13691115078628,-3.741942256774008
1759645180806458400,7.078458251953125,5.581519445118308,7.14155517719984,-3.743690269485116
1759645180816415500,7.08841552734375,5.5743005997806785,7.14653471917808,-3.744943192155659
1759645180826372600,7.09837255859375,5.566555100220442,7.152002336934208,-3.7460260189563033
1759645180836329500,7.10832958984375,5.558460641092061,7.158425647979974,-3.745774966804683
1759645180846287600,7.11828759765625,5.549971629688144,7.1660361229836935,-3.743810388733446
1759645180856244500,7.128244384765625,5.5407291695684195,7.174400631225109,-3.74148136126399
1759645180866201600,7.13820166015625,5.530588883826137,7.183119359731673,-3.7397552681237456
1759645180876158500,7.148158447265625,5.519825497749448,7.191846856066584,-3.738883453725278
1759645180886115600,7.158115478515625,5.508821288654208,7.200361001911759,-3.738727094119787
1759645180896072700,7.16807275390625,5.497830523562431,7.20860276055634,-3.7390225699350235
1759645180906029600,7.178029541015625,5.4870823350548745,7.216406712305545,-3.7397561449065804
1759645180915986400,7.187986328125,5.476223671910167,7.2236688122630115,-3.7416520416557786
1759645180925943600,7.197943603515625,5.464813804623485,7.230521746897697,-3.7450957523688673
1759645180935901700,7.207901611328125,5.452991264882684,7.237300447252393,-3.749234751869738
1759645180945858600,7.217858642578125,5.440827364358306,7.244733227601647,-3.752549867767095
1759645180955815700,7.227815673828125,5.427983080354332,7.253440265670418,-3.7543282756164666
1759645180965772500,7.2377724609375,5.414281887260079,7.26341396267414,-3.7548318412244317
1759645180975729400,7.2477294921875,5.399983897316456,7.274348029142618,-3.7542540413364764
1759645180985686500,7.2576865234375,5.385123012793064,7.285705289459228,-3.7535780417710543
1759645180995643600,7.2676435546875,5.369798602411151,7.2970678104728455,-3.7534582147836684
1759645181005600500,7.2776005859375,5.354367224523425,7.308149760979414,-3.753943660213053
1759645181015558400,7.287558349609375,5.338908374106884,7.3192176829606295,-3.754398418243229
1759645181025515500,7.297515625,5.323218637543916,7.330472067424655,-3.7547184439778327
1759645181035472600,7.30747265625,5.3069665909230705,7.342001177176833,-3.7551995054930445
1759645181045429500,7.317429443359375,5.289927777838707,7.353954065299034,-3.7558480325296517
1759645181055386600,7.32738671875,5.272189876574277,7.366243638029694,-3.7567087410122153
1759645181065343700,7.33734375,5.253956885269284,7.378592247471213,-3.758018654567003
1759645181075300400,7.34730029296875,5.234722023445367,7.391141347920894,-3.7602021360859275
1759645181085257500,7.357257568359375,5.2139416857451195,7.403816120576858,-3.7641330457940696
1759645181095214600,7.367214599609375,5.191768432381749,7.41664403796792,-3.769523798921704
1759645181105172700,7.3771728515625,5.168649422600865,7.430054723682999,-3.774880357518792
1759645181115129300,7.38712939453125,5.1454953415066,7.444446821650862,-3.778155433666706
1759645181125086500,7.39708642578125,5.122424262520671,7.459833191353082,-3.779159057751298
1759645181135043600,7.407043701171875,5.098867445844411,7.476057180923223,-3.7789547673508523
1759645181145000400,7.41700048828125,5.074464825993776,7.492911285090446,-3.778420514343679
1759645181154957000,7.42695703125,5.049105343809724,7.510230668681859,-3.778009595455229
1759645181164914200,7.4369140625,5.022701321008801,7.5279066106259815,-3.77802654659003
1759645181174871000,7.44687109375,4.99560639333427,7.545536375340819,-3.7787791185230013
1759645181184828200,7.456828125,4.96796552221477,7.5632824599117034,-3.779742995119095
1759645181194786000,7.4667861328125,4.939857033583522,7.581248909235,-3.7805917209029194
1759645181204743200,7.4767431640625,4.911078682866692,7.599497098109126,-3.781447168688476
1759645181214700000,7.486699951171875,4.8812268576994535,7.618597519898414,-3.7816646108314393
1759645181224657200,7.4966572265625,4.8503100336492055,7.638746573957801,-3.7807986416518684
1759645181234614000,7.506614013671875,4.818509704762697,7.659954781681299,-3.7785526162907477
1759645181244571000,7.51657080078125,4.78580073659867,7.6821426480919115,-3.7750752955690023
1759645181254528000,7.526528076171875,4.751957795968652,7.705045969295501,-3.771147600731253
1759645181264485000,7.536485107421875,4.716734214635193,7.728487050637602,-3.7673999386355277
1759645181274442000,7.54644189453125,4.680228484536707,7.752286443898082,-3.7640278318539258
1759645181284399900,7.55639990234375,4.642286876416206,7.776386281409859,-3.761299283672869
1759645181294357000,7.56635693359375,4.603010220299661,7.800823972573876,-3.758967333593964
1759645181304314000,7.576314208984375,4.562715034790337,7.825529374763369,-3.756742935542762
1759645181314271000,7.58627099609375,4.521649741691351,7.850424162045121,-3.7544501484304664
1759645181324228000,7.59622802734375,4.479866655711829,7.875274525663256,-3.752496384014189
1759645181334185200,7.606185302734375,4.437577958297729,7.899978174287081,-3.7508179294079538
1759645181344142000,7.61614208984375,4.39374933796525,7.924981098118424,-3.749670805199444
1759645181354099000,7.626098876953125,4.348743782807887,7.949865364006161,-3.7494597927972673
1759645181364056000,7.63605615234375,4.304379448163509,7.974098472508787,-3.749195296642184
1759645181374013200,7.64601318359375,4.261019029864668,7.9976196333497755,-3.7486262645825743
1759645181383971000,7.65597119140625,4.218479572559893,8.020469178539514,-3.747919285356998
1759645181393928000,7.665927978515625,4.175941284298896,8.043314047554135,-3.746597681364417
1759645181403885000,7.675885009765625,4.1330648501247165,8.066743438458442,-3.7437694722011683
1759645181413842000,7.685842041015625,4.089700047911704,8.091128522652387,-3.738765672564506
1759645181423799000,7.695799072265625,4.045922280983627,8.115887116333841,-3.7327307763144373
1759645181433756200,7.705756103515625,4.001502709020674,8.140932125741243,-3.726068980337679
1759645181443713000,7.715713134765625,3.956335533560812,8.166702526813745,-3.7178964875370264
1759645181453670100,7.725670166015625,3.9108363496676084,8.192871571815013,-3.7084494447559115
1759645181463627000,7.735626953125,3.8646608739480373,8.2192492911309,-3.6984751632302997
1759645181473584000,7.745584228515625,3.8191839018866416,8.245138934668898,-3.6880756420299408
1759645181483542000,7.7555419921875,3.7747277973055837,8.27038735769391,-3.6772985196888444
1759645181493499100,7.7654990234375,3.7312978209018706,8.294624557849763,-3.6670182409539818
1759645181503456000,7.7754560546875,3.6882150505006313,8.317614972814917,-3.6585143242418763
1759645181513412900,7.785412841796875,3.6447047023370858,8.338947683700919,-3.6535569940954447
1759645181523370000,7.795369873046875,3.6005145552158355,8.35854670266211,-3.6525875645413994
1759645181533327000,7.8053271484375,3.5553938492462036,8.37611450805664,-3.656536302167177
1759645181543284200,7.8152841796875,3.50895270832777,8.391831717148422,-3.6653526458293197
1759645181553241000,7.825240966796875,3.4605279923766847,8.406756314557791,-3.677172262960672
1759645181563198200,7.8351982421875,3.4091739449754357,8.422178924617171,-3.6898292076990007
1759645181573155000,7.845155029296875,3.354196738640964,8.439035366871952,-3.7016812657952305
1759645181583112000,7.85511181640625,3.2950279258355497,8.458110069698094,-3.7112750235706566
1759645181593070000,7.865070068359375,3.2316143150672314,8.479535135042667,-3.7181364337727425
1759645181603027200,7.875027099609375,3.164972682163119,8.502875678619741,-3.722158528895676
1759645181612984000,7.884984130859375,3.097329178740084,8.527263100901246,-3.723268243703246
1759645181622941000,7.89494091796875,3.0314567766427993,8.551752229991555,-3.7213182786792514
1759645181632898000,7.90489794921875,2.9692846903681755,8.57533535015285,-3.71717138813287
1759645181642855200,7.914855224609375,2.911089691030979,8.597410988360643,-3.7122052901580926
1759645181652812000,7.92481201171875,2.856308884051442,8.617609726780653,-3.70792074470669
1759645181662769200,7.93476904296875,2.8047753884300586,8.63607594231963,-3.704297001251578
1759645181672726300,7.944726318359375,2.755671458043158,8.653671220242977,-3.700087859123945
1759645181682683000,7.954682861328125,2.7078070063233373,8.671334887227415,-3.6940631920069453
1759645181692640000,7.964639892578125,2.6598665667578576,8.689817469379305,-3.685451138745248
1759645181702598100,7.97459814453125,2.61082196534276,8.709935543778538,-3.673013681976497
1759645181712555300,7.98455517578125,2.5618723487347363,8.731498556289075,-3.656243748961389
1759645181725002000,7.997001953125,2.502485509264469,8.759190280812978,-3.6310523168206212
1759645181734959000,8.006958984375,2.456192544645071,8.780588458150625,-3.610924305549264
1759645181744916000,8.016916015625,2.4113218679137525,8.800312564796208,-3.593109539656341
1759645181754873000,8.026873046875,2.3685101695388555,8.817847636964917,-3.57856371243149
1759645181764830200,8.036830322265626,2.3279129323430356,8.833007796695828,-3.567795942440629
1759645181774787000,8.046787109375,2.2881628134958443,8.846441863286495,-3.560218492923677
1759645181784744000,8.056743896484376,2.247875519032031,8.858813269081711,-3.555116785870492
1759645181794701000,8.066701171875,2.206562096390873,8.870811749911308,-3.551081539005041
1759645181804658200,8.076658203125,2.1639164022326467,8.883189000925421,-3.5463808139681814
1759645181814616000,8.086615966796876,2.119525179581344,8.896808360955118,-3.539040388077497
1759645181824573000,8.096572998046875,2.073052474480867,8.912195315179229,-3.5278380260616538
1759645181834530000,8.106530029296875,2.0250500755950807,8.929612313926219,-3.5116371251061556
1759645181844487000,8.11648681640625,1.976260910245776,8.948803921130299,-3.490516887927055
1759645181854444000,8.126444091796875,1.9266770873874424,8.969555032736062,-3.4648782965406775
1759645181864401200,8.136401123046875,1.876810502064973,8.991281126853822,-3.4358173294901846
1759645181874358300,8.146358154296875,1.8268791809432208,9.013490620574355,-3.404389341047406
1759645181884315100,8.156315185546875,1.7773811366721988,9.036023354899882,-3.3706931154116986
1759645181894272000,8.16627197265625,1.7286327417246996,9.058928429669141,-3.3343706329256295
1759645181904229000,8.17622900390625,1.6802879591420292,9.081731213107705,-3.2968457889124747
1759645181914186000,8.18618603515625,1.6318201347015797,9.103438018003105,-3.2611300401479
1759645181924143000,8.19614306640625,1.5842188639625907,9.123431589239836,-3.228563695324957
1759645181934101000,8.20610107421875,1.5384190896876155,9.141169490504264,-3.200421012163162
1759645181944058000,8.21605810546875,1.4933352085970342,9.156911249515414,-3.176680071091652
1759645181954015000,8.226014892578124,1.4493743401870132,9.171593270340562,-3.1546099858418106
1759645181963972000,8.23597216796875,1.4081449425674974,9.18537629649937,-3.1331103939563034
1759645181973929200,8.24592919921875,1.3696433624766766,9.198353851494193,-3.11203282687515
1759645181983886000,8.255885986328124,1.3320688341028988,9.210589063689111,-3.092090693564713
1759645181993843200,8.26584326171875,1.293706224091351,9.222255536085367,-3.073550536006689
1759645182003800000,8.275800048828126,1.2537391014926136,9.233480109933017,-3.0563638388842342
1759645182013757000,8.2857568359375,1.2122202194072305,9.24421836156845,-3.0406130197837946
1759645182023714000,8.295714111328126,1.1692283421598375,9.254312470081448,-3.0267116279423236
1759645182033671200,8.305671142578126,1.1257692857921122,9.263517520800232,-3.0150051157966256
1759645182043628000,8.3156279296875,1.083333946448937,9.271547682520747,-3.0058553023964163
1759645182053586000,8.3255859375,1.0428712954182178,9.27836613036394,-2.999119856661558
1759645182063543000,8.33554296875,1.0044483335215597,9.28407515566051,-2.994567600184679
1759645182073500200,8.345500244140625,0.9680115770060569,9.28897929431498,-2.99135799048841
1759645182083457000,8.35545703125,0.9336752268359064,9.292948197945952,-2.9899446165591477
1759645182093414100,8.3654140625,0.901759308745712,9.29597368324697,-2.9903309855282303
1759645182103371300,8.375371337890625,0.8721020563025027,9.298160964158177,-2.9923280045643446
1759645182113327900,8.385327880859375,0.8439987553030251,9.299680721071361,-2.9956594870746134
1759645182123285000,8.395284912109375,0.815525086621195,9.300986542972922,-2.9994904435396195
1759645182133242000,8.4052421875,0.7846925067882985,9.301963279050588,-3.004681582441926
1759645182143199000,8.415198974609375,0.75082121684663,9.302923063993454,-3.0103613816440102
1759645182153156000,8.425156005859375,0.7142800501085818,9.304177447968721,-3.0153739491090175
1759645182163113500,8.435113525390625,0.6756769824046641,9.305994142001866,-3.0186659763917327
1759645182173070300,8.4450703125,0.6357266648102551,9.308684111738204,-3.019045623359084
1759645182183028200,8.4550283203125,0.595758628896065,9.312446094620228,-3.0155925602957603
1759645182192985300,8.4649853515625,0.55793626324106,9.316946328648925,-3.0089158590108154
1759645182202942500,8.4749423828125,0.5226087831417099,9.321607890719175,-3.000812924315035
1759645182212899300,8.4848994140625,0.4892659740535542,9.32586905529499,-2.9931904666125773
1759645182222856200,8.494856201171874,0.4561400225864723,9.329635714352131,-2.9866736320644613
1759645182232813300,8.504813232421874,0.42328492395002393,9.333110112464427,-2.9806492572084067
1759645182242770400,8.5147705078125,0.39136268571689725,9.336074807488918,-2.9757223222002387
1759645182252727300,8.524727294921876,0.3599372180247679,9.338544996994733,-2.9719366661816835
1759645182262684400,8.534684326171876,0.3291736483074724,9.34136999128759,-2.966621024116874
1759645182272641500,8.5446416015625,0.3021382140015252,9.344608242556452,-2.9592879047498104
1759645182282598100,8.55459814453125,0.28110055880565193,9.347751801279186,-2.951422285941243
1759645182292555300,8.56455517578125,0.265552331338916,9.350626479932666,-2.943746052224934
1759645182302513400,8.574513427734376,0.2525723469249904,9.353502912151813,-2.935741609467566
1759645182312470500,8.584470458984375,0.23958410613937303,9.356377006283402,-2.9276646859958766
1759645182322427400,8.594427490234375,0.22503358447309582,9.359424703416227,-2.919064030911028
1759645182332384300,8.60438427734375,0.2092725179732777,9.362583459708095,-2.910093957991898
1759645182342341400,8.61434130859375,0.19358486376954243,9.365786639663577,-2.900854712742567
1759645182352298200,8.62429833984375,0.17855810289364307,9.369266298472882,-2.890566542962193
1759645182362255400,8.63425537109375,0.1653190108858049,9.373267935329675,-2.8783538348600266
1759645182372212500,8.64421240234375,0.15482276957901195,9.377803825193643,-2.864130371457338
1759645182382169300,8.65416943359375,0.14673077640235424,9.382947617822884,-2.8476579600840806
1759645182392126200,8.664126220703125,0.1405367440678179,9.38881387950778,-2.8285747816905378
1759645182402083300,8.674083251953125,0.1359299078594893,9.395112102869152,-2.807803796340525
1759645182412040200,8.684040283203124,0.1322502786318306,9.401471116507054,-2.7866175081878897
1759645182421998300,8.693998291015625,0.1283188209344167,9.40751916449964,-2.766320277829468
1759645182431955500,8.70395556640625,0.12426284180819057,9.4127582341969,-2.748623000836372
1759645182441912300,8.713912353515624,0.12086085134497843,9.416744673484564,-2.7350895655244587
1759645182451869200,8.723869140625,0.11891645754524506,9.419162840542196,-2.7268355319201945
1759645182461826300,8.733826416015624,0.11874958567889407,9.419887063163518,-2.724334070493281
1759645182471783400,8.743783447265624,0.12046745898006483,9.419181545242667,-2.72670430675596
1759645182481740300,8.753740234375,0.1241728163040243,9.417492276981472,-2.7323671548232435
1759645182491697400,8.763697509765626,0.1297307061594911,9.415243621271848,-2.73984289753139
1759645182501654300,8.773654296875,0.13728129506898112,9.412843574392795,-2.747709393122792
1759645182511611100,8.783611083984376,0.14677147373892366,9.410431252554059,-2.7554700902521607
1759645182521568300,8.793568359375,0.15755129949375987,9.408033543762564,-2.763055138553679
1759645182531526400,8.8035263671875,0.16928168570538982,9.405745140564441,-2.7701445122927426
1759645182541483500,8.8134833984375,0.18107823248840868,9.403564289394021,-2.7767952023535964
1759645182551440100,8.823440185546875,0.19186952948532998,9.401375254917145,-2.783476579813659
1759645182561397200,8.833397216796875,0.2010586702489294,9.39908626719713,-2.7905454952865836
1759645182571354400,8.843354248046875,0.20933522621225564,9.396610232472419,-2.7982652758836744
1759645182581311200,8.853311279296875,0.21861995457112787,9.39390331160128,-2.8066303686469793
1759645182591268400,8.863268310546875,0.2305484206381254,9.390744555309414,-2.8162361091211436
1759645182601225500,8.8732255859375,0.2461005753613077,9.386907753625511,-2.827682216764986
1759645182611182300,8.883182373046875,0.2658226361802779,9.3823402995795,-2.84101954498291
1759645182621139200,8.89313916015625,0.2895584992178716,9.377014720642567,-2.8562460479483005
1759645182631096300,8.903096435546875,0.3167069289116189,9.370937446555494,-2.8732600188523527
1759645182641054500,8.913054443359375,0.3469328846208751,9.364301954063773,-2.891340742205083
1759645182651011300,8.92301123046875,0.38000385449770835,9.357374200627207,-2.9095599972456694
1759645182660968200,8.93296826171875,0.41556905234307046,9.350396178308129,-2.9270769492357966
1759645182670925300,8.94292529296875,0.4529374271528795,9.343387176328896,-2.9438696786046026
1759645182680882200,8.952882080078124,0.4922374641450122,9.33629634128511,-2.960009204761684
1759645182690839300,8.96283935546875,0.5344329668503255,9.329148223096132,-2.975189530497789
1759645182700796400,8.97279638671875,0.5806784390661865,9.321534825482964,-2.9903482289239762
1759645182710753300,8.982753173828126,0.6311350992362946,9.313313525104522,-3.0057059570536016
1759645182720710400,8.99271044921875,0.6855919349584728,9.304304289218782,-3.0216324249818918
1759645182730667300,9.002667236328126,0.7435008108306675,9.29457316879928,-3.0378473544627425
1759645182740624400,9.012624267578126,0.8038275614995509,9.284350465470553,-3.053702802981436
1759645182750582300,9.022582275390626,0.865630303005129,9.273756006219983,-3.0689632082164287
1759645182760539400,9.032539306640626,0.9279465469907968,9.262872208634018,-3.0835809316337106
1759645182770496300,9.042496337890626,0.9902775501541793,9.251742327332495,-3.097582276718318
1759645182780453000,9.052453125,1.05169092701599,9.240358179008961,-3.1112916531190273
1759645182790410200,9.06241015625,1.1117286316104233,9.22874139097333,-3.124867466267943
1759645182800367400,9.072367431640625,1.1702868382368237,9.217109989890456,-3.1377859845519063
1759645182810324500,9.082324462890625,1.2274961144722998,9.20565219180882,-3.1495413042753935
1759645182820281300,9.09228125,1.283377722300589,9.194458013099432,-3.15994491712898
1759645182830238500,9.102238525390625,1.3372691792249678,9.183304750922321,-3.1700185673758385
1759645182840195300,9.1121953125,1.3892980571478604,9.17196561078429,-3.1804569592818615
1759645182850153200,9.1221533203125,1.4399087388359009,9.16010916877389,-3.1920927442789075
1759645182860110300,9.1321103515625,1.489213744752854,9.147511553007364,-3.205570357750356
1759645182870067500,9.1420673828125,1.5372202352918685,9.134092683985829,-3.2211344221070406
1759645182880024300,9.1520244140625,1.584343805516511,9.120181063011287,-3.237676391585171
1759645182889981200,9.161981201171875,1.6309237703837454,9.105749802076817,-3.255117940251529
1759645182899938300,9.171938232421875,1.6771334406338632,9.090864367634058,-3.273194279690087
1759645182909895400,9.1818955078125,1.722908226598054,9.07575389226377,-3.2913001374840736
1759645182919852300,9.191852294921874,1.7678991687081753,9.06072291187048,-3.308810951994359
1759645182929809400,9.201809326171874,1.812031448162347,9.046073039749265,-3.3249797042459246
1759645182939766500,9.2117666015625,1.8553551877126098,9.032202335307002,-3.3387679911017414
1759645182949724400,9.221724365234374,1.8982472578473388,9.01918912447691,-3.349817500643432
1759645182959681300,9.231681396484374,1.9411038182772695,9.006811288940906,-3.3585485041096805
1759645182969638400,9.241638427734374,1.984822548494488,8.994766630882024,-3.365270798102021
1759645182979595500,9.251595458984376,2.030376239053905,8.982552461475134,-3.3707156195044514
1759645182989552400,9.261552490234376,2.0779845240555703,8.969679535898566,-3.375977777816355
1759645182999509200,9.27150927734375,2.127408626307547,8.956395106911659,-3.380459891666472
1759645183009466400,9.28146630859375,2.1779624632418155,8.942900834566354,-3.383993326489627
1759645183019423200,9.29142333984375,2.22950750317052,8.92929491854012,-3.3863518723145125
1759645183029380400,9.30138037109375,2.2818368253447114,8.915766743925213,-3.3871406846046446
1759645183039337500,9.31133740234375,2.3347724428489802,8.902283577495814,-3.3865257675766944
1759645183049295400,9.32129541015625,2.388444119542837,8.8883023984164,-3.385825218091905
1759645183059252200,9.331252197265625,2.442460810282081,8.873757155713438,-3.3854394336447116
1759645183069209300,9.341209228515625,2.4957556164875627,8.858658370780944,-3.3861110492959616
1759645183079166500,9.35116650390625,2.547266608016193,8.843069171983004,-3.38850115930289
1759645183089123300,9.361123291015625,2.5967884715542198,8.827205832418798,-3.392271910013258
1759645183099080400,9.37108056640625,2.6448709499388934,8.811334309548139,-3.396382852463424
1759645183109037300,9.381037353515625,2.691643807029724,8.795624699240923,-3.40035380192101
1759645183118994200,9.390994140625,2.7362349361672997,8.780062972971796,-3.4049814617216585
1759645183128951300,9.400951416015625,2.778241017247736,8.764642700999975,-3.410689025713503
1759645183138908400,9.410908447265625,2.8176012599945066,8.749459744915365,-3.417377125175297
1759645183148866300,9.4208662109375,2.8544708549693225,8.734393108686804,-3.4253125943496823
1759645183158823700,9.43082373046875,2.8890590610086915,8.719532224163412,-3.4341672241955994
1759645183168780800,9.44078076171875,2.9216014404341575,8.70493612805605,-3.443647876985371
1759645183178738000,9.450738037109375,2.9524563051640986,8.690661518988012,-3.4533725676640867
1759645183188694800,9.46069482421875,2.982267213799059,8.676443024021387,-3.463492687401175
1759645183198652000,9.47065185546875,3.011357406944036,8.662479965120554,-3.4732632630482314
1759645183208608800,9.48060888671875,3.039426148086786,8.649079216277599,-3.4822000182196495
1759645183218565600,9.490565673828126,3.0659517514407635,8.636257144105434,-3.490757418684661
1759645183228522800,9.500522705078126,3.090950291357934,8.623909119185805,-3.4992274331271647
1759645183238481000,9.51048095703125,3.11436448469311,8.611951554888487,-3.507906414145231
1759645183248437800,9.520437744140626,3.13674407428354,8.60017811498642,-3.516837908619642
1759645183258394600,9.53039453125,3.1588609212845564,8.588584707826376,-3.5253619913369416
1759645183268351700,9.540351806640626,3.181310068979859,8.576929341346025,-3.5335450055316087
1759645183278308900,9.550308837890626,3.2036931657016274,8.565400231593847,-3.5412791069149967
1759645183288265700,9.560265625,3.225486479836702,8.55427911812067,-3.5483684806540605
1759645183298222800,9.570222900390625,3.2468849494352936,8.543664200603962,-3.5544206202998754
1759645183308180000,9.580179931640625,3.268456437513232,8.533491766157745,-3.559085689501464
1759645183318136800,9.59013671875,3.2903672405481337,8.52318839880824,-3.5635835854426023
1759645183328093700,9.60009375,3.3128777630418536,8.512209908676146,-3.5689626481324432
1759645183338051800,9.6100517578125,3.3357842991158364,8.500493751919269,-3.5755455336540933
1759645183348009000,9.620009033203125,3.3589293201208115,8.488606914770603,-3.5821120525628327
1759645183357965800,9.6299658203125,3.3818624519407745,8.476927582892776,-3.5881866963014004
1759645183367922700,9.639922607421875,3.404458899152279,8.466018650865553,-3.5925729485616085
1759645183377879800,9.6498798828125,3.426950716945529,8.45606775021553,-3.5946263739600774
1759645183387837000,9.6598369140625,3.4492619174748658,8.447033964410423,-3.5945246671512723
1759645183397793800,9.669793701171875,3.471369704386592,8.438473641335964,-3.5933471478044985
1759645183407751000,9.6797509765625,3.492880402188003,8.429962418100237,-3.592478840537369
1759645183417708000,9.6897080078125,3.513518116547167,8.421167117226123,-3.592982113884389
1759645183427665700,9.699665771484375,3.5331013534173366,8.41231336416304,-3.5945185296714306
1759645183437622800,9.709622802734375,3.551747601698339,8.403807401624322,-3.5960368252798913
1759645183447580000,9.719579833984374,3.570018586926162,8.39577314825058,-3.5967134093672035
1759645183457537000,9.729537109375,3.5878304302096367,8.388379530867933,-3.5962393621146678
1759645183467494000,9.739493896484374,3.604724574126303,8.381583294856547,-3.595192191149294
1759645183477450800,9.74945068359375,3.6204137261673806,8.37506996743977,-3.594604454389214
1759645183487407900,9.759407958984376,3.6352430465087293,8.368491758093237,-3.5949607204809784
1759645183497364700,9.76936474609375,3.649721653716266,8.361843990641832,-3.5957606386870142
1759645183507321900,9.77932177734375,3.6635964498117564,8.355460427084564,-3.5964860303521156
1759645183517279700,9.78927978515625,3.6763770209297535,8.34995130827427,-3.5962396543756125
1759645183527236600,9.799236572265626,3.6885204631879924,8.345185116785764,-3.594867489239573
1759645183537193700,9.80919384765625,3.700063309204578,8.340881282112003,-3.5929961424097416
1759645183547150800,9.81915087890625,3.7104657530143856,8.337101763573289,-3.5910400399059057
1759645183557108000,9.82910791015625,3.7191765904754397,8.333795123243332,-3.5897009002566334
1759645183567064800,9.83906494140625,3.726048814332485,8.331225565016268,-3.5885415010884403
1759645183577022000,9.84902197265625,3.731095576328039,8.329418223333358,-3.5874934533402323
1759645183586978800,9.858978759765625,3.7343715292587873,8.328366668453812,-3.58652782317847
1759645183596935700,9.868935791015625,3.736527830509841,8.328156825095414,-3.584765489681065
1759645183606893800,9.878893798828125,3.738457337267697,8.328491171616315,-3.5819761512234805
1759645183616851000,9.888850830078125,3.7401235169142484,8.329016072273253,-3.579015255591273
1759645183626807800,9.898807861328125,3.7406910876691337,8.329636834520102,-3.5769779045447705
1759645183636764700,9.9087646484375,3.739543963460624,8.330379761841893,-3.5764480354517696
1759645183646721800,9.9187216796875,3.7368475639835,8.331125611773134,-3.577529108686745
1759645183656679000,9.928678955078125,3.7330923031032084,8.331900687798857,-3.5796404017522927
1759645183666635800,9.9386357421875,3.728727093631029,8.33269914470017,-3.582331248271465
1759645183676593000,9.948593017578125,3.724318337278068,8.333439149412513,-3.5851954055309294
1759645183686550000,9.958550048828124,3.7201392980277537,8.333875787264109,-3.5885184124737974
1759645183696506600,9.968506591796874,3.716059919759631,8.333892738398909,-3.5927024201601743
1759645183706464800,9.97846484375,3.7119685587927695,8.333490587338805,-3.5978640407070515
1759645183716422000,9.988421875,3.7079032090499995,8.332673425737022,-3.603942483837902
1759645183726379000,9.99837890625,3.7041152149438856,8.331515487873554,-3.610509587268531
1759645183736336000,10.0083359375,3.700532095760107,8.330166995874047,-3.617288872145116
1759645183746292700,10.018292724609376,3.6969855091944335,8.328845976403356,-3.623948914556205
1759645183756249900,10.028249755859376,3.6936549034669994,8.327439616736768,-3.6305695017397404
1759645183766206700,10.038206787109376,3.6911075570717453,8.325631690531969,-3.637303778430819
1759645183776163800,10.048163818359376,3.689249946506321,8.323499354678392,-3.6440628973022102
1759645183786121700,10.058121826171876,3.687748602032661,8.320823997989297,-3.651681555612385
1759645183796078800,10.068078857421876,3.6867592987343665,8.317519111225009,-3.6601983318060634
1759645183806035700,10.07803564453125,3.6866818495839833,8.313810319834946,-3.668692603906989
1759645183815992800,10.087992919921875,3.687584935903549,8.310041907212138,-3.676316230653226
1759645183825950000,10.097949951171875,3.6897666638568043,8.30623257805705,-3.6827334042191504
1759645183835906800,10.10790673828125,3.693172088386118,8.302382916891574,-3.6879935167044398
1759645183845864000,10.117864013671875,3.6977877654880285,8.298316982626915,-3.692517716130614
1759645183855820800,10.12782080078125,3.7036087267264723,8.293846559214591,-3.696723351126909
1759645183865777700,10.137777587890625,3.710306178538501,8.288857664886116,-3.7011949435830114
1759645183875735800,10.14773583984375,3.7173338852182027,8.28349993724525,-3.706136491638422
1759645183885693000,10.15769287109375,3.7246529760599136,8.277604449465871,-3.7119556993111966
1759645183895649800,10.16764990234375,3.7320983236297964,8.271850415983796,-3.717299690687656
1759645183905606700,10.177606689453125,3.7398148893564938,8.266067156407237,-3.722406073915958
1759645183915563800,10.187563720703125,3.748248663441837,8.260032552418112,-3.7273137197017667
1759645183925521000,10.19752099609375,3.7574636510327455,8.253815577599406,-3.731804309119284
1759645183935477800,10.207477783203124,3.766627200697362,8.247454225873946,-3.736631290884316
1759645183945435000,10.217434814453124,3.775595812311768,8.241067739707232,-3.741666362442076
1759645183955392000,10.22739208984375,3.784624921941757,8.234513495758176,-3.746969729547202
1759645183965350000,10.237349853515624,3.7937683056011795,8.22788267944157,-3.752287709699571
1759645183975306800,10.247306640625,3.803088507132232,8.22122789772749,-3.7574341326773166
1759645183985263900,10.257263916015624,3.8121629172086715,8.214761916583775,-3.762376849776506
1759645183995221000,10.267220947265624,3.820718564108014,8.208874612110852,-3.7665465366765853
1759645184005177900,10.277177734375,3.8290316344231363,8.203821420374512,-3.7691149258598684
1759645184015134700,10.287134765625,3.8375361356571314,8.199549734404682,-3.7697587767213583
1759645184025091800,10.297091796875,3.8463036717414854,8.19608410412073,-3.768362353926897
1759645184035048700,10.307048583984376,3.8554736511468883,8.192910734781622,-3.7658877805069086
1759645184045005800,10.317005859375,3.8633778484001753,8.189643257418274,-3.7648940932944415
1759645184054963700,10.326963623046876,3.869656198017299,8.186008700308204,-3.766350429582596
1759645184064920800,10.3369208984375,3.8748075894311067,8.182021676498652,-3.7697184447109695
1759645184074877700,10.346877685546875,3.8801162172332404,8.177802597498893,-3.7734114540100094
1759645184084834800,10.356834716796875,3.885799523566663,8.173188381701708,-3.7775595136001705
1759645184094792000,10.3667919921875,3.891339914298057,8.168119407874345,-3.7828140731275077
1759645184104748800,10.376748779296875,3.896241714864969,8.162576971316337,-3.7897272135168314
1759645184114706000,10.386705810546875,3.90042718385607,8.156919383946061,-3.7975948781520126
1759645184124662800,10.396662841796875,3.9039509740680454,8.151565747958422,-3.8054616660043594
1759645184134619600,10.40661962890625,3.906589505878091,8.146696680617332,-3.813172094251215
1759645184144577800,10.416577880859375,3.9084044463455676,8.142377648374438,-3.8205285944938656
1759645184154535000,10.426534912109375,3.9096614606693385,8.138340940204262,-3.8278400865510105
1759645184164491800,10.43649169921875,3.910785204002261,8.134609352460503,-3.834615864296257
1759645184174448600,10.44644873046875,3.9117207312867044,8.131269394382834,-3.8407384388297796
1759645184184405800,10.45640576171875,3.9124119284212586,8.127970937359333,-3.847010650967061
1759645184194363000,10.46636279296875,3.9127483207687734,8.124538040301204,-3.853917069354653
1759645184204319700,10.47631982421875,3.9129543647348877,8.120600116330385,-3.8619989612624046
1759645184214276900,10.48627685546875,3.9128415520101782,8.116345966017246,-3.8710470678538083
1759645184224234000,10.49623388671875,3.9121646756619213,8.112180663031339,-3.880447348883748
1759645184234192000,10.50619189453125,3.910647256836295,8.108265535414219,-3.890148950947821
1759645184244148700,10.516148681640624,3.9082781896173953,8.104597660556434,-3.900160349613428
1759645184254105900,10.52610595703125,3.9049686266779897,8.10134245815277,-3.910225816553831
1759645184264063000,10.53606298828125,3.9011134125545617,8.098506942465901,-3.9199335560977455
1759645184274019800,10.546019775390626,3.8972017920687794,8.095810542988776,-3.9293838137492534
1759645184283976700,10.555976806640626,3.8933053691521287,8.09319305396676,-3.938625981608033
1759645184293933800,10.565933837890626,3.889438464590907,8.0906743491441,-3.94761154435724
1759645184303890700,10.575890625,3.8856943096265195,8.08813752414286,-3.9564895550787447
1759645184313847800,10.585847900390625,3.8818843959495424,8.085698314297199,-3.9652047764539717
1759645184323805700,10.5958056640625,3.8778032641157507,8.083321063771843,-3.9740345641195773
1759645184333762800,10.6057626953125,3.8735383001476524,8.080942059680819,-3.983023049478233
1759645184343719700,10.6157197265625,3.8691780591115355,8.078648980307578,-3.9918995988950132
1759645184353676800,10.6256767578125,3.8643230202957985,8.076524827760457,-4.000891591385007
1759645184363634000,10.635634033203125,3.8589965645760294,8.074604088830947,-4.009900827270746
1759645184373590800,10.6455908203125,3.8535134569898246,8.073063289129733,-4.018265920034051
1759645184383548000,10.6555478515625,3.848379601232707,8.07172824113369,-4.02585885938108
1759645184393504800,10.6655048828125,3.8436590024515986,8.070711757567524,-4.032404627762735
1759645184403463000,10.675462890625,3.839290285848081,8.069996887296437,-4.037992657028139
1759645184413419800,10.685419677734375,3.835044026580453,8.069522255522012,-4.042973660311103
1759645184423377000,10.695376953125,3.830759188868105,8.069123027071356,-4.047829868170619
1759645184433333800,10.705333740234375,3.826410053747892,8.068639042946696,-4.052904394955933
1759645184443290600,10.71529052734375,3.8221386600390073,8.068004252174497,-4.058196071623265
1759645184453247700,10.725247802734375,3.818325531491637,8.067204626229405,-4.0633728897392745
1759645184463204900,10.735204833984374,3.8154444230973716,8.066192234316468,-4.068084720692038
1759645184473162000,10.745161865234374,3.813267371319234,8.065003316792845,-4.072480033041536
1759645184483118800,10.755118896484374,3.811259538628161,8.06374659473002,-4.076848165123164
1759645184493076700,10.76507666015625,3.809576407846808,8.062351340979337,-4.081175672933459
1759645184503033900,10.775033935546874,3.808012227270007,8.060992327585815,-4.085317010521888
1759645184512990700,10.78499072265625,3.806809573481977,8.059711640125512,-4.0889629658088085
1759645184522947800,10.79494775390625,3.806085350860655,8.058648979330062,-4.091730969217419
1759645184532905000,10.804905029296876,3.805567464466393,8.057764597710966,-4.093954490485787
1759645184542861800,10.81486181640625,3.8049288743019103,8.05688313870132,-4.09628147212863
1759645184552818700,10.824818603515626,3.80366104632318,8.05593153706491,-4.099330338305235
1759645184562775800,10.83477587890625,3.8017356312185524,8.05503371144235,-4.102878678436577
1759645184572733000,10.84473291015625,3.7990234496504067,8.054388983798027,-4.106654105322063
1759645184582690800,10.85469091796875,3.795706287926435,8.054153421476483,-4.110186078840494
1759645184592647000,10.86464697265625,3.7915576438143845,8.054452696684002,-4.113424622370302
1759645184602604000,10.87460400390625,3.7868250623345374,8.055196793049573,-4.116325896769762
1759645184612560600,10.884560546875,3.7818224317416544,8.056196910002827,-4.11896822797209
1759645184622517800,10.894517822265625,3.776681853982806,8.05728996593654,-4.1215480153322215
1759645184632476000,10.904475830078125,3.771737675578892,8.058233384266495,-4.124227463674545
1759645184642433000,10.91443310546875,3.7670273059308528,8.058890971392392,-4.127246226973831
1759645184652390000,10.924389892578125,3.7623689587309954,8.059147576501966,-4.130994765852392
1759645184662346800,10.9343466796875,3.7572792343765493,8.059224148869514,-4.135476295180618
1759645184672303900,10.944303955078125,3.751358904416859,8.059302474802733,-4.140691691741347
1759645184682260700,10.9542607421875,3.7448102134257555,8.059587136963009,-4.146062571124732
1759645184692217900,10.9642177734375,3.7383608911558985,8.060191532596946,-4.1507048439726235
1759645184702175000,10.974175048828124,3.732614164197445,8.060888867211341,-4.154523525477946
1759645184712131800,10.9841318359375,3.7273143042236563,8.061352393069862,-4.158378447340429
1759645184722089700,10.99408984375,3.7220103525966404,8.06133719550073,-4.163156037005782
1759645184732046800,11.004046875,3.716326461741328,8.060773131877184,-4.169320404854417
1759645184742004000,11.01400390625,3.711055535601079,8.060002732026577,-4.175498801228404
1759645184751960800,11.0239609375,3.707111474150419,8.059125949192047,-4.180694031783938
1759645184761918000,11.03391796875,3.7044378710269927,8.05839237422049,-4.184476765193045
1759645184771874800,11.043874755859376,3.702204705147445,8.0581310929358,-4.186956014788151
1759645184781831700,11.053831787109376,3.699972416050732,8.05831463280916,-4.188575724944472
1759645184791788800,11.063788818359376,3.6977617542639374,8.058721460044383,-4.189744184201955
1759645184801746000,11.073745849609375,3.6956688736379144,8.059023657861351,-4.191009089571238
1759645184811703800,11.083703857421876,3.6941324578508734,8.058965790194273,-4.192474193687737
1759645184821660700,11.09366064453125,3.693279348152876,8.058572406962513,-4.1939822601631285
1759645184831617800,11.10361767578125,3.693165366384387,8.058347366034985,-4.194514467343688
1759645184841575000,11.113574951171875,3.6927199607044456,8.058527398777008,-4.194561521355808
1759645184851531800,11.12353173828125,3.6917017235726117,8.058913767746091,-4.194714666090905
1759645184861489000,11.133489013671875,3.690169691699743,8.059113089710474,-4.195679711730778
1759645184871446000,11.143446044921875,3.6885534886747595,8.058736657613515,-4.19782139993459
1759645184881402600,11.153402587890625,3.686816289618611,8.057693870562314,-4.201348112756014
1759645184891360800,11.16336083984375,3.684676062719524,8.056409091448783,-4.205689356830716
1759645184901318000,11.17331787109375,3.682551033389568,8.055249400019646,-4.209772242230176
1759645184911275000,11.18327490234375,3.6803926863119005,8.05455031183958,-4.212993834625184
1759645184921232000,11.19323193359375,3.6781881620049472,8.054543882098793,-4.21493123242855
1759645184931188700,11.203188720703125,3.6753134833514687,8.05523946314752,-4.2161105053409935
1759645184941145900,11.213145751953125,3.6713939718201756,8.056258284801244,-4.217576193979382
1759645184951102700,11.223102783203124,3.666473174291849,8.057304578983784,-4.219858167436719
1759645184961059800,11.233059814453124,3.6612758979097006,8.058239229485393,-4.222586423356831
1759645184971017000,11.243016845703124,3.6564480393618344,8.0589529307127,-4.225406156952679
1759645184980974800,11.252974853515624,3.6521158553764224,8.059561417999863,-4.227991205009817
1759645184990931700,11.262931640625,3.648488312529027,8.060069367522,-4.230154228262603
1759645185000888800,11.272888916015624,3.645165597847104,8.060772547355294,-4.231679830394685
1759645185010846000,11.282845947265624,3.641808688634634,8.061533010333775,-4.233119215548038
1759645185020802800,11.292802734375,3.637874856317043,8.062280613830685,-4.235076194834709
1759645185030760000,11.302760009765626,3.6335303973719477,8.062904883208871,-4.237617988272011
1759645185040716800,11.312716796875,3.629423254314065,8.063291836699843,-4.240401189249754
1759645185050673700,11.322673583984376,3.625683775524795,8.063442643347383,-4.243312692782283
1759645185060630800,11.332630859375,3.6221383580029007,8.063118233698606,-4.246955140937865
1759645185070589000,11.3425888671875,3.6184164148703215,8.062275353133678,-4.2517251318186515
1759645185080545800,11.3525458984375,3.6147219442665577,8.061051364296674,-4.25718427400738
1759645185090502700,11.362502685546875,3.610815876738727,8.059612271404266,-4.263219754779339
1759645185100459800,11.372459716796875,3.606886136074364,8.058034062302113,-4.269525576925277
1759645185110417000,11.3824169921875,3.603176467901468,8.056407337883114,-4.27572297026068
1759645185120373800,11.392373779296875,3.599632511684298,8.054783536073565,-4.28176400399059
1759645185130331000,11.402330810546875,3.596233516895771,8.053304695692658,-4.287398502746224
1759645185140288000,11.4122880859375,3.592335632674396,8.052082460421323,-4.292956429134309
1759645185150244600,11.42224462890625,3.5876974514797326,8.051222044199704,-4.29844713550508
1759645185160202200,11.4322021484375,3.582532323801517,8.050729292246698,-4.303674807025492
1759645185170159400,11.442159423828125,3.5768744441702958,8.050722277984022,-4.3083918986752625
1759645185180116500,11.452116455078125,3.570739886938035,8.051626533347367,-4.311789432159066
1759645185190073300,11.4620732421875,3.5641295288875696,8.053876942622662,-4.313054337528348
1759645185200030200,11.4720302734375,3.5577684694230554,8.057225668528675,-4.312051297965645
1759645185209987300,11.4819873046875,3.551615207490325,8.06128283496499,-4.309541360971331
1759645185219944200,11.491944091796874,3.545489710347354,8.065540492409466,-4.30661699795723
1759645185229901300,11.5019013671875,3.538934297354519,8.069597658845781,-4.304408674257993
1759645185239858400,11.5118583984375,3.532254673460126,8.073374254775047,-4.302812929499149
1759645185249816300,11.52181640625,3.5265666909515856,8.076831117230654,-4.3009906825080515
1759645185259773200,11.531773193359374,3.521179737216234,8.080236541759968,-4.299005938431621
1759645185269730300,11.541730224609376,3.5163095008313654,8.08343738362789,-4.296975601647794
1759645185279687400,11.5516875,3.512881864470243,8.086077084481715,-4.294812578395009
1759645185289644300,11.561644287109376,3.5108839686512945,8.08810303735137,-4.292631434963643
1759645185299601400,11.571601318359376,3.509203175957501,8.089730930814147,-4.290937490527331
1759645185309558300,11.581558349609375,3.5075340737015006,8.090803528481722,-4.2902799034014345
1759645185319515100,11.59151513671875,3.5061861662238836,8.091357070711254,-4.290335725241899
1759645185329472300,11.60147216796875,3.5054639894291757,8.091455854910611,-4.290739629867673
1759645185339429400,11.611429443359375,3.5050516092360016,8.091226137807965,-4.2915106142401696
1759645185349386200,11.62138623046875,3.504538691277802,8.09069188480079,-4.292938308955729
1759645185359344000,11.63134423828125,3.503400627158582,8.090057678550481,-4.29506070793718
1759645185369301200,11.64130126953125,3.501600591999292,8.089639745399355,-4.297315501126647
1759645185379258400,11.65125830078125,3.4994776084959507,8.089609350261092,-4.299102969065308
1759645185389215200,11.66121533203125,3.497342934554815,8.09004131193757,-4.30002329878062
1759645185399172400,11.67117236328125,3.495140456074476,8.09076728812456,-4.300447953933477
1759645185409129500,11.68112939453125,3.4927985691234467,8.091600816339254,-4.300784930802881
1759645185419086300,11.69108642578125,3.490567741331458,8.092326792526245,-4.3012294596999885
1759645185429043200,11.701043212890625,3.4885856276035305,8.092757000637054,-4.30202733207941
1759645185439000300,11.711000244140624,3.486937860396504,8.092737711414694,-4.303398620432615
1759645185448957200,11.720957275390624,3.4853035371929404,8.092195859622954,-4.3057393383398646
1759645185458915300,11.730915283203124,3.483648755723238,8.091375190889835,-4.308621615777909
1759645185468872200,11.7408720703125,3.4820433663532135,8.090573811379075,-4.311423813717067
1759645185478829300,11.750829345703124,3.4802266723200677,8.090007994189857,-4.313951870889961
1759645185488786200,11.7607861328125,3.478044359844923,8.089923238515853,-4.315871148514748
1759645185498743300,11.770743408203124,3.4752404083400963,8.090309607484937,-4.31740405717045
1759645185508700400,11.780700439453126,3.4719425358384846,8.091013371840118,-4.318739105166495
1759645185518657300,11.7906572265625,3.468614560459554,8.091742270636558,-4.320047265155613
1759645185528614400,11.800614501953126,3.465700718839466,8.092340821051597,-4.321266285556555
1759645185538571300,11.8105712890625,3.463250695338845,8.092825389698147,-4.322321055306494
1759645185548528400,11.8205283203125,3.461094686348736,8.093045754450559,-4.3236341837316745
1759645185558485200,11.8304853515625,3.459145890368521,8.093201237273215,-4.324903473015129
1759645185568443400,11.840443359375,3.456978483201563,8.093631445384025,-4.325832570558786
1759645185578400300,11.850400146484375,3.454436689764261,8.094210706576705,-4.326778326976299
1759645185588357000,11.860357177734375,3.452115553340316,8.094939605373144,-4.327266402754187
1759645185598314200,11.870314208984375,3.450386245329678,8.09630621755123,-4.326090052451193
1759645185608271400,11.880271240234375,3.448988945752382,8.097866890996695,-4.324281833985448
1759645185618228500,11.890228515625,3.4483012557491657,8.099073344177008,-4.3225721074581145
1759645185628185300,11.900185302734375,3.448649630795419,8.100183351245523,-4.320211515806615
1759645185638142500,11.910142578125,3.449359532630443,8.10112150887847,-4.317885995468497
1759645185648099300,11.920099365234375,3.4509161144226788,8.101768574610352,-4.3154269118785855
1759645185658056200,11.93005615234375,3.452638700431585,8.102696795371175,-4.31230381142199
1759645185668013300,11.940013427734375,3.4539965447813272,8.10401080057919,-4.308747287984192
1759645185677971500,11.949971435546875,3.4570594394832845,8.105652722567319,-4.303200759772956
1759645185687928300,11.95992822265625,3.4624183361679313,8.10753780566156,-4.295332510615885
1759645185697885200,11.96988525390625,3.468523375044763,8.109169790777564,-4.287317838725447
1759645185707842300,11.97984228515625,3.4739348786994815,8.110567967137694,-4.280287209436297
1759645185717799400,11.98979931640625,3.4779347619906065,8.11231159593463,-4.273729750616848
1759645185727757300,11.99975732421875,3.4827000766962763,8.1132427393049,-4.268076547160744
1759645185737714200,12.009714111328124,3.4880393918976185,8.113007176983356,-4.2641614195436235
1759645185747671300,12.01967138671875,3.4942119430527088,8.11189775443673,-4.261218059568107
1759645185757628200,12.029628173828126,3.503809207959473,8.110306101331114,-4.256363313013315
1759645185767585300,12.039585205078126,3.5164524164333937,8.108399390926957,-4.2495641543924805
1759645185777542400,12.04954248046875,3.529253153556585,8.10652833635807,-4.242518035273254
1759645185787499500,12.05949951171875,3.5415459411576387,8.10564979995787,-4.233944268195331
1759645185797456400,12.069456298828126,3.5525419669464227,8.106406171283126,-4.223270898489654
1759645185807413200,12.079413330078125,3.5610812472328544,8.107677506393193,-4.21362716409266
1759645185817370400,12.089370361328125,3.5677018344163893,8.109411198318003,-4.204681641092896
1759645185827327200,12.0993271484375,3.5735520217493173,8.11145117971301,-4.195766513231397
1759645185837285400,12.109285400390625,3.5793639228984713,8.113563641822338,-4.186720160205662
1759645185847242200,12.1192421875,3.5854581481203436,8.115469183182716,-4.177804447822273
1759645185857199400,12.129199462890625,3.5913033670172094,8.116867359542846,-4.170058071479201
1759645185867156200,12.13915625,3.5962133508905767,8.117452465954422,-4.1646839772254225
1759645185877113300,12.14911328125,3.6001965753078458,8.117243791639805,-4.161647386008501
1759645185887070500,12.159070556640625,3.603829086591303,8.116623029392958,-4.159714956641197
1759645185897027300,12.16902734375,3.6073347566246983,8.11596368870139,-4.1579622677549715
1759645185906984400,12.178984375,3.61083838083148,8.115496655711532,-4.155834315815568
1759645185916941300,12.18894140625,3.6146275439813733,8.114970001488924,-4.153568416710198
1759645185926898200,12.198898193359375,3.6180937587872144,8.114425811609625,-4.151611729684472
1759645185936855300,12.208855224609374,3.6205256621092556,8.114019568896293,-4.150285741777718
1759645185946812400,12.2188125,3.6218832141980526,8.1138944812119,-4.149346999622881
1759645185956769300,12.228769287109374,3.622676702663302,8.114084450826049,-4.148281416217983
1759645185966727200,12.23872705078125,3.623175299835205,8.114832054322958,-4.146384642685949
1759645185976684300,12.248684326171874,3.623441841816902,8.115953167307376,-4.143954785190522
1759645185986641400,12.258641357421874,3.623417876419425,8.116907107031345,-4.142108280541002
1759645185996598300,12.268598388671874,3.623216216367483,8.117291137912868,-4.141528142565488
1759645186006555400,12.278555419921876,3.622753567291796,8.117202875107527,-4.1421094495847814
1759645186016512500,12.288512451171876,3.6217934900879856,8.116881972590088,-4.143575138223171
1759645186026469000,12.29846923828125,3.620523324021697,8.116390974202751,-4.145647852843999
1759645186036426200,12.30842626953125,3.619259879957139,8.11594849113226,-4.147615353524684
1759645186046383400,12.31838330078125,3.6180595642566677,8.115680780106782,-4.149185379320383
1759645186056340200,12.32834033203125,3.6165900762259957,8.115514191368222,-4.150792814517021
1759645186066297300,12.33829736328125,3.614676351559162,8.115681949150561,-4.152130492861569
1759645186076254500,12.34825439453125,3.6125697346687313,8.116192236760257,-4.1529675282076
1759645186086211300,12.35821142578125,3.610476561781764,8.117164296662807,-4.152887448708713
1759645186096169200,12.368169189453125,3.608629472610354,8.118601635989545,-4.1516847949206825
1759645186106126300,12.378126220703125,3.606796704225242,8.120210824751853,-4.150130843476951
1759645186116083500,12.38808349609375,3.6041698628529906,8.121911783450841,-4.149084549294412
1759645186126040300,12.398040283203125,3.6008310738191005,8.123478886637091,-4.148915330207347
1759645186135997200,12.4079970703125,3.5972260350644585,8.124820364373923,-4.149414219640195
1759645186145954300,12.417954345703125,3.5939071197748182,8.126080009046197,-4.149826307572424
1759645186155911200,12.4279111328125,3.5913381460696456,8.127202875596284,-4.149848519404232
1759645186165868500,12.43786865234375,3.5889302081450816,8.128352045631408,-4.149682222926616
1759645186175825400,12.447825439453124,3.586421732455492,8.129627472394704,-4.149352552580833
1759645186185782500,12.457782470703124,3.5838825693666934,8.131077671203016,-4.148704610066115
1759645186195739400,12.467739501953124,3.58151993188858,8.132791489383578,-4.147385636422038
1759645186205696300,12.4776962890625,3.5794583231836556,8.134792892333865,-4.145239564304053
1759645186215653400,12.4876533203125,3.577778699533641,8.136639981505274,-4.143066311918199
1759645186225611500,12.497611572265624,3.576359772646427,8.137937620100379,-4.14173886270672
1759645186235568600,12.507568603515624,3.57485316747576,8.138615080970526,-4.141710221134126
1759645186245525200,12.517525146484376,3.573375203877687,8.138862918251752,-4.142497572119534
1759645186255482400,12.527482421875,3.571820375651121,8.138967547670006,-4.143632713629305
1759645186265439500,12.537439453125,3.5697850704312324,8.139207201644778,-4.144915739177168
1759645186275396400,12.547396240234375,3.5676395828351377,8.139456207969785,-4.146274460309743
1759645186285353500,12.557353515625,3.5659459306597707,8.13979932231903,-4.147057719641924
1759645186295310600,12.567310546875,3.564638647453487,8.140743909692764,-4.14632794406265
1759645186305267500,12.577267333984375,3.5635698491781946,8.142342577061056,-4.14410851444751
1759645186315224300,12.587224365234375,3.562735736441612,8.144126537868381,-4.141317714685202
1759645186325181400,12.597181396484375,3.5619708895489572,8.145647463825345,-4.138984303301573
1759645186335138600,12.607138671875,3.5616555399894714,8.146835796827077,-4.136915972594917
1759645186345095400,12.617095458984375,3.5620430780023336,8.147623732334376,-4.135029720456898
1759645186355053300,12.62705322265625,3.562642797461152,8.148110639068484,-4.133554679468274
1759645186365010400,12.637010498046875,3.562570609007776,8.148748936972021,-4.132355532811582
1759645186374967300,12.64696728515625,3.5620538916572926,8.149695277911425,-4.130936605924368
1759645186384924400,12.65692431640625,3.5615734146639704,8.150894716829061,-4.128983133769035
1759645186394881500,12.666881591796875,3.5613007352024315,8.152200538730622,-4.126640954557061
1759645186404838700,12.676838623046875,3.5611119346320628,8.153622680488228,-4.123990440048277
1759645186414795500,12.68679541015625,3.5609123204067346,8.155120810091494,-4.121201101590692
1759645186424752400,12.69675244140625,3.5603581936553117,8.156759224948287,-4.1184377743572
1759645186434709500,12.70670947265625,3.559524373179674,8.158588193941116,-4.115535330913961
1759645186444666400,12.716666259765624,3.559004148697853,8.160460417553782,-4.112270191638172
1759645186454623500,12.72662353515625,3.5590269450515506,8.162339655429124,-4.108518730150163
1759645186464580600,12.73658056640625,3.5590775061950084,8.163964626282453,-4.105243946263194
1759645186474537500,12.746537353515626,3.5586838307023045,8.165171079462766,-4.103187598255277
1759645186484495400,12.756495361328126,3.5578450417906042,8.166033833771943,-4.1021956646084785
1759645186494452500,12.766452392578126,3.5567744899496434,8.166552889209985,-4.102090742929279
1759645186504409600,12.77640966796875,3.555799507437646,8.166661025759577,-4.102719980743527
1759645186514366500,12.786366455078126,3.554785069698095,8.166379286208748,-4.104161411723494
1759645186524323600,12.796323486328125,3.553800734835863,8.165999346980453,-4.105769139181077
1759645186534280400,12.806280517578125,3.5529084621712563,8.165569138869643,-4.107398201687634
1759645186544237300,12.8162373046875,3.552298805840313,8.164936686185001,-4.109182454755902
1759645186554194400,12.8261943359375,3.5523502437666057,8.164293712106346,-4.110413457855582
1759645186564151600,12.836151611328125,3.553095216915011,8.16393247757852,-4.110487107613682
1759645186574108400,12.8461083984375,3.554639231486618,8.163556630003452,-4.1098993708536025
1759645186584065500,12.8560654296875,3.5564474499523637,8.162980875942111,-4.109479391875863
1759645186594022400,12.8660224609375,3.5581676978737113,8.162391093355417,-4.109161119706928
1759645186603980500,12.87598046875,3.5598826850980516,8.162018168389796,-4.108417607863247
1759645186613937400,12.8859375,3.5615839360579846,8.16213974894285,-4.106698821246623
1759645186623894500,12.89589453125,3.564171614463627,8.162424995625019,-4.103886978696287
1759645186633851600,12.9058515625,3.56766267144978,8.162865140607952,-4.099975065949559
1759645186643808300,12.915808349609375,3.572472994340956,8.162947558194398,-4.095619208827615
1759645186653765400,12.925765380859374,3.5775656413048504,8.162853450170159,-4.091360382339358
1759645186663722500,12.935722412109374,3.581758709080517,8.162620225936173,-4.088157202383876
1759645186673679400,12.945679443359374,3.585222878059745,8.161924644887447,-4.086509727437794
1759645186683636500,12.955636474609374,3.588228781877458,8.16038969040513,-4.086934382590651
1759645186693593600,12.965593505859376,3.591626899883151,8.15748169400394,-4.089754408447444
1759645186703550500,12.975550537109376,3.5951577043578027,8.152368296512961,-4.09684085957706
1759645186713508400,12.98550830078125,3.5996699210852383,8.146207435795665,-4.105127918668091
1759645186723465500,12.995465576171876,3.60546720918715,8.14032013132274,-4.11171372679919
1759645186733422600,13.005422607421876,3.6130586872294543,8.134276759505271,-4.117005695727467
1759645186743379500,13.01537939453125,3.622201486366987,8.127763432088495,-4.121832385231555
1759645186753336300,13.02533642578125,3.6324025623857974,8.12156107031703,-4.125078527545929
1759645186763293400,13.03529345703125,3.643548810300231,8.11557322807908,-4.127035214571655
1759645186773250300,13.045250244140625,3.655384209522605,8.109601167932153,-4.128308303247392
1759645186783207400,13.05520751953125,3.6683944977432486,8.103091347646712,-4.129550412262976
1759645186793164500,13.06516455078125,3.682596333836019,8.095511852303147,-4.131772764487565
1759645186803121400,13.075121337890625,3.6974107488691805,8.087454802575706,-4.134321279926598
1759645186813078500,13.08507861328125,3.711941670785844,8.079604089075326,-4.136648553830385
1759645186823035400,13.095035400390625,3.726052029202878,8.071697261473536,-4.139399606104194
1759645186832993500,13.10499365234375,3.7399776787027714,8.063899739465118,-4.142037553392351
1759645186842950400,13.114950439453125,3.7528655095875263,8.056839299559593,-4.144121666190028
1759645186852907500,13.124907470703125,3.765389183335006,8.050181595236063,-4.145696660421788
1759645186862864400,13.134864501953125,3.780892749676108,8.04347069942057,-4.144612664577365
1759645186872821200,13.1448212890625,3.803006381806731,8.036303292009235,-4.1382814157292245
1759645186882778400,13.1547783203125,3.831286135351658,8.028246242281794,-4.127818766164779
1759645186892735500,13.164735595703124,3.861260125593841,8.019513485249876,-4.1168507974267
1759645186902692600,13.174692626953124,3.8885377163588997,8.011017459583282,-4.107708582811057
1759645186912649500,13.1846494140625,3.9113828776344657,8.003459591549634,-4.100742543190718
1759645186922606600,13.194606689453124,3.9314293481022116,7.996552296379208,-4.095047838680446
1759645186932563500,13.2045634765625,3.951367389759421,7.990236537361144,-4.088178537432849
1759645186942520300,13.214520263671876,3.971464421370625,7.984670719927549,-4.079568529997766
1759645186952478500,13.224478515625,3.9905370783701537,7.9797420313537115,-4.070592027337849
1759645186962435600,13.234435546875,4.009050055660307,7.974694684836268,-4.062285094502568
1759645186972392400,13.244392333984376,4.028922630865872,7.968783414965867,-4.05421430851072
1759645186982349300,13.254349365234376,4.051555610695481,7.9618720281422135,-4.045228745761514
1759645186992306400,13.264306396484375,4.075043161527812,7.954209530690312,-4.036702324956655
1759645187002263600,13.274263671875,4.095944202998281,7.9465821045517915,-4.03056689094156
1759645187012220400,13.284220458984375,4.113697594092786,7.939433986362815,-4.026569345737993
1759645187022177500,13.294177490234375,4.1295518735677,7.932842917534709,-4.02332992542535
1759645187032134700,13.304134765625,4.145319351541996,7.926362907865643,-4.019886214712262
1759645187042091300,13.31409130859375,4.162241260248423,7.919668963184952,-4.015591732388734
1759645187052048400,13.32404833984375,4.1803801435291765,7.91340639565885,-4.009092141236365
1759645187062006500,13.334006591796875,4.19761564822942,7.907984955132007,-4.001774803960323
1759645187071963600,13.343963623046875,4.212449937006831,7.903387105947733,-3.9952611842826005
1759645187081920500,13.35392041015625,4.2256510716244575,7.899846656861901,-3.988317064233124
1759645187091877400,13.36387744140625,4.237839522068202,7.8971432431221,-3.9807328927144408
1759645187101834500,13.37383447265625,4.248597939708828,7.895846773570775,-3.971826240420341
1759645187111791400,13.383791259765625,4.257867287835478,7.895807026082277,-3.9619656484022734
1759645187121748500,13.39374853515625,4.266500383885204,7.896518389222026,-3.9512472705110904
1759645187131705600,13.40370556640625,4.2756274009317154,7.897672235432267,-3.9390570665016766
1759645187141662500,13.413662353515624,4.286257808278501,7.8991902387797825,-3.9244334978654978
1759645187151619300,13.423619384765624,4.297634065556526,7.902150257629156,-3.9059906632021066
1759645187161577500,13.433577392578124,4.307492027226091,7.9064067460298535,-3.88646733982563
1759645187171534300,13.443534423828124,4.315069476743043,7.911065385490655,-3.8685418070346116
1759645187181491500,13.453491455078124,4.321188836406171,7.915118460273742,-3.8533898306101557
1759645187191448300,13.4634482421875,4.326440765585005,7.917855191761255,-3.841857798248529
1759645187201405200,13.4734052734375,4.330824679757654,7.919047616416216,-3.8344527826890347
1759645187211362300,13.4833623046875,4.3345881239444015,7.918376000764965,-3.831585995081067
1759645187221319400,13.4933193359375,4.337919898715615,7.915936790919304,-3.8328549921035764
1759645187231276300,13.5032763671875,4.3408062678068875,7.912156103336811,-3.8373900051847096
1759645187241233400,13.5132333984375,4.343730630820989,7.9081538819581265,-3.8423292151525614
1759645187251190500,13.5231904296875,4.346255473123491,7.905204384502768,-3.8455405784144996
1759645187261147100,13.533147216796875,4.348057554109395,7.903569476777315,-3.8468648127555847
1759645187271105300,13.543105224609375,4.350051358275115,7.902945791921019,-3.84589421415776
1759645187281062400,13.5530625,4.353405929400027,7.902707306990027,-3.8425866970449682
1759645187291019300,13.563019287109375,4.358049079030752,7.902251379916072,-3.838256851147115
1759645187300976400,13.572976318359375,4.363853673656284,7.901277566447853,-3.8336630936160683
1759645187310933200,13.582933349609375,4.370431298480928,7.899609925496578,-3.8296065117016433
1759645187320890400,13.592890380859375,4.377109461070597,7.896748690846562,-3.8278792495176193
1759645187330847200,13.60284716796875,4.384029031200707,7.892105833476782,-3.8295334464654323
1759645187340804400,13.612804443359375,4.39174413562268,7.884563163012266,-3.83622417627573
1759645187350761500,13.622761474609375,4.400230224417149,7.873679949948191,-3.8488340670019388
1759645187360718300,13.63271826171875,4.409139214798808,7.859802231243252,-3.866961259844899
1759645187370675200,13.64267529296875,4.417935976977646,7.843868164530396,-3.8892116700977084
1759645187380633300,13.65263330078125,4.427561298935115,7.828319882264733,-3.90953724976778
1759645187390590500,13.662590576171874,4.436804635837674,7.816244244545698,-3.923194603720307
1759645187400547300,13.67254736328125,4.4426229667276145,7.808037557214498,-3.9329412139698863
1759645187410504400,13.68250439453125,4.443724790489673,7.802534868144988,-3.9426080369815226
1759645187420461300,13.69246142578125,4.4412712598577135,7.79822401920855,-3.953883464233577
1759645187430418200,13.702418212890626,4.438653478574753,7.793704495957494,-3.965715064063668
1759645187440375300,13.712375244140626,4.437810305748879,7.7885957746416326,-3.976683032801747
1759645187450332400,13.72233251953125,4.43878850313127,7.783268442139029,-3.9860093718126413
1759645187460289300,13.732289306640626,4.441338479875028,7.777945785811543,-3.9935505809724328
1759645187470246400,13.742246337890625,4.445255945579707,7.77228293774426,-4.000214422775805
1759645187480204300,13.752204345703126,4.449102099613845,7.7666469776839016,-4.006878556840122
1759645187490161400,13.762161376953125,4.452027631671727,7.761372836673259,-4.013841089329123
1759645187500118300,13.7721181640625,4.454840643265843,7.7567194579094645,-4.01971173492819
1759645187510075400,13.782075439453125,4.457724089747667,7.7529691654652355,-4.0237493198812
1759645187520032500,13.792032470703125,4.460128520540893,7.749906855285167,-4.026981725931168
1759645187529989000,13.801989013671875,4.462809722448885,7.747080691948533,-4.02944870056659
1759645187539946200,13.8119462890625,4.466152895396948,7.744711624729633,-4.030299472177028
1759645187549903400,13.8219033203125,4.469530847397446,7.742972087585926,-4.029896736595035
1759645187559860200,13.831860107421875,4.473034471604228,7.741604890885949,-4.028633877052367
1759645187569817300,13.8418173828125,4.476882671464979,7.740359274739027,-4.026752885611355
1759645187579774500,13.8517744140625,4.480701645231247,7.739201921397447,-4.024728686307371
1759645187589732400,13.861732421875,4.484375657568871,7.737993130129575,-4.022960507591068
1759645187599689200,13.871689208984375,4.488776815137267,7.735998156920075,-4.021892001576721
1759645187609646300,13.881646240234375,4.494656813086569,7.733019433370232,-4.021051459099352
1759645187619603500,13.891603515625,4.501352803593874,7.729929650661349,-4.019501599308848
1759645187629560300,13.901560302734374,4.507474793605506,7.727171291863918,-4.017945017516613
1759645187639517200,13.91151708984375,4.51324022526443,7.724357988008856,-4.016882941243052
1759645187649474300,13.921474365234374,4.519197087842226,7.721077066642046,-4.016493649664521
1759645187659431200,13.93143115234375,4.524674642470479,7.717951043576002,-4.016334659710526
1759645187669388300,13.94138818359375,4.528394247515499,7.7155813918352125,-4.016695601977408
1759645187679345400,13.951345458984376,4.530221755203605,7.713382420486211,-4.018858625230193
1759645187689303300,13.96130322265625,4.53094743912965,7.710206128537655,-4.0241310126751655
1759645187699260200,13.97126025390625,4.530447088392078,7.705269841179251,-4.034136566121876
1759645187709217300,13.98121728515625,4.529513314673304,7.697984360346197,-4.049067885532975
1759645187719174400,13.99117431640625,4.529718774117529,7.6897653980553144,-4.064424736879766
1759645187729131300,14.00113134765625,4.5316240232169624,7.68182875983715,-4.077288017845153
1759645187739088400,14.01108837890625,4.5354003268852825,7.675731612005829,-4.084565899893641
1759645187749045200,14.021045166015625,4.538527518995106,7.672915970063209,-4.086381424883008
1759645187759002000,14.031002197265625,4.539198550124466,7.672741782540083,-4.0859614459052676
1759645187768959200,14.040959228515625,4.53855791413337,7.672623124596476,-4.086897849972546
1759645187778916400,14.050916259765625,4.538317383375763,7.670781880643963,-4.09062066988796
1759645187788874500,14.06087451171875,4.539731341826916,7.667199930503964,-4.095761832168698
1759645187798831000,14.0708310546875,4.54229739292264,7.662983189591765,-4.100805379293859
1759645187808788200,14.080788330078125,4.5436476384878155,7.658951742118597,-4.1068361838907
1759645187818745300,14.090745361328125,4.5426276477903125,7.65532712188065,-4.11471641574651
1759645187828702200,14.1007021484375,4.538988122244179,7.652018727985024,-4.124872191318869
1759645187838659300,14.110659423828125,4.534119639424979,7.6489353750169276,-4.13593076094985
1759645187848616400,14.120616455078125,4.52974478534162,7.6460028286963695,-4.146136220882833
1759645187858573300,14.1305732421875,4.524695392997563,7.643123473867774,-4.156944907405972
1759645187868530200,14.1405302734375,4.519670258311927,7.639019545680284,-4.169935906404256
1759645187878487300,14.1504873046875,4.516935864911973,7.63339469153583,-4.183174450422823
1759645187888445400,14.160445556640624,4.517373379546403,7.627265395000577,-4.193869447438419
1759645187898402300,14.17040234375,4.521225671060383,7.622392820528149,-4.1985754331722855
1759645187908359200,14.180359130859374,4.526584860005975,7.620639254859089,-4.195981617286801
1759645187918316300,14.19031640625,4.531675753404199,7.622402757400274,-4.187276040522754
1759645187928273200,14.200273193359376,4.537368704348802,7.626853307068347,-4.172982434493303
1759645187938230300,14.210230224609376,4.545016881014407,7.633091324675083,-4.153207474443316
1759645187948187400,14.2201875,4.554590180523693,7.640298479574918,-4.1293966830059885
1759645187958144500,14.23014453125,4.565454688887298,7.6475640866637224,-4.10387148886621
1759645187968101400,14.240101318359375,4.577095442320406,7.65385412671864,-4.079105004139245
1759645187978058200,14.250058349609375,4.5888981083169575,7.6585601124525065,-4.056951332259178
1759645187988016400,14.260016357421875,4.600483039909601,7.661433037540316,-4.038362367123365
1759645187997973200,14.26997314453125,4.610700482541322,7.662882651826739,-4.023934321059286
1759645188007930400,14.279930419921875,4.618262442228198,7.663411059615015,-4.014246747520565
