time,seconds_elapsed,z,y,x
1759645110401523500,0.0345234375,0.021987590938806534,-0.07934675365686417,-0.1183846965432167
1759645110411480300,0.044480224609375,0.017529990524053574,-0.06916948407888412,-0.0944942831993103
1759645110421438500,0.0544384765625,0.005932724103331566,-0.06029103696346283,-0.058451324701309204
1759645110431395600,0.0643955078125,0.002359027974307537,-0.05092683061957359,-0.022419555112719536
1759645110441352400,0.0743525390625,-0.002213885774835944,-0.035721246153116226,0.006396113894879818
1759645110451309600,0.0843095703125,-0.013547766953706741,0.006744721904397011,0.021555624902248383
1759645110461266400,0.094266357421875,-0.021680261939764023,0.05995068699121475,0.027829766273498535
1759645110471223300,0.104223388671875,-0.028490763157606125,0.10910864174365997,0.0258659515529871
1759645110481181400,0.114181396484375,-0.039630234241485596,0.14908136427402496,0.019770242273807526
1759645110491138600,0.124138671875,-0.039616383612155914,0.1628190129995346,0.007749798707664013
1759645110501095400,0.134095458984375,-0.035172369331121445,0.12555286288261414,-0.004750812891870737
1759645110511052300,0.14405224609375,-0.014956312254071236,0.060802631080150604,-0.008927715010941029
1759645110521009400,0.154009521484375,-0.0024671524297446012,0.003922836389392614,-0.006132461130619049
1759645110530966500,0.163966552734375,0.008461927995085716,-0.0453573614358902,-0.002989398315548897
1759645110540923400,0.17392333984375,0.017941981554031372,-0.08088686317205429,-0.003186738584190607
1759645110550881300,0.18388134765625,0.022242188453674316,-0.09005505591630936,-0.018683671951293945
1759645110560838400,0.19383837890625,0.0250994935631752,-0.07990708202123642,-0.044972002506256104
1759645110570795500,0.20379541015625,0.02304113656282425,-0.05788673460483551,-0.06400401890277863
1759645110580752400,0.21375244140625,0.009238239377737045,-0.03633803501725197,-0.07238738238811493
1759645110590709500,0.22370947265625,0.007270429749041796,-0.003531617810949683,-0.0768154188990593
1759645110600666600,0.23366650390625,0.02106453850865364,0.00956527516245842,-0.06916175782680511
1759645110610624300,0.243624267578125,0.022701317444443703,0.011779161170125008,-0.0543319471180439
1759645110620581400,0.253581298828125,0.011811918579041958,0.004774515051394701,-0.038180142641067505
1759645110630538500,0.26353857421875,0.005507949739694595,-0.02756371721625328,-0.022936474531888962
1759645110640495400,0.273495361328125,0.018787536770105362,-0.07055725902318954,0.0015848471084609628
1759645110650452500,0.283452392578125,0.02652561664581299,-0.09158850461244583,0.02666489966213703
1759645110660409300,0.293409423828125,0.027569841593503952,-0.09868982434272766,0.039726372808218
1759645110670367500,0.303367431640625,0.02280225232243538,-0.08476362377405167,0.0406251922249794
1759645110680324400,0.313324462890625,0.013140835799276829,-0.04675845056772232,0.044085968285799026
1759645110690281500,0.323281494140625,0.00809174869209528,-0.007551925722509623,0.05042029544711113
1759645110700238600,0.333238525390625,0.011753329075872898,0.0044264402240514755,0.059547215700149536
1759645110710195200,0.3431953125,0.01751134917140007,-0.00024181502521969378,0.0712512731552124
1759645110720152300,0.35315234375,0.019634155556559563,0.0024173513520509005,0.08301712572574615
1759645110730110500,0.3631103515625,0.013669739477336407,0.008319448679685593,0.09084361791610718
1759645110740067600,0.373067626953125,0.00857644435018301,-0.004086886998265982,0.08674687892198563
1759645110750024200,0.383024169921875,0.004855741746723652,-0.02521294541656971,0.07484494894742966
1759645110759981300,0.392981201171875,0.003614708548411727,-0.05332766845822334,0.06384875625371933
1759645110769938400,0.4029384765625,0.011207646690309048,-0.07682713866233826,0.058820974081754684
1759645110779895300,0.412895263671875,0.01836489327251911,-0.09723334014415741,0.052199553698301315
1759645110789853400,0.422853515625,0.02665850892663002,-0.09918277710676193,0.045824214816093445
1759645110799810300,0.432810302734375,0.026616429910063744,-0.0826682448387146,0.041972216218709946
1759645110809767400,0.442767333984375,0.020871993154287338,-0.06377445161342621,0.035776372998952866
1759645110819724300,0.452724365234375,0.011413509026169777,-0.06307803839445114,0.02725292555987835
1759645110829681400,0.462681396484375,-0.005277053453028202,-0.09405992180109024,0.02863723784685135
1759645110839638500,0.472638427734375,-0.004891161806881428,-0.1115073561668396,0.035120170563459396
1759645110849596400,0.482596435546875,0.004165183752775192,-0.11877911537885666,0.04232348874211311
1759645110859553300,0.49255322265625,0.01173495315015316,-0.13198520243167877,0.04711344838142395
1759645110869510400,0.502510498046875,0.010336793027818203,-0.13046133518218994,0.04976755753159523
1759645110879467500,0.512467529296875,0.00777509855106473,-0.1095360815525055,0.05432182922959328
1759645110889424400,0.52242431640625,-0.0011891013709828258,-0.07959841936826706,0.06815534830093384
1759645110899381500,0.532381591796875,-0.005745237227529287,-0.06310226768255234,0.08426667749881744
1759645110909339400,0.54233935546875,-0.003912183456122875,-0.054302386939525604,0.09374300390481949
1759645110919296500,0.552296630859375,-0.01155811920762062,-0.057138651609420776,0.10038545727729797
1759645110929253400,0.56225341796875,-0.01745782047510147,-0.057014018297195435,0.10296553373336792
1759645110939210500,0.57221044921875,-0.02593652531504631,-0.0586707703769207,0.09743121266365051
1759645110949167600,0.582167724609375,-0.030009564012289047,-0.06690632551908493,0.07973344624042511
1759645110959125500,0.59212548828125,-0.02328481525182724,-0.12080977112054825,0.05908329412341118
1759645110969082400,0.602082275390625,-0.011574364267289639,-0.19930830597877502,0.04394375532865524
1759645110979039500,0.61203955078125,0.001192829804494977,-0.25947391986846924,0.048716407269239426
1759645110988996600,0.62199658203125,0.008216651156544685,-0.29132771492004395,0.05401742830872536
1759645110998953200,0.631953125,0.01492488756775856,-0.2945703864097595,0.055503204464912415
1759645111008910300,0.641910400390625,0.01290674414485693,-0.2802465558052063,0.04677522927522659
1759645111018868500,0.651868408203125,0.006826214492321014,-0.259980708360672,0.03289509937167168
1759645111028825600,0.66182568359375,-0.0035382758360356092,-0.2287983000278473,0.02285871095955372
1759645111038782500,0.671782470703125,-0.01506869774311781,-0.1805034577846527,0.01224441546946764
1759645111048739300,0.6817392578125,-0.02449548989534378,-0.13872885704040527,0.005897836294025183
1759645111058696400,0.691696533203125,-0.03235314413905144,-0.10845696926116943,0.0005968143814243376
1759645111068654300,0.701654296875,-0.03700728714466095,-0.08283389359712601,-0.0065100970678031445
1759645111078611500,0.711611572265625,-0.04253654181957245,-0.06556436419487,-0.010015083476901054
1759645111088568800,0.72156884765625,-0.04747350886464119,-0.04945649951696396,-0.013705425895750523
1759645111098526000,0.73152587890625,-0.0504290871322155,-0.046059105545282364,-0.009076053276658058
1759645111108482800,0.74148291015625,-0.039621710777282715,-0.0830133929848671,0.003937483765184879
1759645111118441000,0.75144091796875,-0.025132251903414726,-0.12414644658565521,0.01811002753674984
1759645111128397800,0.761397705078125,-0.018617359921336174,-0.1547059565782547,0.024163126945495605
1759645111138355000,0.77135498046875,-0.015246597118675709,-0.16392022371292114,0.018746523186564445
1759645111148311800,0.781311767578125,-0.017591509968042374,-0.16805557906627655,0.004830974154174328
1759645111158269000,0.79126904296875,-0.019883161410689354,-0.18703380227088928,-0.010235060937702656
1759645111168226000,0.80122607421875,-0.02124882861971855,-0.2136305272579193,-0.028013791888952255
1759645111178184000,0.811183837890625,-0.026280339807271957,-0.2424382120370865,-0.040412139147520065
1759645111188140800,0.821140869140625,-0.04001985490322113,-0.2541710138320923,-0.04405694082379341
1759645111198098000,0.831097900390625,-0.053631268441677094,-0.2353059947490692,-0.04279327020049095
1759645111208055000,0.841054931640625,-0.07072210311889648,-0.20360425114631653,-0.04989086091518402
1759645111218012000,0.851011962890625,-0.08500277251005173,-0.163426473736763,-0.05392927676439285
1759645111227969800,0.8609697265625,-0.10338950902223587,-0.12607723474502563,-0.057915497571229935
1759645111237927000,0.870927001953125,-0.12123668193817139,-0.08141949027776718,-0.0614769421517849
1759645111247884000,0.880884033203125,-0.12116290628910065,-0.03493880853056908,-0.058817509561777115
1759645111257841000,0.8908408203125,-0.1046782061457634,0.009647566825151443,-0.04585403949022293
1759645111267798800,0.900798828125,-0.08410342782735825,0.030313430353999138,-0.024865135550498962
1759645111277756000,0.910755859375,-0.058635350316762924,0.03905685618519783,-0.0018777948571369052
1759645111287712800,0.920712646484375,-0.03203383460640907,0.04270698502659798,0.018672753125429153
1759645111297670000,0.930669921875,-0.015536349266767502,0.037872280925512314,0.026507774367928505
1759645111307627000,0.940626953125,-0.0037345506716519594,0.03483548015356064,0.02388828806579113
1759645111317585000,0.9505849609375,0.002998985582962632,0.022661369293928146,0.018281269818544388
1759645111327541800,0.960541748046875,0.007951133884489536,0.008645153604447842,0.01720348745584488
1759645111337499000,0.970498779296875,0.0024170849937945604,0.005334844347089529,0.02050900273025036
1759645111347456000,0.9804560546875,-0.00993039458990097,-0.000005592638444795739,0.028431640937924385
1759645111357412900,0.990412841796875,-0.019115371629595757,-0.011246795766055584,0.027877703309059143
1759645111367370800,1.000370849609375,-0.025168735533952713,-0.02604864537715912,0.017054351046681404
1759645111377327900,1.010327880859375,-0.02882232703268528,-0.035981435328722,0.0022719427943229675
1759645111387285000,1.020284912109375,-0.028429776430130005,-0.042159970849752426,-0.01363218855112791
1759645111397241900,1.030241943359375,-0.024894164875149727,-0.053943127393722534,-0.029043635353446007
1759645111407199700,1.04019970703125,-0.01780829206109047,-0.07370191812515259,-0.036193955689668655
1759645111417156900,1.050156982421875,-0.014546452090144157,-0.09316829591989517,-0.03726667910814285
1759645111427114000,1.060114013671875,-0.010523747652769089,-0.10252904146909714,-0.04093251749873161
1759645111437070800,1.07007080078125,-0.006612629164010286,-0.09488816559314728,-0.044856686145067215
1759645111447028000,1.080028076171875,-0.008725048042833805,-0.0719948336482048,-0.043288618326187134
1759645111456985900,1.08998583984375,-0.01447188388556242,-0.05043760687112808,-0.04192161560058594
1759645111466943000,1.09994287109375,-0.016620522364974022,-0.03350496292114258,-0.03726188465952873
1759645111476899800,1.10989990234375,-0.02009355090558529,-0.026339994743466377,-0.03007853962481022
1759645111486857000,1.11985693359375,-0.021702099591493607,-0.029860960319638252,-0.017919344827532768
1759645111496814800,1.12981494140625,-0.02533438429236412,-0.03512949123978615,0.0034139060880988836
1759645111506771700,1.139771728515625,-0.028919799253344536,-0.034030403941869736,0.021813951432704926
1759645111516728800,1.149728759765625,-0.03116404451429844,-0.03068520873785019,0.028653748333454132
1759645111526686000,1.15968603515625,-0.03002501092851162,-0.02474129945039749,0.029090506955981255
1759645111536643000,1.16964306640625,-0.025965021923184395,-0.018628012388944626,0.024585770443081856
1759645111546600700,1.1796005859375,-0.019992349669337273,-0.02684413082897663,0.02521773800253868
1759645111556557800,1.189557861328125,-0.016054600477218628,-0.04265851527452469,0.03145459666848183
1759645111566515000,1.199514892578125,-0.014058827422559261,-0.050267964601516724,0.033727336674928665
1759645111576471800,1.209471923828125,-0.012500878423452377,-0.05323339253664017,0.024414263665676117
1759645111586430000,1.219429931640625,-0.013527260161936283,-0.054905325174331665,0.01245267502963543
1759645111596386800,1.22938671875,-0.010277670808136463,-0.06257683038711548,0.00032437301706522703
1759645111606344000,1.239343994140625,-0.011858257465064526,-0.06950051337480545,-0.008988169021904469
1759645111616300800,1.24930078125,-0.010511497035622597,-0.07730890065431595,-0.015427425503730774
1759645111626259000,1.259259033203125,-0.013489976525306702,-0.09047237783670425,-0.01979261264204979
1759645111636215800,1.2692158203125,-0.023297065868973732,-0.09941872954368591,-0.025773007422685623
1759645111646173000,1.2791728515625,-0.028448952361941338,-0.10711979866027832,-0.02907186560332775
1759645111656129800,1.2891298828125,-0.04140922427177429,-0.1139441430568695,-0.03296726942062378
1759645111666088000,1.299087890625,-0.05294177681207657,-0.11107885092496872,-0.038052044808864594
1759645111676045000,1.309045166015625,-0.057618290185928345,-0.0992022156715393,-0.04825381562113762
1759645111686002000,1.319001953125,-0.06406393647193909,-0.09135361760854721,-0.05938636139035225
1759645111695958800,1.328958740234375,-0.07260123640298843,-0.0891631618142128,-0.061517953872680664
1759645111705916000,1.338916015625,-0.07199829071760178,-0.09632387012243271,-0.058272361755371094
1759645111715874000,1.3488740234375,-0.07318153232336044,-0.1096588522195816,-0.05175773799419403
1759645111725831000,1.358830810546875,-0.07039187103509903,-0.12644022703170776,-0.04958193376660347
1759645111735787800,1.368787841796875,-0.06727011501789093,-0.14447729289531708,-0.0476444847881794
1759645111745746000,1.378745849609375,-0.06842432916164398,-0.14190147817134857,-0.04933319613337517
1759645111755703000,1.388703125,-0.07293785363435745,-0.11301789432764053,-0.05296281725168228
1759645111765660000,1.398659912109375,-0.07817922532558441,-0.07895047217607498,-0.056014534085989
1759645111775616800,1.40861669921875,-0.08051534742116928,-0.04761652275919914,-0.05775997042655945
1759645111785574000,1.418573974609375,-0.07819653302431107,-0.022655244916677475,-0.059489425271749496
1759645111795532000,1.428531982421875,-0.07108189910650253,-0.014007162302732468,-0.05564089119434357
1759645111805489000,1.438489013671875,-0.05811576545238495,-0.014703844673931599,-0.04306944087147713
1759645111815446000,1.448446044921875,-0.04312776401638985,-0.016324378550052643,-0.018636267632246017
1759645111825404000,1.45840380859375,-0.03476916626095772,-0.02220330573618412,0.0037550569977611303
1759645111835361000,1.468361083984375,-0.03111957013607025,-0.020976921543478966,0.018762236461043358
1759645111845318000,1.47831787109375,-0.02744467370212078,-0.00897032581269741,0.025185780599713326
1759645111855275000,1.48827490234375,-0.033243440091609955,0.012806609272956848,0.020021645352244377
1759645111865233000,1.49823291015625,-0.040050212293863297,0.03981985151767731,0.010805776342749596
1759645111875190000,1.50818994140625,-0.0447794571518898,0.06944112479686737,-0.0031164311803877354
1759645111885147000,1.51814697265625,-0.04693235456943512,0.08490503579378128,-0.013953899033367634
1759645111895104000,1.52810400390625,-0.046119026839733124,0.07966313511133194,-0.013967746868729591
1759645111905062000,1.538061767578125,-0.03994155675172806,0.06036720424890518,-0.010750914923846722
1759645111915019000,1.54801904296875,-0.029516080394387245,0.03074832446873188,0.003278617514297366
1759645111924975900,1.557975830078125,-0.019093001261353493,0.008045143447816372,0.018932145088911057
1759645111934933000,1.56793310546875,-0.013111008331179619,-0.009325590915977955,0.034689269959926605
1759645111944891000,1.577890869140625,-0.010088587179780006,-0.01744157448410988,0.041371941566467285
1759645111954847700,1.58784765625,-0.009276056662201881,-0.02299319952726364,0.04230671003460884
1759645111964804900,1.597804931640625,-0.013292103074491024,-0.02635277807712555,0.03638836741447449
1759645111974763000,1.607762939453125,-0.017026387155056,-0.02359320968389511,0.03181198984384537
1759645111984720000,1.617719970703125,-0.019361181184649467,-0.023094400763511658,0.026091255247592926
1759645111994676700,1.6276767578125,-0.017888719215989113,-0.026390595361590385,0.021760689094662666
1759645112004633900,1.6376337890625,-0.009498696774244308,-0.03472336009144783,0.013747770339250565
1759645112014592000,1.647592041015625,-0.0057564228773117065,-0.039389219135046005,0.00782543234527111
1759645112024549000,1.657549072265625,-0.00785499345511198,-0.053766559809446335,0.007819307036697865
1759645112034505700,1.667505615234375,-0.011669172905385494,-0.05774771794676781,0.010388725437223911
1759645112044463900,1.6774638671875,-0.014210893772542477,-0.04999126121401787,0.011845740489661694
1759645112054421000,1.6874208984375,-0.01529000699520111,-0.037031255662441254,0.010262757539749146
1759645112064378000,1.697378173828125,-0.010116283781826496,-0.014976552687585354,0.0073173013515770435
1759645112074335000,1.7073349609375,-0.004265584982931614,0.006124471314251423,0.0016900419723242521
1759645112084292900,1.71729296875,0.004997421521693468,0.015301724895834923,0.0043710460886359215
1759645112094249700,1.727249755859375,0.009890447370707989,-0.00021891183860134333,0.016290822997689247
1759645112104206600,1.73720654296875,0.017074057832360268,-0.01450144499540329,0.035771578550338745
1759645112114164500,1.74716455078125,0.017122527584433556,-0.016995495185256004,0.04518558830022812
1759645112124121600,1.75712158203125,0.01721547171473503,-0.002686064224690199,0.04216396436095238
1759645112134078700,1.76707861328125,0.011669971980154514,0.014481204561889172,0.02839861810207367
1759645112144035600,1.77703564453125,0.013409814797341824,0.001847967505455017,0.0212395079433918
1759645112153993700,1.78699365234375,0.021082116290926933,-0.03309909626841545,0.020594757050275803
1759645112163950600,1.79695068359375,0.028676118701696396,-0.07097404450178146,0.02255590818822384
1759645112173907700,1.80690771484375,0.033792316913604736,-0.08366800099611282,0.022878684103488922
1759645112183865900,1.816865966796875,0.036908749490976334,-0.08441022038459778,0.024278974160552025
1759645112193822700,1.82682275390625,0.02781005948781967,-0.06240931525826454,0.02871127240359783
1759645112203779600,1.836779541015625,0.019185945391654968,-0.020072244107723236,0.02803642861545086
1759645112213737700,1.84673779296875,0.0087218526750803,0.0073103769682347775,0.024476580321788788
1759645112223694600,1.856694580078125,0.004278101958334446,0.013628726825118065,0.021987058222293854
1759645112233651700,1.866651611328125,0.004021639470010996,0.01716034486889839,0.021567875519394875
1759645112243608800,1.87660888671875,0.006706106010824442,0.02539563737809658,0.025529062375426292
1759645112253566700,1.886566650390625,0.002130795270204544,0.032774992287158966,0.02550908923149109
1759645112263523600,1.896523681640625,-0.005017928313463926,0.034337468445301056,0.020020313560962677
1759645112273480700,1.906480712890625,-0.01164653617888689,0.027762921527028084,0.015620239078998566
1759645112283438600,1.9164384765625,-0.01606232300400734,0.017605625092983246,0.004546548705548048
1759645112293395700,1.926395751953125,-0.015795741230249405,-0.0036812876351177692,0.001913214917294681
1759645112303352600,1.9363525390625,-0.015574964694678783,-0.028434837237000465,0.0033270870335400105
1759645112313310700,1.946310791015625,-0.016868729144334793,-0.03183729201555252,0.004171841777861118
1759645112323267600,1.956267578125,-0.017796041443943977,-0.021574268117547035,-0.003358778776600957
1759645112333224700,1.966224609375,-0.01751374639570713,-0.013572268187999725,-0.011081147007644176
1759645112343182600,1.9761826171875,-0.020439494401216507,-0.00836978293955326,-0.016708672046661377
1759645112353139700,1.9861396484375,-0.018557172268629074,-0.016649549826979637,-0.01830017752945423
1759645112363096800,1.996096923828125,-0.014854846522212029,-0.03646906092762947,-0.01727779023349285
1759645112373054700,2.0060546875,-0.01480318047106266,-0.03891277685761452,-0.018086059018969536
1759645112383011600,2.016011474609375,-0.018270883709192276,-0.02689499780535698,-0.020145215094089508
1759645112392968700,2.02596875,-0.016051137819886208,-0.02251276560127735,-0.021864818409085274
1759645112402925800,2.03592578125,-0.009051818400621414,-0.04752251133322716,-0.020595023408532143
1759645112412883700,2.0458837890625,-0.0031555795576423407,-0.06619127094745636,-0.014573615975677967
1759645112422840600,2.055840576171875,-0.0013049489352852106,-0.07418474555015564,-0.01098394114524126
1759645112432797700,2.065797607421875,0.003388606244698167,-0.0737149640917778,-0.010058493353426456
1759645112442755600,2.075755615234375,0.0034764904994517565,-0.06376379728317261,-0.018136126920580864
1759645112452712700,2.085712646484375,-0.002163019496947527,-0.036795832216739655,-0.03232598304748535
1759645112462669600,2.095669677734375,-0.008803611621260643,-0.014915033243596554,-0.04312429949641228
1759645112472627700,2.105627685546875,-0.011754659935832024,-0.0011675298446789384,-0.04436719790101051
1759645112482584800,2.115584716796875,-0.010032393969595432,-0.0031883365008980036,-0.03641979396343231
1759645112492541400,2.12554150390625,-0.0034850125666707754,-0.019040536135435104,-0.022720757871866226
1759645112502499600,2.13549951171875,0.0034820830915123224,-0.04339407756924629,-0.014522749930620193
1759645112512456700,2.145456787109375,0.008244614116847515,-0.06836414337158203,-0.00649598240852356
1759645112522413800,2.155413818359375,0.0166745837777853,-0.08390901237726212,0.0010215885704383254
1759645112532371700,2.165371826171875,0.01613396219909191,-0.09289371967315674,0.006947654765099287
1759645112542328600,2.17532861328125,0.008325041271746159,-0.08621478080749512,0.0062272693030536175
1759645112552285700,2.18528564453125,0.00035899411886930466,-0.05760204419493675,0.005134308245033026
1759645112562243600,2.19524365234375,-0.0026296053547412157,-0.020601149648427963,-0.003975566942244768
1759645112572200700,2.20520068359375,0.0025955168530344963,-0.001067927572876215,-0.013097425922751427
1759645112582157600,2.215157470703125,0.004029362928122282,0.008305600844323635,-0.017675133422017097
1759645112592115700,2.22511572265625,0.0026991136837750673,0.010772752575576305,-0.01708843931555748
1759645112602072800,2.23507275390625,0.00013768543431069702,0.00717482203617692,-0.00737376045435667
1759645112612029400,2.245029541015625,0.0009411611245013773,0.0051505533047020435,0.003433613572269678
1759645112621987600,2.254987548828125,-0.0007792409160174429,0.006205431651324034,0.008746886625885963
1759645112631944700,2.26494482421875,-0.0028794098179787397,0.014307833276689053,0.0039175101555883884
1759645112641901800,2.27490185546875,-0.0018847191240638494,0.02244432270526886,-0.004860002547502518
1759645112651859700,2.284859619140625,-0.006851780693978071,0.03002581000328064,-0.009636381641030312
1759645112661816600,2.294816650390625,-0.011797270737588406,0.03235314413905144,-0.002079662401229143
1759645112671774700,2.304774658203125,-0.00980416126549244,0.023693878203630447,0.01278770063072443
1759645112681731600,2.314731689453125,-0.003136138431727886,0.011874236166477203,0.02624385431408882
1759645112691688700,2.324688720703125,0.002276203827932477,0.01149739883840084,0.033429861068725586
1759645112701646600,2.334646484375,0.002243979601189494,0.02093910425901413,0.03142796456813812
1759645112711603700,2.344603759765625,-0.001659948262386024,0.03947816789150238,0.0220272708684206
1759645112721560800,2.354560791015625,-0.009845173917710781,0.06241916865110397,0.011334147304296494
1759645112731518700,2.364518798828125,-0.00914422981441021,0.06029769405722618,0.007144195958971977
1759645112741475600,2.3744755859375,-0.005899168085306883,0.04320099949836731,0.00635004136711359
1759645112751432700,2.3844326171875,0.0004756405542138964,0.014126204885542393,0.011174623854458332
1759645112761390600,2.394390625,0.011600730009377003,-0.0038775624707341194,0.011574097909033298
1759645112771347700,2.40434765625,0.016165120527148247,-0.006326072849333286,0.0065191518515348434
1759645112781304600,2.4143046875,0.01642371341586113,0.004048803821206093,-0.003412840887904167
1759645112791262700,2.4242626953125,0.012984241358935833,0.009439574554562569,-0.010575945489108562
1759645112801219600,2.434219482421875,0.008779110386967659,0.010027600452303886,-0.010398845188319683
1759645112811176700,2.4441767578125,0.008078432641923428,0.006464290898293257,-0.004369714763015509
1759645112821134600,2.454134521484375,0.010897388681769371,0.0027949875220656395,0.003093261504545808
1759645112831091700,2.464091796875,0.011798336170613766,0.002416286151856184,0.00657561095431447
1759645112841049600,2.474049560546875,0.013689979910850525,0.01158927846699953,0.009493104182183743
1759645112851006700,2.4840068359375,0.011699266731739044,0.029797043651342392,0.008342085406184196
1759645112860963600,2.493963623046875,0.015484151430428028,0.03086790069937706,0.004550543148070574
1759645112870921700,2.503921630859375,0.020127106457948685,-0.00010093380114994943,0.011515774764120579
1759645112880878600,2.513878662109375,0.02033722959458828,-0.01673184148967266,0.024580443277955055
1759645112890835700,2.523835693359375,0.02130928263068199,-0.017593640834093094,0.03413160517811775
1759645112900793600,2.533793701171875,0.021876269951462746,-0.0073380740359425545,0.03662538900971413
1759645112910750700,2.543750732421875,0.020779047161340714,0.0016596820205450058,0.03008653037250042
1759645112920708600,2.55370849609375,0.01684103161096573,0.012287825345993042,0.02309999242424965
1759645112930665700,2.563665771484375,0.010539992712438107,0.019224826246500015,0.024237962439656258
1759645112940622600,2.57362255859375,0.00526533555239439,0.020419787615537643,0.028683843091130257
1759645112950580500,2.58358056640625,0.0008977515972219408,0.0258150864392519,0.03507223352789879
1759645112960537600,2.59353759765625,-0.004193413536995649,0.030101442709565163,0.03803633153438568
1759645112970494700,2.60349462890625,-0.007626760751008987,0.029523270204663277,0.03440298140048981
1759645112980452900,2.613452880859375,-0.008763131685554981,0.02340838685631752,0.03272652253508568
1759645112990409700,2.62340966796875,-0.011277422308921814,0.013118465431034565,0.03224289044737816
1759645113000367600,2.63336767578125,-0.01311979629099369,-0.019401393830776215,0.031799208372831345
1759645113010324700,2.64332470703125,-0.017291905358433723,-0.05927903577685356,0.039386555552482605
1759645113020281600,2.653281494140625,-0.00833942275494337,-0.0746002048254013,0.0436398871243
1759645113030239500,2.663239501953125,0.0019893813878297806,-0.07475998997688293,0.03670395165681839
1759645113040196600,2.673196533203125,0.0041374871507287025,-0.07321322709321976,0.024745559319853783
1759645113050153700,2.68315380859375,0.006370814051479101,-0.06899184733629227,0.006911435630172491
1759645113060112000,2.69311181640625,0.010336526669561863,-0.06358909606933594,-0.003117496380582452
1759645113070068500,2.703068359375,0.01744184084236622,-0.040819600224494934,-0.013421266339719296
1759645113080026600,2.713026611328125,0.017792578786611557,-0.02322595939040184,-0.020915934816002846
1759645113089983200,2.722983154296875,0.017221864312887192,-0.013109143823385239,-0.021672803908586502
1759645113099940400,2.7329404296875,0.019336679950356483,-0.0031531827989965677,-0.018862903118133545
1759645113109898200,2.742898193359375,0.02172154001891613,-0.000592020689509809,-0.008746886625885963
1759645113119855400,2.75285546875,0.023980699479579926,-0.008734103292226791,0.0012903015594929457
1759645113129812200,2.762812255859375,0.02895095758140087,-0.020122312009334564,0.00842517614364624
1759645113139770400,2.772770263671875,0.032350484281778336,-0.025008946657180786,0.01353498362004757
1759645113149727200,2.782727294921875,0.032097481191158295,-0.015428490936756134,0.011699266731739044
1759645113159685400,2.792685302734375,0.030642863363027573,0.004107926040887833,-0.0018852517241612077
1759645113169642200,2.802642333984375,0.027032949030399323,0.028779717162251472,-0.011037737131118774
1759645113179599400,2.812599365234375,0.025357553735375404,0.04537280648946762,-0.014855911023914814
1759645113189557200,2.82255712890625,0.025770610198378563,0.04908338934183121,-0.014503308571875095
1759645113199514400,2.832514404296875,0.030178409069776535,0.04360686615109444,-0.008431035093963146
1759645113209472300,2.84247216796875,0.0369657427072525,0.044507015496492386,0.0014415690675377846
1759645113219429400,2.852429443359375,0.04464256763458252,0.04851400479674339,0.008702944032847881
1759645113229386200,2.86238623046875,0.05067143216729164,0.053646981716156006,0.009640377014875412
1759645113239344400,2.872344482421875,0.05405231565237045,0.06348975747823715,0.00782649777829647
1759645113249301200,2.88230126953125,0.055156461894512177,0.07070852071046829,0.006313289515674114
1759645113259259100,2.892259033203125,0.04983067139983177,0.07294904440641403,0.005406483076512814
1759645113269216300,2.90221630859375,0.042450521141290665,0.07307714223861694,0.005294098053127527
1759645113279173400,2.91217333984375,0.03814525529742241,0.06781739741563797,0.0036397422663867474
1759645113289131500,2.922131591796875,0.03771169111132622,0.062484949827194214,-0.0027654264122247696
1759645113299088100,2.932088134765625,0.03351827710866928,0.05712613835930824,-0.011806858703494072
1759645113309046300,2.94204638671875,0.03313931077718735,0.06167374923825264,-0.013801832683384418
1759645113319003400,2.95200341796875,0.038658447563648224,0.06635984778404236,-0.016891365870833397
1759645113328960300,2.961960205078125,0.043661728501319885,0.058570101857185364,-0.019184347242116928
1759645113338918100,2.971918212890625,0.04603327065706253,0.048879124224185944,-0.014703045599162579
1759645113348875300,2.981875244140625,0.042993005365133286,0.048704423010349274,-0.007389206904917955
1759645113358833400,2.99183349609375,0.04333575442433357,0.05005091801285744,0.0015004249289631844
1759645113368790300,3.001790283203125,0.0426609106361866,0.047503869980573654,0.003966245800256729
1759645113378747100,3.0117470703125,0.04084436967968941,0.039378564804792404,0.0017784589435905218
1759645113388705300,3.021705322265625,0.03952983394265175,0.03780277073383331,-0.0019499665359035134
1759645113398662400,3.031662353515625,0.036737240850925446,0.045047368854284286,-0.00586721021682024
1759645113408620300,3.041620361328125,0.03063247725367546,0.05600867420434952,-0.011767176911234856
1759645113418577200,3.0515771484375,0.028683044016361237,0.06201969459652901,-0.012777048163115978
1759645113428534300,3.0615341796875,0.03026416152715683,0.05742281302809715,-0.010177535936236382
1759645113438492400,3.071492431640625,0.031565915793180466,0.0504077784717083,-0.008234760724008083
1759645113448449300,3.08144921875,0.03548209369182587,0.04880189523100853,-0.004067978356033564
1759645113458407400,3.091407470703125,0.036978788673877716,0.0509079210460186,-0.0012482235906645656
1759645113468364300,3.1013642578125,0.037086647003889084,0.04980111122131348,0.002115348819643259
1759645113478322200,3.111322265625,0.03621472790837288,0.05553915724158287,0.003299123840406537
1759645113488279300,3.121279296875,0.033431727439165115,0.06669487059116364,0.004012318328022957
1759645113498236200,3.131236083984375,0.033009614795446396,0.07524015754461288,0.0010905644157901406
1759645113508194300,3.1411943359375,0.033183787018060684,0.07180202007293701,0.005903961602598429
1759645113518151200,3.151151123046875,0.023095466196537018,0.0667814239859581,0.016171779483556747
1759645113528109300,3.161109375,0.015236211009323597,0.0737658366560936,0.028056668117642403
1759645113538066400,3.17106640625,0.020191021263599396,0.05006103590130806,0.03991146385669708
1759645113548023300,3.181023193359375,0.024578047916293144,0.022773755714297295,0.05198197439312935
1759645113557981200,3.190981201171875,0.027127491310238838,0.019568108022212982,0.06476088613271713
1759645113567938300,3.200938232421875,0.025244902819395065,0.026491794735193253,0.07139215618371964
1759645113577896400,3.210896484375,0.022493058815598488,0.025315476581454277,0.0689641535282135
1759645113587853300,3.220853271484375,0.020895162597298622,0.01239275373518467,0.06478485465049744
1759645113597811200,3.230811279296875,0.016815464943647385,-0.00044767739018425345,0.06238268315792084
1759645113607768300,3.240768310546875,0.015326225198805332,-0.009105614386498928,0.0635605975985527
1759645113617725400,3.250725341796875,0.013481187634170055,-0.009913350455462933,0.06217921897768974
1759645113627683300,3.260683349609375,0.012598349712789059,-0.005687446799129248,0.05824200063943863
1759645113637640200,3.27064013671875,0.010040650144219398,-0.0004814995336346328,0.04989645257592201
1759645113647598300,3.280598388671875,0.003367300843819976,0.01124892570078373,0.046848997473716736
1759645113657555500,3.290555419921875,-0.00013901700731366873,0.020416857674717903,0.04451127350330353
1759645113667513300,3.300513427734375,-0.0036906085442751646,0.017949705943465233,0.049016278237104416
1759645113677470200,3.31047021484375,-0.004779042676091194,0.012191152200102806,0.054973237216472626
1759645113687427300,3.32042724609375,-0.0012266519479453564,0.006311958190053701,0.05783586949110031
1759645113697385200,3.33038525390625,-0.0022945795208215714,0.0038751657120883465,0.060146693140268326
1759645113707342300,3.34034228515625,-0.007259244564920664,0.00752023421227932,0.06065163016319275
1759645113717300200,3.35030029296875,-0.004367051646113396,-0.003507383167743683,0.05669523775577545
1759645113727257300,3.36025732421875,-0.0028876655269414186,-0.0003384877636563033,0.05560334026813507
1759645113737215200,3.37021533203125,-0.006671485025435686,0.003930026665329933,0.05602305382490158
1759645113747172400,3.38017236328125,-0.00845713447779417,0.0011667308863252401,0.058097392320632935
1759645113757129200,3.390129150390625,-0.009502957575023174,-0.0007440872141160071,0.058405786752700806
1759645113767087000,3.400087158203125,-0.016592292115092278,0.007029946427792311,0.05545952916145325
1759645113777044200,3.410044189453125,-0.02232527919113636,0.00791438203305006,0.05229542776942253
1759645113787002400,3.42000244140625,-0.022591594606637955,0.006864031311124563,0.045515019446611404
1759645113796959500,3.42995947265625,-0.024634240195155144,0.008330633863806725,0.047569915652275085
1759645113806917000,3.439917236328125,-0.028484905138611794,0.017132114619016647,0.05124907195568085
1759645113816874200,3.449874267578125,-0.02756478264927864,0.011786085553467274,0.05494660511612892
1759645113826831400,3.459831298828125,-0.021632591262459755,-0.0030831415206193924,0.06438431888818741
1759645113836789200,3.469789306640625,-0.017600564286112785,-0.020051471889019012,0.07363241165876389
1759645113846746000,3.47974609375,-0.016981113702058792,-0.02899889461696148,0.07669078558683395
1759645113856704300,3.489704345703125,-0.01264042779803276,-0.038290929049253464,0.07189682871103287
1759645113866661400,3.499661376953125,-0.01230486948043108,-0.04753662645816803,0.06442718952894211
1759645113876619300,3.509619384765625,-0.014004765078425407,-0.03887096792459488,0.05751335993409157
1759645113886576000,3.519576171875,-0.021513814106583595,-0.02520362287759781,0.05592398717999458
1759645113896534300,3.5295341796875,-0.025424666702747345,-0.01016635075211525,0.05149142071604729
1759645113906491400,3.539491455078125,-0.02792138047516346,-0.011032410897314548,0.0488402433693409
1759645113916448300,3.5494482421875,-0.02689899131655693,-0.026040654629468918,0.055037952959537506
1759645113926406400,3.559406494140625,-0.026016153395175934,-0.031072165817022324,0.06070089712738991
1759645113936363300,3.56936328125,-0.0233527272939682,-0.03256060555577278,0.06473185867071152
1759645113946321200,3.579321044921875,-0.02545635774731636,-0.03370922803878784,0.061175473034381866
1759645113956278300,3.5892783203125,-0.02706890180706978,-0.042163699865341187,0.0539734847843647
1759645113966236400,3.599236328125,-0.02912992238998413,-0.04656830057501793,0.05006636306643486
1759645113976193300,3.609193359375,-0.033316146582365036,-0.04198659956455231,0.049320679157972336
1759645113986151200,3.619151123046875,-0.035718049854040146,-0.030765635892748833,0.0481875017285347
1759645113996108300,3.6291083984375,-0.034572359174489975,-0.024280039593577385,0.04519836977124214
1759645114006065400,3.6390654296875,-0.03127003833651543,-0.04121827706694603,0.044325120747089386
1759645114016023300,3.649023193359375,-0.029885195195674896,-0.055447544902563095,0.04837099462747574
1759645114025980200,3.658980224609375,-0.029736855998635292,-0.05766542628407478,0.05525047332048416
1759645114035938300,3.668938232421875,-0.0303358007222414,-0.05867929384112358,0.05907903239130974
1759645114045895400,3.6788955078125,-0.03044951893389225,-0.053339652717113495,0.0583096444606781
1759645114055853300,3.688853271484375,-0.033848777413368225,-0.049199771136045456,0.0611959807574749
1759645114065810200,3.69881005859375,-0.03214115649461746,-0.05963563174009323,0.06465888768434525
1759645114075768300,3.708768310546875,-0.02707183174788952,-0.08022266626358032,0.06748130917549133
1759645114085725200,3.71872509765625,-0.027481425553560257,-0.09852231293916702,0.07056152075529099
1759645114095683800,3.728683837890625,-0.02954164706170559,-0.10682950913906097,0.07506545633077621
1759645114105640700,3.738640625,-0.03242292255163193,-0.11391644924879074,0.07860399782657623
1759645114115597800,3.748597900390625,-0.03458540886640549,-0.10703457146883011,0.07528197020292282
1759645114125555700,3.7585556640625,-0.03730529546737671,-0.09514915198087692,0.06848505139350891
1759645114135512600,3.7685126953125,-0.04272695630788803,-0.06751086562871933,0.05631333962082863
1759645114145470700,3.778470703125,-0.04797471687197685,-0.034088727086782455,0.045647647231817245
1759645114155427600,3.788427490234375,-0.04441167414188385,-0.01998808979988098,0.03438114374876022
1759645114165385700,3.7983857421875,-0.041247572749853134,-0.013742976821959019,0.024948759004473686
1759645114175342800,3.8083427734375,-0.03551804646849632,-0.01293151080608368,0.017848771065473557
1759645114185300700,3.81830078125,-0.027875039726495743,-0.012740296311676502,0.00917432364076376
1759645114195257600,3.828257568359375,-0.02827877551317215,-0.009575662203133106,0.0007424892974086106
1759645114205215700,3.8382158203125,-0.021584387868642807,-0.014621020294725895,-0.005450425669550896
1759645114215172900,3.8481728515625,-0.014511032029986382,-0.02935895323753357,-0.01107502169907093
1759645114225129700,3.858129638671875,-0.00740358792245388,-0.040529049932956696,-0.01619841158390045
1759645114235087600,3.868087646484375,-0.0042131207883358,-0.03587996959686279,-0.023368971422314644
1759645114245044700,3.878044677734375,-0.0027355989441275597,-0.02677861787378788,-0.026463564485311508
1759645114255002600,3.888002685546875,-0.006192648317664862,-0.011186341755092144,-0.02731551043689251
1759645114264959700,3.897959716796875,-0.0068086376413702965,0.007969509810209274,-0.02894989214837551
1759645114274917600,3.907917724609375,-0.002989931032061577,0.021163342520594597,-0.02755359746515751
1759645114284874800,3.917874755859375,0.00379021093249321,0.01937742717564106,-0.02479829080402851
1759645114294832600,3.92783251953125,0.009496832266449928,0.020351344719529152,-0.017053818330168724
1759645114304789800,3.937789794921875,0.012173841707408428,0.03223090618848801,-0.009242500178515911
1759645114314748000,3.947747802734375,0.010953049175441265,0.05314710736274719,-0.0033665020018815994
1759645114324704800,3.957704833984375,0.009877664037048817,0.0633866935968399,0.000300404557492584
1759645114334662700,3.96766259765625,0.010267018340528011,0.0636676624417305,0.0026522420812398195
1759645114344619800,3.977619873046875,0.008251804858446121,0.06034136936068535,0.006993460934609175
1759645114354577000,3.987576904296875,0.00860334187746048,0.06541762501001358,0.012793559581041336
1759645114364535800,3.997535888671875,0.009812949225306511,0.07218577712774277,0.016113989055156708
1759645114374492700,4.00749267578125,0.00923184771090746,0.08170604705810547,0.019827499985694885
1759645114384450600,4.017450439453125,0.006344715133309364,0.0914420336484909,0.014898255467414856
1759645114394407700,4.02740771484375,0.004081294406205416,0.1003207415342331,0.010456369258463383
1759645114404365800,4.03736572265625,0.005839246790856123,0.1006254106760025,0.005569468718022108
1759645114414322700,4.04732275390625,-0.005025384947657585,0.10515224933624268,0.004226969089359045
1759645114424280600,4.057280517578125,0.004462126176804304,0.09188465029001236,-0.004927380476146936
1759645114434237700,4.06723779296875,0.010322945192456245,0.07857097685337067,-0.011225489899516106
1759645114444195800,4.07719580078125,0.01185133308172226,0.07811344414949417,-0.014599981717765331
1759645114454152700,4.087152587890625,0.015393337234854698,0.07686682045459747,-0.020962273702025414
1759645114464110600,4.097110595703125,0.014402109198272228,0.0627475380897522,-0.023722106590867043
1759645114474067700,4.107067626953125,0.020981980487704277,0.0408446341753006,-0.025192437693476677
1759645114484025600,4.117025634765625,0.028121117502450943,0.020016584545373917,-0.022953519597649574
1759645114493982700,4.126982666015625,0.02990809828042984,0.013518472202122211,-0.024752484634518623
1759645114503939600,4.136939697265625,0.03181811794638634,0.022964971140027046,-0.02315991371870041
1759645114513897700,4.146897705078125,0.03135446086525917,0.03213583305478096,-0.02279692515730858
1759645114523854800,4.156854736328125,0.030844731256365776,0.032756347209215164,-0.017014402896165848
1759645114533812700,4.166812744140625,0.0314098559319973,0.029164809733629227,-0.010491256602108479
1759645114543769600,4.17676953125,0.037470411509275436,0.01866289973258972,-0.007896538823843002
1759645114553727700,4.186727783203125,0.03972291201353073,0.005549761466681957,-0.00031425300403498113
1759645114563684600,4.1966845703125,0.03918095678091049,-0.0038107172586023808,0.0034876756835728884
1759645114573642800,4.206642822265625,0.03557769954204559,-0.0037619813811033964,-0.001192829804494977
1759645114583599900,4.216599853515625,0.030068153515458107,0.011905395425856113,-0.016279105097055435
1759645114593557500,4.2265576171875,0.018004300072789192,0.03320429101586342,-0.032932382076978683
1759645114603514600,4.2365146484375,0.006551642436534166,0.04152454063296318,-0.04035994037985802
1759645114613472800,4.24647265625,0.001987250754609704,0.04584019258618355,-0.04349873960018158
1759645114623430000,4.256429931640625,0.0021198762115091085,0.04254479706287384,-0.04108698293566704
1759645114633387800,4.2663876953125,0.006620352156460285,0.037818752229213715,-0.03680168837308884
1759645114643344600,4.2763447265625,0.006278135813772678,0.03471989557147026,-0.03014485351741314
1759645114653302800,4.286302734375,0.014548849314451218,0.031038077548146248,-0.024407338351011276
1759645114663259600,4.296259765625,0.012770922854542732,0.03424239158630371,-0.020130302757024765
1759645114673217800,4.3062177734375,0.011277155950665474,0.0441908985376358,-0.018426410853862762
1759645114683174700,4.316174560546875,0.009164203889667988,0.04948366433382034,-0.020059462636709213
1759645114693132500,4.326132568359375,0.009580722078680992,0.045878540724515915,-0.020006464794278145
1759645114703089700,4.336089599609375,0.012664129957556725,0.03406662493944168,-0.019043466076254845
1759645114713047800,4.3460478515625,0.007529288996011019,0.02712962217628956,-0.019511116668581963
1759645114723005000,4.3560048828125,0.006132993847131729,0.028262797743082047,-0.022188127040863037
1759645114732962600,4.365962646484375,0.0054333810694515705,0.021735122427344322,-0.024106934666633606
1759645114742919700,4.375919677734375,0.002153964713215828,0.0025012409314513206,-0.025922143831849098
1759645114752876800,4.385876708984375,0.005044027231633663,-0.004051200579851866,-0.025231853127479553
1759645114762834700,4.395834716796875,0.012083028443157673,-0.004258394706994295,-0.021225128322839737
1759645114772791600,4.40579150390625,0.01335894875228405,-0.003959854133427143,-0.017131848260760307
1759645114782749700,4.415749755859375,0.016705743968486786,-0.007384146563708782,-0.006585997529327869
1759645114792706800,4.425706787109375,0.019112441688776016,-0.00794687308371067,-0.006126335822045803
1759645114802664700,4.435664794921875,0.022232335060834885,-0.019110310822725296,-0.005318865180015564
1759645114812621600,4.44562158203125,0.023490944877266884,-0.027755199000239372,-0.008437959477305412
1759645114822579700,4.455579833984375,0.02263180911540985,-0.0320785753428936,-0.008822786621749401
1759645114832536600,4.46553662109375,0.015088139101862907,-0.025910159572958946,-0.0108270812779665
1759645114842494700,4.47549462890625,0.006592921447008848,-0.015599199570715427,-0.013908624649047852
1759645114852451800,4.485451904296875,0.005788912996649742,-0.0060091568157076836,-0.0160098597407341
1759645114862409500,4.495409423828125,0.00768774701282382,-0.013517406769096851,-0.014635934494435787
1759645114872366600,4.50536669921875,0.013010340742766857,-0.027767982333898544,-0.009814281016588211
1759645114882324700,4.51532470703125,0.017909225076436996,-0.03567810356616974,-0.0032629049383103848
1759645114892281900,4.52528173828125,0.01701946370303631,-0.03640994057059288,0.0026732811238616705
1759645114902239700,4.53523974609375,0.014949388802051544,-0.0357193797826767,0.0062645538710057735
1759645114912196600,4.545196533203125,0.012949620373547077,-0.03393799439072609,0.007232346571981907
1759645114922154800,4.55515478515625,0.012518455274403095,-0.03802807629108429,0.009165801107883453
1759645114932111600,4.565111572265625,0.011578092351555824,-0.039555132389068604,0.012028433382511139
1759645114942069800,4.57506982421875,0.0086603332310915,-0.04000520706176758,0.01618669368326664
1759645114952026600,4.585026611328125,0.005116997752338648,-0.033900175243616104,0.014674283564090729
1759645114961984500,4.594984619140625,-0.002482066163793206,-0.024830780923366547,0.01708471029996872
1759645114971941600,4.604941650390625,-0.006084257736802101,-0.012435897253453732,0.015140603296458721
1759645114981899800,4.614899658203125,-0.009571933187544346,-0.003910053055733442,0.012121111154556274
1759645114991857000,4.62485693359375,-0.008776447735726833,-0.007260842248797417,0.007202519103884697
1759645115001814500,4.634814453125,-0.01299462839961052,-0.0010466222884133458,0.004797152243554592
1759645115011771600,4.644771728515625,-0.015018098056316376,0.008885636925697327,0.0018018947448581457
1759645115021729800,4.654729736328125,-0.016172312200069427,0.018965966999530792,-0.004355067387223244
1759645115031686700,4.664686767578125,-0.015047925524413586,0.014627678319811821,-0.011502991430461407
1759645115041644800,4.674644775390625,-0.011876100674271584,-0.008640093728899956,-0.009302421472966671
1759645115051601700,4.6846015625,-0.010694989003241062,-0.029761889949440956,-0.0032437301706522703
1759645115061559600,4.6945595703125,-0.01152722630649805,-0.03272812068462372,0.0008969526388682425
1759645115071517700,4.704517578125,-0.012897156178951263,-0.026608174666762352,0.0015329155139625072
1759645115081474800,4.714474853515625,-0.012405803427100182,-0.023746341466903687,-0.0003355582884978503
1759645115091432700,4.7244326171875,-0.013218067586421967,-0.02461027167737484,-0.00689039658755064
1759645115101389300,4.734389404296875,-0.012105132453143597,-0.032351016998291016,-0.013199958018958569
1759645115111347200,4.74434716796875,-0.012367453426122665,-0.032159000635147095,-0.014064420014619827
1759645115121304300,4.75430419921875,-0.017957961186766624,-0.03050997294485569,-0.012367453426122665
1759645115131262200,4.76426220703125,-0.02063789963722229,-0.02161235176026821,-0.007270696107298136
1759645115141219300,4.77421923828125,-0.02334713377058506,-0.01269875094294548,-0.004540956113487482
1759645115151177500,4.784177490234375,-0.026164492592215538,-0.010359164327383041,-0.007485879585146904
1759645115161134300,4.79413427734375,-0.027216173708438873,-0.0171467624604702,-0.008955944329500198
1759645115171092200,4.80409228515625,-0.027034813538193703,-0.027455326169729233,-0.010099506005644798
1759645115181049300,4.81404931640625,-0.024922659620642662,-0.03244555741548538,-0.010755442082881927
1759645115191007500,4.824007568359375,-0.026707777753472328,-0.033426400274038315,-0.00805899128317833
1759645115200964000,4.833964111328125,-0.030549652874469757,-0.0361204519867897,-0.004137753508985043
1759645115210922200,4.843922119140625,-0.029748307541012764,-0.041258491575717926,-0.00017736652807798237
1759645115220879400,4.85387939453125,-0.021401429548859596,-0.0557149276137352,0.005234709475189447
1759645115230837200,4.863837158203125,-0.017854098230600357,-0.07059080898761749,0.012043080292642117
1759645115240794000,4.873794189453125,-0.016021311283111572,-0.07827802747488022,0.018065020442008972
1759645115250752300,4.883752197265625,-0.020922059193253517,-0.06813085079193115,0.026211630553007126
1759645115260709400,4.89370947265625,-0.023541545495390892,-0.06615877896547318,0.035298869013786316
1759645115270667300,4.903667236328125,-0.021639248356223106,-0.07848069071769714,0.040458742529153824
1759645115280624400,4.913624267578125,-0.021817680448293686,-0.0865790992975235,0.042993005365133286
1759645115290582300,4.923582275390625,-0.017841314896941185,-0.08585312217473984,0.04514351114630699
1759645115300540200,4.9335400390625,-0.04020228236913681,-0.07017802447080612,0.043471843004226685
1759645115310497300,4.943497314453125,-0.0393572598695755,-0.057435594499111176,0.039752740412950516
1759645115320455400,4.953455322265625,-0.03129613772034645,-0.05115905776619911,0.03777028247714043
1759645115330412300,4.963412353515625,-0.028177576139569283,-0.0613003745675087,0.03942357376217842
1759645115340370200,4.9733701171875,-0.02490881271660328,-0.0681910365819931,0.045413821935653687
1759645115350327300,4.983327392578125,-0.01937423087656498,-0.06905123591423035,0.05717167630791664
1759645115360285200,4.99328515625,-0.018139589577913284,-0.053885336965322495,0.05687153711915016
1759645115370242300,5.0032421875,-0.019577164202928543,-0.044085703790187836,0.055808670818805695
1759645115380200400,5.013200439453125,-0.02340385876595974,-0.04078391566872597,0.04965943098068237
1759645115390157300,5.0231572265625,-0.02304033748805523,-0.04265718162059784,0.04643940553069115
1759645115400115200,5.033115234375,-0.023368971422314644,-0.04363749176263809,0.04338262602686882
1759645115410072300,5.043072265625,-0.024580176919698715,-0.047255661338567734,0.04014209285378456
1759645115420030500,5.053030517578125,-0.025379924103617668,-0.051233094185590744,0.03582298010587692
1759645115429987000,5.062987060546875,-0.02540016546845436,-0.04658161476254463,0.03338592126965523
1759645115439945200,5.0729453125,-0.02684093452990055,-0.04410860687494278,0.03007880598306656
1759645115449903400,5.0829033203125,-0.02840527519583702,-0.039811063557863235,0.029263347387313843
1759645115459860200,5.092860107421875,-0.03346501663327217,-0.02672641910612583,0.034155040979385376
1759645115469818400,5.102818359375,-0.03361361846327782,-0.01697099395096302,0.03597797453403473
1759645115479775200,5.112775146484375,-0.028376514092087746,-0.025684591382741928,0.03663497790694237
1759645115489733000,5.122733154296875,-0.0232270248234272,-0.03317393362522125,0.03289936110377312
1759645115499690200,5.132690185546875,-0.0237058624625206,-0.03321760892868042,0.028253741562366486
1759645115509648400,5.1426484375,-0.0288191307336092,-0.020237626507878304,0.022539664059877396
1759645115519605500,5.15260546875,-0.03406795486807823,-0.006600910797715187,0.02015986293554306
1759645115529563100,5.162563232421875,-0.041066475212574005,0.004908205941319466,0.017467141151428223
1759645115539520300,5.172520263671875,-0.04416186735033989,0.014269483275711536,0.014318485744297504
1759645115549478400,5.182478515625,-0.04006672650575638,0.01998036541044712,0.010600978508591652
1759645115559436300,5.192436279296875,-0.03435397893190384,0.01630333997309208,0.00854368694126606
1759645115569393400,5.202393310546875,-0.028124311938881874,0.009907225146889687,0.009354619309306145
1759645115579351300,5.212351318359375,-0.02281317114830017,0.011904596351087093,0.010518421418964863
1759645115589308200,5.22230810546875,-0.01770096644759178,0.01071096770465374,0.009299226105213165
1759645115599266300,5.232266357421875,-0.014816496521234512,0.00564164062961936,0.008741027675569057
1759645115609223400,5.242223388671875,-0.011492338962852955,0.00016964336100500077,0.010515225119888783
1759645115619181300,5.252181396484375,-0.008654207922518253,0.00301736150868237,0.00743208359926939
1759645115629138200,5.26213818359375,-0.012881177477538586,0.010570352897047997,0.0037020600866526365
1759645115639096300,5.272096435546875,-0.015169898048043251,0.02221156284213066,0.0002892192860599607
1759645115649053400,5.282053466796875,-0.014583470299839973,0.042765840888023376,-0.003078880487009883
1759645115659011300,5.29201123046875,-0.005385976750403643,0.08181284368038177,-0.015163506381213665
1759645115668969500,5.301969482421875,0.004261324182152748,0.1079150140285492,-0.012065185233950615
1759645115678926300,5.31192626953125,0.0196064580231905,0.13535648584365845,-0.007202519103884697
1759645115688884200,5.32188427734375,0.029141640290617943,0.14901557564735413,0.0032807481475174427
1759645115698841300,5.33184130859375,0.027718713507056236,0.16126158833503723,0.006462692748755217
1759645115708799500,5.341799560546875,0.037086114287376404,0.1957588493824005,0.01299569383263588
1759645115718756000,5.351756103515625,0.030771760269999504,0.2309410721063614,0.010717093013226986
1759645115728714200,5.36171435546875,0.030172815546393394,0.2573324739933014,0.0012865731259807944
1759645115738671400,5.37167138671875,0.037163615226745605,0.28745120763778687,-0.010944526642560959
1759645115748629200,5.381629150390625,0.03680701553821564,0.31395766139030457,-0.017764350399374962
1759645115758587400,5.39158740234375,0.04152880236506462,0.2933192253112793,-0.015496933832764626
1759645115768544300,5.401544189453125,0.05528216436505318,0.2460971176624298,-0.011847871355712414
1759645115778502100,5.411502197265625,0.07094980776309967,0.20582586526870728,-0.009021191857755184
1759645115788459300,5.421459228515625,0.07438954710960388,0.1898583471775055,0.005181446205824614
1759645115798417400,5.43141748046875,0.07074234634637833,0.1893656700849533,0.01212697010487318
1759645115808374500,5.44137451171875,0.06699927151203156,0.1982284039258957,0.007803328335285187
1759645115818332200,5.451332275390625,0.06352145224809647,0.2182721495628357,-0.0012333098566159606
1759645115828290300,5.461290283203125,0.06586210429668427,0.2764001786708832,-0.007167365401983261
1759645115838247400,5.471247314453125,0.06710473448038101,0.37661013007164,-0.00785419438034296
1759645115848205300,5.481205322265625,0.061296381056308746,0.5030239820480347,-0.004420847166329622
1759645115858162400,5.491162353515625,0.04662049934267998,0.6159127354621887,0.00011638013529591262
1759645115868120300,5.501120361328125,0.02834721840918064,0.7062175869941711,0.004487959202378988
1759645115878077200,5.5110771484375,0.017775801941752434,0.7540514469146729,0.016753412783145905
1759645115888035300,5.521035400390625,0.02034149132668972,0.7343024611473083,0.04698881506919861
1759645115897992400,5.530992431640625,0.025305090472102165,0.6874135136604309,0.08876289427280426
1759645115907950300,5.540950439453125,0.02600150741636753,0.6500938534736633,0.1376665234565735
1759645115917908200,5.550908203125,0.0268918015062809,0.6025481820106506,0.1846127212047577
1759645115927865300,5.560865234375,0.023091737180948257,0.5636205077171326,0.2242826372385025
1759645115937823200,5.5708232421875,0.015027951449155807,0.5468217730522156,0.24735146760940552
1759645115947780400,5.5807802734375,-0.0031337416730821133,0.5746121406555176,0.2549856901168823
1759645115957738500,5.590738525390625,-0.029193038120865822,0.6342781186103821,0.25492656230926514
1759645115967695400,5.6006953125,-0.045451901853084564,0.6912665963172913,0.2585276961326599
1759645115977653200,5.6106533203125,-0.05922736972570419,0.7603764533996582,0.2630620002746582
1759645115987611400,5.620611328125,-0.09672228246927261,0.8625456690788269,0.2719140648841858
1759645115997568300,5.630568359375,-0.16954855620861053,1.0272246599197388,0.2884427011013031
1759645116007526400,5.6405263671875,-0.22448156774044037,1.2376996278762817,0.3032701313495636
1759645116017483300,5.650483154296875,-0.2195557951927185,1.447404384613037,0.3213766813278198
1759645116027441200,5.660441162109375,-0.170357346534729,1.5230002403259277,0.35650697350502014
1759645116037398300,5.670398193359375,-0.09570655226707458,1.304278016090393,0.41653117537498474
1759645116047356400,5.6803564453125,-0.028897961601614952,0.9879459142684937,0.494740754365921
1759645116057314300,5.690314208984375,0.04207421466708183,0.70115065574646,0.5935850739479065
1759645116067271200,5.700271240234375,0.10087122023105621,0.5308460593223572,0.6958141922950745
1759645116077229300,5.710229248046875,0.13810300827026367,0.49037477374076843,0.7520713806152344
1759645116087186400,5.7201865234375,0.1350715309381485,0.549098551273346,0.7536141276359558
1759645116097144800,5.730144775390625,0.10818985104560852,0.6899209022521973,0.7123156785964966
1759645116107101700,5.740101806640625,0.10435277223587036,0.7805418968200684,0.6531420946121216
1759645116117059600,5.7500595703125,0.0971185564994812,0.780424177646637,0.6049016118049622
1759645116127017700,5.760017822265625,0.10134872794151306,0.7338396310806274,0.577937662601471
1759645116136974800,5.769974853515625,0.10819358378648758,0.6749044060707092,0.5554006695747375
1759645116146932700,5.7799326171875,0.10848040133714676,0.6333561539649963,0.5343515276908875
1759645116156889600,5.7898896484375,0.0939914733171463,0.6345420479774475,0.5271373391151428
1759645116166847700,5.79984765625,0.06853777915239334,0.6876077055931091,0.5200458765029907
1759645116176804900,5.809804931640625,0.04832305759191513,0.7580978274345398,0.5089364647865295
1759645116186762800,5.8197626953125,0.027875306084752083,0.7715611457824707,0.48487216234207153
1759645116196721000,5.829720947265625,0.021866416558623314,0.7416224479675293,0.45804905891418457
1759645116206677800,5.839677734375,0.035357989370822906,0.6784130930900574,0.4436189830303192
1759645116216635600,5.8496357421875,0.04920003563165665,0.552300214767456,0.45115014910697937
1759645116226592800,5.8595927734375,0.054917577654123306,0.4106042981147766,0.4782866835594177
1759645116236551000,5.869551025390625,0.05802122503519058,0.3372765779495239,0.5095686912536621
1759645116246507800,5.8795078125,0.06265805661678314,0.3273584246635437,0.5313293933868408
1759645116256466000,5.8894658203125,0.06929998099803925,0.31260478496551514,0.5391223430633545
1759645116266423800,5.899423828125,0.08008977770805359,0.3108513653278351,0.546782910823822
1759645116276380700,5.909380615234375,0.08533567190170288,0.34876224398612976,0.557323694229126
1759645116286338800,5.9193388671875,0.09285484254360199,0.4109361469745636,0.5646913647651672
1759645116296296000,5.9292958984375,0.10144726186990738,0.4212905168533325,0.5621517300605774
1759645116306253800,5.93925390625,0.11511939764022827,0.3463933765888214,0.5633102059364319
1759645116316211700,5.949211669921875,0.138337641954422,0.26436054706573486,0.5632146000862122
1759645116326168800,5.9591689453125,0.15093252062797546,0.22787471115589142,0.5615200400352478
1759645116336126700,5.969126708984375,0.1365317404270172,0.26461994647979736,0.5587114691734314
1759645116346083800,5.979083740234375,0.09951886534690857,0.3523135781288147,0.5546634793281555
1759645116356042000,5.9890419921875,0.05457243323326111,0.42871353030204773,0.539317786693573
1759645116365998800,5.998998779296875,0.028019916266202927,0.4268767535686493,0.5132601261138916
1759645116375956700,6.008956787109375,0.025064872577786446,0.3627963066101074,0.4739036560058594
1759645116385915000,6.018914794921875,0.02628593146800995,0.2737481892108917,0.4254530370235443
1759645116395872000,6.0288720703125,0.02425180934369564,0.23344764113426208,0.38094520568847656
1759645116405830000,6.038829833984375,0.01732998713850975,0.2464020550251007,0.357109934091568
1759645116415786800,6.048786865234375,0.005053082015365362,0.2765261232852936,0.3449496626853943
1759645116425745000,6.058744873046875,-0.009311743080615997,0.2949746549129486,0.3468383848667145
1759645116435702800,6.068702880859375,-0.019626431167125702,0.3247828781604767,0.36892345547676086
1759645116445660000,6.078659912109375,-0.0448945052921772,0.39724642038345337,0.4057384431362152
1759645116455617800,6.08861767578125,-0.06888798624277115,0.48873454332351685,0.4525032937526703
1759645116465574700,6.09857470703125,-0.13340359926223755,0.5231097936630249,0.502025306224823
1759645116475532800,6.10853271484375,-0.19709442555904388,0.5204764604568481,0.556797444820404
1759645116485490700,6.11849072265625,-0.19457480311393738,0.5008231401443481,0.5891748666763306
1759645116495447800,6.12844775390625,-0.18935075402259827,0.4215267300605774,0.5955238342285156
1759645116505406000,6.138406005859375,-0.18916113674640656,0.31103137135505676,0.5930396318435669
1759645116515362800,6.14836279296875,-0.16676688194274902,0.21785296499729156,0.5938577651977539
1759645116525320700,6.15832080078125,-0.0958692729473114,0.08626405149698257,0.5732952356338501
1759645116535277800,6.16827783203125,-0.023274695500731468,-0.16165068745613098,0.5323374271392822
1759645116545236000,6.178236083984375,0.0170290507376194,-0.38169142603874207,0.4772043824195862
1759645116555193900,6.18819384765625,0.026626551523804665,-0.3972592055797577,0.42452412843704224
1759645116565150700,6.198150634765625,-0.008957276120781898,-0.20612946152687073,0.38573119044303894
1759645116575108900,6.20810888671875,-0.05462409555912018,0.045098766684532166,0.3470269441604614
1759645116585065700,6.218065673828125,-0.05648031830787659,0.20498163998126984,0.3096481263637543
1759645116595024000,6.22802392578125,-0.0326215922832489,0.2679118812084198,0.29500526189804077
1759645116604982000,6.23798193359375,0.00726323900744319,0.2143130898475647,0.31414303183555603
1759645116614938600,6.247938720703125,0.06445702165365219,0.08558201044797897,0.3346365690231323
1759645116624896800,6.257896728515625,0.10155325382947922,0.023913588374853134,0.3598937392234802
1759645116634854000,6.26785400390625,0.09739739447832108,0.08268316090106964,0.38130393624305725
1759645116644811800,6.277811767578125,0.07126299291849136,0.15277144312858582,0.38991579413414
1759645116654770000,6.28777001953125,0.035950809717178345,0.181322380900383,0.39038053154945374
1759645116664726800,6.297726806640625,0.008617190644145012,0.20344020426273346,0.38783320784568787
1759645116674684700,6.3076845703125,-0.02551894262433052,0.21044644713401794,0.3815726637840271
1759645116684641800,6.317641845703125,-0.06016639992594719,0.19987130165100098,0.3685857653617859
1759645116694600000,6.327599853515625,-0.08139818906784058,0.18945302069187164,0.3422146141529083
1759645116704557800,6.337557861328125,-0.0905352234840393,0.19767525792121887,0.322663277387619
1759645116714514700,6.3475146484375,-0.10329975932836533,0.22458596527576447,0.3310391902923584
1759645116724472800,6.357472900390625,-0.09773694723844528,0.16069886088371277,0.3463755249977112
1759645116734430000,6.367429931640625,-0.06363356858491898,0.07279910892248154,0.36550474166870117
1759645116744387800,6.377387939453125,-0.017466608434915543,0.0026045716367661953,0.37972548604011536
1759645116754344700,6.3873447265625,0.005786782596260309,-0.012222311459481716,0.3957744836807251
1759645116764302800,6.397302734375,0.04017911106348038,-0.011518171988427639,0.40524017810821533
1759645116774260700,6.4072607421875,0.0722169354557991,-0.03707359731197357,0.40093863010406494
1759645116784217900,6.4172177734375,0.10574373602867126,-0.07655069977045059,0.3921893537044525
1759645116794175700,6.42717578125,0.12627644836902618,-0.10613469034433365,0.3717873990535736
1759645116804132600,6.437132568359375,0.13296204805374146,-0.1207815483212471,0.35744839906692505
1759645116814090800,6.4470908203125,0.13999785482883453,-0.12222205102443695,0.36129269003868103
1759645116824048600,6.457048583984375,0.14284956455230713,-0.11038163304328918,0.365664541721344
1759645116834005800,6.467005859375,0.14121012389659882,-0.10746920108795166,0.36427170038223267
1759645116843964000,6.4769638671875,0.13595330715179443,-0.1030624657869339,0.35503238439559937
1759645116853920800,6.486920654296875,0.12483221292495728,-0.0771443173289299,0.352781742811203
1759645116863878700,6.496878662109375,0.13498525321483612,-0.06413371115922928,0.3504432439804077
1759645116873836800,6.5068369140625,0.14354944229125977,-0.08798950910568237,0.34540560841560364
1759645116883794000,6.5167939453125,0.16443873941898346,-0.11069056391716003,0.32804498076438904
1759645116893751800,6.526751708984375,0.16933150589466095,-0.10538101941347122,0.3110297918319702
1759645116903708700,6.536708740234375,0.189876988530159,-0.07056551426649094,0.3001401126384735
1759645116913666800,6.546666748046875,0.22270257771015167,-0.035414181649684906,0.2789701223373413
1759645116923624700,6.556624755859375,0.24415461719036102,-0.0019046928500756621,0.25869467854499817
1759645116933581800,6.566581787109375,0.2633083462715149,0.018318021669983864,0.24747717380523682
1759645116943540000,6.5765400390625,0.2910720407962799,0.01221538707613945,0.24833497405052185
1759645116953496600,6.58649658203125,0.3121754825115204,-0.06440668553113937,0.25374171137809753
1759645116963454700,6.596454833984375,0.33422619104385376,-0.18974356353282928,0.254485547542572
1759645116973412900,6.606412841796875,0.35542309284210205,-0.3175172507762909,0.2316470742225647
1759645116983369700,6.61636962890625,0.36284610629081726,-0.37637656927108765,0.1803375482559204
1759645116993327900,6.626327880859375,0.33786165714263916,-0.372841477394104,0.11013182997703552
1759645117003284700,6.63628466796875,0.26953426003456116,-0.3682006597518921,0.026998860761523247
1759645117013242600,6.64624267578125,0.20876146852970123,-0.36854472756385803,-0.07495280355215073
1759645117023200800,6.65620068359375,0.15341033041477203,-0.4058383107185364,-0.20444394648075104
1759645117033158000,6.666157958984375,0.07977499067783356,-0.4736535847187042,-0.3606173098087311
1759645117043115800,6.67611572265625,-0.0004791026876773685,-0.5123525261878967,-0.5202761888504028
1759645117053072600,6.68607275390625,-0.09758993983268738,-0.5244142413139343,-0.6647982597351074
1759645117063030800,6.69603076171875,-0.18683113157749176,-0.5234701633453369,-0.789094865322113
1759645117072988700,6.70598876953125,-0.24515914916992188,-0.5199547410011292,-0.8776295781135559
1759645117082945800,6.71594580078125,-0.2594273090362549,-0.5459413528442383,-0.9108663201332092
1759645117092904000,6.725904052734375,-0.23661281168460846,-0.5991904735565186,-0.8694749474525452
1759645117102860800,6.73586083984375,-0.18976327776908875,-0.6512496471405029,-0.7788289189338684
1759645117112818700,6.745818603515625,-0.12436802685260773,-0.6639124751091003,-0.6704809069633484
1759645117122776800,6.75577685546875,-0.07394532859325409,-0.6294559836387634,-0.5693182945251465
1759645117132733700,6.765733642578125,-0.05053534731268883,-0.5866437554359436,-0.515402615070343
1759645117142691800,6.77569189453125,-0.021696239709854126,-0.5515888333320618,-0.516970157623291
1759645117152649000,6.78564892578125,0.00484189298003912,-0.5408762693405151,-0.5689654350280762
1759645117162606600,6.795606689453125,0.005376123357564211,-0.5383697152137756,-0.6420444846153259
1759645117172564700,6.805564697265625,0.002591255819424987,-0.4937037229537964,-0.7117961049079895
1759645117182521900,6.81552197265625,-0.0015715312911197543,-0.4237414300441742,-0.7735974192619324
1759645117192479700,6.825479736328125,-0.016622919589281082,-0.3338322937488556,-0.8268968462944031
1759645117202438000,6.83543798828125,-0.03442402184009552,-0.2751215696334839,-0.8719428777694702
1759645117212395000,6.84539501953125,-0.04331498220562935,-0.287361741065979,-0.8908758759498596
1759645117222352600,6.8553525390625,-0.042084868997335434,-0.40023210644721985,-0.8689556121826172
1759645117232309000,6.86530908203125,-0.03374411538243294,-0.5482780337333679,-0.8140007853507996
1759645117242267000,6.875266845703125,-0.04019855335354805,-0.5587589144706726,-0.7525427341461182
1759645117252225000,6.88522509765625,-0.05765237659215927,-0.4254450500011444,-0.6829397082328796
1759645117262181600,6.895181640625,-0.11057737469673157,-0.2376740723848343,-0.6155332326889038
1759645117272139800,6.905139892578125,-0.16359452903270721,-0.034694064408540726,-0.5321499109268188
1759645117282097000,6.915096923828125,-0.18324652314186096,0.10772060602903366,-0.43725404143333435
1759645117292054800,6.9250546875,-0.18159562349319458,0.11946141719818115,-0.3435480296611786
1759645117302013000,6.935012939453125,-0.1696161925792694,0.1161324679851532,-0.26363909244537354
1759645117311969800,6.9449697265625,-0.14150653779506683,0.1868811994791031,-0.20527246594429016
1759645117321927700,6.954927734375,-0.11546800285577774,0.3216414153575897,-0.16786623001098633
1759645117331884800,6.964884765625,-0.10239215195178986,0.460254967212677,-0.13757304847240448
1759645117341843000,6.974843017578125,-0.0846317932009697,0.5740640759468079,-0.12552089989185333
1759645117351800800,6.98480078125,-0.053945522755384445,0.621654212474823,-0.13160143792629242
1759645117361757700,6.9947578125,-0.019305787980556488,0.6136775612831116,-0.14689916372299194
1759645117371715800,7.0047158203125,0.01462581381201744,0.6060470342636108,-0.17236430943012238
1759645117381673700,7.014673828125,0.045647379010915756,0.6066776514053345,-0.20398162305355072
1759645117391630800,7.024630859375,0.05638417974114418,0.5903248190879822,-0.25150734186172485
1759645117401589000,7.034589111328125,0.040341563522815704,0.553058922290802,-0.3245794177055359
1759645117411545900,7.0445458984375,0.010793525725603104,0.5023829936981201,-0.4117572009563446
1759645117421503700,7.054503662109375,-0.04002651199698448,0.4365631937980652,-0.5084972977638245
1759645117431462000,7.0644619140625,-0.0760449692606926,0.3088347911834717,-0.6074867248535156
1759645117441419000,7.0744189453125,-0.10118866711854935,0.14508529007434845,-0.693819522857666
1759645117451377000,7.084376953125,-0.10953155159950256,0.006898119580000639,-0.7711055278778076
1759645117461333800,7.094333740234375,-0.09336590021848679,-0.10377167165279388,-0.8282305598258972
1759645117471292000,7.1042919921875,-0.07235169410705566,-0.16816982626914978,-0.8610215187072754
1759645117481249800,7.114249755859375,-0.06565011292695999,-0.2034340798854828,-0.8641384840011597
1759645117491207000,7.12420703125,-0.07050026208162308,-0.19731439650058746,-0.8355308175086975
1759645117501164800,7.134164794921875,-0.08624913543462753,-0.17378297448158264,-0.7845315933227539
1759645117511121700,7.14412158203125,-0.10362918674945831,-0.17177867889404297,-0.7173919677734375
1759645117521079800,7.154079833984375,-0.1147947609424591,-0.1837112456560135,-0.6329891681671143
1759645117531037700,7.16403759765625,-0.12030164152383804,-0.18969376385211945,-0.5496317148208618
1759645117540994800,7.173994873046875,-0.12255947291851044,-0.17051367461681366,-0.4647974967956543
1759645117550953000,7.183952880859375,-0.11560329794883728,-0.1514475792646408,-0.3701370358467102
1759645117560909800,7.193909912109375,-0.0998443067073822,-0.16262219846248627,-0.2760017514228821
1759645117570867700,7.20386767578125,-0.08179419487714767,-0.19456282258033752,-0.19423764944076538
1759645117580825900,7.213825927734375,-0.06856334954500198,-0.20229637622833252,-0.12779444456100464
1759645117590783000,7.223782958984375,-0.06057892367243767,-0.18833528459072113,-0.08985185623168945
1759645117600740900,7.233740966796875,-0.05116438493132591,-0.23586206138134003,-0.07154954969882965
1759645117610699000,7.243698974609375,-0.040711741894483566,-0.3624785840511322,-0.06385514885187149
1759645117620655900,7.25365576171875,-0.027222832664847374,-0.44801798462867737,-0.06156216561794281
1759645117630613800,7.26361376953125,-0.016476178541779518,-0.4781833589076996,-0.06033764407038689
1759645117640571000,7.27357080078125,-0.016520386561751366,-0.4744301736354828,-0.062894806265831
1759645117650529000,7.283529052734375,-0.014148043468594551,-0.47194862365722656,-0.06151342764496803
1759645117660487000,7.29348681640625,-0.009346097707748413,-0.4910336434841156,-0.06249826401472092
1759645117670443800,7.30344384765625,-0.0009118663729168475,-0.49145281314849854,-0.07525240629911423
1759645117680402000,7.31340185546875,0.0018399780383333564,-0.48219674825668335,-0.09452464431524277
1759645117690358800,7.32335888671875,0.005903429351747036,-0.4579142928123474,-0.12469825893640518
1759645117700317000,7.33331689453125,0.012199408374726772,-0.44952136278152466,-0.15217354893684387
1759645117710274800,7.34327490234375,0.009005213156342506,-0.4588426649570465,-0.17269347608089447
1759645117720231700,7.353231689453125,-0.0013752563390880823,-0.4753361642360687,-0.1877184957265854
1759645117730189800,7.36318994140625,-0.012387693859636784,-0.4984569251537323,-0.20264391601085663
1759645117740147000,7.37314697265625,-0.012919261120259762,-0.5124481320381165,-0.2172364443540573
1759645117750104800,7.383104736328125,-0.016675915569067,-0.5195254683494568,-0.23037861287593842
1759645117760063000,7.39306298828125,-0.015669241547584534,-0.5233883857727051,-0.2359539419412613
1759645117770019800,7.403019775390625,-0.012315788306295872,-0.5725082755088806,-0.2338218092918396
1759645117779977700,7.412977783203125,-0.0023872575256973505,-0.6219610571861267,-0.22438304126262665
1759645117789934800,7.422934814453125,0.0007797735743224621,-0.6460192203521729,-0.21306833624839783
1759645117799893000,7.43289306640625,-0.0035835495218634605,-0.6427714824676514,-0.20659711956977844
1759645117809851000,7.442850830078125,0.017679927870631218,-0.5910148024559021,-0.20404154062271118
1759645117819807700,7.452807861328125,0.07325876504182816,-0.5091524720191956,-0.19510796666145325
1759645117829766000,7.462765869140625,0.09464022517204285,-0.4383760094642639,-0.1601095050573349
1759645117839722800,7.47272265625,0.09378454834222794,-0.3819881081581116,-0.12856675684452057
1759645117849681000,7.482680908203125,0.09292727708816528,-0.3128766715526581,-0.09878730028867722
1759645117859639000,7.49263916015625,0.08495883643627167,-0.23329290747642517,-0.06504558026790619
1759645117869595600,7.502595703125,0.07253039628267288,-0.15889804065227509,-0.02846706099808216
1759645117879553800,7.5125537109375,0.069319948554039,-0.10873713344335556,0.008747684769332409
1759645117889511000,7.522510986328125,0.07205288857221603,-0.06716705113649368,0.039993755519390106
1759645117899468800,7.53246875,0.07272480428218842,-0.05319158360362053,0.059235624969005585
1759645117909427000,7.542427001953125,0.07589609920978546,-0.05728938803076744,0.07072184234857559
1759645117919383800,7.5523837890625,0.07857896387577057,-0.05200301483273506,0.07436717301607132
1759645117929341700,7.562341796875,0.06517820060253143,-0.030708111822605133,0.08580198884010315
1759645117939298800,7.572298828125,0.044974397867918015,0.004056526813656092,0.10722179710865021
1759645117949257000,7.582257080078125,0.026374882087111473,0.039139945060014725,0.12275388091802597
1759645117959214800,7.59221484375,0.024805480614304543,0.060386911034584045,0.1288762241601944
1759645117969171700,7.602171630859375,0.031064175069332123,0.05574209243059158,0.12179434299468994
1759645117979129900,7.6121298828125,0.03550286591053009,0.03893008828163147,0.11057311296463013
1759645117989087000,7.6220869140625,0.034685809165239334,0.012325108982622623,0.09928690642118454
1759645117999044900,7.632044921875,0.02725186012685299,-0.02111860178411007,0.0990392342209816
1759645118009003000,7.6420029296875,0.015472433529794216,-0.031374700367450714,0.10117721557617188
1759645118018960000,7.6519599609375,0.01835663616657257,-0.03666267171502113,0.09827596694231033
1759645118028917800,7.661917724609375,0.027331490069627762,-0.04264972731471062,0.09567219763994217
1759645118038875000,7.671875,0.04496081545948982,-0.04440687969326973,0.09879662096500397
1759645118048832800,7.681832763671875,0.0590265691280365,-0.02317322976887226,0.11291376501321793
1759645118058789600,7.69178955078125,0.06867226958274841,0.0070669641718268394,0.12031735479831696
1759645118068747800,7.701747802734375,0.08010975271463394,0.0320625938475132,0.12054479122161865
1759645118078705700,7.71170556640625,0.0918513610959053,0.05644383281469345,0.12516696751117706
1759645118088662800,7.721662841796875,0.09375951439142227,0.09809061139822006,0.13614824414253235
1759645118098621200,7.73162109375,0.08110044151544571,0.16237692534923553,0.15179406106472015
1759645118108578300,7.741578369140625,0.061957377940416336,0.2192162424325943,0.17335766553878784
1759645118118536200,7.7515361328125,0.04944877699017525,0.23659150302410126,0.18265663087368011
1759645118128494300,7.761494384765625,0.03278857097029686,0.24055428802967072,0.18608544766902924
1759645118138451200,7.771451171875,0.022914903238415718,0.23445644974708557,0.17390121519565582
1759645118148409000,7.7814091796875,0.016083627939224243,0.20027263462543488,0.15586523711681366
1759645118158366200,7.7913662109375,0.008593754842877388,0.13697382807731628,0.1379634588956833
1759645118168324400,7.801324462890625,-0.008192149922251701,0.04249206557869911,0.14689543843269348
1759645118178282200,7.8112822265625,-0.038591865450143814,-0.01486176997423172,0.17124418914318085
1759645118188239000,7.821239013671875,-0.04411206766963005,0.03479952737689018,0.1806936115026474
1759645118198197200,7.831197265625,-0.021861089393496513,0.13417725265026093,0.18728519976139069
1759645118208154000,7.841154052734375,-0.003117762738838792,0.18893051147460938,0.18191707134246826
1759645118218112300,7.8511123046875,0.010676613077521324,0.17324741184711456,0.17121781408786774
1759645118228069000,7.861069091796875,0.022999059408903122,0.117362841963768,0.16893868148326874
1759645118238027000,7.871027099609375,0.052435509860515594,0.010360761545598507,0.17516648769378662
1759645118247985200,7.880985107421875,0.08763877302408218,-0.11814261972904205,0.17883393168449402
1759645118257942300,7.8909423828125,0.10045017302036285,-0.18899361789226532,0.17869943380355835
1759645118267900200,7.900900146484375,0.11489542573690414,-0.22623713314533234,0.16323313117027283
1759645118277857000,7.91085693359375,0.1348305195569992,-0.2565010190010071,0.142767533659935
1759645118287815200,7.920815185546875,0.12343139201402664,-0.2160438746213913,0.1321796029806137
1759645118297773000,7.93077294921875,0.11349859833717346,-0.11681876331567764,0.11854822188615799
1759645118307730200,7.940730224609375,0.1260325014591217,-0.023850737139582634,0.10487634688615799
1759645118317688300,7.950688232421875,0.1340709924697876,0.006992661859840155,0.09333926439285278
1759645118327645200,7.960645263671875,0.13537992537021637,-0.003610979998484254,0.08034863322973251
1759645118337603000,7.97060302734375,0.1382548063993454,-0.022578811272978783,0.07875366508960724
1759645118347560200,7.980560302734375,0.1312328577041626,-0.011053716763854027,0.0807209461927414
1759645118361253400,7.99425341796875,0.0900537297129631,0.1054057851433754,0.10294581949710846
1759645118371211000,8.0042109375,0.06011926382780075,0.22959750890731812,0.10170931369066238
1759645118381168000,8.014168212890626,0.04225877299904823,0.3100002110004425,0.08015795052051544
1759645118391126300,8.024126220703126,0.03712952509522438,0.3061482012271881,0.05367228388786316
1759645118401083100,8.034083251953126,0.04785460606217384,0.22476546466350555,0.032513201236724854
1759645118411041300,8.044041259765624,0.06542454659938812,0.12063214182853699,0.02389521338045597
1759645118420999200,8.053999267578124,0.08114651590585709,0.01733797788619995,0.0383274145424366
1759645118430956000,8.0639560546875,0.08519771695137024,-0.0650399848818779,0.062121693044900894
1759645118440914200,8.0739140625,0.0770479142665863,-0.09863735735416412,0.08075875788927078
1759645118450871300,8.083871337890624,0.05523822084069252,-0.07849161326885223,0.09259118884801865
1759645118460829200,8.0938291015625,0.03429698571562767,-0.03334224224090576,0.08037233352661133
1759645118470786000,8.1037861328125,0.023377494886517525,-0.013560017570853233,0.052561476826667786
1759645118480744200,8.113744140625,0.01666686125099659,0.00016591492749284953,0.030482009053230286
1759645118490702000,8.1237021484375,0.017536383122205734,0.006730074528604746,0.0215337872505188
1759645118500659200,8.1336591796875,0.02177933044731617,0.0070131681859493256,0.026462499052286148
1759645118510617300,8.143617431640624,0.020734306424856186,0.006795321591198444,0.03274596109986305
1759645118520574200,8.15357421875,0.015200258232653141,0.006237922236323357,0.03430444374680519
1759645118530532000,8.163531982421874,0.009101086296141148,0.01179487444460392,0.0346679650247097
1759645118540489200,8.1734892578125,0.004546015989035368,0.010753843933343887,0.034694597125053406
1759645118550447000,8.183447021484374,0.0017334514996036887,-0.0009060074225999415,0.036864008754491806
1759645118560405200,8.1934052734375,0.0016919062472879887,-0.020974257960915565,0.04615577682852745
1759645118570362000,8.203362060546874,0.0029617014806717634,-0.03736148774623871,0.06276457756757736
1759645118580320000,8.213320068359375,0.013863084837794304,-0.07018601149320602,0.07753074169158936
1759645118590277000,8.223277099609374,0.017727598547935486,-0.08628002554178238,0.09025958925485611
1759645118600235300,8.2332353515625,0.010493387468159199,-0.07086911052465439,0.10128587484359741
1759645118610192100,8.243192138671875,0.006613427773118019,-0.0345878042280674,0.10522868484258652
1759645118620150000,8.25314990234375,0.0007832356495782733,-0.0031292142812162638,0.11211535334587097
1759645118630108200,8.263108154296875,0.01230247225612402,0.026881948113441467,0.1149686649441719
1759645118640065300,8.273065185546875,0.02274845540523529,0.042267560958862305,0.12234455347061157
1759645118650023200,8.283023193359375,0.03205886483192444,0.03014671616256237,0.1312248706817627
1759645118659980000,8.29297998046875,0.044256143271923065,0.025018267333507538,0.13731950521469116
1759645118669938200,8.302938232421875,0.052625127136707306,0.021988123655319214,0.13736212253570557
1759645118679895000,8.31289501953125,0.05784359201788902,0.007862716913223267,0.1306256502866745
1759645118689853200,8.322853271484375,0.05029406398534775,0.0066637615673244,0.11905235797166824
1759645118699811300,8.332811279296875,0.0419306717813015,0.023312779143452644,0.1068476215004921
1759645118709768000,8.342767822265625,0.03309696540236473,0.05530932918190956,0.10067255049943924
1759645118719726000,8.35272607421875,0.02327895723283291,0.06598727405071259,0.10426568239927292
1759645118729683200,8.36268310546875,0.019567841663956642,0.062129151076078415,0.10661379247903824
1759645118739641000,8.37264111328125,0.02070368081331253,0.060089968144893646,0.1155332550406456
1759645118749598200,8.38259814453125,0.01836169697344303,0.07373067736625671,0.12377813458442688
1759645118759556000,8.39255615234375,0.012972523458302021,0.09772176295518875,0.12827008962631226
1759645118769514000,8.402513916015625,0.009363940916955471,0.10994300991296768,0.1254362165927887
1759645118779471000,8.41247119140625,0.006114351563155651,0.10644149035215378,0.123124860227108
1759645118789429200,8.42242919921875,0.010311760008335114,0.09528577327728271,0.1180824339389801
1759645118799386400,8.432386474609375,0.018333466723561287,0.0753094032406807,0.10910358279943466
1759645118809344000,8.442343994140625,0.019826700910925865,0.06010647863149643,0.10308404266834259
1759645118819301000,8.452301025390625,0.01864718832075596,0.04662422835826874,0.09515900909900665
1759645118829259300,8.46225927734375,0.014883874915540218,0.0372520312666893,0.09397763013839722
1759645118839217200,8.472217041015625,0.015497200191020966,0.029198365285992622,0.09201700985431671
1759645118849174300,8.48217431640625,0.01576138660311699,0.0052964948117733,0.08497641235589981
1759645118859132200,8.492132080078125,0.021382519975304604,-0.021078387275338173,0.07509448379278183
1759645118869089000,8.502089111328125,0.022763902321457863,-0.0489177405834198,0.06338270008563995
1759645118879047200,8.512047119140625,0.023013707250356674,-0.09178610891103745,0.055211588740348816
1759645118889005300,8.52200537109375,0.028206869959831238,-0.1446211040019989,0.05544009059667587
1759645118898962200,8.531962158203125,0.040660612285137177,-0.16532184183597565,0.06118293106555939
1759645118908920000,8.541920166015625,0.04611103609204292,-0.1633007824420929,0.06989865750074387
1759645118918877200,8.551877197265625,0.04071813449263573,-0.14421150088310242,0.06802938133478165
1759645118928835000,8.5618349609375,0.03816762566566467,-0.12794384360313416,0.05687739700078964
1759645118938792200,8.571792236328125,0.037701040506362915,-0.11274731904268265,0.04435335099697113
1759645118948750300,8.581750244140625,0.025970347225666046,-0.11250763386487961,0.036732979118824005
1759645118958708200,8.591708251953126,0.014283065684139729,-0.10126669704914093,0.03953462466597557
1759645118968665000,8.6016650390625,0.006097041070461273,-0.07939788699150085,0.045097969472408295
1759645118978623200,8.611623291015626,0.001508680754341185,-0.06488259136676788,0.04963546246290207
1759645118988580400,8.621580322265626,-0.00005166532355360687,-0.05703585594892502,0.05361635610461235
1759645118998538200,8.631538330078126,-0.003138801548629999,-0.05072256550192833,0.05533808842301369
1759645119008495000,8.6414951171875,-0.004720985423773527,-0.044856954365968704,0.060088902711868286
1759645119018453200,8.651453369140626,-0.0007427555974572897,-0.04945889487862587,0.06940411031246185
1759645119028411100,8.6614111328125,0.005711415316909552,-0.057787664234638214,0.07752728462219238
1759645119038368300,8.6713681640625,0.015457252971827984,-0.07664310932159424,0.07615974545478821
1759645119048326100,8.681326171875,0.020870927721261978,-0.07728653401136398,0.0641249269247055
1759645119058283000,8.691282958984376,0.029625270515680313,-0.07575228810310364,0.04831746593117714
1759645119068241200,8.7012412109375,0.02809954434633255,-0.08186530321836472,0.03123674914240837
1759645119078198300,8.7111982421875,0.025830531492829323,-0.10124672949314117,0.01769856922328472
1759645119088156200,8.72115625,0.027423635125160217,-0.13144910335540771,0.00746137835085392
1759645119098114300,8.7311142578125,0.030296919867396355,-0.1558452546596527,0.0013840447645634413
1759645119108071200,8.7410712890625,0.02948199212551117,-0.15912041068077087,-0.001181378262117505
1759645119118029000,8.751029052734374,0.02412797324359417,-0.14220428466796875,-0.007192931603640318
1759645119127986200,8.760986083984376,0.019588882103562355,-0.11841639131307602,-0.009549829177558422
1759645119137944300,8.7709443359375,0.00888004433363676,-0.07605162262916565,-0.008271511644124985
1759645119147902200,8.780902099609374,0.0033957967534661293,-0.029294505715370178,-0.010779943317174911
1759645119157859000,8.790859130859374,0.00016112125013023615,-0.023078421130776405,-0.01866236701607704
1759645119167817200,8.800817138671874,0.0014045510906726122,-0.03717027232050896,-0.018988339230418205
1759645119177774000,8.810774169921874,-0.003175287041813135,-0.029530728235840797,-0.010960771702229977
1759645119187732200,8.820732177734374,-0.006706904619932175,-0.010086456313729286,-0.0003001382574439049
1759645119197689000,8.830689208984374,-0.006172141991555691,0.016083894297480583,0.006940197665244341
1759645119207647000,8.84064697265625,-0.005002481862902641,0.043706733733415604,0.00887871254235506
1759645119217605000,8.850605224609374,-0.002557966159656644,0.05787581577897072,0.013250557705760002
1759645119227562200,8.860562255859374,-0.0005390237784013152,0.05649470165371895,0.015852199867367744
1759645119237520100,8.87052001953125,0.0017180051654577255,0.0495678186416626,0.020609671249985695
1759645119247477000,8.88047705078125,0.002298840554431081,0.045885466039180756,0.0228579118847847
1759645119257435100,8.89043505859375,0.004976915195584297,0.04488065466284752,0.02369680628180504
1759645119267393000,8.90039306640625,0.0031353395897895098,0.03130119666457176,0.024391092360019684
1759645119277350100,8.91035009765625,0.004621915984898806,0.0035300198942422867,0.021046696230769157
1759645119287308300,8.920308349609375,0.013508617877960205,-0.02401239238679409,0.01745702140033245
1759645119297265200,8.93026513671875,0.018754512071609497,-0.037092506885528564,0.012802081182599068
1759645119307223000,8.94022314453125,0.019041068851947784,-0.033369939774274826,0.00920388475060463
1759645119317180200,8.95018017578125,0.017542507499456406,-0.013484915718436241,0.002122006844729185
1759645119327138300,8.96013818359375,0.012938435189425945,0.0046970173716545105,-0.00842783972620964
1759645119337096200,8.97009619140625,0.010122409090399742,0.010575945489108562,-0.010964500717818737
1759645119347053000,8.980052978515625,0.007135141175240278,0.01570599153637886,-0.004773982334882021
1759645119357011200,8.99001123046875,0.007430219557136297,0.03199015557765961,0.003683418035507202
1759645119366968000,8.999968017578125,0.0019265307346358895,0.03954554349184036,0.013525396585464478
1759645119376926200,9.00992626953125,0.0008253136184066534,0.03169507905840874,0.024393223226070404
1759645119386883300,9.01988330078125,0.003984888084232807,0.014572817832231522,0.030438600108027458
1759645119396841000,9.029841064453125,0.008549013175070286,-0.007994276471436024,0.02834136039018631
1759645119406799000,9.039799072265625,0.013333648443222046,-0.011111773550510406,0.02207707241177559
1759645119416756200,9.049756103515625,0.010455037467181683,-0.00039707732503302395,0.015294001437723637
1759645119426714000,9.059714111328125,0.006593986880034208,0.0057281930930912495,0.013324860483407974
1759645119436671200,9.069671142578125,0.005890113301575184,0.00672181835398078,0.020608339458703995
1759645119446629400,9.07962939453125,0.00264851376414299,0.011826032772660255,0.032638903707265854
1759645119456587000,9.0895869140625,0.0015747271245345473,0.020373715087771416,0.04728389158844948
1759645119466544000,9.099544189453125,-0.0026194851379841566,0.03754684329032898,0.05727687105536461
1759645119476502300,9.109502197265625,-0.002927346620708704,0.051061585545539856,0.06198347732424736
1759645119486459100,9.119459228515625,0.007334345486015081,0.04813530296087265,0.058047857135534286
1759645119496417300,9.129417236328125,0.01507056225091219,0.03851250559091568,0.049606967717409134
1759645119506374100,9.1393740234375,0.018011758103966713,0.031200796365737915,0.03759424760937691
1759645119516332000,9.14933203125,0.019535617902874947,0.024535169824957848,0.026611903682351112
1759645119526290200,9.159290283203125,0.02052471600472927,0.017727598547935486,0.02016092836856842
1759645119536247300,9.169247314453125,0.020268253982067108,0.008580438792705536,0.014812502078711987
1759645119546205200,9.179205078125,0.015628227964043617,0.0002998719282913953,0.014429006725549698
1759645119556162000,9.189162109375,-0.0005318332696333528,0.007239270955324173,0.01655340939760208
1759645119566120200,9.1991201171875,-0.0023217438720166683,0.033004023134708405,0.015588280744850636
1759645119576078000,9.209078125,-0.00045034053619019687,0.047632500529289246,0.014537929557263851
1759645119586035200,9.21903515625,0.0029907298739999533,0.05350636690855026,0.004555070772767067
1759645119595993300,9.228993408203126,0.011405786499381065,0.03937244042754173,-0.0063210129737854
1759645119605950200,9.2389501953125,0.015607988461852074,0.01227397657930851,-0.0070091737434268
1759645119615908000,9.248908203125,0.018184863030910492,-0.010853713378310204,0.0065287393517792225
1759645119625866200,9.2588662109375,0.02058090828359127,-0.015066301450133324,0.01997211016714573
1759645119635823400,9.2688232421875,0.01907382532954216,-0.0065383268520236015,0.0207526832818985
1759645119645781200,9.27878125,0.012911004945635796,0.011720305308699608,0.012142682448029518
1759645119655738000,9.288738037109376,0.010629208758473396,0.018209630623459816,-0.001930525409989059
1759645119665696300,9.2986962890625,0.011140535585582256,0.006198773626238108,-0.010430269874632359
1759645119675653000,9.308653076171876,0.016202138736844063,-0.028864404186606407,-0.009827863425016403
1759645119685611300,9.318611328125,0.018582738935947418,-0.02822577953338623,0.00013928332191426307
1759645119695569200,9.328569091796876,0.013502758927643299,-0.014831144362688065,0.005347094964236021
1759645119705526000,9.338526123046876,0.010063819587230682,-0.008173507638275623,0.002085521351546049
1759645119715484200,9.348484130859376,0.008194279856979847,0.000055926382628967986,-0.004000067710876465
1759645119725441300,9.358441162109376,0.015680160373449326,0.005134041886776686,-0.00307675008662045
1759645119735399200,9.368399169921876,0.014723552390933037,0.012289423495531082,0.004892759490758181
1759645119745357300,9.378357421875,0.01401461847126484,0.025963956490159035,0.012437228113412857
1759645119755314200,9.388314208984376,0.012458267621695995,0.03713884577155113,0.015906793996691704
1759645119765272000,9.39827197265625,0.0111045828089118,0.037390246987342834,0.014447382651269436
1759645119775229200,9.408229248046876,0.011975170113146305,0.03706587478518486,0.010154899209737778
1759645119785187300,9.418187255859374,0.01104785781353712,0.034450650215148926,0.007844873704016209
1759645119795145200,9.428145263671874,0.011831092648208141,0.02797011472284794,0.00845447089523077
1759645119805102000,9.43810205078125,0.011036671698093414,0.029111012816429138,0.009133044630289078
1759645119815060200,9.448060302734374,0.01486603170633316,0.025405224412679672,0.012672385200858116
1759645119825017000,9.45801708984375,0.017120396718382835,0.023796143010258675,0.018489794805645943
1759645119834975200,9.467975341796874,0.016524115577340126,0.021399565041065216,0.02166907675564289
1759645119844932000,9.47793212890625,0.019599268212914467,0.030433272942900658,0.02358522079885006
1759645119854890000,9.487889892578124,0.01931244507431984,0.03358326107263565,0.030132869258522987
1759645119864848100,9.49784814453125,0.01906796731054783,0.01739896461367607,0.036667998880147934
1759645119874805200,9.50780517578125,0.022899722680449486,-0.0036703685764223337,0.04865675047039986
1759645119884763100,9.51776318359375,0.02978239580988884,-0.015513978898525238,0.06265752017498016
1759645119894720000,9.527719970703124,0.029620742425322533,-0.029324065893888474,0.07037190347909927
1759645119904678100,9.53767822265625,0.02984311617910862,-0.042885683476924896,0.0742364153265953
1759645119914636000,9.547635986328125,0.030545659363269806,-0.05018593743443489,0.07980694621801376
1759645119924593200,9.55759326171875,0.02389015257358551,-0.04313335567712784,0.08346612751483917
1759645119934551300,9.56755126953125,0.015851400792598724,-0.018330803140997887,0.07725989818572998
1759645119944508200,9.577508056640625,0.01013732235878706,-0.004240285139530897,0.06945257633924484
1759645119954466000,9.587466064453125,0.003935619257390499,0.016142217442393303,0.06777984648942947
1759645119964424200,9.597424072265625,0.0009155947482213378,0.02780473232269287,0.057496048510074615
1759645119974381300,9.60738134765625,0.003035471076145768,0.03067961521446705,0.0505923368036747
1759645119984339200,9.617339111328125,0.006128199864178896,0.016095612198114395,0.04471021145582199
1759645119994296000,9.627296142578125,0.007456318475306034,-0.0005342300864867866,0.040537040680646896
1759645120004254200,9.637254150390625,0.00777643034234643,-0.01263696514070034,0.034270357340574265
1759645120014212000,9.647212158203125,0.007989482954144478,-0.02322329767048359,0.02629338949918747
1759645120024169200,9.657169189453125,0.013134444132447243,-0.040473923087120056,0.01569400727748871
1759645120034127400,9.66712744140625,0.010845723561942577,-0.05320676416158676,0.004904477391391993
1759645120044084000,9.677083984375,0.010325874201953411,-0.06003271043300629,-0.0006825681775808334
1759645120054042000,9.6870419921875,0.008237157016992569,-0.05542917177081108,-0.0015337144723162055
1759645120063999200,9.696999267578125,0.0060445768758654594,-0.04137806594371796,0.0014112089993432164
1759645120073957000,9.70695703125,0.0011560781858861446,-0.016651414334774017,0.007808121852576733
1759645120083915300,9.716915283203125,0.0025483788922429085,0.0037087181117385626,0.007190534844994545
1759645120093872000,9.7268720703125,0.00526799913495779,0.010822554118931293,0.0015715312911197543
1759645120103830000,9.736830078125,0.007363373879343271,0.012648949399590492,-0.0035920715890824795
1759645120113787000,9.746786865234375,0.010235060937702656,0.005399292800575495,-0.001660214620642364
1759645120123745000,9.7567451171875,0.010422813706099987,-0.0033894050866365433,0.003922836389392614
1759645120133703000,9.766702880859375,0.01065157912671566,-0.00361817074008286,0.010427607223391533
1759645120143660000,9.776659912109375,0.011420699767768383,0.00755032803863287,0.012798885814845562
1759645120153618200,9.7866181640625,0.009102684445679188,0.019543074071407318,0.008474178612232208
1759645120163575000,9.796574951171875,0.008794822730123997,0.019717512652277946,-0.0006223807577043772
1759645120173533000,9.806532958984375,0.009401757270097733,0.013390373438596725,-0.005030178464949131
1759645120183491000,9.816490966796875,0.011143198236823082,0.004489823244512081,-0.008608401753008366
1759645120193448200,9.8264482421875,0.013034309260547161,0.0010868359822779894,-0.012263324111700058
1759645120203406000,9.836406005859375,0.009602027013897896,0.0028850024100393057,-0.012117383070290089
1759645120213363000,9.846363037109375,0.005589175969362259,-0.00301709515042603,-0.008921589702367783
1759645120223321000,9.856321044921875,0.0019065570086240768,0.0093892402946949,-0.003781422507017851
1759645120233278000,9.86627783203125,0.0034405377227813005,0.0016530241118744016,0.001749430550262332
1759645120243236000,9.876236083984375,0.011052384972572327,-0.03897829353809357,0.01079805288463831
1759645120253194000,9.886194091796876,0.017420535907149315,-0.02684413082897663,0.019538547843694687
1759645120263150800,9.89615087890625,0.026620158925652504,-0.03419365733861923,0.02503105066716671
1759645120273109000,9.90610888671875,0.026085928082466125,-0.03665867820382118,0.017253022640943527
1759645120283066000,9.916066162109376,0.029018068686127663,-0.057437993586063385,0.008437959477305412
1759645120293024000,9.92602392578125,0.034517765045166016,-0.08232816308736801,-0.004036286845803261
1759645120302982100,9.935982177734376,0.0324772484600544,-0.11359420418739319,-0.00444055488333106
1759645120312939000,9.94593896484375,0.023274162784218788,-0.1259041279554367,0.002915096003562212
1759645120322897000,9.95589697265625,0.010292851366102695,-0.10358577966690063,0.017719874158501625
1759645120332854000,9.96585400390625,-0.002067678142338991,-0.058518704026937485,0.028795694932341576
1759645120342812200,9.975812255859376,-0.01053253561258316,-0.03249083086848259,0.02581828087568283
1759645120352770000,9.98577001953125,-0.010721087455749512,-0.0028541097417473793,0.0316559299826622
1759645120362727000,9.995726806640626,-0.0038810246624052525,0.0210682675242424,0.027233485132455826
1759645120372685000,10.00568505859375,-0.003929760307073593,0.03382613882422447,0.019899139180779457
1759645120382642000,10.015641845703126,-0.007959921844303608,0.04254027083516121,0.015283615328371525
1759645120392600000,10.02560009765625,-0.012692625634372234,0.05759911239147186,0.008773784153163433
1759645120402558200,10.03555810546875,-0.01883121207356453,0.059841495007276535,0.0006705839768983424
1759645120412514800,10.045514892578124,-0.018987806513905525,0.04199671745300293,-0.004024036228656769
1759645120422473000,10.055472900390624,-0.018925487995147705,0.021678663790225983,-0.00464588450267911
1759645120432430000,10.06543017578125,-0.014436197467148304,0.0028940571937710047,-0.007699464913457632
1759645120442388000,10.075387939453124,-0.009852364659309387,-0.012571718543767929,-0.011828696355223656
1759645120452346000,10.08534619140625,-0.007874434813857079,-0.006046174559742212,-0.016830911859869957
1759645120462303200,10.09530322265625,-0.004550543148070574,0.0018394453218206763,-0.023903202265501022
1759645120472260900,10.1052607421875,-0.002835467690601945,0.004565989598631859,-0.027030551806092262
1759645120482218000,10.115218017578124,0.000990429543890059,0.007822769694030285,-0.02304326742887497
1759645120492176100,10.125176025390624,0.0016178702935576439,0.009021990932524204,-0.016339559108018875
1759645120502133200,10.13513330078125,0.0006671218434348702,0.014462562277913094,-0.012924587354063988
1759645120512091100,10.145091064453124,0.0026200178544968367,0.02160915546119213,-0.010359164327383041
1759645120522049000,10.155049072265625,-0.00018109494703821838,0.02556554786860943,-0.0082483422011137
1759645120532006100,10.165006103515625,0.004579837899655104,0.021937256678938866,-0.011530954390764236
1759645120541964000,10.174964111328125,0.00842810608446598,0.013043896295130253,-0.018672753125429153
1759645120551921200,10.184921142578125,0.00987207144498825,0.009701629169285297,-0.022786272689700127
1759645120561879000,10.194879150390625,0.010841729119420052,0.009968211874365807,-0.02461879327893257
1759645120571837000,10.2048369140625,0.01215519942343235,0.0032205607276409864,-0.025237446650862694
1759645120581794000,10.2147939453125,0.015536881983280182,-0.008463792502880096,-0.026020415127277374
1759645120591752000,10.224751953125,0.016864201053977013,-0.022060295566916466,-0.024236630648374557
1759645120601709000,10.234708984375,0.014207432046532631,-0.03431376442313194,-0.019054917618632317
1759645120611667200,10.244667236328125,0.012584234587848186,-0.035663455724716187,-0.009503223933279514
1759645120621624000,10.2546240234375,0.011242267675697803,-0.04171548783779144,-0.0015478292480111122
1759645120631582000,10.26458203125,0.017106814309954643,-0.05438627675175667,-0.00038242992013692856
1759645120641540000,10.2745400390625,0.013076653704047203,-0.062319301068782806,0.005037369206547737
1759645120651497200,10.284497314453125,0.014841796830296516,-0.05807182565331459,0.003082342678681016
1759645120661455000,10.294455078125,0.017119597643613815,-0.05619216710329056,-0.00018748654110822827
1759645120671412000,10.304411865234375,0.018310829997062683,-0.07060332596302032,0.0004945489927195013
1759645120681370000,10.3143701171875,0.014684404246509075,-0.08182162791490555,0.0008058725506998599
1759645120691328000,10.324327880859375,0.012869992293417454,-0.0789552703499794,-0.0023936491925269365
1759645120701285000,10.33428515625,0.008779110386967659,-0.06808824092149734,-0.007222759071737528
1759645120711243300,10.3442431640625,0.00003328951424919069,-0.04465721547603607,-0.01098713744431734
1759645120721199900,10.354199951171875,-0.0018242653459310532,-0.025945313274860382,-0.01780562847852707
1759645120731158000,10.364157958984375,-0.0014207963831722736,-0.024836640805006027,-0.026988474652171135
1759645120741116200,10.3741162109375,-0.000005060006060375599,-0.03268550708889961,-0.03002527728676796
1759645120751073000,10.384072998046875,-0.0008551410282962024,-0.0367303192615509,-0.022895729169249535
1759645120761031200,10.39403125,-0.001246625673957169,-0.03648477420210838,-0.014597850851714611
1759645120770988000,10.403988037109375,0.000150202278746292,-0.04541302099823952,-0.007364972028881311
1759645120780946000,10.41394580078125,0.0044043357484042645,-0.057075537741184235,-0.000013848437447450124
1759645120790903000,10.423903076171875,0.0024711471050977707,-0.06988853961229324,0.010365023277699947
1759645120800861200,10.433861083984375,0.004029096569865942,-0.057915497571229935,0.029331790283322334
1759645120810819000,10.443819091796875,0.0006210491410456598,-0.026502979919314384,0.03784245252609253
1759645120820776000,10.45377587890625,0.0018402442801743746,-0.014282000251114368,0.03957430645823479
1759645120830734000,10.463734130859375,0.004269313532859087,-0.01426522247493267,0.031072165817022324
1759645120840691200,10.473691162109375,0.0032722260802984238,-0.007348194252699614,0.029207685962319374
1759645120850649000,10.483649169921875,-0.011313906870782375,0.009218265302479267,0.030286267399787903
1759645120860607200,10.493607177734376,-0.017188573256134987,0.030539799481630325,0.030824225395917892
1759645120870564000,10.503564208984375,-0.02930622361600399,0.05149328336119652,0.03045537695288658
1759645120880522000,10.51352197265625,-0.044807419180870056,0.08081282675266266,0.02677169255912304
1759645120890479000,10.52347900390625,-0.04350220412015915,0.1066092699766159,0.021830463781952858
1759645120900437000,10.53343701171875,-0.03887948766350746,0.115410216152668,0.01296586636453867
1759645120910395100,10.54339501953125,-0.03411003202199936,0.09636009484529495,0.0014511564513668418
1759645120920352000,10.55335205078125,-0.027573570609092712,0.07293040305376053,-0.003658917034044862
1759645120930310000,10.563309814453126,-0.020859476178884506,0.050575558096170425,-0.0014037522487342358
1759645120940267000,10.57326708984375,-0.02009967528283596,0.040457144379615784,0.0012562130577862263
1759645120950225200,10.58322509765625,-0.021224861964583397,0.03995487466454506,0.007554056588560343
1759645120960183000,10.59318310546875,-0.02285631373524666,0.0518789105117321,0.008931176736950874
1759645120970140000,10.603139892578126,-0.01577203907072544,0.056533049792051315,0.00890880636870861
1759645120980098000,10.61309814453125,-0.012518987990915775,0.0410584881901741,0.007711981888860464
1759645120990055200,10.62305517578125,-0.007841144688427448,0.029336316511034966,0.004542021080851555
1759645121000013000,10.633012939453126,-0.005386775825172663,0.0296082254499197,0.004522580187767744
1759645121009970000,10.642969970703126,-0.004523112904280424,0.03033260628581047,-0.003975833300501108
1759645121019928000,10.652927978515624,-0.0070760189555585384,0.015861520543694496,-0.010786867700517178
1759645121029886000,10.662885986328124,-0.006846188101917505,0.006247776094824076,-0.013942980207502842
1759645121039843000,10.672843017578124,-0.015045261941850185,0.004336425103247166,-0.013708621263504028
1759645121049801200,10.68280126953125,-0.01967889629304409,0.02010233886539936,-0.012960539199411869
1759645121059757800,10.6927578125,-0.018383268266916275,0.03165486454963684,-0.011806325986981392
1759645121069716000,10.702716064453124,-0.015299327671527863,0.03573056682944298,-0.008650746196508408
1759645121079674000,10.712674072265624,-0.007246461231261492,0.03440564498305321,-0.006324741058051586
1759645121089631000,10.722630859375,0.005709018558263779,0.029813556000590324,-0.005635515321046114
1759645121099589000,10.732589111328124,0.01239461824297905,0.022728482261300087,-0.005705556366592646
1759645121109546000,10.7425458984375,0.014628211036324501,0.020372116938233376,-0.010422280989587307
1759645121119504000,10.75250390625,0.009557019919157028,0.018381403759121895,-0.017460482195019722
1759645121129462000,10.7624619140625,0.00501073757186532,0.0064981128089129925,-0.02353195659816265
1759645121139419000,10.7724189453125,0.001662877737544477,0.0029547770973294973,-0.02520655281841755
1759645121149376800,10.782376708984375,-0.0031044469214975834,0.007958324626088142,-0.027117637917399406
1759645121159334000,10.792333984375,-0.005314604379236698,0.015293468721210957,-0.02305605076253414
1759645121169292000,10.8022919921875,-0.008128500543534756,0.013195962645113468,-0.015845809131860733
1759645121179249200,10.812249267578125,-0.007773767225444317,0.0112209627404809,-0.004874916281551123
1759645121189207000,10.82220703125,-0.001758218975737691,0.01607164368033409,0.005854959599673748
1759645121199165000,10.8321650390625,-0.0023459785152226686,0.012892096303403378,0.013157347217202187
1759645121209122000,10.8421220703125,0.0010628675809130073,0.022763103246688843,0.01504259929060936
1759645121219080000,10.852079833984375,-0.006132194772362709,0.04363323003053665,0.017313210293650627
1759645121229037000,10.862037109375,-0.012991165742278099,0.05615967512130737,0.01835823431611061
1759645121238994000,10.871993896484375,-0.009251022711396217,0.05246320739388466,0.018366755917668343
1759645121248951800,10.881951904296875,-0.008549013175070286,0.03773060068488121,0.01991298794746399
1759645121258910000,10.891909912109375,-0.004042145796120167,0.013286776840686798,0.02165389619767666
1759645121268867000,10.9018671875,0.0018197379540652037,0.0021174794528633356,0.02359587326645851
1759645121278825000,10.911824951171875,-0.007074687164276838,0.0024889903143048286,0.01708098314702511
1759645121288781800,10.92178173828125,-0.01194161456078291,0.01266918983310461,0.008355401456356049
1759645121298740000,10.931739990234375,-0.01799258217215538,0.02792111411690712,0.003953196108341217
1759645121308697000,10.941697021484375,-0.019397666677832603,0.041420143097639084,0.0043321643024683
1759645121318655000,10.951655029296875,-0.015542208217084408,0.0408712662756443,0.006871754303574562
1759645121328613000,10.961613037109375,-0.013546967878937721,0.03789491951465607,0.0060120862908661366
1759645121338570000,10.971570068359375,-0.004619785584509373,0.03672046214342117,0.008955944329500198
1759645121348527900,10.98152783203125,-0.0007299724384211004,0.02508777566254139,0.010538660921156406
1759645121358485000,10.991485107421875,0.006789196282625198,-0.007226487621665001,0.009199357591569424
1759645121368443100,11.001443115234375,0.01522662304341793,-0.03556438535451889,0.00941933412104845
1759645121378401000,11.011401123046875,0.02286163903772831,-0.040227845311164856,0.007968178018927574
1759645121388358000,11.02135791015625,0.012832175008952618,-0.021576665341854095,0.005342300981283188
1759645121398316000,11.03131591796875,0.006483998149633408,0.006272010505199432,0.0015358449891209602
1759645121408273000,11.04127294921875,0.004853344522416592,0.02286376990377903,0.00029294771957211196
1759645121418231000,11.05123095703125,0.004252535756677389,0.018437329679727554,-0.0026197514962404966
1759645121428189000,11.06118896484375,0.009783121757209301,0.0013369068037718534,-0.002749181119725108
1759645121438145800,11.071145751953125,0.012543221935629845,-0.01079938467592001,0.0006077333819121122
1759645121448104000,11.08110400390625,0.01363298762589693,-0.004766792058944702,0.0057556238025426865
1759645121458061000,11.09106103515625,0.003498594742268324,0.013678793795406818,0.006491987966001034
1759645121468019000,11.10101904296875,-0.003287938656285405,0.03851223737001419,0.00006498113361885771
1759645121477975800,11.110975830078125,-0.00836498849093914,0.06149265542626381,-0.005111138802021742
1759645121487934000,11.120933837890625,-0.014761103317141533,0.08270526677370071,-0.009047024883329868
1759645121497891800,11.130891845703125,-0.016410399228334427,0.09674332290887833,-0.017136109992861748
1759645121507849000,11.140848876953125,-0.027297668159008026,0.0988892987370491,-0.016768593341112137
1759645121517807000,11.15080712890625,-0.021768677979707718,0.09096319228410721,-0.012426575645804405
1759645121527764000,11.160763916015625,-0.0023763386998325586,0.07430778443813324,0.005238703917711973
1759645121537721900,11.170721923828125,-0.009838515892624855,0.07514668256044388,0.011506187729537487
1759645121547680000,11.180679931640626,-0.017374996095895767,0.04561622068285942,0.015270565636456013
1759645121557636900,11.190636962890625,-0.009010006673634052,0.059118978679180145,0.01193948369473219
1759645121567595000,11.200594970703126,-0.006727410946041346,0.06476195156574249,0.008417187258601189
1759645121577552000,11.2105517578125,-0.007903196848928928,0.064788319170475,0.0024943165481090546
1759645121587509800,11.220509765625,-0.008856608532369137,0.07655176520347595,0.0008234494016505778
1759645121597467000,11.230466796875,-0.012960273772478104,0.08961696922779083,0.002351038623601198
1759645121607425000,11.240425048828126,-0.017595505341887474,0.09956227988004684,0.004000067710876465
1759645121617383000,11.2503828125,-0.015546202659606934,0.10701406747102737,0.0067601678892970085
1759645121627340000,11.260340087890626,-0.008109325543045998,0.09620776027441025,0.014434332959353924
1759645121637298000,11.2702978515625,-0.003469299990683794,0.08625206351280212,0.021396368741989136
1759645121647255000,11.280255126953126,-0.018851185217499733,0.1281595677137375,0.04813024401664734
1759645121657213000,11.290212890625,-0.022309832274913788,0.1531999409198761,0.025722939521074295
1759645121667170000,11.300170166015626,-0.014508103020489216,0.1443859338760376,0.00321922916918993
1759645121677128200,11.310128173828126,-0.006983074825257063,0.08379662781953812,-0.01082628220319748
1759645121687085800,11.3200859375,-0.005401423200964928,0.048351287841796875,-0.015623434446752071
1759645121697043000,11.33004296875,-0.0004897553008049726,0.051539890468120575,-0.014761901460587978
1759645121707001000,11.3400009765625,0.002028529765084386,0.040701091289520264,-0.01076875813305378
1759645121716958000,11.3499580078125,0.008952748961746693,-0.004466121084988117,-0.006138320080935955
1759645121726916000,11.359916015625,0.02184058353304863,-0.06587009131908417,-0.003602457931265235
1759645121736873000,11.369873046875,0.02749607339501381,-0.11305331438779831,-0.0032738239970058203
1759645121746830800,11.379830810546874,0.03157470375299454,-0.1397525668144226,0.00023941817926242948
1759645121756789000,11.3897890625,0.037523940205574036,-0.13289839029312134,0.0027020431589335203
1759645121766746000,11.39974609375,0.03293957561254501,-0.12324497103691101,0.009106678888201714
1759645121776704000,11.4097041015625,0.0047090016305446625,-0.09779979288578033,0.042279280722141266
