time,seconds_elapsed,z,y,x
1759644271329014000,0.048013916015625,-0.019523633643984795,-0.06592069566249847,-0.017349962145090103
1759644271338969900,0.057969970703125,-0.021093035116791725,-0.1033538207411766,0.0027952538803219795
1759644271348927000,0.067927001953125,-0.0197441428899765,-0.14447541534900665,0.020314060151576996
1759644271358882800,0.0778828125,-0.01661732606589794,-0.1653151959180832,0.04102785885334015
1759644271368839000,0.0878388671875,-0.014057761989533901,-0.15370140969753265,0.05258677899837494
1759644271378795000,0.097794921875,-0.016327308490872383,-0.1285068392753601,0.05600734427571297
1759644271388751000,0.107751220703125,-0.014964302070438862,-0.09392809122800827,0.05693518742918968
1759644271398707000,0.11770703125,-0.009308014065027237,-0.05265122652053833,0.04537946730852127
1759644271408663000,0.1276630859375,-0.009182845242321491,-0.012921391054987907,0.022122079506516457
1759644271418620000,0.137619873046875,-0.011829229071736336,0.013277456164360046,-0.005846703890711069
1759644271428576000,0.147575927734375,-0.013167200610041618,0.02840767242014408,-0.02593572624027729
1759644271438531800,0.15753173828125,-0.015777098014950752,0.03153049573302269,-0.0346117727458477
1759644271448488000,0.167488037109375,-0.016570454463362694,0.009637979790568352,-0.03159920498728752
1759644271458443800,0.17744384765625,-0.01757206954061985,-0.027662787586450577,-0.013227920979261398
1759644271468400000,0.187400146484375,-0.010714695788919926,-0.0614527091383934,0.013647369109094143
1759644271478356000,0.19735595703125,-0.01013652328401804,-0.07937738299369812,0.03997164964675903
1759644271488312800,0.207312744140625,-0.008271778002381325,-0.10150931030511856,0.05685662478208542
1759644271498269000,0.21726904296875,0.0067785438150167465,-0.10845057666301727,0.0614340640604496
1759644271508225000,0.22722509765625,0.0009153284481726587,-0.10905218124389648,0.05645155906677246
1759644271518180900,0.237180908203125,-0.0008490157779306173,-0.09915801137685776,0.057191118597984314
1759644271528137000,0.247136962890625,0.0055803875438869,-0.06959505379199982,0.053590256720781326
1759644271538092800,0.2570927734375,0.0049398974515497684,-0.03268817067146301,0.04102493077516556
1759644271548050000,0.2670498046875,0.004412857815623283,-0.0019531622529029846,0.01793612353503704
1759644271558006000,0.277006103515625,0.0004063983797095716,0.03341707959771156,-0.0023526365403085947
1759644271567961900,0.2869619140625,-0.0022447784431278706,0.0576648935675621,-0.01064891554415226
1759644271577918000,0.29691796875,-0.0034043188206851482,0.06374195963144302,-0.00806032307446003
1759644271587874000,0.3068740234375,-0.0027539748698472977,0.05491677671670914,-0.0013057478936389089
1759644271597830100,0.316830078125,-0.0017984326696023345,0.044851627200841904,0.0056770602241158485
1759644271607786000,0.326785888671875,0.0004961469094268978,0.03140026703476906,0.00968591682612896
1759644271617743000,0.3367431640625,0.0000577905957470648,0.003943076357245445,0.01625753380358219
1759644271627699000,0.346698974609375,-0.0036932716611772776,-0.012349610216915607,0.026810575276613235
1759644271637655000,0.356655029296875,-0.012440690770745277,-0.014460965059697628,0.03575453534722328
1759644271647611000,0.36661083984375,-0.019411249086260796,-0.004923119675368071,0.03737746551632881
1759644271657567000,0.37656689453125,-0.017069265246391296,-0.009517339058220387,0.036494895815849304
1759644271667522800,0.386522705078125,-0.014058294706046581,-0.031326498836278915,0.041857700794935226
1759644271677480000,0.39647998046875,-0.014300109818577766,-0.04947886988520622,0.04537786915898323
1759644271687435800,0.406435791015625,-0.0039145806804299355,-0.04683408513665199,0.043110184371471405
1759644271697391900,0.416391845703125,0.00009241169027518481,-0.02154284343123436,0.03278404474258423
1759644271707348000,0.426347900390625,-0.014256167225539684,0.015143533237278461,0.024024909362196922
1759644271717304000,0.436303955078125,-0.03633350506424904,0.04625697806477547,0.0264249499887228
1759644271727260000,0.446260009765625,-0.027941087260842323,0.03562537208199501,0.03838467225432396
1759644271737217000,0.456217041015625,0.004766525700688362,-0.005587045568972826,0.05997278913855553
1759644271747173000,0.466173095703125,0.012210859917104244,-0.04060095548629761,0.07036338001489639
1759644271757129000,0.47612890625,0.014484932646155357,-0.048042360693216324,0.06804083287715912
1759644271767084800,0.486084716796875,0.009318400174379349,-0.02304539829492569,0.0580233559012413
1759644271777041000,0.496041015625,0.00010386328358436003,0.014164022170007229,0.04475575312972069
1759644271786996700,0.505996826171875,-0.00782463327050209,0.03431136906147003,0.02851366624236107
1759644271796953900,0.515953857421875,-0.010517888702452183,0.024142088368535042,0.019538814201951027
1759644271806910000,0.525909912109375,-0.009237440302968025,0.0046850331127643585,0.015121428295969963
1759644271816866000,0.535865966796875,-0.005257346201688051,-0.011542938649654388,0.017226923257112503
1759644271826822100,0.545822265625,0.001415736391209066,-0.025015337392687798,0.02293434366583824
1759644271836778000,0.555778076171875,0.006736998446285725,-0.03504480421543121,0.030596790835261345
1759644271846734000,0.565734130859375,0.008569253608584404,-0.029621541500091553,0.03550020232796669
1759644271856691000,0.57569091796875,0.004478638060390949,-0.004683434963226318,0.041196439415216446
1759644271866647000,0.58564697265625,0.005083708092570305,0.016029033809900284,0.04343242943286896
1759644271876603000,0.595602783203125,0.0075729647651314735,0.01830443926155567,0.040471527725458145
1759644271886559000,0.60555908203125,0.012724850326776505,-0.003201652318239212,0.030498787760734558
1759644271896514800,0.615514892578125,0.010149839334189892,-0.02485261857509613,0.02370958961546421
1759644271906471000,0.625470947265625,0.0035422705113887787,-0.021387048065662384,0.026439063251018524
1759644271916427800,0.635427734375,-0.002101234160363674,-0.010479272343218327,0.030428744852542877
1759644271926383900,0.6453837890625,-0.004071706905961037,-0.0076280920766294,0.02664998732507229
1759644271936340000,0.655340087890625,-0.003878627670928836,-0.0065532405860722065,0.026627084240317345
1759644271946296000,0.665296142578125,0.003662112867459655,-0.025595907121896744,0.03250707685947418
1759644271956252000,0.675251953125,0.01053040474653244,-0.04560290649533272,0.03376755118370056
1759644271966209000,0.685208984375,0.015801066532731056,-0.06360720843076706,0.03287113085389137
1759644271976165000,0.6951650390625,0.013940582983195782,-0.0664123147726059,0.031252726912498474
1759644271986121000,0.705120849609375,0.014006629586219788,-0.05233457684516907,0.031800273805856705
1759644271996077000,0.7150771484375,0.007967378944158554,-0.030661772936582565,0.028896629810333252
1759644272006033000,0.725032958984375,0.003570500062778592,-0.002823217073455453,0.020244818180799484
1759644272015989000,0.734989013671875,-0.008047007024288177,0.03873701021075249,0.008960471488535404
1759644272025945900,0.74494580078125,-0.006268548313528299,0.04892413318157196,0.005601426586508751
1759644272035902000,0.75490185546875,0.0008884305134415627,0.00965395849198103,0.009437976405024529
1759644272045857800,0.76485791015625,0.012240154668688774,-0.023637153208255768,0.017039703205227852
1759644272055814100,0.774814208984375,0.016281235963106155,-0.0453118197619915,0.02274685725569725
1759644272065770000,0.78477001953125,0.016017315909266472,-0.05769525468349457,0.025707494467496872
1759644272075727000,0.79472705078125,0.007540740538388491,-0.0649891197681427,0.0224459208548069
1759644272085683000,0.804682861328125,0.012841230258345604,-0.05667473003268242,0.026606842875480652
1759644272095639000,0.81463916015625,0.015415441244840622,-0.02901567332446575,0.02875947579741478
1759644272105595000,0.824594970703125,0.010734669864177704,-0.0030008498579263687,0.025594042614102364
1759644272115551000,0.834551025390625,0.01221405528485775,0.018216287717223167,0.020620590075850487
1759644272125506800,0.8445068359375,0.0062155514024198055,0.04074609652161598,0.009217733517289162
1759644272135464000,0.8544638671875,0.008529306389391422,0.054000917822122574,0.0037875475827604532
1759644272145419800,0.864419677734375,0.011415906250476837,0.0570792630314827,-0.0046970173716545105
1759644272155375900,0.8743759765625,0.009950368665158749,0.05299743637442589,-0.011329087428748608
1759644272165332000,0.88433203125,0.009544769302010536,0.04996756091713905,-0.013852698728442192
1759644272175288000,0.8942880859375,0.007679491303861141,0.03403706103563309,-0.011214304715394974
1759644272185245000,0.904244873046875,0.004186222795397043,0.014298511669039726,-0.006087453570216894
1759644272195201000,0.914200927734375,0.005426723510026932,-0.002404035534709692,0.001374457380734384
1759644272205157000,0.9241572265625,0.001600559800863266,-0.005065864883363247,0.0065231467597186565
1759644272215113000,0.934113037109375,-0.002261556452140212,0.004540956113487482,0.009283246472477913
1759644272225069000,0.944069091796875,-0.0030514500103890896,0.012525645084679127,-0.0007850998663343489
1759644272235026000,0.95402587890625,-0.00180908537004143,0.0029140308033674955,-0.011918976902961731
1759644272244982000,0.96398193359375,0.00126713200006634,-0.011579690501093864,-0.014003966003656387
1759644272254937900,0.973937744140625,0.005847768858075142,-0.006220611743628979,-0.012504606507718563
1759644272264894000,0.98389404296875,0.007480553351342678,0.008625445887446404,-0.010401507839560509
1759644272274849800,0.993849853515625,0.0033606430515646935,0.006646983791142702,-0.005259476602077484
1759644272284806000,1.003805908203125,-0.0010921623324975371,0.006070409435778856,0.008897621184587479
1759644272294762800,1.0137626953125,0.002171541564166546,0.0006809702608734369,0.019719908013939857
1759644272304718800,1.02371875,0.007676029112190008,-0.0007880293414928019,0.01889912225306034
1759644272314675700,1.03367578125,0.012222577817738056,-0.014347247779369354,0.007543137297034264
1759644272324631800,1.0436318359375,0.013670538552105427,-0.03534147888422012,-0.0012639362830668688
1759644272334588000,1.053587890625,0.008585232309997082,-0.03141970932483673,0.001178448786959052
1759644272344544800,1.063544677734375,0.0054672034457325935,-0.010054497979581356,0.0010847054654732347
1759644272354500900,1.0735009765625,0.00777669670060277,-0.0035960664972662926,-0.0028658276423811913
1759644272364456700,1.083456787109375,0.00538517814129591,-0.013350692577660084,-0.00290391081944108
1759644272374411500,1.09341162109375,0.004084756597876549,-0.028741100803017616,0.0065138256177306175
1759644272384367600,1.10336767578125,0.006335926707834005,-0.031548872590065,0.021686652675271034
1759644272394324700,1.11332470703125,0.012411129660904408,-0.018749719485640526,0.02413409762084484
1759644272404280600,1.123280517578125,0.013975470326840878,-0.016234897077083588,0.012475844472646713
1759644272414236700,1.133236572265625,0.011119762435555458,-0.04061347246170044,0.00603419030085206
1759644272424192800,1.14319287109375,0.00566960358992219,-0.05349970981478691,0.012027101591229439
1759644272434148900,1.15314892578125,0.004965730011463165,-0.03723418712615967,0.01884479448199272
1759644272444105700,1.163105712890625,0.008723184466362,-0.00703793577849865,0.014988803304731846
1759644272454061800,1.173061767578125,0.007509581744670868,0.002430933527648449,0.006965497974306345
1759644272464017700,1.183017578125,0.013585849665105343,-0.00538437906652689,0.0067993164993822575
1759644272473973800,1.192973876953125,0.01864665560424328,-0.014768026769161224,0.010427873581647873
1759644272483929600,1.2029296875,0.020201940089464188,-0.010437194257974625,0.009825732558965683
1759644272493886700,1.21288671875,0.01501064095646143,0.010061422362923622,0.006490123458206654
1759644272503842600,1.222842529296875,0.006685333326458931,0.02287442237138748,0.001285241567529738
1759644272513798700,1.232798583984375,-0.0033105756156146526,0.009549296461045742,0.009515208192169666
1759644272523754500,1.24275439453125,0.000179230744834058,-0.006339388433843851,0.017166202887892723
1759644272533710600,1.252710693359375,0.004773183725774288,-0.02611069567501545,0.014554441906511784
1759644272543667700,1.262667724609375,0.004947354551404715,-0.04953612759709358,0.011217234656214714
1759644272553623600,1.27262353515625,0.00045140579459257424,-0.052129246294498444,0.014004498720169067
1759644272563580000,1.282579833984375,-0.006626211106777191,-0.03935033455491066,0.017119864001870155
1759644272573535700,1.29253564453125,-0.009008941240608692,-0.02712935581803322,0.019210979342460632
1759644272583491800,1.302491943359375,-0.0179358571767807,-0.02828703075647354,0.0199782345443964
1759644272593448700,1.31244873046875,-0.016277240589261055,-0.021645108237862587,0.02237641252577305
1759644272603404800,1.32240478515625,-0.014287859201431274,-0.011438542976975441,0.019404323771595955
1759644272613360600,1.332360595703125,-0.005969741847366095,-0.026427878066897392,0.011455587111413479
1759644272623316700,1.342316650390625,-0.0036397422663867474,-0.03827761486172676,0.004861334338784218
1759644272633272600,1.3522724609375,-0.0022005699574947357,-0.018983012065291405,0.007184409536421299
1759644272643229700,1.362229736328125,-0.0002822950773406774,0.016631707549095154,0.010379137471318245
1759644272653185500,1.372185546875,0.0012772521004080772,0.04694460704922676,0.006383863277733326
1759644272663141600,1.3821416015625,0.004236556589603424,0.03363705426454544,0.0085426215082407
1759644272673097700,1.39209765625,0.010487794876098633,0.012677978724241257,0.021556157618761063
1759644272683053800,1.4020537109375,0.01666792668402195,0.003225088119506836,0.03207697719335556
1759644272693010700,1.4120107421875,0.019453592598438263,-0.008794024586677551,0.033789653331041336
1759644272702966800,1.421966796875,0.02123844251036644,-0.02196415513753891,0.03026522696018219
1759644272712923000,1.4319228515625,0.018022943288087845,-0.01461835764348507,0.028178641572594643
1759644272722878700,1.441878662109375,0.012913933955132961,0.0013073458103463054,0.017482055351138115
1759644272732834800,1.451834716796875,0.014704643748700619,0.011998073197901249,0.0038045919500291348
1759644272742791700,1.461791748046875,0.012681706808507442,-0.005663211923092604,-0.009515740908682346
1759644272752747800,1.471747802734375,0.002588326344266534,-0.009439041838049889,-0.012689962051808834
1759644272762703600,1.48170361328125,-0.012310195714235306,-0.003311108099296689,-0.0057167415507137775
1759644272772659700,1.49165966796875,-0.02924656867980957,-0.00040506679215468466,0.0006295712664723396
1759644272782615600,1.501615478515625,-0.04537254199385643,0.00592526700347662,-0.00009241169027518481
1759644272792572700,1.51157275390625,-0.05289863422513008,0.026934944093227386,-0.0019712718203663826
1759644272802528500,1.521528564453125,-0.04701278358697891,0.03277925029397011,-0.0010910971323028207
1759644272812484900,1.53148486328125,-0.037640318274497986,0.012647618539631367,-0.0019920445047318935
1759644272822440700,1.541440673828125,-0.029293440282344818,-0.02743375487625599,0.0022983080707490444
1759644272832396800,1.551396728515625,-0.021521802991628647,-0.04572727531194687,0.015264173969626427
1759644272842354000,1.56135400390625,-0.012381035834550858,-0.04996862635016441,0.02750539407134056
1759644272852309800,1.571309814453125,-0.00860573910176754,-0.03687625750899315,0.03668930381536484
1759644272862265600,1.581265625,-0.010069412179291248,-0.01859552226960659,0.035407260060310364
1759644272872221700,1.5912216796875,-0.004308994393795729,-0.010667557828128338,0.031205588951706886
1759644272882177500,1.601177490234375,-0.0010998855577781796,-0.010092581622302532,0.028021514415740967
1759644272892134700,1.611134765625,0.010127468965947628,-0.0217745378613472,0.029201827943325043
1759644272902090800,1.6210908203125,0.023396402597427368,-0.02617594413459301,0.028172781690955162
1759644272912046600,1.631046630859375,0.024775121361017227,-0.0025542378425598145,0.028718730434775352
1759644272922002700,1.641002685546875,0.015792012214660645,0.045689988881349564,0.02744360826909542
1759644272931958800,1.650958740234375,0.0075575183145701885,0.09282128512859344,0.023908263072371483
1759644272941915600,1.66091552734375,0.010492055676877499,0.09194616973400116,0.020127905532717705
1759644272951871700,1.670871826171875,0.015535816550254822,0.060379985719919205,0.018261827528476715
1759644272961827800,1.680827880859375,0.018394986167550087,0.02960662730038166,0.014337394386529922
1759644272971783700,1.69078369140625,0.014739797450602055,0.0036874127108603716,0.019879965111613274
1759644272981739800,1.70073974609375,0.01477654930204153,-0.017134245485067368,0.0352538600564003
1759644272991696600,1.710696533203125,0.01846635900437832,-0.04469529911875725,0.04970363900065422
1759644273001652700,1.72065283203125,0.025587385520339012,-0.06800941377878189,0.05675595626235008
1759644273011608600,1.730608642578125,0.027636421844363213,-0.0706629827618599,0.05536925047636032
1759644273021564700,1.740564697265625,0.023359917104244232,-0.0486367791891098,0.05233937129378319
1759644273031520500,1.7505205078125,0.01324230246245861,-0.03239629045128822,0.04787937551736832
1759644273041477600,1.7604775390625,0.004068244714289904,-0.022539397701621056,0.0335872545838356
1759644273051433700,1.770433837890625,0.002020274056121707,-0.008615059778094292,0.021560685709118843
1759644273061389600,1.7803896484375,-0.002263953210785985,-0.0034147051628679037,0.011334413662552834
1759644273071346000,1.790345947265625,-0.0065319351851940155,0.0014378406340256333,0.0039049931801855564
1759644273081301800,1.8003017578125,-0.007788680959492922,0.018610969185829163,-0.004111654590815306
1759644273091257900,1.8102578125,-0.018609903752803802,0.04700346291065216,-0.003992877434939146
1759644273101214700,1.820214599609375,-0.02317669242620468,0.06702403724193573,-0.0023284016642719507
1759644273111170800,1.8301708984375,-0.020472250878810883,0.04881441220641136,-0.0015036207623779774
1759644273121126700,1.840126708984375,-0.014512630179524422,0.005045624915510416,0.004464789759367704
1759644273131082800,1.850082763671875,-0.01056209672242403,-0.02478897012770176,0.010308297351002693
1759644273141038600,1.86003857421875,-0.010342651978135109,-0.02713601291179657,0.019458653405308723
1759644273150995700,1.86999560546875,-0.013166934251785278,-0.0062765381298959255,0.02178226038813591
1759644273160951600,1.87995166015625,-0.01991325430572033,0.014402907341718674,0.01883201114833355
1759644273170907600,1.88990771484375,-0.022945795208215714,0.02594211883842945,0.012711534276604652
1759644273180863700,1.89986376953125,-0.027109382674098015,0.020800353959202766,0.007446730975061655
1759644273190819800,1.90981982421875,-0.03184261918067932,0.013192767277359962,0.006858172360807657
1759644273200776700,1.919776611328125,-0.032825589179992676,0.003724963404238224,0.010993795469403267
1759644273210732800,1.92973291015625,-0.03340722620487213,-0.002517752582207322,0.008406533859670162
1759644273220689000,1.93968896484375,-0.03633057698607445,-0.0017560884589329362,0.006999586243182421
1759644273230644700,1.949644775390625,-0.03790903091430664,0.004230963997542858,0.00598518829792738
1759644273240600600,1.9596005859375,-0.03410870209336281,0.012415923178195953,0.006966030225157738
1759644273250556700,1.969556640625,-0.024291224777698517,-0.0020548950415104628,0.012831908650696278
1759644273260513800,1.979513671875,-0.01594035141170025,-0.026040121912956238,0.019291939213871956
1759644273270469600,1.9894697265625,-0.0014029532903805375,-0.05246107652783394,0.028210066258907318
1759644273280425700,1.99942578125,0.010584200732409954,-0.07044114172458649,0.03847122564911842
1759644273290381600,2.009381591796875,0.015265239402651787,-0.06486981362104416,0.04133545607328415
1759644273300337700,2.019337646484375,0.02275324985384941,-0.05504540726542473,0.04447665438055992
1759644273310293500,2.02929345703125,0.023783359676599503,-0.04441699758172035,0.04392138496041298
1759644273320249600,2.03924951171875,0.015195997431874275,-0.03780676797032356,0.04025900736451149
1759644273330205400,2.049205322265625,0.006729541812092066,-0.029516613110899925,0.029688652604818344
1759644273340161500,2.05916162109375,0.005134840961545706,-0.02141687460243702,0.019093800336122513
1759644273350117400,2.069117431640625,0.004522047471255064,-0.008842227049171925,0.003938548732548952
1759644273360073500,2.079073486328125,0.0025939189363271,0.004728442523628473,-0.007810784969478846
1759644273370030300,2.0890302734375,0.0034234935883432627,0.013889716938138008,-0.017554225400090218
1759644273379986400,2.098986328125,0.0026290726382285357,0.023551398888230324,-0.019955065101385117
1759644273389942500,2.108942626953125,-0.0006655239267274737,0.030480677261948586,-0.013007411733269691
1759644273399898600,2.118898681640625,-0.0027166905347257853,0.0400073379278183,-0.0005976133397780359
1759644273409854500,2.1288544921875,0.0008548747282475233,0.0458415225148201,0.009724000468850136
1759644273419811600,2.1388115234375,0.0035396073944866657,0.04097912460565567,0.01477868016809225
1759644273429767400,2.148767333984375,0.007786284200847149,0.023033680394291878,0.015333149582147598
1759644273439723500,2.1587236328125,0.012622051872313023,0.0027859327383339405,0.013548566028475761
1759644273449679400,2.168679443359375,0.012373845092952251,0.0002950782363768667,0.01101430132985115
1759644273459635500,2.178635498046875,0.010403372347354889,0.006624879315495491,0.011048655956983566
1759644273469591300,2.18859130859375,0.004869856406003237,0.0148662980645895,0.009195628575980663
1759644273479548400,2.19854833984375,-0.00042290997225791216,0.024229438975453377,0.004253334365785122
1759644273489504300,2.208504150390625,-0.004365986213088036,0.030046582221984863,-0.005881857592612505
1759644273499460400,2.21846044921875,0.001306280493736267,0.03434306010603905,-0.016268186271190643
1759644273509416400,2.22841650390625,0.0007864314829930663,0.03738252446055412,-0.023752201348543167
1759644273519372500,2.23837255859375,-0.014450311660766602,0.01925838366150856,-0.02912432886660099
1759644273529329700,2.24832958984375,-0.019416840746998787,0.006073072552680969,-0.02738901413977146
1759644273539285500,2.258285400390625,-0.028960278257727623,0.0016887104138731956,-0.021075457334518433
1759644273549241600,2.26824169921875,-0.04316052049398422,0.011578891426324844,-0.013278787024319172
1759644273559197400,2.278197509765625,-0.057022806257009506,0.020108995959162712,-0.006653907708823681
1759644273569153500,2.288153564453125,-0.06864670664072037,0.029709426686167717,-0.004000067710876465
1759644273579109400,2.298109375,-0.07179269939661026,0.02351997420191765,-0.005489840172231197
1759644273589066500,2.30806640625,-0.06805948168039322,0.01014185044914484,-0.014178935438394547
1759644273599022300,2.318022216796875,-0.06642989069223404,-0.0065348646603524685,-0.023059513419866562
1759644273608978400,2.327978515625,-0.06760993599891663,-0.005170527379959822,-0.029834860935807228
1759644273618934300,2.337934326171875,-0.06318988651037216,0.01563541777431965,-0.029206620529294014
1759644273628890600,2.347890625,-0.05813494324684143,0.03723951429128647,-0.027540547773241997
1759644273638846500,2.357846435546875,-0.051232028752565384,0.044317398220300674,-0.0231186356395483
1759644273648803600,2.367803466796875,-0.04170270636677742,0.03702219948172569,-0.01990766078233719
1759644273658759400,2.377759521484375,-0.03014378808438778,0.025729065760970116,-0.012287558987736702
1759644273668715500,2.387715576171875,-0.010163954459130764,0.011081413365900517,-0.005337773822247982
1759644273678671400,2.39767138671875,0.004190750420093536,0.0011329087428748608,0.000821318884845823
1759644273688627500,2.40762744140625,0.013167999684810638,-0.005918875336647034,0.008417985402047634
1759644273698584600,2.41758447265625,0.016397615894675255,-0.02311171032488346,0.012079832144081593
1759644273708540400,2.42754052734375,0.01979101449251175,-0.039683230221271515,0.018341723829507828
1759644273718496500,2.43749658203125,0.017715880647301674,-0.05528615787625313,0.018264757469296455
1759644273728452400,2.447452392578125,0.012617524713277817,-0.052318066358566284,0.01353604905307293
1759644273738408400,2.457408447265625,0.007759652566164732,-0.03561631590127945,0.006205165293067694
1759644273748364500,2.467364501953125,0.0032535837963223457,-0.018487930297851562,-0.007272027432918549
1759644273758321400,2.4773212890625,0.002142246812582016,-0.00911626685410738,-0.015920376405119896
1759644273768277500,2.487277587890625,0.0013286510948091745,-0.00857378076761961,-0.022837139666080475
1759644273778233600,2.497233642578125,0.0038344194181263447,0.0012207929976284504,-0.023911723867058754
1759644273788189400,2.507189453125,0.006491188891232014,0.004234159830957651,-0.02557220496237278
1759644273798145500,2.5171455078125,0.0037446708884090185,0.0026072347536683083,-0.02124004065990448
1759644273808101400,2.527101318359375,-0.00017976337403524667,0.007472829893231392,-0.017793910577893257
1759644273818058500,2.53705859375,-0.0034554514568299055,0.014022608287632465,-0.014306235127151012
1759644273828014300,2.547014404296875,-0.00330205331556499,0.007207312621176243,-0.009740511886775494
1759644273837970400,2.556970458984375,-0.0009976201690733433,-0.011358914896845818,-0.004776645917445421
1759644273847926300,2.56692626953125,0.002855974016711116,-0.030218888074159622,0.004387557972222567
1759644273857882600,2.576882568359375,0.006677343975752592,-0.0405743233859539,0.009777529165148735
1759644273867838500,2.58683837890625,0.006392651703208685,-0.03293105214834213,0.00800013542175293
1759644273877795600,2.596795654296875,0.0018391790799796581,-0.015084144659340382,0.004659200087189674
1759644273887751400,2.60675146484375,-0.0036493295338004827,0.0007912251749075949,0.00028336033574305475
1759644273897707500,2.61670751953125,-0.007731422781944275,0.016217585653066635,-0.006599313113838434
1759644273907663400,2.626663330078125,-0.007066697813570499,0.02262621559202671,-0.014260428957641125
1759644273917619500,2.636619384765625,-0.003983289934694767,0.013683321885764599,-0.017645040526986122
1759644273927575300,2.6465751953125,0.003442934714257717,0.009124255739152431,-0.017788585275411606
1759644273937532400,2.656532470703125,0.0029521139804273844,0.019748670980334282,-0.013617807999253273
1759644273947488500,2.666488525390625,0.003733751829713583,0.01739630103111267,-0.010544786229729652
1759644273957444400,2.6764443359375,0.002064482541754842,0.0022056300658732653,-0.004054662771522999
1759644273967400400,2.686400390625,0.0015483618481084704,-0.012524846941232681,0.0026999127585440874
1759644273977356500,2.6963564453125,-0.0012338425731286407,-0.018572619184851646,0.007980694994330406
1759644273987312600,2.706312744140625,-0.007065632846206427,-0.014181865379214287,0.009894974529743195
1759644273997269500,2.71626953125,-0.01136743649840355,-0.0029254823457449675,0.0030096382834017277
1759644274007225600,2.7262255859375,-0.006774283014237881,-0.006458431947976351,-0.011747736483812332
1759644274017181400,2.736181396484375,-0.0030333404429256916,-0.014693724922835827,-0.024399083107709885
1759644274027137500,2.746137451171875,-0.0054307179525494576,-0.019515911117196083,-0.029750438407063484
1759644274037093400,2.75609326171875,-0.00663340138271451,-0.008111456409096718,-0.0249056164175272
1759644274047049500,2.766049560546875,-0.008891229517757893,0.015220764093101025,-0.017488712444901466
1759644274057006300,2.77600634765625,-0.013322729617357254,0.04290725290775299,-0.008219313807785511
1759644274066962400,2.78596240234375,-0.014437262900173664,0.04833557456731796,-0.006681604776531458
1759644274076918300,2.795918212890625,-0.011926167644560337,0.057680606842041016,-0.008682703599333763
1759644274086874400,2.805874267578125,-0.007101585157215595,0.06633055210113525,-0.015507320873439312
1759644274096830500,2.81583056640625,-0.005599296186119318,0.0686139464378357,-0.02117905393242836
1759644274106786600,2.82578662109375,-0.008141549304127693,0.05777781084179878,-0.03140852227807045
1759644274116743700,2.83574365234375,-0.007172425277531147,0.0493244044482708,-0.041121337562799454
1759644274126699500,2.845699462890625,-0.008779376745223999,0.05266454443335533,-0.04194558411836624
1759644274136655600,2.855655517578125,-0.010675814002752304,0.05127996578812599,-0.03996019810438156
1759644274146611500,2.865611572265625,-0.012478773482143879,0.046721700578927994,-0.035595010966062546
1759644274156567300,2.8755673828125,-0.016290822997689247,0.03991199657320976,-0.03495372086763382
1759644274166523400,2.8855234375,-0.015133678913116455,0.028743231669068336,-0.03555559739470482
1759644274176480500,2.89548046875,-0.017768077552318573,0.007506652269512415,-0.03742833063006401
1759644274186436400,2.905436279296875,-0.021021395921707153,-0.008830775506794453,-0.04152959957718849
1759644274196392400,2.915392333984375,-0.02478604018688202,-0.010787933133542538,-0.04310273006558418
1759644274206348500,2.9253486328125,-0.03839665651321411,-0.001969940261915326,-0.041856635361909866
1759644274216304600,2.9353046875,-0.05132843554019928,0.011744273826479912,-0.03579821065068245
1759644274226260500,2.945260498046875,-0.05210154876112938,0.01799045130610466,-0.034269824624061584
1759644274236217600,2.955217529296875,-0.05160913243889809,0.0009763148264028132,-0.03513135388493538
1759644274246173400,2.96517333984375,-0.06087853014469147,-0.020807011052966118,-0.03272678703069687
1759644274256129500,2.975129638671875,-0.0633305013179779,-0.03287752345204353,-0.026028404012322426
1759644274266085400,2.98508544921875,-0.04615284875035286,-0.025301627814769745,-0.019816581159830093
1759644274276041500,2.99504150390625,-0.041556231677532196,-0.009572199545800686,-0.022227806970477104
1759644274285997300,3.004997314453125,-0.04222575202584267,0.00660597113892436,-0.028021780773997307
1759644274295954400,3.014954345703125,-0.034939609467983246,0.013990649953484535,-0.03214781731367111
1759644274305910300,3.02491015625,-0.02551521360874176,0.012458533979952335,-0.03171931207180023
1759644274315867100,3.0348671875,-0.012799684889614582,0.002097771968692541,-0.027236415073275566
1759644274325823000,3.044822998046875,0.0004266384057700634,-0.001928128651343286,-0.020167585462331772
1759644274335779000,3.054779052734375,0.007860586047172546,-0.004481301177293062,-0.012646286748349667
1759644274345735200,3.064735107421875,0.014259896241128445,-0.015516907908022404,-0.0051598744466900826
1759644274355692000,3.074692138671875,0.015546469017863274,-0.02694852650165558,-0.002965962514281273
1759644274365648100,3.084648193359375,0.013481187634170055,-0.027571706101298332,-0.0005973470397293568
1759644274375604200,3.094604248046875,0.005677859298884869,-0.01937795802950859,0.0028458540327847004
1759644274385560000,3.10456005859375,0.0022000374738126993,-0.0040852888487279415,-0.002709500025957823
1759644274395516200,3.11451611328125,0.0046879625879228115,0.004709800239652395,-0.014692659489810467
1759644274405472000,3.124471923828125,-0.0005219795857556164,0.006669620517641306,-0.01998702436685562
1759644274415428000,3.134427978515625,-0.0012053466634824872,0.004628574009984732,-0.017727332189679146
1759644274425385200,3.14438525390625,0.0005499427788890898,-0.0036794233601540327,-0.01335788331925869
1759644274435341000,3.154341064453125,0.008054197765886784,-0.009953032247722149,-0.01152616087347269
1759644274445297000,3.164296875,0.007520766928792,-0.008506668731570244,-0.012146944180130959
1759644274455253200,3.174253173828125,0.0019598202779889107,-0.00008149272616719827,-0.005145493429154158
1759644274465209000,3.184208984375,-0.0013342436868697405,0.009995109401643276,-0.0011225224006921053
1759644274475165200,3.194165283203125,0.0030146983917802572,-0.0008434231276623905,0.0015433018561452627
1759644274485122300,3.204122314453125,0.007795072626322508,-0.014223144389688969,0.004258128348737955
1759644274495078100,3.214078125,0.00980442762374878,-0.024044083431363106,0.011329620145261288
1759644274505034200,3.2240341796875,0.010583401657640934,-0.02388083189725876,0.012356001883745193
1759644274514990000,3.233989990234375,0.008838232606649399,-0.014915565960109234,0.013375193811953068
1759644274524946200,3.2439462890625,0.00782623142004013,0.0015757924411445856,0.013126454316079617
1759644274534902000,3.253902099609375,0.0015675366157665849,0.016202405095100403,0.009494967758655548
1759644274544859100,3.263859130859375,0.0033241575583815575,0.018561434000730515,0.006363090593367815
1759644274554815000,3.27381494140625,0.003169161733239889,0.01503993570804596,0.0011709919199347496
1759644274564771000,3.28377099609375,0.004446413833647966,0.009733587503433228,-0.0012005530297756195
1759644274574727200,3.29372705078125,0.0033095101825892925,0.0119117870926857,0.0009885653853416443
1759644274584683300,3.303683349609375,0.003381948219612241,0.011796738021075726,0.001713744131848216
1759644274594639000,3.31363916015625,0.002954244613647461,0.007137804292142391,-0.00036751621519215405
1759644274604595200,3.32359521484375,0.002234924817457795,0.0025180187076330185,0.0021869877818971872
1759644274614552000,3.333552001953125,-0.0026471822056919336,0.006600378546863794,0.0026972496416419744
1759644274624508200,3.343508056640625,-0.005459214095026255,0.01672278717160225,0.0027808728627860546
1759644274634464000,3.353464111328125,-0.002801911672577262,0.024597754701972008,0.00276196445338428
1759644274644420000,3.363420166015625,-0.0015725966077297926,0.023274695500731468,0.004164917394518852
1759644274654376000,3.3733759765625,0.0006980145117267966,0.021284248679876328,0.0020418455824255943
1759644274664332000,3.38333203125,0.006999586243182421,0.006834736559540033,0.004229632206261158
1759644274674289200,3.3932890625,0.00708720413967967,-0.0010333064710721374,0.009015865623950958
1759644274684245000,3.403244873046875,0.0008780442294664681,0.007224623579531908,0.012688098475337029
1759644274694201300,3.413201416015625,-0.0009768474847078323,0.01727086678147316,0.015425029210746288
1759644274704157200,3.4231572265625,-0.0029816750902682543,0.022763635963201523,0.008552475832402706
1759644274714113300,3.43311328125,-0.0018250643042847514,0.01721760258078575,-0.006398510653525591
1759644274724069000,3.443069091796875,0.0005707154050469398,0.009178318083286285,-0.020437629893422127
1759644274734026200,3.453026123046875,-0.0019867182709276676,0.004496481269598007,-0.02407337725162506
1759644274743982000,3.462982177734375,-0.00421365350484848,0.009489375166594982,-0.013137106783688068
1759644274753938200,3.472938232421875,-0.0059750680811703205,0.01943974383175373,-0.0035177695099264383
1759644274763894000,3.48289404296875,-0.007222759071737528,0.031017037108540535,0.005636846646666527
1759644274773850000,3.49285009765625,-0.004883704707026482,0.0331539586186409,0.010267817415297031
1759644274783806200,3.50280615234375,-0.0005691175465472043,0.028027374297380447,0.008244880475103855
1759644274793762300,3.51276220703125,0.00621075788512826,0.017713217064738274,0.004159591160714626
1759644274803719200,3.52271923828125,0.0070949275977909565,0.00695005152374506,0.0009747169679030776
1759644274813675300,3.53267529296875,0.005940447095781565,0.007181746419519186,-0.0019955066964030266
1759644274823631000,3.542631103515625,0.006478938274085522,0.014419951476156712,-0.0060208747163414955
1759644274833587200,3.552587158203125,0.000011984225238848012,0.022290924564003944,-0.010240653529763222
1759644274843543000,3.56254296875,-0.003963316325098276,0.03196592256426811,-0.014165353961288929
1759644274853499100,3.5724990234375,-0.004136155359447002,0.033784862607717514,-0.018640263006091118
1759644274863456000,3.5824560546875,-0.00392816262319684,0.03376595303416252,-0.021997444331645966
1759644274873412000,3.592412109375,-0.0017438378417864442,0.02701803483068943,-0.01992310769855976
1759644274883368000,3.602367919921875,-0.0018615495646372437,0.017345700412988663,-0.015973640605807304
1759644274893324000,3.612323974609375,0.0018306568963453174,0.010118413716554642,-0.009470467455685139
1759644274903280000,3.622280029296875,-0.00040000680019147694,0.014365890063345432,-0.0023576964158564806
1759644274913236200,3.632236328125,-0.000483363721286878,0.019724968820810318,0.0003249056462664157
1759644274923193300,3.642193359375,0.000009853695701167453,0.025184715166687965,0.0005757753970101476
1759644274933149200,3.652149169921875,-0.00009427589975530282,0.03178536146879196,-0.0016245282022282481
1759644274943105300,3.662105224609375,-0.0017811221769079566,0.032045286148786545,-0.005200887098908424
1759644274953061000,3.67206103515625,-0.0014583469601348042,0.022587867453694344,-0.0093905720859766
1759644274963017200,3.682017333984375,-0.0012338425731286407,0.019043199717998505,-0.013176788575947285
1759644274972973000,3.69197314453125,-0.0026988473255187273,0.019420037046074867,-0.008509065955877304
1759644274982929200,3.70192919921875,0.0001549959706608206,0.031806930899620056,-0.0020756677258759737
1759644274992886000,3.711885986328125,-0.00373002327978611,0.024227840825915337,-0.003418699838221073
1759644275002842000,3.721842041015625,-0.0007656587986275554,0.013944577425718307,-0.005540973041206598
1759644275012798000,3.7317978515625,0.004907939583063126,0.003052781568840146,0.0020700751338154078
1759644275022754300,3.74175439453125,0.005322327371686697,-0.001187237212434411,0.007666175253689289
1759644275032710100,3.751710205078125,0.003477555699646473,0.0011973571963608265,0.00887871254235506
1759644275042666200,3.761666259765625,0.001169394003227353,0.00947739090770483,0.008612396195530891
1759644275052623000,3.771623046875,0.0009643306257203221,0.02064162865281105,0.005562012083828449
1759644275062579200,3.7815791015625,-0.0008122641011141241,0.027151992544531822,-0.002438656520098448
1759644275072535000,3.79153515625,-0.0012831110507249832,0.02496473863720894,-0.010003099218010902
1759644275082491100,3.8014912109375,-0.0009467537747696042,0.02106640301644802,-0.010846788994967937
1759644275092447000,3.811447021484375,0.0035984632559120655,0.015518239699304104,-0.00824754312634468
1759644275102403000,3.821403076171875,0.0029023129027336836,0.009553025476634502,-0.004996090196073055
1759644275112360000,3.83135986328125,-0.0005270395777188241,0.011271030642092228,-0.0013960290234535933
1759644275122316000,3.84131591796875,-0.0031944618094712496,0.015304121188819408,-0.00022530343267135322
1759644275132272000,3.851272216796875,-0.007831824012100697,0.016350211575627327,-0.0024644893128424883
1759644275142228200,3.861228271484375,-0.007759918924421072,0.00923451129347086,-0.0046485476195812225
1759644275152184000,3.87118408203125,0.0021403825376182795,-0.006774548906832933,-0.005112470127642155
1759644275162140200,3.88114013671875,0.00768801337108016,-0.023077089339494705,0.0001685781026026234
1759644275172096000,3.891095947265625,0.008075503632426262,-0.024098144844174385,0.0054243262857198715
1759644275182053000,3.90105322265625,0.004720186814665794,-0.012419651262462139,0.005480252671986818
1759644275192009200,3.91100927734375,-0.00022903185163158923,-0.0007227819296531379,0.0067689563147723675
1759644275201965000,3.920965087890625,-0.0018524948973208666,-0.00216594897210598,0.009004147723317146
1759644275211921200,3.930921142578125,0.0007041397620923817,-0.006736465729773045,0.011801797896623611
1759644275221877000,3.940876953125,0.004250671248883009,-0.01324230246245861,0.006652576383203268
1759644275231833300,3.950833251953125,0.006592388730496168,-0.010809238068759441,0.0022218753583729267
1759644275241790000,3.9607900390625,0.0032506543211638927,-0.0019768644124269485,0.0005416869535110891
1759644275251746300,3.970746337890625,-0.0014319816837087274,0.0059867859818041325,0.0046456181444227695
1759644275261702100,3.9807021484375,-0.0010125337867066264,0.004230697639286518,0.005577724426984787
1759644275271658200,3.990658203125,0.002528138691559434,-0.0009238505735993385,0.0035241609439253807
1759644275281615000,4.000614990234375,0.0041614556685090065,-0.005732986610382795,0.0008279767935164273
1759644275291571200,4.0105712890625,0.002892192918807268,-0.0024378576781600714,0.003305249148979783
1759644275301527000,4.020527099609375,0.004447745159268379,0.008208128623664379,0.0046938215382397175
1759644275311484400,4.030484375,0.006170810665935278,0.007949269376695156,0.004335626028478146
1759644275321440300,4.040440185546875,0.008853146806359291,0.004890629090368748,-0.0006796387024223804
1759644275331396400,4.050396240234375,0.007192931603640318,0.0030450583435595036,-0.0022240057587623596
1759644275341352200,4.060352294921875,0.00361763802357018,0.006472546607255936,-0.001683384063653648
1759644275351308300,4.070308349609375,0.0015153386630117893,0.01067874301224947,-0.0012871057260781527
1759644275361264000,4.08026416015625,-0.00022849922243040055,0.01050377357751131,0.000045273736759554595
1759644275371221200,4.09022119140625,0.00015046859334688634,0.004989698529243469,0.001133441342972219
1759644275381177300,4.10017724609375,0.004196076653897762,-0.008895490318536758,0.002229065867140889
1759644275391133200,4.11013330078125,0.005769472103565931,-0.014494786970317364,0.002510561840608716
1759644275401089500,4.120089599609375,0.005652293097227812,-0.006588127929717302,0.004650411661714315
1759644275411045400,4.13004541015625,0.0028868666850030422,0.003879426745697856,0.0013430321123450994
1759644275421001500,4.14000146484375,-0.0009185242815874517,0.007760184817016125,-0.004197674337774515
1759644275430958300,4.149958251953125,-0.0015502260066568851,0.012939234264194965,-0.005632319487631321
1759644275440914400,4.15991455078125,0.001059139147400856,0.010989267379045486,-0.002514290390536189
1759644275450870300,4.169870361328125,0.0028357338160276413,0.01239381916821003,0.004315119702368975
1759644275460826400,4.179826416015625,0.006101301871240139,0.008858473040163517,0.005360943265259266
1759644275470782200,4.1897822265625,0.0035835495218634605,-0.0034115093294531107,0.008532235398888588
1759644275480738300,4.19973828125,0.0018128136871382594,-0.01318104937672615,0.009010805748403072
1759644275490694400,4.2096943359375,0.0012711267918348312,-0.01913774199783802,0.00920495018362999
1759644275500651300,4.2196513671875,-0.003626160090789199,-0.0161811001598835,0.009665410034358501
1759644275510607400,4.229607421875,-0.005059473216533661,-0.005621133837848902,0.0037912761326879263
1759644275520563500,4.2395634765625,-0.00475480780005455,-0.005264004226773977,-0.00535428524017334
1759644275530519300,4.249519287109375,-0.0029265477787703276,-0.0034844798501580954,-0.01630174182355404
1759644275540475400,4.259475341796875,-0.0035774242132902145,-0.002490854589268565,-0.015776565298438072
1759644275550431200,4.26943115234375,-0.0017803232185542583,-0.004797684494405985,-0.007207312621176243
1759644275560388400,4.279388427734375,-0.00415453128516674,0.0014450311427935958,0.0028698223177343607
1759644275570344200,4.28934423828125,-0.005234709475189447,0.01593928597867489,0.015075888484716415
1759644275580300300,4.29930029296875,-0.004162786994129419,0.02779195085167885,0.0199835617095232
1759644275590256000,4.309256103515625,-0.002778742229565978,0.027540281414985657,0.013568272814154625
1759644275600212200,4.319212158203125,-0.00041545313433744013,0.023962324485182762,0.002585396869108081
1759644275610168300,4.329168212890625,0.003276220755651593,0.021211013197898865,-0.00875913631170988
1759644275620125200,4.339125244140625,0.002718554809689522,0.0142945172265172,-0.01158581580966711
1759644275630081500,4.34908154296875,0.0031763522420078516,0.006657636258751154,-0.010991398245096207
1759644275640037400,4.359037353515625,0.003463707398623228,-0.006423544604331255,-0.0067841364070773125
1759644275649993500,4.368993408203125,0.0007459514308720827,-0.008861668407917023,-0.005323392804712057
1759644275659949300,4.37894921875,-0.003686347510665655,0.001389371114782989,-0.0024852619972079992
1759644275669905400,4.388905517578125,-0.00612180819734931,0.016801083460450172,-0.002840527566149831
1759644275679862300,4.3988623046875,-0.006024336442351341,0.022901054471731186,-0.009693107567727566
1759644275689818400,4.408818359375,-0.001035436987876892,0.016017315909266472,-0.014990666881203651
1759644275699774200,4.418774169921875,0.002600310370326042,0.00023941817926242948,-0.0137200728058815
1759644275709730300,4.428730224609375,0.008363391272723675,-0.003981692250818014,-0.011391138657927513
1759644275719686100,4.43868603515625,0.005541239399462938,0.007376689929515123,-0.00675377668812871
1759644275729642500,4.448642578125,0.0016674051294103265,0.024713868275284767,-0.0046541402116417885
1759644275739598300,4.458598388671875,0.0017608820926398039,0.03261466696858406,-0.0030312100425362587
1759644275749555500,4.468555419921875,-0.0005808354471810162,0.024118119850754738,-0.0008013451588340104
1759644275759511300,4.47851123046875,0.0016042882343754172,-0.0011313108261674643,-0.003120958572253585
1759644275769467400,4.48846728515625,0.007645935285836458,-0.01667405106127262,-0.004622448701411486
1759644275779423200,4.49842333984375,0.006433397997170687,-0.015669507905840874,-0.003900465788319707
1759644275789379300,4.50837939453125,0.002814695006236434,0.00424241553992033,-0.004479170776903629
1759644275799335200,4.518335205078125,-0.001347825862467289,0.024411866441369057,-0.007393734063953161
1759644275809292300,4.528292236328125,-0.004656270612031221,0.03459765762090683,-0.0073138391599059105
1759644275819248400,4.538248291015625,-0.0008801747462712228,0.017314275726675987,-0.005903429351747036
1759644275829204200,4.548204345703125,0.003974501509219408,-0.005824067164212465,-0.0012660667998716235
1759644275839160300,4.558160400390625,0.009504289366304874,-0.0174998976290226,0.004399808589369059
1759644275849116400,4.568116455078125,0.010389789938926697,-0.022842731326818466,0.008554339408874512
1759644275859072300,4.578072265625,0.007983624003827572,-0.01655447483062744,0.00749067310243845
1759644275869029400,4.588029296875,0.005328985396772623,0.005391835700720549,0.005818208213895559
1759644275878985500,4.5979853515625,-0.002615756820887327,0.019234415143728256,0.0018631474813446403
1759644275888941300,4.60794140625,-0.005801429972052574,0.0090555464848876,-0.002746518002822995
1759644275898897400,4.6178974609375,-0.001981924520805478,0.0034013893455266953,-0.003816842334344983
1759644275908853200,4.627853271484375,-0.0012887036427855492,0.02329573594033718,0.0029997846577316523
1759644275918810400,4.637810302734375,-0.011437743902206421,0.05113668739795685,0.007515440694987774
1759644275928766200,4.64776611328125,-0.009808155708014965,0.04078657925128937,-0.006431267596781254
1759644275938722300,4.657722412109375,-0.0020716730505228043,0.031794946640729904,-0.017606956884264946
1759644275948678100,4.66767822265625,-0.0037145770620554686,0.037948980927467346,-0.020958544686436653
1759644275958634500,4.677634521484375,-0.005359079223126173,0.03358512371778488,-0.01284469198435545
1759644275968590300,4.68759033203125,-0.00022184131375979632,0.0062371231615543365,0.0031577101908624172
1759644275978547500,4.69754736328125,-0.0009507485083304346,-0.019944146275520325,0.020972659811377525
1759644275988503300,4.70750341796875,0.0035800873301923275,-0.03608716279268265,0.02576049044728279
1759644275998459400,4.71745947265625,0.005366003140807152,-0.03761235624551773,0.02527686022222042
1759644276008415200,4.727415283203125,0.0034091125708073378,-0.027941619977355003,0.01973668672144413
1759644276018371300,4.737371337890625,-0.0008436894277110696,-0.014317953027784824,0.009635583497583866
1759644276028327200,4.7473271484375,-0.0015651397407054901,0.005654956214129925,-0.00005246427463134751
1759644276038284300,4.7572841796875,-0.0015094797126948833,0.021200893446803093,-0.007309844717383385
1759644276048240400,4.767240478515625,-0.002095375210046768,0.02184431254863739,-0.012287825345993042
1759644276058196200,4.7771962890625,0.0000601874417043291,0.019356653094291687,-0.010031062178313732
1759644276068152300,4.78715234375,-0.0015140071045607328,0.01889938861131668,-0.008161257021129131
1759644276078108400,4.7971083984375,-0.00021917815320193768,0.01703251339495182,-0.009660350158810616
1759644276088064500,4.807064453125,-0.00296303303912282,0.015356319025158882,-0.007178816944360733
1759644276098021400,4.817021484375,-0.002628007438033819,0.00615136930719018,-0.002153431996703148
1759644276107977500,4.8269775390625,-0.0008753810543566942,0.001847434788942337,0.002246110001578927
1759644276117933300,4.836933349609375,0.002695385366678238,0.0009518137667328119,0.002046639332547784
1759644276127889400,4.846889404296875,0.002683401107788086,0.005193963181227446,0.0010865697404369712
1759644276137845200,4.85684521484375,0.005252019967883825,0.005690376274287701,-0.0013978932984173298
1759644276147802400,4.86680224609375,0.006113552488386631,0.00640916358679533,-0.0028003137558698654
1759644276157758200,4.87675830078125,0.003043194068595767,0.013650298118591309,-0.005592638161033392
1759644276167714300,4.88671435546875,0.0015459649730473757,0.03118082322180271,-0.012880644761025906
1759644276177670100,4.896670166015625,0.0027614317368716,0.038306109607219696,-0.017238108441233635
1759644276187626200,4.906626220703125,0.0003174488083459437,0.035105522722005844,-0.013352290727198124
1759644276197582300,4.916582275390625,0.0002793656021822244,0.025946911424398422,-0.006698116194456816
1759644276207539200,4.926539306640625,0.002444781828671694,0.01780456304550171,-0.002549444092437625
1759644276217495600,4.93649560546875,0.005572398193180561,0.010958641767501831,-0.0024658208712935448
1759644276227451400,4.946451416015625,0.004265851341187954,0.002404035534709692,-0.004887699615210295
1759644276237407500,4.956407470703125,0.0036522590089589357,-0.007255782373249531,-0.002029328839853406
1759644276247363300,4.96636328125,0.0019856528379023075,-0.011079282499849796,-0.0010634001810103655
1759644276257320400,4.976320556640625,0.002548911375924945,-0.01053440012037754,-0.0001131843455368653
1759644276267276300,4.9862763671875,0.0017736653098836541,0.00037683729897253215,0.0030658310279250145
1759644276277232400,4.996232421875,-0.0038962047547101974,0.006682137493044138,0.0038658445701003075
1759644276287188200,5.006188232421875,-0.0017145430902019143,0.00714606000110507,0.0052054147236049175
1759644276297144300,5.016144287109375,0.003922303672879934,0.0009960222523659468,0.003073554253205657
1759644276307100400,5.026100341796875,0.002680737990885973,0.005709284916520119,0.001957689644768834
1759644276317057300,5.036057373046875,-0.0010484865633770823,0.019724702462553978,0.005579056218266487
1759644276327013400,5.046013427734375,-0.0036456012167036533,0.025015603750944138,0.00887951161712408
1759644276336969500,5.055969482421875,-0.0017683389596641064,0.005873868241906166,0.010584467090666294
1759644276346925300,5.06592529296875,-0.0011555455857887864,-0.016088422387838364,0.010872887447476387
1759644276356881400,5.07588134765625,-0.0007608651067130268,-0.021267738193273544,0.010148241184651852
1759644276366838300,5.08583837890625,-0.004316717851907015,-0.016355004161596298,0.010762100107967854
1759644276376794400,5.09579443359375,-0.005501558072865009,-0.009974337182939053,0.005376921966671944
1759644276386750200,5.105750244140625,-0.0020186761394143105,-0.018997393548488617,-0.0029547770973294973
1759644276396706300,5.115706298828125,0.0004830974212381989,-0.029213279485702515,-0.009461145848035812
1759644276406662100,5.125662109375,0.001228516222909093,-0.02846546284854412,-0.008298143744468689
1759644276416619300,5.135619384765625,-0.0009917612187564373,-0.014123542234301567,-0.0007451524725183845
1759644276426575400,5.145575439453125,-0.001424791174940765,0.0001294296234846115,0.010576744563877583
1759644276436531200,5.15553125,-0.002956641372293234,0.014711035415530205,0.015721172094345093
1759644276446487600,5.165487548828125,-0.002709500025957823,0.02274046652019024,0.01799711026251316
1759644276456443400,5.175443359375,-0.0008522115531377494,0.029892385005950928,0.015837285667657852
1759644276466399500,5.1853994140625,0.0028162929229438305,0.027287013828754425,0.007383347954601049
1759644276476356400,5.1953564453125,0.008991897106170654,0.02388003282248974,-0.003064233111217618
1759644276486312400,5.2053125,0.009079515002667904,0.017007479444146156,-0.01107608713209629
1759644276496268300,5.215268310546875,0.007274424657225609,0.013069729320704937,-0.01224841084331274
1759644276506224400,5.225224365234375,0.002606435678899288,0.005820338614284992,-0.008685899898409843
1759644276516180200,5.23518017578125,0.001517202821560204,-0.0017784589435905218,-0.00515721132978797
1759644276526137300,5.245137451171875,-0.003780889790505171,-0.000009853695701167453,0.0021374530624598265
1759644276536093200,5.25509326171875,-0.004895955324172974,0.009186840616166592,0.004276237916201353
1759644276546049300,5.26504931640625,-0.0037388119380921125,0.010889398865401745,-0.003745736088603735
1759644276556005000,5.275005126953125,-0.001990446588024497,0.005477855913341045,-0.00689039658755064
1759644276565961500,5.28496142578125,0.004056793171912432,-0.0034083134960383177,-0.007015032693743706
1759644276575918300,5.29491845703125,0.00785739067941904,-0.0010514160385355353,-0.003069825703278184
1759644276585874400,5.30487451171875,0.00541447289288044,0.007219563238322735,0.0030533140525221825
1759644276595830500,5.31483056640625,0.0025891251862049103,0.02070208266377449,0.0048799761570990086
1759644276605786400,5.324786376953125,0.002409628126770258,0.025161013007164,0.0019835224375128746
1759644276615742500,5.334742431640625,0.0018985675415024161,0.019026953727006912,-0.0014620753936469555
1759644276625699300,5.34469921875,0.002413090318441391,0.0043926178477704525,-0.0030719563364982605
1759644276635655400,5.354655517578125,0.002778742229565978,-0.0017390442080795765,-0.006346312817186117
1759644276645611300,5.364611328125,0.004198207054287195,0.004442418925464153,-0.00818016566336155
1759644276655567400,5.3745673828125,-0.0008532768115401268,0.02159637212753296,-0.009444101713597775
1759644276665523200,5.384523193359375,-0.002569684060290456,0.03247698396444321,-0.01101589947938919
1759644276675480300,5.394480224609375,-0.0008532768115401268,0.02015267312526703,-0.00965795386582613
1759644276685436200,5.404436279296875,0.0010839065071195364,-0.0026554379146546125,-0.004609931726008654
1759644276695392300,5.414392333984375,0.006813697516918182,-0.022790268063545227,0.00224903947673738
1759644276705348400,5.424348388671875,0.007955394685268402,-0.025433188304305077,0.009584183804690838
1759644276715304400,5.434304443359375,0.0059420447796583176,-0.013557886704802513,0.011563711799681187
1759644276725260300,5.44426025390625,0.003561445279046893,0.003724164329469204,0.008697884157299995
1759644276735217400,5.454217529296875,0.00002663161103555467,0.01320927869528532,0.001413073274306953
1759644276745173200,5.46417333984375,-0.002225603675469756,0.014348313212394714,-0.007331149652600288
1759644276755129300,5.47412939453125,-0.0023089605383574963,0.0123030049726367,-0.00806085579097271
1759644276765085200,5.484085205078125,-0.0008303736103698611,0.0034410704392939806,-0.006921821739524603
1759644276775041300,5.494041259765625,0.0036842171102762222,-0.00993012823164463,-0.00472498033195734
1759644276784998400,5.503998291015625,0.004542820155620575,-0.014406103640794754,-0.0031678301747888327
1759644276794954200,5.513954345703125,0.00307621737010777,-0.01853267103433609,0.00253399764187634
1759644276804910300,5.523910400390625,-0.00007243797881528735,-0.0228605754673481,0.007995341904461384
1759644276814866400,5.533866455078125,-0.0025803367607295513,-0.027968518435955048,0.00956554152071476
1759644276824822500,5.543822509765625,0.007644603960216045,-0.02954830415546894,0.015682024881243706
1759644276834779100,5.553779052734375,-0.009412676095962524,-0.0716848373413086,0.010506968945264816
1759644276844735500,5.563735595703125,-0.01227291114628315,-0.07181533426046371,0.01022707112133503
1759644276854691300,5.57369140625,-0.012500345706939697,-0.054843273013830185,0.013140036724507809
1759644276864647400,5.5836474609375,-0.015341672115027905,-0.0390978679060936,0.011472098529338837
1759644276874603300,5.593603271484375,-0.013368802145123482,-0.04267901927232742,0.005642971955239773
1759644276884560400,5.603560302734375,-0.006917294580489397,-0.035773977637290955,0.0037824877072125673
1759644276894516200,5.61351611328125,-0.0012170645641162992,-0.027293939143419266,0.014078800566494465
1759644276904472300,5.623472412109375,-0.0111019192263484,-0.028450017794966698,0.01739283837378025
1759644276914428200,5.63342822265625,-0.0011166634503751993,-0.03422188758850098,0.02329413779079914
1759644276924384300,5.64338427734375,0.011786884628236294,-0.029795179143548012,0.02430454082787037
1759644276934341400,5.65334130859375,0.004673581570386887,-0.026377545669674873,0.01455603912472725
1759644276944297200,5.663297119140625,-0.003846669802442193,-0.019175559282302856,0.003768905531615019
1759644276954253300,5.67325341796875,-0.028003139421343803,-0.03806908801198006,-0.004221642855554819
1759644276964209400,5.68320947265625,-0.00040266994619742036,-0.02792191132903099,0.008860869333148003
1759644276974165500,5.69316552734375,0.005339105147868395,-0.025541312992572784,0.01489266287535429
1759644276984122400,5.703122314453125,-0.004445614758878946,-0.02564091421663761,0.01787913218140602
1759644276994078500,5.713078369140625,0.004767058417201042,-0.024269653484225273,0.016113456338644028
1759644277004034300,5.723034423828125,0.010306167416274548,-0.01786102168262005,-0.002752909669652581
1759644277013990400,5.732990478515625,0.010607370175421238,-0.005952431354671717,-0.01101563312113285
1759644277023946200,5.7429462890625,0.006167082116007805,0.005248291417956352,-0.00478277076035738
1759644277033903400,5.7529033203125,0.0009395632077939808,0.007305849809199572,0.005490372888743877
1759644277043859200,5.762859130859375,0.005658152047544718,0.0033957967534661293,0.007751929108053446
1759644277053815300,5.772815185546875,0.009366337209939957,-0.0011432950850576162,0.006970824208110571
1759644277063771100,5.782771240234375,0.005964149255305529,0.0008729841792955995,0.0015939018921926618
1759644277073727500,5.7927275390625,0.004978246986865997,0.004209658596664667,0.0004063983797095716
1759644277083684400,5.802684326171875,0.0038772961124777794,0.011816712096333504,-0.0018908443162217736
1759644277093640400,5.812640380859375,0.0013480921043083072,0.014937670901417732,-0.0027835359796881676
1759644277103596300,5.82259619140625,-0.0020397149492055178,0.0122441491112113,-0.004968925844877958
1759644277113552400,5.832552490234375,-0.002266349969431758,0.011689413338899612,-0.004172640852630138
1759644277123508200,5.84250830078125,-0.002912166528403759,0.0189577117562294,-0.006207828409969807
1759644277133465300,5.85246533203125,-0.0021723404061049223,0.037281058728694916,-0.020411266013979912
1759644277143421400,5.86242138671875,-0.0027470507193356752,0.044369060546159744,-0.02556421607732773
1759644277153377300,5.872377197265625,-0.005723133217543364,0.041782066226005554,-0.025602832436561584
1759644277163333400,5.88233349609375,-0.0062970444560050964,0.033068206161260605,-0.022903718054294586
1759644277173289200,5.892289306640625,-0.0021704763639718294,0.015839150175452232,-0.014348579570651054
1759644277183246300,5.902246337890625,0.00039974047103896737,0.0008285093936137855,-0.003108707955107093
1759644277193202200,5.9122021484375,0.0019025622168555856,-0.014269749633967876,0.00683047529309988
1759644277203158300,5.922158203125,0.0035459990613162518,-0.02022377960383892,0.010193515568971634
1759644277213114400,5.9321142578125,0.0017813884187489748,-0.01648789644241333,0.011552792973816395
1759644277223071200,5.9420712890625,-0.0004894890007562935,-0.009306150488555431,0.0075484635308384895
1759644277233027300,5.95202734375,-0.0038003309164196253,-0.005041630007326603,0.0009038768475875258
1759644277242983400,5.9619833984375,-0.0035718316212296486,0.0014887070283293724,-0.008627843111753464
1759644277252939300,5.971939208984375,-0.005056011490523815,0.003621100215241313,-0.016322780400514603
1759644277262895400,5.981895263671875,-0.006728210020810366,-0.002112952060997486,-0.020327642560005188
1759644277272852500,5.9918525390625,-0.008953547105193138,-0.02244538813829422,-0.020625382661819458
1759644277282808300,6.001808349609375,-0.004771052859723568,-0.021413413807749748,-0.0171440988779068
1759644277292764400,6.011764404296875,-0.01110165286809206,0.0031257520895451307,-0.009859554469585419
1759644277302720300,6.02172021484375,-0.015987755730748177,0.025769278407096863,-0.001689775730483234
1759644277312675800,6.03167578125,-0.011305917985737324,0.031000260263681412,0.002031725598499179
1759644277322633000,6.041633056640625,-0.003531085327267647,0.018853582441806793,-0.005589175969362259
1759644277332588800,6.0515888671875,-0.0010780475568026304,0.012594355270266533,-0.014457236044108868
1759644277342545200,6.061545166015625,0.0025835325941443443,0.013124058023095131,-0.024395886808633804
1759644277352501000,6.0715009765625,-0.0012660667998716235,0.01836462691426277,-0.02804574929177761
1759644277362457000,6.08145703125,-0.008853146806359291,0.011721370741724968,-0.027938423678278923
1759644277372414000,6.0914140625,-0.007229150738567114,-0.0006420881254598498,-0.02353435382246971
1759644277382370000,6.1013701171875,-0.00902651809155941,-0.009584183804690838,-0.016288692131638527
1759644277392326000,6.111325927734375,-0.0036613137926906347,0.008962602354586124,-0.011211375705897808
1759644277402282000,6.121281982421875,-0.013340040110051632,0.011328554712235928,-0.01386681292206049
1759644277412237800,6.13123779296875,-0.008435828611254692,0.015193333849310875,-0.02100488357245922
1759644277422195000,6.14119482421875,-0.0007584682898595929,0.015327290631830692,-0.020498882979154587
1759644277432150800,6.15115087890625,0.004975317511707544,0.008785235695540905,-0.020729780197143555
1759644277442107000,6.16110693359375,0.012166650965809822,-0.0021811288315802813,-0.020894896239042282
1759644277452062700,6.171062744140625,0.012908075004816055,0.005120193585753441,-0.017178986221551895
1759644277462019000,6.18101904296875,0.006389189511537552,0.02262142300605774,-0.009522665292024612
1759644277471976000,6.190975830078125,0.003081543603911996,0.032464999705553055,-0.0038810246624052525
1759644277481932000,6.20093212890625,0.004388090688735247,0.01321061048656702,-0.0035449336282908916
1759644277491888000,6.21088818359375,0.009266468696296215,-0.025652632117271423,-0.00443975580856204
1759644277501844000,6.220843994140625,0.012053200975060463,-0.04093198850750923,0.001341434195637703
1759644277511801000,6.230801025390625,0.00917219277471304,-0.034447457641363144,0.005570001434534788
1759644277521757000,6.2407568359375,0.008137554861605167,-0.025200694799423218,0.0014197311829775572
1759644277531713000,6.250713134765625,0.008037686347961426,-0.008109325543045998,-0.005804093088954687
1759644277541668900,6.2606689453125,0.006364422384649515,-0.001228782464750111,-0.006620085798203945
1759644277551625000,6.270625,0.004372644238173962,0.0006772418855689466,-0.0036077843979001045
1759644277561581800,6.280581787109375,0.0049129994586110115,-0.0062187472358345985,-0.00376064982265234
1759644277571538000,6.290537841796875,0.007821704261004925,-0.011426825076341629,-0.001958222361281514
1759644277581493800,6.30049365234375,0.007574828807264566,-0.0005502090789377689,-0.0041699777357280254
1759644277591449900,6.310449951171875,0.0035867453552782536,0.014725150540471077,-0.006762565113604069
1759644277601406000,6.320406005859375,0.0024594292044639587,0.01745329238474369,-0.0104150902479887
1759644277611362800,6.33036279296875,0.0003936151915695518,0.007592406123876572,-0.01224734541028738
1759644277621319200,6.340319091796875,0.003311108099296689,-0.010922955349087715,-0.010645720176398754
1759644277631275000,6.35027490234375,0.001882854849100113,-0.020793695002794266,-0.006926349364221096
1759644277641231000,6.360231201171875,0.0024495755787938833,-0.016036756336688995,-0.003022687742486596
1759644277651187000,6.37018701171875,-0.003590740030631423,0.00009374327055411413,-0.0008910936885513365
1759644277661144000,6.38014404296875,-0.004483165219426155,0.011577560566365719,-0.0036495958920568228
1759644277671100000,6.390099853515625,-0.0030037793330848217,0.0033939324785023928,-0.007410511840134859
1759644277681056000,6.400055908203125,0.00003462109452812001,-0.012849751859903336,-0.005338838789612055
1759644277691011800,6.41001171875,0.00364666641689837,-0.01347452960908413,-0.004254399798810482
1759644277700969000,6.419968994140625,0.005313272587954998,-0.0067844027653336525,-0.001487375469878316
1759644277710924800,6.4299248046875,0.0036996633280068636,0.0014447649009525776,0.0006042712484486401
1759644277720881000,6.439880859375,0.0035976641811430454,0.0040978058241307735,0.0005243764026090503
1759644277730837000,6.4498369140625,0.0005089300684630871,-0.005175320897251368,0.0024897893890738487
1759644277740793000,6.45979296875,0.0026612968649715185,-0.014900919049978256,0.007170294877141714
1759644277750750000,6.46975,0.0068243504501879215,-0.014927017502486706,0.007446997333317995
1759644277760706000,6.4797060546875,0.006058691535145044,-0.012014584615826607,0.004734035115689039
1759644277770662100,6.489662109375,0.004267715383321047,-0.0037822213489562273,0.0024674187880009413
1759644277780618000,6.499617919921875,0.0028605014085769653,0.002609631512314081,-0.0008644621120765805
1759644277790573800,6.50957373046875,0.0021869877818971872,0.0035832831636071205,-0.00035420042695477605
1759644277800531000,6.519531005859375,0.0007752461824566126,0.001663144095800817,-0.00021385183208622038
1759644277810487000,6.529487060546875,0.0012990899849683046,0.0073021212592720985,0.0007363640470430255
1759644277820443000,6.53944287109375,0.00039414784987457097,0.01577097363770008,0.0003296993381809443
1759644277830399000,6.54939892578125,0.002895388752222061,0.02599777840077877,-0.004287423100322485
1759644277840354800,6.559354736328125,0.005916478578001261,0.022067751735448837,-0.008490690030157566
1759644277850312000,6.56931201171875,0.012681174091994762,0.008400408551096916,-0.00547386147081852
1759644277860267800,6.579267822265625,0.013177854008972645,-0.007144995033740997,0.0007342335302382708
1759644277870224000,6.589223876953125,0.013143498450517654,-0.01943548396229744,0.003942010924220085
1759644277880180000,6.599179931640625,0.00823955424129963,-0.02828543446958065,0.011172226630151272
1759644277890136800,6.60913671875,0.00762862479314208,-0.03689463436603546,0.015914252027869225
1759644277900093000,6.619093017578125,-0.0008551410282962024,-0.04586096480488777,0.010391654446721077
1759644277910049000,6.629049072265625,-0.0037087181117385626,-0.03461070731282234,0.004689826630055904
1759644277920004900,6.6390048828125,-0.007867244072258472,-0.0017651431262493134,-0.0026964505668729544
1759644277929961000,6.6489609375,-0.012198342941701412,0.014875618740916252,-0.010915231890976429
1759644277939918000,6.65891796875,-0.005784119479358196,0.013551761396229267,-0.0132699990645051
1759644277949874000,6.6688740234375,0.0016495619202032685,0.0126968864351511,-0.012622850947082043
1759644277959830000,6.678830078125,0.004985437728464603,0.015475096181035042,-0.007274424657225609
1759644277969785900,6.688785888671875,0.006701844744384289,0.012262258678674698,0.000987766426987946
1759644277979742000,6.698741943359375,0.007620369084179401,-0.005106877535581589,0.011649465188384056
1759644277989698800,6.70869873046875,0.011415906250476837,-0.019291939213871956,0.014688398689031601
1759644277999655000,6.718655029296875,0.012655873782932758,-0.03272039443254471,0.011726430617272854
1759644278009611000,6.728611083984375,-0.0046727824956178665,-0.04586309567093849,0.01512888539582491
1759644278019567000,6.738567138671875,0.00199390877969563,-0.022829415276646614,0.006740460637956858
1759644278029524000,6.74852392578125,0.00472418125718832,-0.013581855222582817,0.0033742249943315983
1759644278039480000,6.75847998046875,-0.0020722055342048407,-0.01938195340335369,-0.0009872338268905878
1759644278049436000,6.768435791015625,-0.0020730046089738607,-0.018974224105477333,0.0005856291390955448
1759644278059392000,6.77839208984375,0.0031041805632412434,-0.01453073974698782,0.004262921866029501
1759644278069347800,6.788347900390625,0.0016793893883004785,-0.0062800003215670586,0.00878896377980709
1759644278079305000,6.798304931640625,0.005379052832722664,-0.00583685003221035,0.015244998969137669
1759644278089261000,6.808260986328125,0.011808455921709538,-0.023480292409658432,0.021949773654341698
1759644278099217000,6.818216796875,0.015188540332019329,-0.04207687824964523,0.02299373224377632
1759644278109173000,6.828173095703125,0.01187929604202509,-0.03832608461380005,0.020844295620918274
1759644278119128800,6.83812890625,0.00392842898145318,-0.019464245066046715,0.01920378766953945
1759644278129086000,6.8480859375,-0.007071225438266993,0.002922286745160818,0.011897671967744827
1759644278139041800,6.858041748046875,-0.010057694278657436,0.012557337060570717,0.004642955027520657
1759644278148998100,6.867998046875,-0.007999869994819164,0.006422479171305895,-0.007500793319195509
1759644278158954000,6.8779541015625,-0.003934287931770086,-0.0028399948496371508,-0.016744891181588173
1759644278168911000,6.8879111328125,-0.002679672557860613,-0.00021065604232717305,-0.016878582537174225
1759644278178867000,6.897866943359375,-0.0017981663113459945,0.001615473534911871,-0.010203901678323746
1759644278188823000,6.907822998046875,0.0007997472421266139,-0.0002348908019484952,0.006403836887329817
1759644278198779000,6.91777880859375,0.0030690268613398075,-0.009545568376779556,0.022883212193846703
1759644278208735000,6.92773486328125,0.002545981900766492,-0.011001517996191978,0.03557077795267105
1759644278218692000,6.937692138671875,0.0018245317041873932,-0.004478904418647289,0.037642717361450195
1759644278228648000,6.94764794921875,0.002130795270204544,0.0038219024427235126,0.023127157241106033
1759644278238604000,6.95760400390625,-0.0005438174703158438,0.015934757888317108,0.004950284026563168
1759644278248559900,6.967559814453125,0.0021616879384964705,0.023753533139824867,-0.010786334984004498
1759644278258515700,6.977515625,0.004343615844845772,0.026085928082466125,-0.021797973662614822
1759644278268472800,6.987472900390625,0.004319647327065468,0.01805330254137516,-0.025316009297966957
1759644278278429000,6.997428955078125,0.002010420197620988,0.006424875929951668,-0.02099849283695221
1759644278288385000,7.007385009765625,-0.002835467690601945,0.0057590859942138195,-0.009384713135659695
1759644278298341000,7.017341064453125,-0.0031193606555461884,0.005245095584541559,-0.002186721656471491
1759644278308298000,7.027298095703125,-0.001181378262117505,0.0017994979862123728,-0.00011664645717246458
1759644278318254000,7.037254150390625,0.0013350426452234387,-0.004225904121994972,-0.00242161238566041
1759644278328210200,7.047210205078125,0.005431783385574818,-0.006983873434364796,-0.002832271857187152
1759644278338166000,7.057166015625,0.005799565929919481,-0.0023494407068938017,-0.00387330143712461
1759644278348122000,7.0671220703125,0.0033454629592597485,0.011359181255102158,-0.003126817522570491
1759644278358079200,7.077079345703125,-0.0029577065724879503,0.025733059272170067,-0.003373692510649562
1759644278368035000,7.08703515625,-0.006536462344229221,0.036973997950553894,-0.002945189829915762
1759644278377991000,7.096990966796875,-0.00628958735615015,0.0380866639316082,-0.007412909064441919
1759644278387947000,7.106947021484375,-0.005356415640562773,0.0328570157289505,-0.015722770243883133
1759644278397902800,7.11690283203125,-0.0034847462084144354,0.022912772372364998,-0.02298041619360447
1759644278407860000,7.12685986328125,-0.003689276985824108,0.023784425109624863,-0.022490927949547768
1759644278417816000,7.136816162109375,-0.0026109630707651377,0.023852068930864334,-0.014652179554104805
1759644278427772200,7.146772216796875,-0.0019267969764769077,0.012960273772478104,-0.005478388629853725
1759644278437728300,7.156728271484375,-0.0016793893883004785,-0.001017593895085156,0.0049316417425870895
1759644278447685000,7.16668505859375,0.001577123999595642,-0.010370083153247833,0.007476558443158865
1759644278457641200,7.17664111328125,0.001517202821560204,-0.013687049970030785,0.007074953522533178
1759644278467597000,7.18659716796875,0.0009603358921594918,-0.012118981219828129,0.0031617048662155867
1759644278477553200,7.19655322265625,0.0019198728259652853,-0.008528240956366062,-0.0029843382071703672
1759644278487509000,7.206509033203125,0.0002657834847923368,-0.009456352330744267,-0.006155630573630333
1759644278497466000,7.216466064453125,-0.002832538215443492,-0.01332699041813612,-0.0046426886692643166
1759644278507422000,7.226421875,-0.0033182986080646515,-0.01912922039628029,-0.00028389296494424343
1759644278517378000,7.2363779296875,-0.0020817930344492197,-0.034570761024951935,0.006162022240459919
1759644278527334000,7.246333984375,-0.00037284253630787134,-0.0458521768450737,0.007514641620218754
1759644278537290000,7.2562900390625,0.0012974920682609081,-0.04664686322212219,0.0031641016248613596
1759644278547247000,7.2662470703125,0.0015603461069986224,-0.03924327716231346,-0.0004945489927195013
1759644278557203000,7.276202880859375,0.000773381965700537,-0.03910878673195839,-0.006637396290898323
1759644278567159300,7.2861591796875,0.009856625460088253,-0.027939222753047943,-0.013369601219892502
1759644278577115100,7.296115234375,0.014706774614751339,-0.052507948130369186,-0.0046181874349713326
1759644278587072300,7.306072265625,-0.006628607865422964,-0.09199517220258713,0.010763165540993214
1759644278597028000,7.316028076171875,-0.00561128044500947,-0.13544277846813202,0.025315476581454277
1759644278606984200,7.325984130859375,0.010515491478145123,-0.1267576813697815,0.031148064881563187
1759644278616940000,7.33593994140625,0.004963865969330072,-0.09976281225681305,0.02900475263595581
1759644278626896100,7.345896240234375,-0.0019172097090631723,-0.07402841746807098,0.02178439125418663
1759644278636853000,7.35585302734375,0.002002430846914649,-0.03814498707652092,0.014594389125704765
1759644278646809000,7.36580908203125,-0.0003579288604669273,-0.011806325986981392,0.001811748486943543
1759644278656765000,7.375764892578125,-0.0026490462478250265,0.011049455031752586,-0.00857244897633791
1759644278666721000,7.385720947265625,-0.0023337281309068203,0.027818048372864723,-0.01913534477353096
1759644278676676900,7.3956767578125,0.0021315941121429205,0.031865786761045456,-0.02353435382246971
1759644278686634000,7.405634033203125,0.0044022053480148315,0.032291628420352936,-0.02424222230911255
1759644278696590000,7.415590087890625,0.00387356779538095,0.02586302161216736,-0.020420053973793983
1759644278706546200,7.425546142578125,0.0024264061357825994,0.0202163215726614,-0.014209828339517117
1759644278716502300,7.435502197265625,0.003896737238392234,0.009425193071365356,-0.006727145053446293
1759644278726458000,7.4454580078125,0.0015568839153274894,0.000007190534688561456,0.003805124433711171
1759644278736415200,7.455415283203125,0.00022077605535741895,0.00005699164830730297,0.007685882970690727
1759644278746371000,7.46537109375,-0.00011478224041638896,0.010612430982291698,0.0068211546167731285
1759644278756327200,7.4753271484375,0.002898584585636854,0.021937523037195206,-0.005874666851013899
1759644278766283000,7.485282958984375,0.0024620923213660717,0.033964626491069794,-0.019959593191742897
1759644278776239000,7.495239013671875,0.005256014876067638,0.0408419705927372,-0.03051077201962471
1759644278786196000,7.505196044921875,0.0022831279784440994,0.049193911254405975,-0.031732361763715744
1759644278796152000,7.515152099609375,0.00253453035838902,0.05500572919845581,-0.031189611181616783
1759644278806108000,7.52510791015625,0.006119411438703537,0.04901814088225365,-0.028675585985183716
1759644278816064000,7.53506396484375,0.01136850193142891,0.034750524908304214,-0.01980646140873432
1759644278826020000,7.54502001953125,0.013292369432747364,0.018209630623459816,-0.006219546310603619
1759644278835977000,7.55497705078125,0.01625433750450611,0.00672421557828784,0.009071791544556618
1759644278845933000,7.56493310546875,0.012646020390093327,0.001127848750911653,0.021316474303603172
1759644278855889200,7.57488916015625,0.00957086868584156,0.0027297399938106537,0.02558099292218685
1759644278865845000,7.584844970703125,0.010977284051477909,0.0018730012234300375,0.025479527190327644
1759644278875801000,7.594801025390625,0.011766377836465836,0.002147306688129902,0.019297797232866287
1759644278885758200,7.60475830078125,0.010507501661777496,0.004475175868719816,0.00905794370919466
1759644278895714000,7.614714111328125,0.009250756353139877,0.003210174385458231,0.0012503541074693203
1759644278905670100,7.624670166015625,0.0038149782922118902,0.0033910030033439398,-0.00101120222825557
1759644278915626000,7.6346259765625,0.004340153653174639,0.0028706213925033808,0.0013289173366501927
1759644278925582000,7.64458203125,0.002432531211525202,0.0005779059720225632,0.005786516238003969
1759644278935539000,7.6545390625,0.002079928759485483,-0.004889297299087048,0.009734120219945908
1759644278945495000,7.6644951171875,0.003808053908869624,-0.0018050905782729387,0.012983176857233047
1759644278955451100,7.674451171875,0.004667189903557301,0.01606844924390316,0.01630440540611744
1759644278965407200,7.6844072265625,0.0007036071619950235,0.034873560070991516,0.01378105953335762
1759644278975363000,7.694363037109375,-0.0002412823960185051,0.03573030233383179,0.008978048339486122
1759644278985320200,7.7043203125,0.0007571366732008755,0.019666379317641258,0.006286657880991697
1759644278995276000,7.714276123046875,-0.0010748518398031592,0.003936151973903179,0.011550928466022015
1759644279005232000,7.724232177734375,-0.005404086317867041,0.007003314793109894,0.01666792668402195
1759644279015188000,7.73418798828125,-0.011126953177154064,0.020600616931915283,0.019540945068001747
1759644279025144000,7.74414404296875,-0.013741645030677319,0.030734742060303688,0.01552329957485199
1759644279035101200,7.75410107421875,-0.00842783972620964,0.025770343840122223,0.006625944748520851
1759644279045057000,7.76405712890625,-0.008203068748116493,0.01864772103726864,-0.0005589975044131279
1759644279055013000,7.77401318359375,-0.02008822374045849,0.020057598128914833,-0.0031230889726430178
1759644279064969000,7.783968994140625,-0.032871395349502563,0.017544904723763466,0.009317335672676563
1759644279074925300,7.79392529296875,-0.020014986395835876,0.01642611064016819,0.023519175127148628
1759644279084882000,7.8038818359375,-0.015443671494722366,0.02093564160168171,0.032161131501197815
1759644279094838000,7.813838134765625,-0.013588779605925083,0.03245461359620094,0.04055355116724968
1759644279104794000,7.823794189453125,-0.012745888903737068,0.06753803044557571,0.03249562531709671
1759644279114750200,7.833750244140625,-0.018029866740107536,0.124973364174366,0.030611705034971237
1759644279124706000,7.8437060546875,-0.02690858021378517,0.18002410233020782,0.03449725732207298
1759644279134663200,7.8536630859375,-0.03645787760615349,0.23021961748600006,0.04349607974290848
1759644279144619000,7.863618896484375,-0.024385767057538033,0.21984581649303436,0.05480652302503586
1759644279154575000,7.8735751953125,0.000618918624240905,0.18480579555034637,0.056603092700242996
1759644279164531000,7.883531005859375,-0.004314321093261242,0.14244316518306732,0.05084693431854248
1759644279174487000,7.893487060546875,-0.0013869742397218943,0.12990713119506836,0.05747660994529724
1759644279184443000,7.90344287109375,0.0020722055342048407,0.17323675751686096,0.07043075561523438
1759644279194400000,7.91339990234375,-0.006355633959174156,0.24925696849822998,0.09100180864334106
1759644279204356000,7.923356201171875,-0.0019153454340994358,0.354199081659317,0.10212396830320358
1759644279214312200,7.933312255859375,-0.01852734573185444,0.391589879989624,0.10526996105909348
1759644279224268000,7.94326806640625,-0.007380950730293989,0.42294567823410034,0.09637074172496796
1759644279234224000,7.95322412109375,0.039916522800922394,0.4439375102519989,0.09447909891605377
1759644279244181200,7.96318115234375,0.059718456119298935,0.393085241317749,0.0830746442079544
1759644279254137000,7.97313720703125,0.09941926598548889,0.330655962228775,0.0989132672548294
1759644279264093200,7.98309326171875,0.1342238485813141,0.2837084233760834,0.15074902772903442
1759644279274049000,7.993049072265625,0.13921567797660828,0.239431232213974,0.23609881103038788
1759644279284005000,8.003005126953125,0.1481442004442215,0.23226892948150635,0.3258204460144043
1759644279293962000,8.0129619140625,0.14177711308002472,0.24392370879650116,0.389913946390152
1759644279303918000,8.02291796875,0.10197536647319794,0.27515938878059387,0.4244926869869232
1759644279313874000,8.0328740234375,0.07926046848297119,0.3268636167049408,0.4420016407966614
1759644279323830000,8.042830078125,0.06803657114505768,0.3993718922138214,0.4420170783996582
1759644279333786000,8.0527861328125,0.05193696543574333,0.46363770961761475,0.42733216285705566
1759644279343742200,8.0627421875,0.0014064153656363487,0.5336772203445435,0.40464308857917786
1759644279353699000,8.072698974609375,-0.060153085738420486,0.6410353779792786,0.4299663007259369
1759644279363655200,8.0826552734375,-0.13618633151054382,0.7261286973953247,0.4634432792663574
1759644279373611000,8.092611083984375,-0.17069584131240845,0.726542055606842,0.477853924036026
1759644279383567000,8.102567138671875,-0.11986807733774185,0.7212859988212585,0.42119356989860535
1759644279393523000,8.11252294921875,-0.06773776561021805,0.7502273917198181,0.39516863226890564
1759644279403480000,8.12247998046875,-0.05434633046388626,0.7947725057601929,0.4023948609828949
1759644279413436200,8.132436279296876,-0.062425825744867325,0.8146995902061462,0.44598573446273804
1759644279423392000,8.14239208984375,-0.061294250190258026,0.8443112969398499,0.5049211978912354
1759644279433348000,8.15234814453125,-0.03572683781385422,0.9032760858535767,0.5495762825012207
1759644279443304000,8.162303955078125,0.010312026366591454,0.9710383415222168,0.5648601651191711
1759644279453260300,8.17226025390625,0.053638994693756104,1.0555939674377441,0.5456238985061646
1759644279463217000,8.182216796875,0.08352498710155487,1.1056044101715088,0.5103008151054382
1759644279473173200,8.19217333984375,0.10284435749053955,1.1057173013687134,0.4811610281467438
1759644279483129000,8.202129150390626,0.11812024563550949,1.0971711874008179,0.48091229796409607
1759644279493085200,8.212085205078125,0.14524374902248383,1.0862025022506714,0.5027118921279907
1759644279503041000,8.222041015625,0.17418165504932404,1.0302395820617676,0.5319193005561829
1759644279512998100,8.231998046875,0.19860656559467316,0.8882701992988586,0.5918121933937073
1759644279522954000,8.2419541015625,0.2234778255224228,0.7324659824371338,0.6717038154602051
1759644279532910000,8.25191015625,0.2602824568748474,0.6251198053359985,0.74776691198349
1759644279542866000,8.261865966796876,0.2820383310317993,0.5925392508506775,0.7906720042228699
1759644279552822000,8.271822021484375,0.2812916040420532,0.5639890432357788,0.804780125617981
1759644279562778000,8.281778076171875,0.28001752495765686,0.5291905999183655,0.7982364296913147
1759644279572735000,8.29173486328125,0.2768600881099701,0.5066200494766235,0.7899454832077026
1759644279582691000,8.301691162109375,0.28496888279914856,0.4688745439052582,0.7951575517654419
1759644279592647200,8.311647216796874,0.30161789059638977,0.45848074555397034,0.8078951835632324
1759644279602603000,8.32160302734375,0.3080395758152008,0.4707017242908478,0.8277083039283752
1759644279612559000,8.33155908203125,0.30749285221099854,0.4813607633113861,0.8523675799369812
1759644279622515000,8.341514892578125,0.3029271066188812,0.4844132959842682,0.8759035468101501
1759644279632472000,8.35147216796875,0.3018496036529541,0.4901774227619171,0.8994613289833069
1759644279642428200,8.36142822265625,0.30987370014190674,0.47161680459976196,0.9140778183937073
1759644279652384000,8.371384033203125,0.32114046812057495,0.4236578047275543,0.9422072172164917
1759644279662340000,8.381340087890624,0.32256340980529785,0.3923821747303009,0.9675650596618652
1759644279672296000,8.3912958984375,0.32591018080711365,0.3528158366680145,0.9912157654762268
1759644279682253000,8.401253173828126,0.30406269431114197,0.2620649039745331,1.0346043109893799
1759644279692209000,8.411208984375,0.2764073610305786,0.1471329927444458,1.0882219076156616
1759644279702165200,8.421165283203125,0.22450608015060425,0.05670163035392761,1.1139086484909058
1759644279712121000,8.43112109375,0.19282138347625732,0.04932760074734688,1.124358892440796
1759644279722077200,8.4410771484375,0.19869764149188995,0.07540847361087799,1.1070773601531982
1759644279732033000,8.451032958984374,0.24413810670375824,0.12161058932542801,1.087431788444519
1759644279741990100,8.460990234375,0.22404827177524567,0.08547841757535934,1.08848237991333
1759644279751946000,8.470946044921876,0.23746076226234436,0.04740426689386368,1.1007050275802612
1759644279761902000,8.480902099609375,0.2731545865535736,0.10011701285839081,1.0715126991271973
1759644279771858000,8.49085791015625,0.24832113087177277,0.12275947630405426,1.0212186574935913
1759644279781814000,8.50081396484375,0.18839573860168457,0.14560407400131226,0.9542191624641418
1759644279791771100,8.510771240234375,0.12825384736061096,0.1963426172733307,0.877770185470581
1759644279801727000,8.52072705078125,0.09628738462924957,0.18842743337154388,0.8029651641845703
1759644279811683000,8.53068310546875,0.06844590604305267,0.08734795451164246,0.763232409954071
1759644279821639200,8.54063916015625,0.07368461042642593,-0.031126227229833603,0.7590890526771545
1759644279831595300,8.55059521484375,0.10278097540140152,-0.08581450581550598,0.7824971675872803
1759644279841551000,8.560551025390625,0.13612161576747894,-0.1577582061290741,0.8231844305992126
1759644279851508200,8.57050830078125,0.1523226946592331,-0.2242743819952011,0.8683590888977051
1759644279861464000,8.580464111328125,0.142711341381073,-0.1828092336654663,0.8866539597511292
1759644279871420200,8.590420166015624,0.09621787816286087,-0.16718073189258575,0.8349459767341614
1759644279881376000,8.6003759765625,0.05095958709716797,-0.1986188143491745,0.7314853668212891
1759644279891332000,8.61033203125,0.03323119133710861,-0.20401091873645782,0.6097893118858337
1759644279901289000,8.6202890625,0.0398922897875309,-0.15235865116119385,0.4836779832839966
1759644279911245000,8.6302451171875,0.04506121948361397,-0.05571599304676056,0.3802171051502228
1759644279921201000,8.640200927734375,0.02533039078116417,0.0010495517635717988,0.30024051666259766
1759644279931157000,8.650156982421874,-0.005288239102810621,0.039690155535936356,0.24854829907417297
1759644279941113000,8.660113037109374,-0.02292369119822979,0.11439954489469528,0.22280670702457428
1759644279951069200,8.670069091796876,-0.039447274059057236,0.16774718463420868,0.21230879426002502
1759644279961026300,8.6800263671875,-0.037459492683410645,0.2027357965707779,0.2010023444890976
1759644279970982100,8.689982177734375,-0.023325029760599136,0.20110061764717102,0.1944989114999771
1759644279980938200,8.699938232421875,0.0029875340405851603,0.17278322577476501,0.1819666028022766
1759644279990894000,8.70989404296875,0.031017569825053215,0.14485572278499603,0.16801883280277252
1759644280000850000,8.719849853515624,0.0568598210811615,0.12167583405971527,0.14170946180820465
1759644280010807000,8.72980712890625,0.08041707426309586,0.10493067651987076,0.10649315267801285
1759644280020763100,8.73976318359375,0.10876695811748505,0.08929605782032013,0.07226727157831192
1759644280030719000,8.749718994140625,0.13210876286029816,0.07615122944116592,0.03285009041428566
1759644280040675000,8.759675048828125,0.14844566583633423,0.06820248812437057,-0.01218555960804224
1759644280050631200,8.769631103515625,0.15686045587062836,0.0874592736363411,-0.05762521177530289
1759644280060587300,8.779587158203125,0.158212810754776,0.10822980105876923,-0.11169377714395523
1759644280070544100,8.789544189453125,0.1496451497077942,0.0928143560886383,-0.16566327214241028
1759644280080500200,8.799500244140624,0.14245913922786713,0.08989926427602768,-0.21684522926807404
1759644280090456000,8.8094560546875,0.12828873097896576,0.11281123757362366,-0.26680320501327515
1759644280100412200,8.819412109375,0.11707655340433121,0.12464632093906403,-0.3231527507305145
1759644280110368000,8.829367919921875,0.10531017929315567,0.0961824581027031,-0.37751665711402893
1759644280120325000,8.8393251953125,0.09502824395895004,0.04595737159252167,-0.4255768656730652
1759644280130281000,8.849281005859375,0.07879681140184402,-0.019809391349554062,-0.4669000804424286
1759644280140237000,8.859237060546874,0.059418052434921265,-0.0859077200293541,-0.4999275207519531
1759644280150193000,8.86919287109375,0.048232775181531906,-0.1323005110025406,-0.5259529948234558
1759644280160149000,8.87914892578125,0.036199815571308136,-0.1680462658405304,-0.5421455502510071
1759644280170106000,8.889106201171876,0.03307193145155907,-0.1925436109304428,-0.5537475943565369
1759644280180062000,8.89906201171875,0.04262043163180351,-0.21173354983329773,-0.5716443061828613
1759644280190018300,8.909018310546875,0.06272969394922256,-0.25028175115585327,-0.5958575010299683
1759644280199974100,8.91897412109375,0.08304375410079956,-0.3139909505844116,-0.611423671245575
1759644280209930200,8.92893017578125,0.08108286559581757,-0.37801042199134827,-0.6207820177078247
1759644280219887000,8.93888720703125,0.05072842538356781,-0.4317631125450134,-0.6339362263679504
1759644280229843200,8.94884326171875,0.01576138660311699,-0.48589587211608887,-0.6519644856452942
1759644280239799000,8.958799072265625,-0.006938599981367588,-0.5175246596336365,-0.6708308458328247
1759644280249755100,8.968755126953125,-0.03816229850053787,-0.5652351379394531,-0.6946312189102173
1759644280259711000,8.9787109375,-0.045880671590566635,-0.6368675231933594,-0.7102988958358765
1759644280269667000,8.9886669921875,-0.03578036651015282,-0.6831045150756836,-0.7248227000236511
1759644280279624000,8.9986240234375,-0.021706361323595047,-0.7076066732406616,-0.7457375526428223
1759644280289580000,9.008580078125,-0.012737366370856762,-0.706669807434082,-0.7748568058013916
1759644280299536000,9.018535888671876,-0.007984955795109272,-0.6878995895385742,-0.8050402998924255
1759644280309492200,9.0284921875,-0.011059042997658253,-0.6727688312530518,-0.8317025303840637
1759644280319448000,9.038447998046875,-0.020664531737565994,-0.6585392951965332,-0.8507393598556519
1759644280329405200,9.0484052734375,-0.03684030473232269,-0.637708842754364,-0.868066668510437
1759644280339361300,9.058361328125,-0.0582052506506443,-0.6178714632987976,-0.8786908388137817
1759644280349317000,9.068317138671874,-0.07868894934654236,-0.6164085865020752,-0.8913147449493408
1759644280359273200,9.078273193359376,-0.10039132088422775,-0.6361029744148254,-0.9029809832572937
1759644280369229000,9.08822900390625,-0.1160011738538742,-0.643622100353241,-0.9112058877944946
1759644280379186200,9.098186279296876,-0.1328991949558258,-0.6329497694969177,-0.9186049699783325
1759644280389142000,9.10814208984375,-0.14971226453781128,-0.6173263192176819,-0.9246508479118347
1759644280399098000,9.11809814453125,-0.1678670346736908,-0.6023460626602173,-0.9245022535324097
1759644280409054000,9.128053955078125,-0.1867472529411316,-0.5846053957939148,-0.9203008413314819
1759644280419010000,9.138010009765624,-0.2045171856880188,-0.5649608373641968,-0.9133015275001526
1759644280428967000,9.147966796875,-0.21229387819766998,-0.5524322986602783,-0.9038726091384888
1759644280438923000,9.157923095703126,-0.21952863037586212,-0.5418469905853271,-0.8927839994430542
1759644280448879000,9.167879150390625,-0.22740252315998077,-0.5242072939872742,-0.8809601068496704
1759644280458835200,9.177835205078125,-0.232930988073349,-0.5029355883598328,-0.8679907917976379
1759644280468791000,9.187791015625,-0.24053138494491577,-0.49216362833976746,-0.853636622428894
1759644280478748200,9.197748046875,-0.2513637840747833,-0.4785274267196655,-0.8330908417701721
1759644280488704000,9.2077041015625,-0.2588967978954315,-0.46578288078308105,-0.8121000528335571
1759644280498660000,9.21766015625,-0.2674700617790222,-0.4532657563686371,-0.7903077006340027
1759644280508616000,9.227615966796876,-0.27661243081092834,-0.4509549140930176,-0.7685515284538269
1759644280518572000,9.237572021484375,-0.2812436521053314,-0.44496893882751465,-0.745972216129303
1759644280528529200,9.247529052734375,-0.2816266119480133,-0.4595036804676056,-0.7173996567726135
1759644280538485000,9.257485107421875,-0.272943377494812,-0.485590398311615,-0.6831559538841248
1759644280548441000,9.267441162109375,-0.26185157895088196,-0.508903980255127,-0.6463848948478699
1759644280558397000,9.27739697265625,-0.24609605967998505,-0.5279778242111206,-0.6045721769332886
1759644280568353300,9.287353271484376,-0.2328428328037262,-0.5359105467796326,-0.5679638385772705
1759644280578310000,9.297309814453126,-0.21881677210330963,-0.5524163246154785,-0.5304510593414307
1759644280588266200,9.307266357421875,-0.20602506399154663,-0.5711050629615784,-0.4949396848678589
1759644280598222000,9.31722216796875,-0.1972627341747284,-0.6022336483001709,-0.4658704996109009
1759644280608178200,9.32717822265625,-0.18718001246452332,-0.6275911927223206,-0.44162455201148987
1759644280618134000,9.337134033203125,-0.16823828220367432,-0.6522478461265564,-0.4150637686252594
1759644280628091100,9.347091064453124,-0.16208797693252563,-0.6920136213302612,-0.397571861743927
1759644280638047000,9.357046875,-0.1442546397447586,-0.7131236791610718,-0.38659805059432983
1759644280648003000,9.367003173828126,-0.13312263786792755,-0.7582371234893799,-0.36864086985588074
1759644280657959000,9.376958984375,-0.1246977224946022,-0.7752416729927063,-0.3554563820362091
1759644280667915000,9.3869150390625,-0.11793994903564453,-0.7710613012313843,-0.3459331691265106
1759644280677872000,9.3968720703125,-0.10971477627754211,-0.7450730800628662,-0.33691516518592834
1759644280687828000,9.406827880859375,-0.1000903844833374,-0.7239742279052734,-0.3328309655189514
1759644280697784000,9.4167841796875,-0.08935597538948059,-0.7051243782043457,-0.33560383319854736
1759644280707740200,9.426740234375,-0.07853955030441284,-0.6844659447669983,-0.3396747410297394
1759644280717696300,9.4366962890625,-0.06675958633422852,-0.6662379503250122,-0.3442780077457428
1759644280727653000,9.446653076171875,-0.05976133421063423,-0.651009202003479,-0.3472730219364166
1759644280737609200,9.456609130859375,-0.06016240641474724,-0.6320403218269348,-0.35179024934768677
1759644280747565000,9.46656494140625,-0.06298242509365082,-0.620000958442688,-0.3598921298980713
1759644280757521200,9.476521240234375,-0.07435812056064606,-0.6132538318634033,-0.36624670028686523
1759644280767477000,9.48647705078125,-0.08119578659534454,-0.6067674160003662,-0.37561890482902527
1759644280777434000,9.49643408203125,-0.08573354780673981,-0.6074225902557373,-0.3816898465156555
1759644280787390000,9.506389892578126,-0.09152192622423172,-0.5898163914680481,-0.38707342743873596
1759644280797346000,9.516345947265625,-0.10498074442148209,-0.5587921738624573,-0.39047932624816895
1759644280807302000,9.526302001953125,-0.11394760757684708,-0.527435839176178,-0.39332517981529236
1759644280817258200,9.53625830078125,-0.11957273632287979,-0.49597805738449097,-0.3930812478065491
1759644280827215000,9.546215087890625,-0.1274586170911789,-0.46969959139823914,-0.3906436562538147
1759644280837171200,9.556171142578124,-0.13313861191272736,-0.4477338492870331,-0.38682493567466736
1759644280847127000,9.566126953125,-0.13922765851020813,-0.4231952130794525,-0.379753977060318
1759644280857083100,9.576083251953126,-0.14403493702411652,-0.40675097703933716,-0.3703903257846832
1759644280867039000,9.5860390625,-0.14541950821876526,-0.403438538312912,-0.3620474338531494
1759644280876996000,9.59599609375,-0.14322586357593536,-0.3926900327205658,-0.3578087389469147
1759644280886952200,9.6059521484375,-0.14383067190647125,-0.3795499801635742,-0.35461586713790894
1759644280896908000,9.615907958984375,-0.14720675349235535,-0.36426904797554016,-0.3517915904521942
1759644280906864000,9.625864013671874,-0.14887070655822754,-0.346506804227829,-0.350310355424881
1759644280916820000,9.635820068359376,-0.15403883159160614,-0.32506170868873596,-0.34354352951049805
1759644280926777000,9.645777099609376,-0.15590891242027283,-0.3166314661502838,-0.336456835269928
1759644280936733000,9.65573291015625,-0.15512779355049133,-0.311276376247406,-0.3259133994579315
1759644280946689000,9.66568896484375,-0.14810477197170258,-0.3111205995082855,-0.31315258145332336
1759644280956645000,9.67564501953125,-0.14306475222110748,-0.3082374632358551,-0.2928188145160675
1759644280966602000,9.68560205078125,-0.1302163302898407,-0.29824554920196533,-0.2773360013961792
1759644280976558000,9.69555810546875,-0.10908893495798111,-0.3015933930873871,-0.2672487497329712
1759644280986514200,9.70551416015625,-0.08241870999336243,-0.3175539970397949,-0.2475099265575409
1759644280996470000,9.715469970703126,-0.05537191405892372,-0.32987695932388306,-0.23445723950862885
1759644281006426000,9.725426025390625,-0.03724271059036255,-0.33168739080429077,-0.22325386106967926
1759644281016383200,9.73538330078125,-0.029093703255057335,-0.32213783264160156,-0.21386808156967163
1759644281026339000,9.745339111328125,-0.02953685261309147,-0.30749762058258057,-0.2086738497018814
1759644281036295200,9.755295166015625,-0.028654014691710472,-0.30319076776504517,-0.20846052467823029
1759644281046251000,9.7652509765625,-0.02545635774731636,-0.30657216906547546,-0.2159557342529297
1759644281056207000,9.77520703125,-0.026274213567376137,-0.3153670132160187,-0.22321204841136932
1759644281066164000,9.7851640625,-0.03008226864039898,-0.3169926106929779,-0.2304595708847046
1759644281076120000,9.7951201171875,-0.03404132276773453,-0.31313395500183105,-0.23507270216941833
1759644281086076000,9.805075927734375,-0.031199464574456215,-0.30524832010269165,-0.23811936378479004
1759644281096032300,9.8150322265625,-0.022537799552083015,-0.29416078329086304,-0.2478414922952652
1759644281105988000,9.824988037109375,-0.014052169397473335,-0.2867492139339447,-0.25442296266555786
1759644281115945200,9.8349453125,-0.007788414601236582,-0.27380385994911194,-0.2552626430988312
1759644281125901000,9.844901123046874,-0.0015361113473773003,-0.24710725247859955,-0.25669223070144653
1759644281135857200,9.854857177734376,-0.005256014876067638,-0.22016645967960358,-0.25734204053878784
1759644281145813000,9.86481298828125,-0.013848970644176006,-0.20425406098365784,-0.25438353419303894
1759644281155769000,9.87476904296875,-0.01522848755121231,-0.16232019662857056,-0.25044527649879456
1759644281165726200,9.884726318359375,-0.021885057911276817,-0.13548485934734344,-0.24586303532123566
1759644281175682000,9.89468212890625,-0.028083832934498787,-0.11910481750965118,-0.24356046319007874
1759644281185638100,9.90463818359375,-0.03106018155813217,-0.11603552848100662,-0.23247478902339935
1759644281195594000,9.914593994140626,-0.02744787000119686,-0.12502077221870422,-0.2164665311574936
1759644281205550000,9.924550048828126,-0.028508873656392097,-0.14105406403541565,-0.19356413185596466
1759644281215507000,9.9345068359375,-0.028851356357336044,-0.15429796278476715,-0.1707051694393158
1759644281225463000,9.944463134765625,-0.028660407289862633,-0.15760640799999237,-0.15581995248794556
1759644281235419100,9.954419189453125,-0.02961515076458454,-0.14964142441749573,-0.15192349255084991
1759644281245375200,9.964375244140625,-0.03290575370192528,-0.13759355247020721,-0.15410861372947693
1759644281255332000,9.97433203125,-0.0316961444914341,-0.1280445158481598,-0.1681669056415558
1759644281265288200,9.9842880859375,-0.023925306275486946,-0.12451928853988647,-0.1799982637166977
1759644281275244000,9.994244140625,-0.021760422736406326,-0.11866246908903122,-0.1846795678138733
1759644281285200100,10.0042001953125,-0.017187243327498436,-0.12181298434734344,-0.17654840648174286
1759644281295156000,10.014156005859375,-0.0024652881547808647,-0.13047944009304047,-0.1658070832490921
1759644281305113000,10.024113037109375,0.005510612856596708,-0.14725948870182037,-0.14621686935424805
1759644281315069000,10.03406884765625,0.016622386872768402,-0.145999014377594,-0.1307862401008606
1759644281325024500,10.0440244140625,0.02841353230178356,-0.1342315673828125,-0.11902865022420883
1759644281334980600,10.053980712890626,0.03881530463695526,-0.12275867909193039,-0.1133585125207901
1759644281344936700,10.063936767578125,0.05294177681207657,-0.10931530594825745,-0.11543871462345123
1759644281354893600,10.0738935546875,0.07171173393726349,-0.0975867435336113,-0.1254066526889801
1759644281364850000,10.083849853515625,0.08495590090751648,-0.08689148724079132,-0.13508830964565277
1759644281374805800,10.0938056640625,0.0897810161113739,-0.059790629893541336,-0.14164555072784424
1759644281384761900,10.103761962890625,0.08953547477722168,-0.02731764130294323,-0.1491069197654724
1759644281394717700,10.1137177734375,0.08276598900556564,-0.008422247134149075,-0.15890443325042725
1759644281404674800,10.1236748046875,0.08155238628387451,0.0041345576755702496,-0.16109222173690796
1759644281414630700,10.133630615234376,0.07460765540599823,0.004240817856043577,-0.15951243042945862
1759644281424586800,10.143586669921875,0.06749675422906876,0.0018335863715037704,-0.15518532693386078
1759644281434542600,10.15354248046875,0.06258907914161682,0.008771919645369053,-0.15285345911979675
1759644281444499700,10.163499755859375,0.06263488531112671,0.02514769695699215,-0.1523493230342865
1759644281454455600,10.17345556640625,0.06160237640142441,0.04531315341591835,-0.14475132524967194
1759644281464411600,10.18341162109375,0.06334275007247925,0.06300852447748184,-0.1382787823677063
1759644281474367700,10.19336767578125,0.06712684035301208,0.0822243019938469,-0.12945573031902313
1759644281484323800,10.20332373046875,0.06676118820905685,0.09984564036130905,-0.12336108088493347
1759644281494280700,10.21328076171875,0.06655266135931015,0.11157926172018051,-0.11899003386497498
1759644281504236800,10.22323681640625,0.0627581924200058,0.11423815786838531,-0.11459741741418839
1759644281514193000,10.23319287109375,0.05239849165081978,0.1086050420999527,-0.1102234423160553
1759644281524148700,10.243148681640625,0.04024116322398186,0.10564706474542618,-0.11204984039068222
1759644281534104600,10.2531044921875,0.025912290439009666,0.11004447937011719,-0.11917778849601746
1759644281544061700,10.263061767578124,0.011662514880299568,0.10966657847166061,-0.1252913475036621
1759644281554017800,10.273017822265626,0.00589597225189209,0.10051941871643066,-0.12408546358346939
1759644281563973600,10.2829736328125,0.0065649584867060184,0.08992962539196014,-0.11934982985258102
1759644281573929700,10.2929296875,0.01133894082158804,0.07807669043540955,-0.11122851818799973
1759644281583886600,10.302886474609375,0.017919344827532768,0.0706600546836853,-0.10144966095685959
1759644281593842700,10.3128427734375,0.023001989349722862,0.07037190347909927,-0.08878180384635925
1759644281603798500,10.322798583984374,0.026086727157235146,0.07527957111597061,-0.08455509692430496
1759644281613754600,10.332754638671876,0.02665744349360466,0.08519505709409714,-0.08919619023799896
1759644281623710700,10.342710693359376,0.02713734470307827,0.08840230107307434,-0.10245846211910248
1759644281633667600,10.35266748046875,0.026522686704993248,0.08444643765687943,-0.1163116991519928
1759644281643623700,10.362623779296875,0.024456873536109924,0.08986411243677139,-0.12856969237327576
1759644281653579800,10.372579833984375,0.019238408654928207,0.08862040936946869,-0.13535861670970917
1759644281663535600,10.38253564453125,0.018261827528476715,0.07967618852853775,-0.13706091046333313
1759644281673491700,10.39249169921875,0.02725452370941639,0.07253971695899963,-0.1354030966758728
1759644281683448800,10.40244873046875,0.034450650215148926,0.08109991252422333,-0.13469895720481873
1759644281693404700,10.41240478515625,0.04122679680585861,0.09265883266925812,-0.13711151480674744
1759644281703360800,10.42236083984375,0.05216546729207039,0.11342456191778183,-0.14245247840881348
1759644281713316600,10.432316650390625,0.05132870003581047,0.1269957721233368,-0.14576679468154907
1759644281723273700,10.442273681640625,0.04175649955868721,0.13779275119304657,-0.14802567660808563
1759644281733229600,10.4522294921875,0.03617770969867706,0.13700711727142334,-0.13907639682292938
1759644281743185700,10.462185546875,0.0379074364900589,0.13645771145820618,-0.12820777297019958
1759644281753141800,10.472141845703124,0.036791834980249405,0.13530616462230682,-0.1209874078631401
1759644281763097900,10.482097900390626,0.02534264139831066,0.12986531853675842,-0.11427783966064453
1759644281773054700,10.4920546875,0.009206547401845455,0.1316957175731659,-0.1117829903960228
1759644281783010800,10.5020107421875,-0.008295746520161629,0.13886867463588715,-0.10950625687837601
1759644281792966700,10.511966552734375,-0.027640415355563164,0.1460821032524109,-0.1041671484708786
1759644281802922800,10.5219228515625,-0.03823287412524223,0.14179176092147827,-0.09726610034704208
1759644281812878600,10.531878662109374,-0.03984488546848297,0.12681201100349426,-0.09213551878929138
1759644281822835700,10.541835693359374,-0.040582578629255295,0.10976910591125488,-0.08885450661182404
1759644281832791800,10.551791748046876,-0.038114361464977264,0.10298550128936768,-0.08375188708305359
1759644281842747600,10.56174755859375,-0.04084143787622452,0.10470084846019745,-0.07486145943403244
1759644281852703700,10.571703857421875,-0.045524340122938156,0.10360202193260193,-0.07437542825937271
1759644281862660600,10.58166064453125,-0.04921415075659752,0.0973377376794815,-0.07071651518344879
1759644281872616700,10.59161669921875,-0.049910835921764374,0.09339865297079086,-0.073728546500206
1759644281882572500,10.601572509765624,-0.05200088396668434,0.0927182212471962,-0.0777730941772461
1759644281892529000,10.61152880859375,-0.05365497246384621,0.10236312448978424,-0.08196783810853958
1759644281902484700,10.621484619140626,-0.05213217809796333,0.10838266462087631,-0.08197609335184097
1759644281912441900,10.63144189453125,-0.04854623228311539,0.10737785696983337,-0.0766761377453804
1759644281922397700,10.641397705078125,-0.04385081306099892,0.1077008992433548,-0.07011464238166809
1759644281932353800,10.651353759765625,-0.03509939834475517,0.09934389591217041,-0.05907690152525902
1759644281942309600,10.6613095703125,-0.030582675710320473,0.08621078729629517,-0.04947913438081741
1759644281952265700,10.671265625,-0.031441014260053635,0.07942052185535431,-0.04078764468431473
1759644281962222800,10.681222900390624,-0.03367620334029198,0.074324831366539,-0.03513401746749878
1759644281972178700,10.6911787109375,-0.040647294372320175,0.06975697726011276,-0.035053592175245285
1759644281982134800,10.701134765625,-0.04742051288485527,0.06172195449471474,-0.0342426598072052
1759644281992090600,10.711090576171875,-0.05271327868103981,0.055270977318286896,-0.03723898157477379
1759644282002047700,10.7210478515625,-0.06115949526429176,0.04809083044528961,-0.037509556859731674
1759644282012003600,10.731003662109375,-0.0680224597454071,0.043525371700525284,-0.03804059326648712
1759644282021959700,10.740959716796874,-0.07561086863279343,0.03977963700890541,-0.037336185574531555
1759644282031915800,10.750915771484374,-0.07902930676937103,0.0376720130443573,-0.03717746213078499
1759644282041872000,10.760871826171876,-0.08874238282442093,0.03912023827433586,-0.036072514951229095
1759644282051828700,10.770828857421876,-0.0907144546508789,0.02014867775142193,-0.03720462694764137
1759644282061784800,10.780784912109375,-0.08791494369506836,-0.004706338047981262,-0.03250148519873619
1759644282071740700,10.79074072265625,-0.08718683570623398,-0.025179920718073845,-0.026881415396928787
1759644282081696800,10.80069677734375,-0.08614607155323029,-0.04709986597299576,-0.020839234814047813
1759644282091653600,10.810653564453125,-0.09062231332063675,-0.06476355344057083,-0.012694223783910275
1759644282101609700,10.820609619140624,-0.0939539223909378,-0.07485772669315338,-0.010424145497381687
1759644282111565600,10.830565673828126,-0.10358604788780212,-0.08957009762525558,-0.019769443199038506
1759644282121521700,10.840521728515625,-0.10437993705272675,-0.08360780775547028,-0.024356471374630928
1759644282131477500,10.8504775390625,-0.11523391306400299,-0.08192149549722672,-0.03369830921292305
1759644282141433600,10.86043359375,-0.1214129775762558,-0.06277044117450714,-0.041604701429605484
1759644282151389700,10.8703896484375,-0.13017451763153076,-0.06901848316192627,-0.04999445751309395
1759644282161346600,10.8803466796875,-0.12624502182006836,-0.07338553667068481,-0.04928925260901451
1759644282171303000,10.890302978515624,-0.12263350933790207,-0.08911868929862976,-0.046308644115924835
1759644282181258800,10.9002587890625,-0.12663623690605164,-0.09522611647844315,-0.042637210339307785
1759644282191214800,10.91021484375,-0.1290607750415802,-0.09946853667497635,-0.03818893060088158
1759644282201170700,10.920170654296875,-0.13414528965950012,-0.10469525307416916,-0.029951507225632668
1759644282211127800,10.9301279296875,-0.13420253992080688,-0.10647477954626083,-0.01907329261302948
1759644282221083600,10.940083740234375,-0.13698261976242065,-0.10533814132213593,-0.018275676295161247
1759644282231039700,10.950039794921874,-0.13234232366085052,-0.10365262627601624,-0.022169483825564384
1759644282240995600,10.95999560546875,-0.1328461915254593,-0.09116639196872711,-0.026943201199173927
1759644282250952700,10.96995263671875,-0.12855210900306702,-0.07165900617837906,-0.03355582803487778
1759644282260908500,10.979908447265625,-0.1092844158411026,-0.016324112191796303,-0.045887064188718796
1759644282270864600,10.98986474609375,-0.11982493847608566,0.0067694890312850475,-0.08732026070356369
1759644282280820700,10.99982080078125,-0.11601022630929947,0.004220045171678066,-0.11409967392683029
1759644282290776800,11.00977685546875,-0.09637340903282166,0.001537975505925715,-0.1276887208223343
1759644282300733700,11.019733642578124,-0.09196294844150543,0.0031308121979236603,-0.12794092297554016
1759644282310689800,11.029689697265624,-0.09271609038114548,-0.011607919819653034,-0.11906087398529053
1759644282320646400,11.039646484375,-0.08739323168992996,0.0010109359864145517,-0.10050556808710098
1759644282330602800,11.049602783203126,-0.08800388872623444,0.016467656940221786,-0.09076665341854095
1759644282340558600,11.05955859375,-0.08019017428159714,0.0017414409667253494,-0.08830109983682632
1759644282350515700,11.069515625,-0.06989786028862,0.0013582120882347226,-0.08908406645059586
1759644282360471800,11.079471923828125,-0.062135275453329086,0.019512981176376343,-0.09951514005661011
1759644282370427600,11.089427734375,-0.05453062057495117,0.04490222781896591,-0.11361551284790039
1759644282380383700,11.0993837890625,-0.042149849236011505,0.06857986003160477,-0.12562450766563416
1759644282390340600,11.109340576171874,-0.03587810695171356,0.07788947224617004,-0.1367967277765274
1759644282400296700,11.119296630859376,-0.02953472174704075,0.08229593932628632,-0.14069533348083496
1759644282410252500,11.12925244140625,-0.024174844846129417,0.07761250436306,-0.14062316715717316
1759644282420208600,11.139208740234375,-0.01984987035393715,0.07083635777235031,-0.1329982578754425
1759644282430164500,11.14916455078125,-0.008797486312687397,0.06090569496154785,-0.12184946984052658
1759644282440121600,11.15912158203125,0.001612544059753418,0.045105427503585815,-0.11645790189504623
1759644282450077400,11.169077392578124,0.010433732531964779,0.02172580175101757,-0.11047431081533432
1759644282460033500,11.179033447265626,0.012359198182821274,0.004737763665616512,-0.11053024232387543
1759644282469989600,11.18898974609375,0.015268168412148952,-0.0068182251416146755,-0.1096348837018013
1759644282479946500,11.198946533203125,0.010303770191967487,-0.016349146142601967,-0.10692298412322998
1759644282489902800,11.20890283203125,0.010792993009090424,-0.025979669764637947,-0.10282944142818451
1759644282499858700,11.218858642578125,0.013627927750349045,-0.04072932153940201,-0.09891486167907715
1759644282509814500,11.228814453125,0.013784787617623806,-0.06515050679445267,-0.09504155814647675
1759644282519770600,11.2387705078125,0.013285178691148758,-0.07031358033418655,-0.08552742004394531
1759644282529727700,11.248727783203124,0.011345865204930305,-0.05365603789687157,-0.08102108538150787
1759644282539683600,11.25868359375,0.006264820229262114,-0.03858467563986778,-0.08194013684988022
1759644282549639700,11.2686396484375,0.00572952488437295,-0.025126392021775246,-0.0837915688753128
1759644282559595500,11.278595458984375,0.008946090936660767,-0.01696140691637993,-0.08417559415102005
1759644282569551600,11.288551513671875,0.006609965581446886,-0.018609104678034782,-0.08762811869382858
1759644282579508500,11.298508544921875,0.002838130807504058,-0.0545753613114357,-0.08423019200563431
1759644282589464600,11.308464599609374,0.0007659250986762345,-0.12908022105693817,-0.07352002710103989
1759644282599420700,11.318420654296874,-0.006560430862009525,-0.18615415692329407,-0.05194708704948425
1759644282609376800,11.328376708984376,-0.011093663983047009,-0.18974782526493073,-0.02155243046581745
1759644282619333600,11.338333740234376,-0.022474149242043495,-0.16547390818595886,0.00020639497961383313
1759644282629289700,11.348289794921875,-0.03875245526432991,-0.13982075452804565,0.0019028285751119256
1759644282639245600,11.35824560546875,-0.04193359985947609,-0.11333641409873962,-0.009763681329786777
1759644282649201700,11.36820166015625,-0.03098747693002224,-0.07522258162498474,-0.033912960439920425
1759644282659157500,11.378157470703124,-0.019391540437936783,-0.038537006825208664,-0.0601554811000824
1759644282669114600,11.388114501953124,-0.007441404741257429,0.001740375766530633,-0.07597492635250092
1759644282679070700,11.39807080078125,0.002186188939958811,0.03452202305197716,-0.07457143813371658
1759644282689026600,11.408026611328125,0.008246212266385555,0.04078711196780205,-0.06021220609545708
1759644282698982700,11.417982666015625,0.014054832980036736,0.03441895917057991,-0.042744800448417664
1759644282708938500,11.4279384765625,0.012704343535006046,0.024834776297211647,-0.026986077427864075
1759644282718895600,11.4378955078125,0.00857085082679987,0.02052231878042221,-0.013866014778614044
1759644282728851500,11.4478515625,0.0054216631688177586,0.02178492397069931,-0.005125519819557667
1759644282738807600,11.4578076171875,0.0041492050513625145,0.010206032544374466,-0.002529470482841134
1759644282748763600,11.467763671875,0.00347542529925704,0.003608583239838481,-0.0014708638191223145
1759644282758719700,11.4777197265625,-0.0000697748182574287,0.004318315535783768,-0.0017875137273222208
1759644282768676600,11.487676513671875,0.0007608651067130268,0.006421413738280535,-0.008902681060135365
1759644282778632700,11.4976328125,-0.0008817726047709584,0.013159211724996567,-0.015923839062452316
1759644282788588500,11.507588623046875,-0.0020540961995720863,0.025227857753634453,-0.023749005049467087
1759644282798544600,11.517544677734374,-0.0030104373581707478,0.03731647878885269,-0.02490455098450184
1759644282808500500,11.52750048828125,-0.006927947048097849,0.04111334681510925,-0.028430841863155365
1759644282818457600,11.53745751953125,-0.004638161510229111,0.04580024629831314,-0.02834215946495533
1759644282828413700,11.54741357421875,-0.0033870083279907703,0.040222786366939545,-0.030850857496261597
1759644282838369500,11.55736962890625,-0.003674363251775503,0.036319658160209656,-0.027461985126137733
1759644282848325600,11.56732568359375,-0.004504470620304346,0.04198979586362839,-0.0222051702439785
1759644282858281700,11.57728173828125,-0.008840097114443779,0.04574804753065109,-0.02081260457634926
1759644282868238600,11.587238525390624,-0.008707737550139427,0.04831293597817421,-0.02335326001048088
1759644282878194700,11.597194580078124,-0.010251039639115334,0.04832678660750389,-0.025064073503017426
1759644282888150800,11.60715087890625,-0.010939200408756733,0.05350210517644882,-0.0314660482108593
1759644282898106600,11.617106689453125,-0.018039986491203308,0.053095441311597824,-0.035412054508924484
1759644282908062700,11.627062744140625,-0.0238195788115263,0.044383175671100616,-0.03531458228826523
1759644282918019600,11.63701953125,-0.024712003767490387,0.030416496098041534,-0.0238810982555151
1759644282927975700,11.6469755859375,-0.020539097487926483,0.012920325621962547,-0.00908777117729187
1759644282937931500,11.656931640625,-0.012522982433438301,-0.018321482464671135,0.0065255435183644295
1759644282947887600,11.6668876953125,-0.008323709480464458,-0.03518382087349892,0.0196839552372694
1759644282957843500,11.676843505859376,-0.01091736275702715,-0.0409407764673233,0.023908263072371483
1759644282967800600,11.686800537109375,-0.010295247659087181,-0.039032887667417526,0.017358483746647835
1759644282977756400,11.69675634765625,-0.011627627536654472,-0.03334197774529457,0.006725546903908253
1759644282987712500,11.70671240234375,-0.017176855355501175,-0.03858627378940582,-0.004275172483175993
1759644282997668600,11.716668701171875,-0.013156814500689507,-0.03891810402274132,-0.011323761194944382
1759644283007624700,11.726624755859374,-0.012255334295332432,-0.04092559590935707,-0.011991148814558983
1759644283017581800,11.736581787109374,-0.01979820616543293,-0.04207421466708183,-0.007580954115837812
1759644283027537700,11.74653759765625,-0.033905237913131714,-0.062305718660354614,-0.0004338289436418563
1759644283037493800,11.75649365234375,-0.06471215188503265,-0.09194084256887436,0.007126619108021259
1759644283047449600,11.76644970703125,-0.057920023798942566,-0.10297352075576782,0.02767849899828434
1759644283057405700,11.77640576171875,-0.045150432735681534,-0.08298702538013458,0.02611575648188591
1759644283067362600,11.786362548828125,-0.036548156291246414,-0.05883748456835747,0.018739599734544754
1759644283077318700,11.796318603515624,-0.028246019035577774,-0.044921934604644775,0.01002094242721796
1759644283087274500,11.8062744140625,-0.01456030085682869,-0.028199946507811546,-0.0015712650492787361
1759644283097230600,11.816230712890626,0.0020000338554382324,-0.018308699131011963,-0.0031342741567641497
1759644283107186400,11.8261865234375,0.012710202485322952,-0.01004783995449543,-0.001193096162751317
1759644283117143600,11.8361435546875,0.0226786807179451,-0.000969923275988549,-0.0021755362395197153
1759644283127099400,11.846099365234375,0.028189826756715775,-0.018971560522913933,-0.006667490117251873
1759644283137055700,11.8560556640625,0.028778651729226112,-0.10353544354438782,-0.01703011617064476
1759644283147011600,11.866011474609374,0.04380819946527481,-0.21102328598499298,-0.023260315880179405
1759644283156967700,11.8759677734375,0.05963084101676941,-0.3667926490306854,-0.005264803301542997
1759644283166924800,11.8859248046875,0.08727525174617767,-0.47427091002464294,0.02365765906870365
1759644283176880600,11.895880615234375,0.16023840010166168,-0.4829021990299225,0.05758846178650856
1759644283186836700,11.905836669921875,0.19687817990779877,-0.5025613903999329,0.07844553887844086
1759644283196792600,11.91579248046875,0.2413060963153839,-0.4493218660354614,0.09160155802965164
1759644283206748700,11.925748779296875,0.2970207631587982,-0.36375823616981506,0.04294800013303757
1759644283216704500,11.93570458984375,0.3073178827762604,-0.36772048473358154,-0.05650428682565689
1759644283226661600,11.94566162109375,0.2947333753108978,-0.38920339941978455,-0.1512257307767868
1759644283236617500,11.955617431640626,0.25079599022865295,-0.3966030180454254,-0.20273207128047943
1759644283246573600,11.965573486328125,0.20626261830329895,-0.3489055335521698,-0.23463274538516998
1759644283256529700,11.97552978515625,0.19240939617156982,-0.2892368733882904,-0.2419753521680832
1759644283266485800,11.98548583984375,0.1864633560180664,-0.27071699500083923,-0.2295311987400055
1759644283277687600,11.9966875,0.18497145175933838,-0.26255732774734497,-0.18284225463867188
1759644283287643600,12.0066435546875,0.17207935452461243,-0.2415926456451416,-0.13441772758960724
1759644283297599500,12.016599609375,0.14779850840568542,-0.18586067855358124,-0.10658290237188339
1759644283307555600,12.0265556640625,0.14601632952690125,-0.08707737922668457,-0.09588125348091125
1759644283317511700,12.03651171875,0.15079830586910248,0.006167614832520485,-0.1137518659234047
1759644283327468500,12.046468505859375,0.14813487231731415,0.08258595317602158,-0.14532124996185303
1759644283337424600,12.056424560546875,0.13329866528511047,0.15992414951324463,-0.17824164032936096
1759644283347380700,12.066380615234374,0.11638599634170532,0.20551107823848724,-0.1872822791337967
1759644283357336800,12.0763369140625,0.10233888775110245,0.1926639974117279,-0.17130623757839203
1759644283367292700,12.086292724609375,0.07552138715982437,0.20431478321552277,-0.11507359147071838
1759644283377248800,12.096248779296875,0.050636813044548035,0.2694043219089508,-0.04825115203857422
1759644283387205600,12.10620556640625,0.02773495763540268,0.33758416771888733,-0.003072488820180297
1759644283397161700,12.11616162109375,0.014567490667104721,0.38706621527671814,0.007107710465788841
1759644283407117600,12.12611767578125,0.011051053181290627,0.4002017378807068,-0.018630143254995346
1759644283417073700,12.13607373046875,0.02285684645175934,0.37364843487739563,-0.05341209098696709
1759644283427029500,12.146029541015626,0.02647554874420166,0.3211838901042938,-0.07428674399852753
1759644283436986600,12.155986572265626,0.035600606352090836,0.26384228467941284,-0.08052493631839752
1759644283446942700,12.165942626953125,0.038836345076560974,0.24070501327514648,-0.052374791353940964
1759644283456898800,12.17589892578125,0.035480763763189316,0.24485476315021515,-0.005422728601843119
1759644283466855000,12.18585498046875,0.033245038241147995,0.1938946396112442,0.031205855309963226
1759644283476810800,12.195810791015624,0.036973997950553894,0.1134653091430664,0.04662396013736725
1759644283486766800,12.205766845703126,0.04296424612402916,0.06990744173526764,0.04751771688461304
1759644283496723700,12.2157236328125,0.043595146387815475,0.05518868565559387,0.03413799777626991
1759644283506679800,12.2256796875,0.04272615909576416,0.03909147530794144,0.01703757233917713
1759644283516635600,12.2356357421875,0.03737027570605278,0.02522013522684574,0.010296579450368881
1759644283526591700,12.245591796875,0.024959944188594818,0.020193951204419136,0.021525532007217407
1759644283536547600,12.255547607421875,0.01901683397591114,0.025583656504750252,0.0359894260764122
1759644283546504700,12.265504638671874,0.009760751388967037,0.04238287732005119,0.03850984200835228
1759644283556460500,12.27546044921875,0.003421629313379526,0.04650198668241501,0.030290527269244194
1759644283566416600,12.285416748046876,0.003515905234962702,0.06475076824426651,0.02281130664050579
1759644283576372700,12.295372802734375,0.003817907767370343,0.07447449862957001,0.015413044951856136
1759644283586328800,12.305328857421875,0.011938151903450489,0.04707163944840431,0.01509879156947136
1759644283596284700,12.31528466796875,0.007278419099748135,0.025648105889558792,0.020022444427013397
1759644283606241800,12.32524169921875,-0.002923884429037571,0.03153795376420021,0.029472138732671738
1759644283616197600,12.33519775390625,-0.008717857301235199,0.04313122481107712,0.041359156370162964
1759644283626153700,12.34515380859375,-0.014091583900153637,0.044739507138729095,0.03957643732428551
1759644283636109600,12.355109619140626,-0.014911305159330368,0.03267432376742363,0.02895388752222061
1759644283646065700,12.365065673828125,-0.014150173403322697,0.03038693405687809,0.015911055728793144
1759644283656022800,12.375022705078125,-0.018731076270341873,0.025680063292384148,0.0028581044171005487
1759644283665978600,12.384978515625,-0.023626765236258507,0.027964523062109947,-0.002636263146996498
1759644283675934700,12.394934814453125,-0.0257535669952631,0.023542078211903572,-0.01763305626809597
1759644283685890600,12.404890625,-0.026811374351382256,0.009214803576469421,-0.035413648933172226
1759644283695847000,12.414846923828126,-0.03407115116715431,0.01739363744854927,-0.04803144186735153
1759644283705802800,12.424802734375,-0.03978230059146881,0.03050730936229229,-0.05868781358003616
1759644283715759900,12.434759765625,-0.03379657864570618,0.04975903406739235,-0.07275356352329254
1759644283725715700,12.4447158203125,0.007174556143581867,0.1272365152835846,-0.08340860903263092
1759644283735671800,12.454671875,0.013028983026742935,0.18750357627868652,-0.13873444497585297
1759644283745627600,12.464627685546875,0.00021544973424170166,0.17612123489379883,-0.2096882462501526
1759644283755583700,12.474583740234374,0.0035334820859134197,0.12230008095502853,-0.24100463092327118
1759644283765540600,12.48454052734375,0.018791530281305313,0.09009607136249542,-0.22760546207427979
1759644283775496700,12.49449658203125,0.02809262089431286,0.04848923906683922,-0.1932818442583084
1759644283785452500,12.50445263671875,0.025408953428268433,-0.006726345978677273,-0.16196146607398987
1759644283795408600,12.51440869140625,0.0026112294290214777,-0.05614423006772995,-0.13123871386051178
1759644283805364700,12.52436474609375,-0.017243169248104095,-0.09499415755271912,-0.12098421156406403
1759644283815320800,12.53432080078125,-0.030733944848179817,-0.14987525343894958,-0.13526462018489838
1759644283825277700,12.544277587890624,-0.04015487805008888,-0.21358977258205414,-0.162342831492424
1759644283835233800,12.55423388671875,-0.040404412895441055,-0.23562957346439362,-0.1740138679742813
1759644283845190000,12.56418994140625,-0.035408325493335724,-0.22440966963768005,-0.1793937236070633
1759644283855145700,12.574145751953125,-0.022663500159978867,-0.20179863274097443,-0.18444254994392395
1759644283865101800,12.584101806640625,-0.016624782234430313,-0.18448835611343384,-0.19129273295402527
1759644283875058700,12.59405859375,-0.022941268980503082,-0.17085270583629608,-0.19315987825393677
1759644283885014800,12.604014892578125,-0.03389378637075424,-0.13162939250469208,-0.18032211065292358
1759644283894970600,12.613970703125,-0.024395354092121124,-0.07828628271818161,-0.16817888617515564
1759644283904926700,12.6239267578125,-0.020314060151576996,-0.07215116173028946,-0.1692201793193817
1759644283914882600,12.633882568359375,-0.03055950626730919,-0.08455509692430496,-0.1820819228887558
1759644283924839700,12.643839599609375,-0.04544311389327049,-0.11893757432699203,-0.19058193266391754
1759644283934795500,12.65379541015625,-0.05282113701105118,-0.1674260050058365,-0.17993754148483276
1759644283944751600,12.663751708984375,-0.047692421823740005,-0.21131090819835663,-0.1469212770462036
1759644283954707700,12.673707763671874,-0.044390901923179626,-0.26169684529304504,-0.1099075898528099
1759644283964663800,12.683663818359374,-0.046419430524110794,-0.3134830892086029,-0.07442709803581238
1759644283974621000,12.693620849609376,-0.046417031437158585,-0.3341505527496338,-0.048164866864681244
1759644283984576800,12.70357666015625,-0.03916071727871895,-0.30675193667411804,-0.051893025636672974
1759644283994532600,12.71353271484375,-0.04175437241792679,-0.2489461749792099,-0.06864750385284424
1759644284004488700,12.72348876953125,-0.051958806812763214,-0.19795861840248108,-0.10108959674835205
1759644284014444500,12.733444580078125,-0.056766077876091,-0.148911714553833,-0.11835221201181412
1759644284024401700,12.743401611328125,-0.06285139918327332,-0.12196505069732666,-0.12205053865909576
1759644284034357800,12.753357666015624,-0.051305532455444336,-0.12409238517284393,-0.1190430298447609
1759644284044313600,12.763313720703126,-0.04728841781616211,-0.1525764912366867,-0.11470527946949005
1759644284054269700,12.773269775390625,-0.04868791252374649,-0.164060577750206,-0.10012393444776535
1759644284064225800,12.783225830078125,-0.04111148416996002,-0.14007455110549927,-0.08199260383844376
1759644284074182000,12.793181884765625,-0.0320918895304203,-0.10353997349739075,-0.06714042276144028
1759644284084138800,12.803138671875,-0.029743514955043793,-0.07481591403484344,-0.059897687286138535
1759644284094094800,12.8130947265625,-0.014838334172964096,-0.064649298787117,-0.061215952038764954
1759644284104050700,12.82305078125,-0.007410511840134859,-0.051475707441568375,-0.06720753014087677
1759644284114006800,12.8330068359375,-0.0036847495939582586,-0.037578001618385315,-0.07698798924684525
1759644284123962600,12.842962646484375,-0.003206445835530758,-0.024683775380253792,-0.07619490474462509
1759644284133919700,12.852919677734375,-0.008009190671145916,-0.014289457350969315,-0.07134661823511124
1759644284143875600,12.86287548828125,-0.007902930490672588,-0.012152536772191525,-0.05879354104399681
1759644284153831700,12.872831787109375,-0.011426558718085289,-0.00708773685619235,-0.04922613501548767
1759644284163787500,12.88278759765625,-0.01702026277780533,0.0017302557826042175,-0.03658970072865486
1759644284173743600,12.89274365234375,-0.016166452318429947,0.017195232212543488,-0.024819862097501755
1759644284183700700,12.90270068359375,-0.016352076083421707,0.023576166480779648,-0.013775999657809734
1759644284193656600,12.912656494140625,-0.01215440034866333,0.01990845985710621,-0.009763414971530437
1759644284203613000,12.922613037109375,-0.0075513930059969425,0.01423406321555376,-0.0030306773260235786
1759644284213568800,12.93256884765625,-0.007535680662840605,0.017008811235427856,-0.0030506509356200695
1759644284223524900,12.94252490234375,-0.006062153726816177,0.025298964232206345,0.0010636665392667055
1759644284233481700,12.952481689453125,-0.002712695859372616,0.02863590605556965,0.0041673146188259125
1759644284243437800,12.962437744140624,-0.0020655477419495583,0.018605908378958702,0.011696070432662964
1759644284253393700,12.9723935546875,-0.000592287047766149,0.010569553822278976,0.025494175031781197
1759644284263349800,12.982349853515625,-0.010119745507836342,0.0008902947301976383,0.03706081584095955
1759644284273305600,12.9923056640625,-0.0049100699834525585,-0.015793344005942345,0.04498904570937157
1759644284283262700,13.0022626953125,0.021289575845003128,0.0003802994033321738,0.05414605885744095
1759644284293218600,13.012218505859375,0.019267704337835312,0.018135860562324524,0.05596446618437767
1759644284303174700,13.022174560546874,0.030169619247317314,0.004765193909406662,0.058822836726903915
1759644284313130500,13.032130615234376,0.04051094129681587,-0.014429805800318718,0.07316236197948456
1759644284323086800,13.0420869140625,0.05313565582036972,-0.03760836273431778,0.09420505911111832
1759644284333043000,13.05204296875,0.061826881021261215,-0.058703262358903885,0.10490298271179199
1759644284342998800,13.061998779296875,0.0700957328081131,-0.06422212719917297,0.10346940159797668
1759644284352954600,13.07195458984375,0.07041451334953308,-0.08498705923557281,0.10228428989648819
1759644284362910700,13.08191064453125,0.0596872977912426,-0.12000469863414764,0.09668739140033722
1759644284372867800,13.091867919921874,0.06969092786312103,-0.14601846039295197,0.10207416862249374
1759644284382823700,13.10182373046875,0.08489491790533066,-0.1360505074262619,0.10625879466533661
1759644284392779800,13.11177978515625,0.07022728770971298,-0.13359667360782623,0.10744363814592361
1759644284402735600,13.121735595703125,0.06253102421760559,-0.14780011773109436,0.11081040650606155
1759644284412691700,13.131691650390625,0.0606636144220829,-0.1378505378961563,0.11032810807228088
1759644284422648600,13.141648681640625,0.047998152673244476,-0.12155226618051529,0.10018838942050934
1759644284432604700,13.151604736328125,0.03326288238167763,-0.10119026899337769,0.08604593575000763
1759644284442560800,13.161560791015624,0.034454379230737686,-0.07949002832174301,0.07325397431850433
1759644284452516900,13.171516845703126,0.03344158083200455,-0.06517501175403595,0.053521815687417984
1759644284462472700,13.18147265625,0.03297312930226326,-0.06666184961795807,0.0349997952580452
1759644284472429800,13.191429931640625,0.02900928072631359,-0.06664427369832993,0.025655029341578484
1759644284482385700,13.2013857421875,0.021074658259749413,-0.043586891144514084,0.032396554946899414
1759644284492341800,13.211341796875,0.016772855073213577,-0.020739367231726646,0.036313798278570175
1759644284502297600,13.221297607421874,0.01661253161728382,-0.011152253486216068,0.025901637971401215
1759644284512254700,13.231254638671874,0.014402640983462334,-0.0048951562494039536,0.009531186893582344
1759644284522210800,13.2412109375,0.01016981340944767,0.010924020782113075,0.0020516992080956697
1759644284532166700,13.251166748046876,0.0037409423384815454,0.02570083551108837,-0.0011803129455074668
1759644284542122800,13.261122802734375,-0.0032266860362142324,0.020897025242447853,0.000815193576272577
1759644284552078800,13.271078857421875,-0.008192948997020721,0.006515157409012318,0.013306750915944576
1759644284562035700,13.28103564453125,-0.0036634444259107113,-0.001972869737073779,0.02455567754805088
1759644284571991800,13.29099169921875,-0.003022687742486596,-0.014255101792514324,0.026988208293914795
1759644284581948000,13.300947998046874,-0.0038578552193939686,-0.014933941885828972,0.025361815467476845
1759644284591903700,13.31090380859375,-0.009240902960300446,0.011436146683990955,0.022530343383550644
1759644284601859800,13.32085986328125,-0.015483618713915348,0.04553872346878052,0.012975453399121761
1759644284611816700,13.330816650390625,-0.017907893285155296,0.06892340630292892,-0.0004492752777878195
1759644284621772800,13.340772705078125,-0.014364025555551052,0.09290623664855957,-0.010547183454036713
1759644284631728600,13.350728759765625,-0.028142688795924187,0.0867074653506279,-0.01601305417716503
1759644284641684700,13.360684814453125,-0.02189730852842331,0.054064035415649414,-0.01296453457325697
1759644284651640600,13.370640625,-0.012201804667711258,0.019644008949398994,0.008237689733505249
1759644284661597700,13.38059765625,-0.010551710613071918,0.008105862885713577,0.035230956971645355
1759644284671553800,13.3905537109375,-0.009326389990746975,-0.006583866663277149,0.04844582825899124
1759644284681509600,13.400509521484375,-0.0037787591572850943,-0.016888435930013657,0.04653234779834747
1759644284691465700,13.4104658203125,0.0037465349305421114,-0.02076706290245056,0.03789385408163071
1759644284701422600,13.420422607421875,0.014139254577457905,-0.002519616624340415,0.024936774745583534
1759644284711378700,13.430378662109375,0.008863000199198723,0.0037055222783237696,0.017162475734949112
1759644284721334800,13.440334716796874,0.01245427317917347,0.008442220278084278,0.012411662377417088
1759644284731291000,13.450290771484376,0.004357996862381697,0.0037886130157858133,0.005118861794471741
1759644284741246700,13.460246826171876,-0.002412557601928711,0.004353735595941544,0.0051806471310555935
1759644284751203800,13.470203857421875,-0.0007249124464578927,0.021438179537653923,0.003531884169206023
1759644284761159700,13.48015966796875,0.005452556069940329,0.02358788438141346,-0.003344397759065032
1759644284771115800,13.49011572265625,0.008259261026978493,0.017063139006495476,-0.009505088441073895
1759644284781071600,13.500071533203124,0.007543403655290604,0.015841281041502953,-0.012836968526244164
1759644284791028700,13.51002880859375,0.005252552684396505,0.023788953199982643,-0.010988469235599041
1759644284800984800,13.51998486328125,0.003875698195770383,0.0200410857796669,-0.010581271722912788
1759644284810940700,13.529940673828126,0.008705607615411282,0.01375309657305479,-0.011583153158426285
1759644284820896500,13.539896484375,0.011591142043471336,0.007892810739576817,-0.014258031733334064
1759644284830852900,13.549852783203125,0.01471769344061613,0.009427856653928757,-0.014659103937447071
1759644284840809700,13.559809814453125,0.00765951769426465,0.018581939861178398,-0.01565033197402954
1759644284850765800,13.569765869140625,0.0049436260014772415,0.02468137815594673,-0.01660214550793171
1759644284860722000,13.579721923828124,-0.0023968450259417295,0.035298869013786316,-0.015564578585326672
1759644284870677800,13.589677734375,-0.006446980405598879,0.0429149754345417,-0.013712350279092789
1759644284880635000,13.599634765625,-0.007503190077841282,0.05855172500014305,-0.01575499400496483
1759644284890590700,13.6095908203125,-0.0076512619853019714,0.0923999696969986,-0.01834305375814438
1759644284900546800,13.619546875,-0.008075237274169922,0.1160629540681839,-0.01878354139626026
1759644284910502700,13.629502685546875,-0.006471215281635523,0.09504608809947968,-0.028724854812026024
1759644284920459800,13.639459716796875,0.008255799300968647,0.06888426095247269,-0.03909467160701752
1759644284930415600,13.64941552734375,0.009905095212161541,0.061101969331502914,-0.04651210829615593
1759644284940371700,13.659371826171874,0.007318100426346064,0.05520147085189819,-0.03978576138615608
1759644284950327600,13.66932763671875,-0.0010554107138887048,0.04910176619887352,-0.024449683725833893
1759644284960283600,13.67928369140625,-0.007927165366709232,0.04290458932518959,-0.0016162724932655692
1759644284970240800,13.68924072265625,-0.007738613523542881,0.03705229237675667,0.011847072280943394
1759644284980196600,13.699196533203125,-0.0021997711155563593,0.03940679505467415,0.007056578062474728
1759644284990153000,13.709153076171875,0.006524478085339069,0.0459832027554512,-0.013610617257654667
1759644285000108800,13.71910888671875,0.005557750817388296,0.05751069635152817,-0.037687722593545914
1759644285010065000,13.72906494140625,0.0031241541728377342,0.05764012783765793,-0.06095895916223526
1759644285020021800,13.739021728515626,-0.005330583080649376,0.054252587258815765,-0.07372242212295532
1759644285029977900,13.748977783203125,-0.013085708022117615,0.03993969410657883,-0.07765831053256989
1759644285039933700,13.75893359375,-0.02225550450384617,0.013669206760823727,-0.0691833347082138
1759644285049889800,13.768889892578125,-0.028626585379242897,0.00962812639772892,-0.049727607518434525
1759644285059846700,13.7788466796875,-0.02636263146996498,0.01531743723899126,-0.033785395324230194
1759644285069802800,13.788802734375,-0.015208513475954533,0.02209465019404888,-0.029569609090685844
1759644285079758600,13.798758544921874,-0.005649629980325699,0.02658926695585251,-0.04110482707619667
1759644285089714700,13.808714599609376,-0.0004247741890139878,0.040286701172590256,-0.05648617818951607
1759644285099671800,13.818671875,0.002832271857187152,0.053397975862026215,-0.0700022503733635
1759644285109627600,13.828627685546875,0.0003712446487043053,0.057014551013708115,-0.08185438811779022
1759644285119583700,13.838583740234375,-0.0014365090755745769,0.04217594861984253,-0.08455509692430496
1759644285129539800,13.848539794921875,-0.006257096771150827,0.02852964587509632,-0.08473166823387146
1759644285139496000,13.858495849609374,-0.014789332635700703,0.021265074610710144,-0.08536896109580994
1759644285149452800,13.868452880859374,-0.020611535757780075,0.0016671388875693083,-0.08406054973602295
1759644285159409000,13.878408935546876,-0.03014432080090046,-0.03290415555238724,-0.07110187411308289
