time,seconds_elapsed,z,y,x
1759503457057981200,0.015981201171875,0.00649704784154892,-0.014363492839038372,-0.013646570034325123
1759503457067965200,0.025965087890625,0.01011015847325325,-0.012797287665307522,-0.022396918386220932
1759503457077947600,0.03594775390625,0.016352875158190727,-0.014325941912829876,-0.020857078954577446
1759503457087931600,0.045931640625,0.01871296763420105,-0.013878797180950642,-0.005614209920167923
1759503457097915600,0.05591552734375,0.025403626263141632,-0.003576625371351838,0.002695385366678238
1759503457107898600,0.065898681640625,0.021882662549614906,0.03289829567074776,-0.002156095113605261
1759503457117882600,0.075882568359375,0.009885920211672783,0.07005791366100311,-0.008192682638764381
1759503457127866600,0.08586669921875,0.006272543221712112,0.09373261779546738,-0.009973804466426373
1759503457137849600,0.095849609375,0.004314321093261242,0.13825108110904694,-0.010113353841006756
1759503457147833600,0.10583349609375,0.012005530297756195,0.18821251392364502,-0.015512114390730858
1759503457157817600,0.115817626953125,0.02430001273751259,0.2112177014350891,-0.014732340350747108
1759503457167801600,0.125801513671875,0.027992751449346542,0.1854926347732544,-0.013155216351151466
1759503457177784600,0.13578466796875,0.03563016653060913,0.12225320935249329,-0.006974552292376757
1759503457187768600,0.1457685546875,0.04178233444690704,0.062060173600912094,-0.0007605988066643476
1759503457197752800,0.1557529296875,0.047509461641311646,0.06635585427284241,0.00245117349550128
1759503457207735800,0.16573583984375,0.03658304363489151,0.12499253451824188,0.0015811186749488115
1759503457217719800,0.1757197265625,0.027691548690199852,0.1750037670135498,0.011155715212225914
1759503457227703600,0.18570361328125,0.03654469549655914,0.2292955070734024,0.0241364948451519
1759503457237686500,0.1956865234375,0.048700958490371704,0.2563297748565674,0.0323353037238121
1759503457247670500,0.20567041015625,0.04947301000356674,0.21435649693012238,0.03724617138504982
1759503457257654800,0.21565478515625,0.06323143094778061,0.05517856776714325,0.02822817489504814
1759503457267637800,0.2256376953125,0.07393760979175568,-0.1613694578409195,-0.0062214103527367115
1759503457277621800,0.235621826171875,0.07814380526542664,-0.26425933837890625,-0.017847705632448196
1759503457287605800,0.245605712890625,0.046491868793964386,-0.3296002745628357,-0.012061189860105515
1759503457297588500,0.25558837890625,0.016763800755143166,-0.41183388233184814,0.024641430005431175
1759503457307572500,0.265572509765625,0.020923923701047897,-0.5665249228477478,0.05956852063536644
1759503457317556700,0.275556640625,0.04446813091635704,-0.774141252040863,0.06386499851942062
1759503457327539700,0.285539794921875,0.06685413420200348,-1.2097201347351074,-0.005794506054371595
1759503457337523700,0.295523681640625,0.1329047828912735,-1.2433664798736572,0.04171948507428169
1759503457347507700,0.3055078125,0.13258734345436096,-1.0701713562011719,0.06635186076164246
1759503457357490700,0.31549072265625,0.06833112239837646,-0.8017100095748901,0.03334756940603256
1759503457367474400,0.325474365234375,-0.019409384578466415,-0.302157461643219,-0.03283464536070824
1759503457377458700,0.335458740234375,-0.06467406451702118,-0.11608079820871353,-0.15717417001724243
1759503457387441700,0.345441650390625,-0.05313405767083168,0.07317327708005905,-0.16160380840301514
1759503457397425700,0.35542578125,-0.027601800858974457,0.14602990448474884,-0.10973554849624634
1759503457407409700,0.36540966796875,-0.03009665012359619,0.1209261566400528,-0.04929671064019203
1759503457417392600,0.375392578125,-0.011738681234419346,0.044734448194503784,-0.02058490365743637
1759503457427376600,0.385376708984375,0.009431851096451283,-0.05958716198801994,-0.014631140977144241
1759503457437360600,0.395360595703125,0.03379817679524422,-0.11292894929647446,-0.019033079966902733
1759503457447345000,0.405344970703125,0.040589239448308945,-0.11941001564264297,-0.023578297346830368
1759503457457327600,0.41532763671875,0.03394358605146408,-0.06046067923307419,-0.033665552735328674
1759503457467311600,0.4253115234375,0.007257912773638964,0.038781218230724335,-0.04140656068921089
1759503457477295600,0.435295654296875,-0.005218996666371822,0.1262599378824234,-0.0379476472735405
1759503457487278600,0.445278564453125,-0.00030892668291926384,0.17748530209064484,-0.014606107026338577
1759503457497262600,0.4552626953125,0.021277591586112976,0.19881029427051544,0.0008514125947840512
1759503457507246800,0.465246826171875,0.040640369057655334,0.20077890157699585,-0.0006386260502040386
1759503457517229600,0.4752294921875,0.03500192612409592,0.25072357058525085,-0.011175689287483692
1759503457527213600,0.485213623046875,0.022415293380618095,0.2638777196407318,-0.02371305227279663
1759503457537197600,0.495197509765625,0.011953332461416721,0.2714917063713074,-0.03225540742278099
1759503457547180500,0.5051806640625,0.007062437012791634,0.26231497526168823,-0.026343457400798798
1759503457557164500,0.51516455078125,0.012348811142146587,0.26435789465904236,-0.01912815496325493
1759503457567148800,0.525148681640625,0.026313895359635353,0.2826586067676544,-0.020668260753154755
1759503457577131800,0.5351318359375,0.03893541544675827,0.296294242143631,-0.03093660995364189
1759503457587115800,0.54511572265625,0.046169623732566833,0.3182530701160431,-0.044792238622903824
1759503457597099800,0.555099853515625,0.05071990191936493,0.28612151741981506,-0.05591652914881706
1759503457607082500,0.56508251953125,0.04392910748720169,0.20802509784698486,-0.05916105955839157
1759503457617066500,0.57506640625,0.03979481756687164,0.17111848294734955,-0.05296148359775543
1759503457627050800,0.58505078125,0.035651735961437225,0.16726835072040558,-0.045577872544527054
1759503457637033700,0.59503369140625,0.029855899512767792,0.16777461767196655,-0.043112847954034805
1759503457647017700,0.605017822265625,0.0280915554612875,0.14048334956169128,-0.04135090112686157
1759503457657001700,0.615001708984375,0.030296919867396355,0.0911347046494484,-0.04228274151682854
1759503457666984400,0.624984375,0.01889805682003498,0.020356137305498123,-0.03744750842452049
1759503457676968400,0.634968505859375,0.011690211482346058,-0.09418428689241409,-0.03358911722898483
1759503457686952700,0.64495263671875,0.033302031457424164,-0.25200027227401733,-0.028858279809355736
1759503457696935700,0.654935791015625,0.05595514550805092,-0.2637735903263092,-0.0178168136626482
1759503457706919700,0.664919677734375,0.03051716275513172,-0.1439065784215927,-0.023682160302996635
1759503457716903700,0.674903564453125,0.008318116888403893,-0.051059722900390625,-0.04087313264608383
1759503457726886700,0.68488671875,0.005844573490321636,-0.01648044027388096,-0.03285089135169983
1759503457736870700,0.69487060546875,0.00011078749957960099,0.014140053652226925,-0.015782691538333893
1759503457746854700,0.704854736328125,-0.0026991136837750673,0.03921957314014435,-0.007785218767821789
1759503457756837600,0.714837646484375,0.0006474144756793976,0.022113557904958725,-0.009433715604245663
1759503457766821600,0.724821533203125,0.004968126770108938,-0.02028689533472061,-0.0015968313673511147
1759503457776805600,0.7348056640625,0.007196926511824131,-0.047569382935762405,0.005584382452070713
1759503457786789600,0.74478955078125,0.008188420906662941,-0.05494900420308113,0.004486094694584608
1759503457796772600,0.754772705078125,0.0050099384970963,-0.057497646659612656,-0.0007491472060792148
1759503457806756600,0.764756591796875,0.00037950044497847557,-0.04880642145872116,0.0029047098942101
1759503457816740900,0.774740966796875,-0.0008788431296125054,-0.02894190326333046,0.01152775902301073
1759503457826723600,0.7847236328125,0.0008708536624908447,0.01667485013604164,0.014859107322990894
1759503457836707600,0.79470751953125,0.0012655340833589435,0.07933743298053741,0.0046179210767149925
1759503457846691600,0.804691650390625,0.007093595806509256,0.119968481361866,-0.007239270955324173
1759503457856674600,0.814674560546875,-0.00112438655924052,0.12262312322854996,-0.007564709056168795
1759503457866658600,0.824658447265625,-0.0023457121569663286,0.10963461548089981,-0.010949320159852505
1759503457876642800,0.834642822265625,0.001416002749465406,0.074643075466156,-0.01582077518105507
1759503457886625800,0.844625732421875,-0.0018101505702361465,0.05001070350408554,-0.017978467047214508
1759503457896609800,0.85460986328125,-0.01059219054877758,0.06380454450845718,-0.01068114023655653
1759503457906593500,0.864593505859375,-0.011741877533495426,0.08694235235452652,-0.004263188224285841
1759503457916576500,0.874576416015625,-0.011962386779487133,0.09548018127679825,-0.00044821001938544214
1759503457926560800,0.884560791015625,0.0018285263795405626,0.07376902550458908,0.003238936420530081
1759503457936544800,0.894544677734375,0.007085073739290237,0.041557297110557556,0.00020586235041264445
1759503457946527700,0.90452783203125,0.0070981234312057495,0.01636911928653717,-0.0004942826926708221
1759503457956511700,0.91451171875,0.0013928331900388002,0.008793225511908531,0.000648479734081775
1759503457966495700,0.924495849609375,-0.006144445389509201,0.024264326319098473,-0.0003810983616858721
1759503457976478500,0.934478515625,-0.013545103371143341,0.03801662474870682,-0.0025542378425598145
1759503457986462700,0.944462646484375,-0.01359570398926735,0.037397172302007675,-0.002124403603374958
1759503457996446700,0.95444677734375,-0.008199607022106647,0.031979769468307495,-0.0027148264925926924
1759503458006429700,0.9644296875,-0.003507649526000023,0.023727433755993843,-0.0030887341126799583
1759503458016413700,0.97441357421875,-0.004193413536995649,0.021642711013555527,0.0000023968450477696024
1759503458026397700,0.984397705078125,-0.004494616761803627,0.02033696323633194,0.004444815684109926
1759503458036380700,0.994380615234375,-0.00526640098541975,0.017739582806825638,0.01007899921387434
1759503458046364700,1.00436474609375,-0.008555937558412552,0.019424298778176308,0.01293470710515976
1759503458056348700,1.0143486328125,-0.011166367679834366,0.026643328368663788,0.016226107254624367
1759503458066331600,1.02433154296875,-0.007657120935618877,0.03617424890398979,0.011025220155715942
1759503458076315600,1.034315673828125,-0.00920415110886097,0.06531722098588943,0.005030444823205471
1759503458086300200,1.044300048828125,-0.010279268957674503,0.09406391531229019,-0.0009922938188537955
1759503458096283100,1.054283203125,-0.016654077917337418,0.12303458154201508,0.0015986956423148513
1759503458106267100,1.06426708984375,-0.015561915002763271,0.13942207396030426,0.0015970977256074548
1759503458116251100,1.074251220703125,-0.012666260823607445,0.12652412056922913,0.0022383867762982845
1759503458126234400,1.084234375,0.0008612662786617875,0.09065107256174088,0.005801429972052574
1759503458136218000,1.094218017578125,0.008685367181897163,0.04471154510974884,0.007035805378109217
1759503458146202000,1.1042021484375,0.005508216097950935,-0.016406137496232986,0.005538576282560825
1759503458156185000,1.11418505859375,0.005573996342718601,-0.05546192824840546,0.005461610853672028
1759503458166169000,1.124169189453125,0.014848721213638783,-0.07001210749149323,0.0046967510133981705
1759503458176153000,1.134153076171875,0.016322514042258263,-0.054492801427841187,0.007370564620941877
1759503458186136300,1.14413623046875,0.013669473119080067,-0.0413287989795208,0.009269398637115955
1759503458196120300,1.154120361328125,0.01543514896184206,-0.04224386066198349,0.016997359693050385
1759503458206104300,1.164104248046875,0.018447451293468475,-0.05736076086759567,0.022225942462682724
1759503458216087000,1.174087158203125,0.01991138979792595,-0.06728849560022354,0.02063257433474064
1759503458226071000,1.184071044921875,0.009985256008803844,-0.0678086057305336,0.012106464244425297
1759503458236055000,1.194054931640625,0.007012103218585253,-0.07514854520559311,0.00273693073540926
1759503458246038300,1.204038330078125,0.00800199992954731,-0.07980667799711227,-0.004028563853353262
1759503458256022300,1.214022216796875,0.0075790900737047195,-0.049849316477775574,-0.002915628720074892
1759503458266006300,1.22400634765625,-0.004289553500711918,0.011919243261218071,-0.0023033679462969303
1759503458275989200,1.2339892578125,-0.014389059506356716,0.03959055244922638,-0.006144977640360594
1759503458285973000,1.243972900390625,-0.0059934440068900585,0.029034581035375595,-0.005739378277212381
1759503458295957000,1.25395703125,0.0011145329335704446,0.006388657260686159,-0.0054429685696959496
1759503458305940200,1.263940185546875,0.005373992491513491,-0.011860387399792671,-0.008518652990460396
1759503458315924200,1.27392431640625,0.008477906696498394,-0.023746341466903687,-0.010348244570195675
1759503458325908200,1.283908203125,0.006959639023989439,-0.023730097338557243,-0.013104350306093693
1759503458335891200,1.29389111328125,0.005393966566771269,-0.03899773210287094,-0.007635549176484346
1759503458345875200,1.303875244140625,0.008420382626354694,-0.07017163187265396,-0.0012953615514561534
1759503458355859200,1.313859130859375,0.0020988371688872576,-0.04923572391271591,0.001823732745833695
1759503458365842200,1.32384228515625,-0.0028389296494424343,-0.010100305080413818,0.001609614584594965
1759503458375826200,1.333826171875,-0.0015456987312063575,0.012691826559603214,0.0031409321818500757
1759503458385810200,1.34381005859375,0.0012895026011392474,0.02876640111207962,-0.00410499656572938
1759503458395793200,1.353793212890625,0.017915351316332817,0.006557767745107412,-0.011254784651100636
1759503458405777200,1.363777099609375,0.006209426559507847,-0.021383585408329964,-0.004761199466884136
1759503458415761200,1.37376123046875,0.0014144048327580094,-0.016270050778985023,-0.0073407371528446674
1759503458425744100,1.383744140625,-0.004538026638329029,0.01950099691748619,-0.006051500793546438
1759503458435728100,1.39372802734375,-0.005143629387021065,0.0475347600877285,-0.007672034204006195
1759503458445712100,1.403712158203125,-0.007138337008655071,0.049013614654541016,-0.002686863299459219
1759503458455695000,1.413695068359375,-0.009661948308348656,0.030778951942920685,0.0017214673571288586
1759503458465679000,1.42367919921875,-0.0038575888611376286,0.0031443943735212088,0.0023153522051870823
1759503458475663000,1.4336630859375,0.0046999468468129635,-0.03562137857079506,0.0007065366371534765
1759503458485646300,1.443646240234375,0.0138417799025774,-0.07634803652763367,0.0001483380765421316
1759503458495630300,1.45363037109375,0.017884457483887672,-0.08682064712047577,0.0024429175537079573
1759503458505614300,1.4636142578125,0.009437443688511848,-0.029085980728268623,-0.00005805691034765914
1759503458515597000,1.47359716796875,0.0028993834275752306,0.024815334007143974,-0.002724680118262768
1759503458525581000,1.4835810546875,0.0001805623178370297,0.03693964332342148,0.0008096009842120111
1759503458535565000,1.49356494140625,0.0007539408979937434,0.019906863570213318,0.007847802713513374
1759503458545548300,1.50354833984375,0.0006431533838622272,-0.00640889722853899,0.007637413218617439
1759503458555532300,1.5135322265625,0.0067780110985040665,-0.03596439212560654,0.007413974031805992
1759503458565516300,1.523516357421875,0.017591776326298714,-0.036608610302209854,0.004585430957376957
1759503458575499000,1.5334990234375,0.013637248426675797,-0.019641345366835594,0.0021995047573000193
1759503458585483000,1.54348291015625,0.008074438199400902,0.02582094445824623,0.0010487528052181005
1759503458595467000,1.553467041015625,0.0032703618053346872,0.06409429758787155,0.0028477180749177933
1759503458605450200,1.5634501953125,-0.002641855739057064,0.1002858579158783,-0.0012532835826277733
1759503458615434200,1.573434326171875,-0.008549545891582966,0.0854235514998436,-0.004478105343878269
1759503458625418200,1.583418212890625,-0.005525260232388973,0.0444532185792923,-0.0026072347536683083
1759503458635401200,1.593401123046875,-0.004551342222839594,0.01468493603169918,-0.0008665926288813353
1759503458645385200,1.60338525390625,0.0005406216951087117,0.007548197638243437,-0.002385659608989954
1759503458655369200,1.613369140625,0.010075803846120834,0.00990269798785448,-0.0008114652009680867
1759503458665352200,1.623352294921875,0.010881409980356693,0.021407021209597588,0.0025454494170844555
1759503458675336200,1.633336181640625,0.012076636776328087,0.01907622255384922,0.00018722022650763392
1759503458685320200,1.6433203125,0.00947978813201189,0.014131531119346619,-0.0008194546680897474
1759503458695303200,1.65330322265625,0.00666296249255538,-0.0006910903030075133,-0.0008175904513336718
1759503458705287200,1.663287109375,0.00547386147081852,0.012458800338208675,-0.0036970002111047506
1759503458715271200,1.673271240234375,-0.0016050871927291155,0.03804165869951248,-0.003695668652653694
1759503458725254100,1.683254150390625,-0.0008881642133928835,0.04229046404361725,-0.003433613572269678
1759503458735238100,1.693238037109375,0.006567621603608131,0.023028885945677757,-0.004741758108139038
1759503458745222100,1.70322216796875,0.011343467980623245,-0.012970127165317535,-0.0032384039368480444
1759503458755205000,1.713205078125,0.015777364373207092,-0.04270138964056969,-0.0011153318919241428
1759503458765189000,1.723189208984375,0.016030099242925644,-0.029409021139144897,-0.0009302421822212636
1759503458775173000,1.733173095703125,0.010013751685619354,0.00529702752828598,-0.006313023157417774
1759503458785156400,1.74315625,0.008914665319025517,0.03266074135899544,-0.0029470541048794985
1759503458795140400,1.753140380859375,0.008517853915691376,0.0342506468296051,-0.004210457671433687
1759503458805124400,1.763124267578125,0.013521667569875717,0.021333251148462296,-0.010759703814983368
1759503458815107000,1.773107177734375,0.01606498658657074,-0.003069559345021844,-0.009319731965661049
1759503458825091000,1.783091064453125,0.01344683300703764,-0.009209210984408855,-0.003263970138505101
1759503458835075000,1.793074951171875,0.007919708266854286,0.0004037352045997977,0.001329716295003891
1759503458845058300,1.803058349609375,0.003326021833345294,0.024277642369270325,0.001543568097986281
1759503458855042300,1.813042236328125,0.0007206514128483832,0.03021462820470333,-0.001190166687592864
1759503458865026300,1.8230263671875,0.005595301277935505,0.023862721398472786,-0.004747617058455944
1759503458875009000,1.833009033203125,0.009007875807583332,0.007507717236876488,-0.009350891225039959
1759503458884993000,1.842992919921875,0.012379171326756477,-0.0188373364508152,-0.012954680249094963
1759503458894977000,1.85297705078125,0.012170113623142242,-0.014945393428206444,-0.012024705298244953
1759503458904960300,1.862960205078125,0.003736681304872036,0.0007076018955558538,-0.008588694036006927
1759503458914944300,1.8729443359375,0.002804841147735715,0.010233462788164616,-0.007283213082700968
1759503458924928300,1.88292822265625,0.0021915151737630367,0.005674929823726416,-0.00833968911319971
1759503458934911200,1.8929111328125,0.008195345290005207,-0.01685701124370098,-0.010176471434533596
1759503458944895200,1.902895263671875,0.009844641201198101,-0.040945302695035934,-0.012288624420762062
1759503458954879200,1.912879150390625,0.011488344520330429,-0.029796510934829712,-0.011352523230016232
1759503458964862200,1.9228623046875,0.005452289711683989,0.009689644910395145,-0.01483460608869791
1759503458974846200,1.93284619140625,0.0022913836874067783,0.04086887091398239,-0.012928315438330173
1759503458984830200,1.942830322265625,0.0007411577389575541,0.04555762931704521,-0.013442039489746094
1759503458994813200,1.952813232421875,-0.0006114617572166026,0.029692647978663445,-0.014231134206056595
1759503459004797200,1.962797119140625,0.0019710054621100426,-0.0009403621661476791,-0.011871040798723698
1759503459014781200,1.97278125,0.004424842074513435,-0.02117665857076645,-0.009012669324874878
1759503459024764200,1.98276416015625,0.000037017940485384315,-0.012613263912498951,-0.008539958856999874
1759503459034748200,1.992748046875,0.001047154888510704,-0.0011403656098991632,-0.009194297716021538
1759503459044732200,2.002732177734375,0.0064834654331207275,-0.0017624800093472004,-0.005373460240662098
1759503459054715100,2.012715087890625,0.00965768750756979,-0.01239488460123539,-0.005300755612552166
1759503459064699100,2.02269921875,0.004998486954718828,-0.01925385557115078,-0.007243265397846699
1759503459074683100,2.03268310546875,-0.0003177151083946228,-0.015664979815483093,-0.011838017031550407
1759503459084666400,2.042666259765625,-0.0019086875254288316,-0.0012631373247131705,-0.008951150812208652
1759503459094650400,2.052650390625,-0.0031465247739106417,0.010026268661022186,-0.005046690348535776
1759503459104634400,2.06263427734375,0.0014064153656363487,0.0037025928031653166,-0.0049521480686962605
1759503459114617300,2.072617431640625,0.004055728204548359,-0.006794522982090712,-0.0060331248678267
1759503459124601300,2.082601318359375,0.0033712955191731453,-0.012491556815803051,-0.005756955128163099
1759503459134585300,2.09258544921875,0.0013579458463937044,0.02563665434718132,-0.00669305631890893
1759503459144568300,2.102568359375,-0.005170261021703482,0.04050588235259056,-0.01137036643922329
1759503459154552300,2.11255224609375,-0.0012306467397138476,0.03551298752427101,-0.00490181427448988
1759503459164535300,2.122535400390625,0.002971288748085499,0.010793525725603104,-0.005231247283518314
1759503459174519300,2.132519287109375,0.005583317019045353,-0.01570812240242958,-0.009555155411362648
1759503459184503300,2.14250341796875,0.007466438226401806,-0.03346794471144676,-0.009498963132500648
1759503459194486300,2.152486328125,0.009527458809316158,-0.04316531494259834,-0.008792426437139511
1759503459204470300,2.16247021484375,0.009894974529743195,-0.04368409886956215,-0.0031992553267627954
1759503459214454500,2.17245458984375,-0.0006471481174230576,-0.0156119829043746,0.001079645473510027
1759503459224437200,2.182437255859375,-0.004324440844357014,0.003981692250818014,0.0019971043802797794
1759503459234421200,2.192421142578125,-0.0012599414912983775,0.019638681784272194,0.003245860803872347
1759503459244405200,2.2024052734375,0.0012982910266146064,-0.006654174067080021,-0.0016237293602898717
1759503459254388200,2.21238818359375,0.0028013791888952255,-0.02925269305706024,-0.0017259946325793862
1759503459264372200,2.222372314453125,0.006487993057817221,-0.04380260780453682,-0.0003203782835043967
1759503459274356500,2.2323564453125,0.0018319884547963738,-0.033723875880241394,0.0026133600622415543
1759503459284339200,2.242339111328125,-0.0026439863722771406,-0.010572216473519802,0.002492984989657998
1759503459294323200,2.2523232421875,-0.0018104169284924865,0.00782436691224575,0.008244081400334835
1759503459304307200,2.26230712890625,0.00430127140134573,0.008617457002401352,0.013349893502891064
1759503459314290200,2.272290283203125,0.009118663147091866,0.004745753016322851,0.009108277037739754
1759503459324274200,2.282274169921875,0.006523413117974997,-0.0043683829717338085,0.0039017973467707634
1759503459334258400,2.292258544921875,0.009156480431556702,-0.01338744442909956,0.000788561999797821
1759503459344241400,2.302241455078125,0.0105903260409832,-0.012644155882298946,0.00010279801790602505
1759503459354225400,2.312225341796875,0.007726362906396389,-0.014088654890656471,-0.0006024070316925645
1759503459364209400,2.32220947265625,0.008250473067164421,-0.010904845781624317,0.0009843043517321348
1759503459374192000,2.332192138671875,0.004238686989992857,-0.014326208271086216,0.0023848607670515776
1759503459384176000,2.342176025390625,0.003347327234223485,-0.00821079220622778,0.0022980417124927044
1759503459394160400,2.352160400390625,0.0033478597179055214,0.010815629735589027,0.004603007808327675
1759503459404143400,2.362143310546875,0.005839513149112463,0.017286045476794243,0.005809685681015253
1759503459414127400,2.37212744140625,0.009965548291802406,0.00749200489372015,0.006277336739003658
1759503459424111400,2.382111328125,0.008833439089357853,-0.0021856562234461308,0.0012679309584200382
1759503459434094000,2.392093994140625,0.006733004003763199,-0.010755442082881927,-0.0014306501252576709
1759503459444078000,2.402078125,0.003296194365248084,-0.01872015744447708,0.00015393071225844324
1759503459454062300,2.412062255859375,0.004277569241821766,-0.020017383620142937,-0.00185089698061347
1759503459464045300,2.42204541015625,0.0036163064651191235,-0.021614214405417442,-0.0004492752777878195
1759503459474029300,2.432029296875,0.007797203026711941,-0.01889379695057869,0.004517520312219858
1759503459484013300,2.442013427734375,0.011540808714926243,-0.009949835948646069,0.008012119680643082
1759503459493996300,2.451996337890625,0.011206315830349922,0.0035116442013531923,0.00865953415632248
1759503459503980300,2.461980224609375,0.010115484707057476,0.011290737427771091,0.0015217302134260535
1759503459513964300,2.47196435546875,0.01398825366050005,0.003979295492172241,0.00026498452643863857
1759503459523947300,2.481947265625,0.012141884304583073,-0.0025979136116802692,-0.003936684690415859
1759503459533931300,2.49193115234375,0.011347196996212006,-0.008330633863806725,-0.0014655375853180885
1759503459543915300,2.501915283203125,0.007538610137999058,0.00809174869209528,-0.00034194986801594496
1759503459553898200,2.511898193359375,0.004281297791749239,0.019692478701472282,-0.0016309198690578341
1759503459563882200,2.52188232421875,0.008198008872568607,0.01002227421849966,-0.0018668759148567915
1759503459573866200,2.5318662109375,0.009240902960300446,-0.009586847387254238,-0.0025092302821576595
1759503459583849200,2.54184912109375,0.009061938151717186,-0.02834455668926239,-0.0030192257836461067
1759503459593833200,2.551833251953125,0.013913152739405632,-0.03639129549264908,-0.0044440170750021935
1759503459603817200,2.561817138671875,0.018846925348043442,-0.0510442741215229,-0.003668237943202257
1759503459613800200,2.57180029296875,0.014825818128883839,-0.02749980054795742,-0.0032290827948600054
1759503459623784200,2.5817841796875,0.011835887096822262,0.0015299860388040543,-0.0017614146927371621
1759503459633768400,2.5917685546875,0.011245463974773884,0.015443405136466026,-0.0019411781104281545
1759503459643751400,2.60175146484375,0.0158894844353199,-0.007283213082700968,-0.0011174624087288976
1759503459653735400,2.6117353515625,0.015134477987885475,-0.014300908893346786,-0.003913515247404575
1759503459663719400,2.621719482421875,0.010831075720489025,-0.02749740518629551,-0.00869388971477747
1759503459673702100,2.6317021484375,0.0095684714615345,-0.031093737110495567,-0.005823800805956125
1759503459683686100,2.64168603515625,0.009259012527763844,0.013734187930822372,-0.0027686222456395626
1759503459693670400,2.65167041015625,0.006922354456037283,0.05770643800497055,-0.006797985173761845
1759503459703653400,2.6616533203125,0.006739395204931498,0.05573010817170143,-0.010192183777689934
1759503459713637400,2.671637451171875,0.01010696217417717,0.02442065440118313,-0.011595137417316437
1759503459723620400,2.681620361328125,0.012647352181375027,-0.004740160424262285,-0.016988039016723633
1759503459733604000,2.69160400390625,0.011594338342547417,-0.015312643721699715,-0.021648837253451347
1759503459743588000,2.701588134765625,0.008673382923007011,-0.016024772077798843,-0.02262328751385212
1759503459753571300,2.7115712890625,0.006958573590964079,0.0009725864510983229,-0.01841389387845993
1759503459763555300,2.721555419921875,0.0046970173716545105,0.02317056618630886,-0.014997058548033237
1759503459773539300,2.731539306640625,0.008289621211588383,0.03231772407889366,-0.008653142489492893
1759503459783522300,2.741522216796875,0.01344416942447424,0.018010959029197693,-0.008047539740800858
1759503459793506300,2.75150634765625,0.01739550195634365,-0.014811969362199306,-0.01113121397793293
1759503459803490300,2.761490234375,0.021395569667220116,-0.04025794193148613,-0.01308357808738947
1759503459813473300,2.771473388671875,0.018696455284953117,-0.04853903874754906,-0.016264457255601883
1759503459823457300,2.781457275390625,0.014450311660766602,-0.031675372272729874,-0.017006680369377136
1759503459833441300,2.791441162109375,0.004433097783476114,0.008806806989014149,-0.01852228492498398
1759503459843424300,2.80142431640625,-0.0019403791520744562,0.0511539988219738,-0.014639396220445633
1759503459853408300,2.811408203125,-0.0031316110398620367,0.0493859238922596,-0.014584003016352654
1759503459863392300,2.821392333984375,0.00019148127466905862,0.026315759867429733,-0.012479838915169239
1759503459873375500,2.83137548828125,0.005103415343910456,0.001979261403903365,-0.012092082761228085
1759503459883359200,2.841359130859375,0.012201272882521152,-0.020004333928227425,-0.012023639865219593
1759503459893343200,2.85134326171875,0.016438627615571022,-0.01925997994840145,-0.014826349914073944
1759503459903326200,2.861326171875,0.015900136902928352,-0.00016777914424892515,-0.020627779886126518
1759503459913310200,2.871310302734375,0.0140170156955719,0.018817896023392677,-0.020929250866174698
1759503459923294200,2.881294189453125,0.008380701765418053,0.02738821506500244,-0.018026137724518776
1759503459933277400,2.89127734375,0.006052832584828138,0.01828339882194996,-0.017545703798532486
1759503459943261400,2.901261474609375,0.005042162723839283,0.010957842692732811,-0.012723518535494804
1759503459953245400,2.911245361328125,0.004160656593739986,0.020232567563652992,-0.010174074210226536
1759503459963228200,2.921228271484375,0.005563609767705202,0.02401319146156311,-0.00954104121774435
1759503459973212200,2.931212158203125,0.011153851635754108,0.01317865215241909,-0.010703244246542454
1759503459983196200,2.941196044921875,0.01679336093366146,0.00015819176041986793,-0.015154984779655933
1759503459993179400,2.951179443359375,0.018035726621747017,-0.008637430146336555,-0.020251475274562836
1759503460003163400,2.961163330078125,0.01642770878970623,-0.023128755390644073,-0.02081313729286194
1759503460013147400,2.9711474609375,0.014753912575542927,-0.030856449156999588,-0.015113972127437592
1759503460023130400,2.98113037109375,0.013034309260547161,-0.028067320585250854,-0.009821205399930477
1759503460033114000,2.991114013671875,0.00962493009865284,-0.010968495160341263,-0.006523413117974997
1759503460043098000,3.00109814453125,0.011197260580956936,0.0029915287159383297,-0.002642654813826084
1759503460053081300,3.011081298828125,0.01302339043468237,0.008389489725232124,-0.000645550258923322
1759503460063065300,3.0210654296875,0.016031963750720024,0.006882673595100641,-0.003323358716443181
1759503460073049300,3.03104931640625,0.0167387668043375,0.004938565660268068,-0.002266616327688098
1759503460083031800,3.04103173828125,0.014177604578435421,0.0014911039033904672,-0.0019180085510015488
1759503460093015800,3.051015869140625,0.009134376421570778,-0.009543437510728836,-0.0010697918478399515
1759503460102999000,3.0609990234375,0.007768174633383751,-0.011868377216160297,-0.00065460498444736
1759503460112983000,3.070983154296875,0.007911984808743,-0.009814014658331871,-0.0018008295446634293
1759503460122967000,3.080967041015625,0.011535216122865677,-0.009218265302479267,-0.0030517163686454296
1759503460132949800,3.09094970703125,0.018310030922293663,-0.01164333987981081,-0.0019113506423309445
1759503460142933800,3.100933837890625,0.018455972895026207,0.0044173854403197765,0.0010524812387302518
1759503460152917800,3.110917724609375,0.013766412623226643,0.029346702620387077,-0.000483363721286878
1759503460162901000,3.12090087890625,0.009673932567238808,0.046723030507564545,0.002919357270002365
1759503460172885000,3.130885009765625,0.013458284549415112,0.029884928837418556,0.0033073797821998596
1759503460182869000,3.140868896484375,0.01888713799417019,0.0004362257895991206,0.0070304786786437035
1759503460192852000,3.15085205078125,0.021515944972634315,-0.025184981524944305,0.005375590641051531
1759503460202836000,3.1608359375,0.02448217384517193,-0.034213095903396606,0.0025097629986703396
1759503460212819700,3.17081982421875,0.023764718323946,-0.023981764912605286,0.0038954056799411774
1759503460222803000,3.180802978515625,0.015721172094345093,0.003736148588359356,0.006159625016152859
1759503460232787000,3.190786865234375,0.01333071943372488,0.0231119766831398,0.017363810911774635
1759503460242771000,3.20077099609375,0.016392555087804794,0.024417990818619728,0.021618742495775223
1759503460252754000,3.21075390625,0.022103438153862953,0.01679842174053192,0.02293487638235092
1759503460262738000,3.220738037109375,0.027110978960990906,0.00948191899806261,0.02321797050535679
1759503460272722000,3.230721923828125,0.03491164371371269,-0.004750812891870737,0.016153935343027115
1759503460282705000,3.240704833984375,0.037646446377038956,-0.016201339662075043,0.01068193931132555
1759503460292689000,3.25068896484375,0.03712845966219902,-0.02714267186820507,0.008989766240119934
1759503460302673000,3.2606728515625,0.0323701910674572,-0.017258083447813988,0.007496532052755356
1759503460312656000,3.27065576171875,0.028331773355603218,-0.003829359309747815,0.010645453818142414
1759503460322640000,3.280639892578125,0.02869422920048237,0.010929613374173641,0.012312859296798706
1759503460332624000,3.290623779296875,0.03303997591137886,0.017250092700123787,0.014883874915540218
1759503460342607000,3.300607177734375,0.039933834224939346,0.005032575689256191,0.012921391054987907
1759503460352591000,3.310591064453125,0.04560370370745659,0.00008415588672505692,0.013796771876513958
1759503460362574800,3.320574951171875,0.04279113933444023,-0.002669286448508501,0.010425742715597153
1759503460372557800,3.330557861328125,0.039923448115587234,-0.010230266489088535,0.01134160440415144
1759503460382541800,3.340541748046875,0.036384906619787216,-0.00839454960078001,0.01085744146257639
1759503460392525000,3.350525146484375,0.034941207617521286,-0.0018271948210895061,0.01022680476307869
1759503460402509000,3.360509033203125,0.03404585272073746,-0.0033396040089428425,0.013965350575745106
1759503460412493000,3.3704931640625,0.03810104727745056,-0.008305068127810955,0.01884452812373638
1759503460422475800,3.380475830078125,0.04352164268493652,-0.022666430100798607,0.023127157241106033
1759503460432459800,3.390459716796875,0.0466974638402462,-0.026550384238362312,0.020675983279943466
1759503460442443800,3.40044384765625,0.049247972667217255,-0.03326154872775078,0.020262926816940308
1759503460452427000,3.410427001953125,0.043531231582164764,-0.03507542982697487,0.019599001854658127
1759503460462411000,3.420410888671875,0.043472375720739365,-0.04302336648106575,0.016081498935818672
1759503460472395000,3.43039501953125,0.03924620524048805,-0.026510702446103096,0.015615444630384445
1759503460482378000,3.4403779296875,0.04198979586362839,-0.012839099392294884,0.017650365829467773
1759503460492362000,3.450362060546875,0.04585537314414978,-0.00806085579097271,0.0236443430185318
1759503460502346000,3.460345947265625,0.05393380671739578,-0.01744663529098034,0.031023163348436356
1759503460512329000,3.470328857421875,0.06555105000734329,-0.03172064572572708,0.04024196043610573
1759503460522313000,3.48031298828125,0.06544425338506699,-0.036860015243291855,0.040162865072488785
1759503460532297000,3.490296875,0.07034739851951599,-0.04314853623509407,0.03519260883331299
1759503460542280000,3.500280029296875,0.06530150771141052,-0.05016836151480675,0.03269136697053909
1759503460552264000,3.510263916015625,0.06536143273115158,-0.03393186628818512,0.027775172144174576
1759503460562248000,3.520248046875,0.060864683240652084,-0.011966647580265999,0.02731897309422493
1759503460572231000,3.53023095703125,0.060683052986860275,0.02985004149377346,0.0274428091943264
1759503460582215000,3.54021484375,0.055317848920822144,0.09004253894090652,0.024086160585284233
1759503460592199000,3.550198974609375,0.057794325053691864,0.12677286565303802,0.022610237821936607
1759503460602182000,3.560181884765625,0.06482773274183273,0.16097423434257507,0.02388296276330948
1759503460612166000,3.570165771484375,0.06862832605838776,0.17362532019615173,0.03159121423959732
1759503460622150000,3.58014990234375,0.08325813710689545,0.15234452486038208,0.040765807032585144
1759503460632133000,3.590133056640625,0.11212413758039474,0.15077966451644897,0.04968606308102608
1759503460642117000,3.6001171875,0.1347290575504303,0.13910488784313202,0.056644901633262634
1759503460652101000,3.61010107421875,0.15021532773971558,0.16159901022911072,0.08513646572828293
1759503460662083800,3.620083740234375,0.13500602543354034,0.16719378530979156,0.1150810495018959
1759503460672067800,3.63006787109375,0.1112745925784111,0.18982239067554474,0.1546417772769928
1759503460682050800,3.64005078125,0.14548662304878235,0.23695608973503113,0.18649184703826904
1759503460692035000,3.65003515625,0.1912040412425995,0.24161022901535034,0.2047201246023178
1759503460702019000,3.66001904296875,0.2131737917661667,0.20649565756320953,0.23638856410980225
1759503460712002000,3.670001953125,0.24270878732204437,0.16167597472667694,0.29026004672050476
1759503460721985800,3.67998583984375,0.2605152130126953,0.06661231815814972,0.3195095658302307
1759503460731969800,3.6899697265625,0.2925274670124054,0.003311374457553029,0.28655266761779785
1759503460741953000,3.699953125,0.302534818649292,-0.0030807447619736195,0.21735602617263794
1759503460751937000,3.70993701171875,0.2580525875091553,0.04800427705049515,0.18158896267414093
1759503460761921000,3.719921142578125,0.18532724678516388,0.10723084956407547,0.2024817317724228
1759503460771904000,3.729904052734375,0.16466137766838074,0.11267461627721786,0.2296166867017746
1759503460781888000,3.739887939453125,0.21565400063991547,0.02744520641863346,0.23124653100967407
1759503460791872000,3.7498720703125,0.30282431840896606,-0.08691918849945068,0.2098160833120346
1759503460801855000,3.75985498046875,0.39211505651474,-0.1961042582988739,0.189146488904953
1759503460811839000,3.7698388671875,0.4635026752948761,-0.25829148292541504,0.1887912154197693
1759503460821823000,3.779822998046875,0.4761636257171631,-0.23107662796974182,0.1964627206325531
1759503460831806000,3.789805908203125,0.4107811450958252,-0.12221139669418335,0.2120179831981659
1759503460841790000,3.7997900390625,0.31463250517845154,0.08072014898061752,0.2341184914112091
1759503460851774000,3.80977392578125,0.1964920163154602,0.23101697862148285,0.2484593391418457
1759503460861757000,3.8197568359375,0.18115034699440002,0.28986483812332153,0.25519368052482605
1759503460871741000,3.829740966796875,0.250823974609375,0.22099976241588593,0.2722451090812683
1759503460881725000,3.839724853515625,0.3486053943634033,0.04182521253824234,0.2969946563243866
1759503460891708000,3.8497080078125,0.40543776750564575,-0.15908339619636536,0.33290499448776245
1759503460901692000,3.85969189453125,0.41570398211479187,-0.2744768261909485,0.36253878474235535
1759503460911675000,3.8696748046875,0.39921849966049194,-0.2569047510623932,0.38188424706459045
1759503460921659000,3.879658935546875,0.3691985607147217,-0.1296386867761612,0.4026430547237396
1759503460931643100,3.88964306640625,0.30573195219039917,0.028434570878744125,0.43340176343917847
1759503460941625900,3.8996259765625,0.2747703194618225,0.18062330782413483,0.46640950441360474
1759503460951609900,3.90960986328125,0.33195263147354126,0.24807079136371613,0.48365986347198486
1759503460961593900,3.91959375,0.42190277576446533,0.23369425535202026,0.5026479363441467
1759503460971576800,3.929576904296875,0.5059710144996643,0.19742652773857117,0.5182833671569824
1759503460981560800,3.939560791015625,0.5507121682167053,0.12474486231803894,0.5121804475784302
1759503460991545000,3.949545166015625,0.5572280883789062,0.10690274834632874,0.490556925535202
1759503461001528000,3.959528076171875,0.5515832901000977,0.17807386815547943,0.45063161849975586
1759503461011512000,3.969511962890625,0.552688479423523,0.2906363606452942,0.4171740710735321
1759503461021495800,3.979495849609375,0.5875167846679688,0.4252263903617859,0.42287561297416687
1759503461031478800,3.989478759765625,0.5887908339500427,0.5725234150886536,0.46125736832618713
1759503461041462800,3.999462890625,0.5808761715888977,0.7379451394081116,0.5037960410118103
1759503461051447000,4.009447021484375,0.5690544247627258,0.9119665026664734,0.5251103639602661
1759503461061430000,4.019429931640625,0.5482116937637329,1.049702763557434,0.5298811793327332
1759503461071414000,4.0294140625,0.5148550868034363,1.1136304140090942,0.530798614025116
1759503461081398800,4.039398681640625,0.4736996591091156,1.1001344919204712,0.5387726426124573
1759503461091381800,4.0493818359375,0.4459311366081238,1.0123980045318604,0.5381265878677368
1759503461101365800,4.05936572265625,0.4239339530467987,0.9202592968940735,0.5261644721031189
1759503461111349000,4.069348876953125,0.3917666971683502,0.8714736700057983,0.5111149549484253
1759503461121333000,4.0793330078125,0.36872583627700806,0.8761935830116272,0.4880317151546478
1759503461131317000,4.08931689453125,0.3258201777935028,0.8863841891288757,0.46191781759262085
1759503461141299700,4.0992998046875,0.29744207859039307,0.8711308836936951,0.43566811084747314
1759503461151283700,4.10928369140625,0.29244276881217957,0.8003749847412109,0.42062073945999146
1759503461161267700,4.119267822265625,0.313284695148468,0.7009519934654236,0.4118669033050537
1759503461171251000,4.1292509765625,0.33020612597465515,0.6018717288970947,0.40967434644699097
1759503461181235000,4.13923486328125,0.31838569045066833,0.538784921169281,0.406950443983078
1759503461191219000,4.149218994140625,0.2904486060142517,0.5155371427536011,0.40093889832496643
1759503461201202000,4.159201904296875,0.24141740798950195,0.5164012908935547,0.4115380048751831
1759503461211186000,4.16918603515625,0.20329560339450836,0.5239726901054382,0.41365841031074524
1759503461221170000,4.179169921875,0.1955399364233017,0.4930874705314636,0.40241295099258423
1759503461231153000,4.18915283203125,0.20016585290431976,0.42804375290870667,0.3963031470775604
1759503461241137000,4.199136962890625,0.1930224448442459,0.34564316272735596,0.40841013193130493
1759503461251121000,4.209120849609375,0.16489627957344055,0.3163433074951172,0.4286717176437378
1759503461261103900,4.219103759765625,0.12480957806110382,0.3276609480381012,0.456486314535141
1759503461271087900,4.229087890625,0.09188517928123474,0.3866688907146454,0.4769766628742218
1759503461281071900,4.23907177734375,0.08290953189134598,0.46192076802253723,0.4813530445098877
1759503461291054800,4.249054931640625,0.08072174340486526,0.5309959650039673,0.49031245708465576
1759503461301038800,4.259038818359375,0.0864025354385376,0.5793746709823608,0.5005688071250916
1759503461311021800,4.269021728515625,0.1103997454047203,0.6038917303085327,0.5105226635932922
1759503461321005800,4.279005859375,0.13719967007637024,0.5782350897789001,0.5228592157363892
1759503461330989800,4.28898974609375,0.11462458223104477,0.5171424746513367,0.5350322723388672
1759503461340972800,4.298972900390625,0.07309605181217194,0.4298837184906006,0.518389105796814
1759503461350956800,4.308956787109375,0.015482020564377308,0.34572118520736694,0.4913380444049835
1759503461360941000,4.318941162109375,-0.018397383391857147,0.2934955358505249,0.4413009583950043
1759503461370923800,4.328923828125,-0.013442838564515114,0.26515817642211914,0.38508111238479614
1759503461380907800,4.33890771484375,0.014298778027296066,0.2605157494544983,0.331077516078949
1759503461390891800,4.348891845703125,0.012486496940255165,0.29846951365470886,0.28371188044548035
1759503461400874800,4.358874755859375,-0.025259284302592278,0.35426008701324463,0.24335139989852905
1759503461410858800,4.368858642578125,-0.0984506756067276,0.41569042205810547,0.19245679676532745
1759503461420843000,4.378843017578125,-0.17813831567764282,0.4386069178581238,0.13594424724578857
1759503461430826000,4.388825927734375,-0.2243071347475052,0.401159405708313,0.0984882265329361
1759503461440809700,4.398809814453125,-0.24468591809272766,0.2468113750219345,0.10667610913515091
1759503461450793700,4.408793701171875,-0.2564048767089844,0.010545851662755013,0.14711222052574158
1759503461460776700,4.418776611328125,-0.2716807723045349,-0.22389407455921173,0.19460169970989227
1759503461470760700,4.4287607421875,-0.29109176993370056,-0.4155189096927643,0.23414325714111328
1759503461480745000,4.438744873046875,-0.33603447675704956,-0.5085761547088623,0.25307992100715637
1759503461490728000,4.44872802734375,-0.3730558753013611,-0.5482263565063477,0.2619251012802124
1759503461500712000,4.4587119140625,-0.41073960065841675,-0.5651786923408508,0.287849098443985
1759503461510694700,4.468694580078125,-0.5927789211273193,-0.47467756271362305,0.35050341486930847
1759503461520678700,4.4786787109375,-0.6188837289810181,-0.38108929991722107,0.3417235016822815
1759503461530662700,4.48866259765625,-0.642124593257904,-0.4051525592803955,0.29426759481430054
1759503461540646000,4.49864599609375,-0.6130682229995728,-0.4524817168712616,0.23350223898887634
1759503461550630000,4.5086298828125,-0.509192943572998,-0.5055116415023804,0.17729036509990692
1759503461560614000,4.51861376953125,-0.3558739423751831,-0.6356744170188904,0.15094290673732758
1759503461570596900,4.528596923828125,-0.2173166126012802,-0.8115706443786621,0.14833354949951172
1759503461580580900,4.538580810546875,-0.1309814453125,-1.0543859004974365,0.14964622259140015
1759503461590564600,4.548564697265625,-0.08707844465970993,-1.2719238996505737,0.13491228222846985
1759503461600547800,4.5585478515625,-0.09001351147890091,-1.4968645572662354,0.0716310441493988
1759503461610531800,4.56853173828125,-0.07792036235332489,-1.6284297704696655,-0.011864382773637772
1759503461620515800,4.578515869140625,-0.07577332109212875,-1.6621136665344238,-0.07499594986438751
1759503461630498800,4.588498779296875,-0.08420515805482864,-1.6204088926315308,-0.11087112128734589
1759503461640482800,4.59848291015625,-0.08388930559158325,-1.5552797317504883,-0.13690298795700073
1759503461650466800,4.608466796875,-0.08287250995635986,-1.45527184009552,-0.1801583170890808
1759503461660449800,4.61844970703125,-0.06935004889965057,-1.3682175874710083,-0.24335220456123352
1759503461670433800,4.628433837890625,-0.04703382030129433,-1.2997400760650635,-0.29790812730789185
1759503461680416800,4.638416748046875,-0.02839648723602295,-1.2508960962295532,-0.32917362451553345
1759503461690400800,4.64840087890625,-0.029986927285790443,-1.223853588104248,-0.33652955293655396
1759503461700384800,4.658384765625,-0.03062155842781067,-1.169641137123108,-0.32882368564605713
1759503461710368000,4.668367919921875,-0.02857731655240059,-1.0991957187652588,-0.3178807497024536
1759503461720352000,4.67835205078125,-0.03555453196167946,-1.0299158096313477,-0.30186691880226135
1759503461730336000,4.6883359375,-0.05170367285609245,-0.9583219885826111,-0.28027400374412537
1759503461740318700,4.698318603515625,-0.06539391726255417,-0.9085254073143005,-0.2513584494590759
1759503461750302700,4.708302734375,-0.07159961760044098,-0.8926876187324524,-0.21142862737178802
1759503461760286700,4.71828662109375,-0.06494650989770889,-0.9045248031616211,-0.1687176525592804
1759503461770270000,4.72827001953125,-0.0471816249191761,-0.9180861711502075,-0.12817713618278503
1759503461780254000,4.73825390625,-0.01998409442603588,-0.9297508001327515,-0.09170062839984894
1759503461790238000,4.748238037109375,0.0211284551769495,-0.8896840810775757,-0.05432901903986931
1759503461800220700,4.758220703125,0.04554857686161995,-0.8164764642715454,-0.021153222769498825
1759503461810204700,4.76820458984375,0.04933932051062584,-0.7348079681396484,0.0024106933269649744
1759503461820188700,4.778188720703125,0.04201695695519447,-0.6704129576683044,0.02394980750977993
1759503461830172000,4.788171875,0.03345036879181862,-0.636445164680481,0.038543928414583206
1759503461840156000,4.798156005859375,0.036622460931539536,-0.6204140186309814,0.04011812433600426
1759503461850139000,4.808138916015625,0.05109088122844696,-0.6277363300323486,0.0367090106010437
1759503461860123000,4.818122802734375,0.07978351414203644,-0.6493756175041199,0.02545822225511074
1759503461870107000,4.82810693359375,0.15105769038200378,-0.6712294816970825,0.0033563817851245403
1759503461880089900,4.83808984375,0.22727788984775543,-0.6693724989891052,-0.013911021873354912
1759503461890073900,4.848073974609375,0.2287101447582245,-0.6084521412849426,-0.024924524128437042
1759503461900057900,4.858057861328125,0.17864324152469635,-0.49820366501808167,-0.02412903867661953
1759503461910040800,4.868040771484375,0.11144796758890152,-0.37531396746635437,0.01002014335244894
1759503461920024800,4.87802490234375,0.04886234924197197,-0.27573704719543457,0.06878066062927246
1759503461930008800,4.8880087890625,0.017968347296118736,-0.2820042669773102,0.14286687970161438
1759503461939992000,4.897991943359375,0.02304939366877079,-0.45860353112220764,0.20100128650665283
1759503461949975800,4.907975830078125,0.01667964458465576,-0.636435329914093,0.1857919692993164
1759503461959959800,4.917959716796875,0.013173325918614864,-0.6635449528694153,0.10782979428768158
1759503461969942800,4.92794287109375,-0.0032083101104944944,-0.5650721788406372,0.052441902458667755
1759503461979926800,4.9379267578125,-0.027591947466135025,-0.43242305517196655,0.06506261974573135
1759503461989910800,4.947910888671875,-0.04049469530582428,-0.314785897731781,0.10446568578481674
1759503461999894000,4.95789404296875,-0.03665122017264366,-0.26101216673851013,0.10376634448766708
1759503462009878000,4.9678779296875,-0.005732986610382795,-0.24758422374725342,0.04260098934173584
1759503462019860700,4.97786083984375,0.06001460179686546,-0.24032525718212128,-0.03281174227595329
1759503462029844700,4.9878447265625,0.10265660285949707,-0.22534550726413727,-0.07028721272945404
1759503462039828700,4.997828857421875,0.10235726088285446,-0.1731632649898529,-0.06727464497089386
1759503462049812000,5.00781201171875,0.10739729553461075,-0.0663505271077156,-0.05498655140399933
1759503462059796000,5.0177958984375,0.10909133404493332,0.05854879692196846,-0.05579109489917755
1759503462069780000,5.027780029296875,0.10319935530424118,0.17901688814163208,-0.06196190416812897
1759503462079762200,5.03776220703125,0.10579061508178711,0.31340932846069336,-0.07600288838148117
1759503462089746200,5.04774609375,0.11951441317796707,0.4130573570728302,-0.0815286785364151
1759503462099730200,5.057730224609375,0.12915904819965363,0.4876037538051605,-0.051428571343421936
1759503462109713400,5.06771337890625,0.11598678678274155,0.5352703332901001,0.0205145962536335
1759503462119697400,5.077697509765625,0.10869958251714706,0.5511318445205688,0.10472214967012405
1759503462129681400,5.087681396484375,0.12808740139007568,0.5538016557693481,0.14000557363033295
1759503462139664400,5.097664306640625,0.14440670609474182,0.587054431438446,0.11620383709669113
1759503462149648100,5.107648193359375,0.15068085491657257,0.6483372449874878,0.05953123793005943
1759503462159632100,5.117632080078125,0.13473783433437347,0.6940272450447083,-0.009794839657843113
1759503462169615400,5.127615478515625,0.09635157138109207,0.7321082949638367,-0.06192941218614578
1759503462179599400,5.137599365234375,0.056464873254299164,0.7283034324645996,-0.09400586038827896
1759503462189582300,5.147582275390625,-0.0001752359967213124,0.7139236927032471,-0.09860753268003464
1759503462199566300,5.15756640625,-0.028485704213380814,0.7662228941917419,-0.10172183066606522
1759503462209550300,5.16755029296875,-0.07568703591823578,0.8634383678436279,-0.11434707790613174
1759503462219533300,5.177533203125,-0.1201556995511055,0.9812504649162292,-0.1276322603225708
1759503462229517300,5.187517333984375,-0.1392495036125183,1.086313247680664,-0.13126933574676514
1759503462239501300,5.197501220703125,-0.17423757910728455,1.1442245244979858,-0.10545238852500916
1759503462249484300,5.207484375,-0.2496148943901062,1.2168744802474976,-0.06848824769258499
1759503462259468300,5.21746826171875,-0.13458551466464996,1.2102890014648438,-0.049908172339200974
1759503462269452300,5.227452392578125,-0.0356791689991951,1.1018240451812744,0.007929828017950058
1759503462279435500,5.237435546875,0.045942191034555435,1.0062309503555298,0.07199855893850327
1759503462289419500,5.24741943359375,0.11984491348266602,0.960645854473114,0.11957167088985443
1759503462299403300,5.2574033203125,0.14677639305591583,0.9310197830200195,0.1592937856912613
1759503462309386200,5.26738623046875,0.1403973251581192,0.9605491757392883,0.18935661017894745
1759503462319370200,5.277370361328125,0.14198297262191772,1.0301642417907715,0.21545159816741943
1759503462329354200,5.287354248046875,0.21681194007396698,1.2155932188034058,0.3162730038166046
1759503462339337500,5.29733740234375,0.23200634121894836,0.9333833456039429,0.2964212894439697
1759503462349321500,5.307321533203125,0.3291099965572357,0.6690356135368347,0.2633908987045288
1759503462359304200,5.31730419921875,0.4286397695541382,0.5693321824073792,0.2574067711830139
1759503462369288200,5.3272880859375,0.4105883240699768,0.5713202357292175,0.2639027535915375
1759503462379272200,5.337272216796875,0.3088987171649933,0.6368193626403809,0.26273974776268005
1759503462389255200,5.347255126953125,0.2035328894853592,0.6975604295730591,0.23490890860557556
1759503462399239400,5.357239501953125,0.15910495817661285,0.7816265821456909,0.18885700404644012
1759503462409223400,5.367223388671875,0.16608484089374542,0.8593048453330994,0.1521056443452835
1759503462419206400,5.377206298828125,0.20221009850502014,0.8659401535987854,0.12503167986869812
1759503462429190400,5.3871904296875,0.23712946474552155,0.8337518572807312,0.11118724197149277
1759503462439174400,5.39717431640625,0.21223342418670654,0.821069598197937,0.10694029927253723
1759503462449157000,5.4071572265625,0.14721901714801788,0.8041406869888306,0.10238922387361526
1759503462459141400,5.417141357421875,0.07573097944259644,0.7809029817581177,0.08635272830724716
1759503462469125400,5.42712548828125,-0.002141447737812996,0.7766901254653931,0.06433717906475067
1759503462479108400,5.4371083984375,-0.06619499623775482,0.8115924596786499,0.07546040415763855
1759503462489092400,5.44709228515625,-0.08896209299564362,0.8575090765953064,0.11926726996898651
1759503462499076400,5.457076416015625,-0.05109301209449768,0.8449349999427795,0.14539740979671478
1759503462509059000,5.46705908203125,0.008814264088869095,0.7413095235824585,0.14551246166229248
1759503462519043300,5.477043212890625,0.050443198531866074,0.6157262921333313,0.16709071397781372
1759503462529027300,5.48702734375,0.0666477382183075,0.5203158855438232,0.2064160257577896
1759503462539010300,5.49701025390625,0.049972087144851685,0.4535006582736969,0.2666540741920471
1759503462548994300,5.506994384765625,0.019482089206576347,0.4081187844276428,0.3070898950099945
1759503462558977300,5.516977294921875,-0.0032591766212135553,0.42204952239990234,0.285045862197876
1759503462568961300,5.526961181640625,-0.021146297454833984,0.47528424859046936,0.21903647482395172
1759503462578945300,5.5369453125,-0.011500861495733261,0.5206615924835205,0.14391057193279266
1759503462588928300,5.54692822265625,-0.020840832963585854,0.5218802094459534,0.10673470050096512
1759503462598912300,5.556912353515625,-0.046652987599372864,0.4577776789665222,0.12621013820171356
1759503462608896300,5.566896240234375,-0.06279813498258591,0.36680543422698975,0.1612038016319275
1759503462618879200,5.576879150390625,-0.06893326342105865,0.2760201394557953,0.18946819007396698
1759503462628863200,5.58686328125,-0.05868195369839668,0.19062933325767517,0.19487175345420837
1759503462638847200,5.59684716796875,-0.0642988309264183,0.0999300554394722,0.1676047146320343
1759503462648830500,5.60683056640625,-0.08983694761991501,0.027540015056729317,0.12531504034996033
1759503462658814200,5.616814208984375,-0.08676125854253769,-0.04701198264956474,0.09034214913845062
1759503462668798200,5.626798095703125,-0.15333709120750427,-0.1107073426246643,0.05817249417304993
1759503462678781200,5.63678125,-0.24107493460178375,-0.18352562189102173,0.019584354013204575
1759503462688765200,5.64676513671875,-0.2928289473056793,-0.23552970588207245,-0.019877035170793533
1759503462698748400,5.65674853515625,-0.3154149353504181,-0.23842056095600128,-0.05306002125144005
1759503462708732400,5.666732421875,-0.3194781243801117,-0.2112283557653427,-0.07481804490089417
1759503462718716400,5.67671630859375,-0.2913338541984558,-0.19485656917095184,-0.10064085572957993
1759503462728699100,5.68669921875,-0.22802837193012238,-0.23524340987205505,-0.1193932369351387
1759503462738683100,5.69668310546875,-0.16731682419776917,-0.309329628944397,-0.1248476579785347
1759503462748667100,5.706667236328125,-0.13941222429275513,-0.3571424186229706,-0.12890498340129852
1759503462758650400,5.716650390625,-0.1263270527124405,-0.383073627948761,-0.1471116840839386
1759503462768634400,5.72663427734375,-0.11751651018857956,-0.4008621871471405,-0.17083539068698883
1759503462778618400,5.736618408203125,-0.09396031498908997,-0.4360244572162628,-0.20089662075042725
1759503462788601300,5.746601318359375,-0.06746825575828552,-0.48081350326538086,-0.24552267789840698
1759503462798585300,5.75658544921875,-0.045160818845033646,-0.5093937516212463,-0.30551543831825256
1759503462808569000,5.766569091796875,-0.03181172534823418,-0.5036687254905701,-0.3681729733943939
1759503462818552300,5.77655224609375,-0.04056074097752571,-0.49911952018737793,-0.4261457324028015
1759503462828536300,5.786536376953125,-0.0730140209197998,-0.501202404499054,-0.45506978034973145
1759503462838520300,5.796520263671875,-0.11558119207620621,-0.5406440496444702,-0.47323545813560486
1759503462848503300,5.80650341796875,-0.1843077838420868,-0.5860951542854309,-0.48123106360435486
1759503462858487300,5.8164873046875,-0.18624603748321533,-0.6462700963020325,-0.4668540060520172
1759503462868470300,5.82647021484375,-0.2892645597457886,-0.723419725894928,-0.478306382894516
1759503462878454300,5.836454345703125,-0.3876129686832428,-0.6738415360450745,-0.5140523910522461
1759503462888438300,5.846438232421875,-0.4500734210014343,-0.6502874493598938,-0.5615416169166565
1759503462898421200,5.856421142578125,-0.45537737011909485,-0.6414444446563721,-0.5866736173629761
1759503462908405200,5.8664052734375,-0.42700111865997314,-0.6654930710792542,-0.5777059197425842
1759503462918389200,5.87638916015625,-0.39551031589508057,-0.7044771909713745,-0.5378312468528748
1759503462928372500,5.88637255859375,-0.3614695072174072,-0.7291609644889832,-0.4901960790157318
1759503462938356500,5.8963564453125,-0.3965127170085907,-0.7411971688270569,-0.45030590891838074
1759503462948340500,5.906340576171875,-0.48946449160575867,-0.6510376930236816,-0.4114930033683777
1759503462958323200,5.9163232421875,-0.5695558786392212,-0.47569090127944946,-0.38325735926628113
1759503462968307200,5.92630712890625,-0.6200984120368958,-0.3122977018356323,-0.3587203323841095
1759503462978291200,5.936291259765625,-0.6314272284507751,-0.21617330610752106,-0.32843300700187683
1759503462988274400,5.9462744140625,-0.5920859575271606,-0.19055131077766418,-0.2883915901184082
1759503462998258400,5.956258544921875,-0.5195938944816589,-0.2425663024187088,-0.2420017123222351
1759503463008241400,5.966241455078125,-0.45302075147628784,-0.37564072012901306,-0.19033078849315643
1759503463018225200,5.97622509765625,-0.3838595151901245,-0.5181512832641602,-0.12976332008838654
1759503463028209200,5.986209228515625,-0.29259511828422546,-0.6440876126289368,-0.061100903898477554
1759503463038192400,5.9961923828125,-0.2166534811258316,-0.7217336893081665,0.009966081008315086
1759503463048176400,6.00617626953125,-0.1853853017091751,-0.7367496490478516,0.060083042830228806
1759503463058160400,6.016160400390625,-0.19428984820842743,-0.6414335370063782,0.07009093463420868
1759503463068143400,6.026143310546875,-0.21655361354351044,-0.5181941390037537,0.06034696474671364
1759503463078127400,6.03612744140625,-0.2298710197210312,-0.4137606918811798,0.0405716598033905
1759503463088111000,6.046111083984375,-0.23025664687156677,-0.3611653745174408,0.03220853582024574
1759503463098094300,6.05609423828125,-0.2193230390548706,-0.3526405990123749,0.03984754905104637
1759503463108078300,6.066078369140625,-0.18377356231212616,-0.387744277715683,0.05259263888001442
1759503463118062300,6.076062255859375,-0.1384657323360443,-0.46407365798950195,0.07942797988653183
1759503463128045000,6.086045166015625,-0.10140065848827362,-0.5479912161827087,0.140450581908226
1759503463138029000,6.096029052734375,-0.070860855281353,-0.5755367875099182,0.22112520039081573
1759503463148013000,6.106012939453125,-0.047317713499069214,-0.5489273071289062,0.29263025522232056
1759503463157996300,6.115996337890625,-0.057143714278936386,-0.4615521728992462,0.3200762867927551
1759503463167980300,6.125980224609375,-0.054012369364500046,-0.35186082124710083,0.2777312099933624
1759503463177963300,6.13596337890625,-0.016932910308241844,-0.25570207834243774,0.20463091135025024
1759503463187947300,6.145947265625,0.03767707198858261,-0.2104794681072235,0.1663636714220047
1759503463197931300,6.15593115234375,0.08189353346824646,-0.20582319796085358,0.17279307544231415
1759503463207914200,6.165914306640625,0.12878461182117462,-0.23989754915237427,0.18498076498508453
1759503463217898200,6.175898193359375,0.18981307744979858,-0.20023109018802643,0.1579744517803192
1759503463227882200,6.18588232421875,0.21998561918735504,-0.11807577311992645,0.11318913847208023
1759503463237865200,6.195865234375,0.24266590178012848,-0.06770447641611099,0.07672859728336334
1759503463247849200,6.20584912109375,0.2555769085884094,-0.034319888800382614,0.0620279498398304
1759503463257833200,6.215833251953125,0.2632497549057007,0.011871307156980038,0.06063485145568848
1759503463267816200,6.225816162109375,0.26038604974746704,0.08142215758562088,0.06329268962144852
1759503463277800200,6.23580029296875,0.25970640778541565,0.1601417362689972,0.029143771156668663
1759503463287784200,6.2457841796875,0.28789597749710083,0.23581598699092865,-0.02177773416042328
1759503463297767200,6.25576708984375,0.31724613904953003,0.26318609714508057,-0.02647341974079609
1759503463307751200,6.265751220703125,0.3405517339706421,0.21777494251728058,0.05067569389939308
1759503463317735200,6.275735107421875,0.3217085301876068,0.12507030367851257,0.15001267194747925
1759503463327718100,6.28571826171875,0.2664588391780853,0.04429076611995697,0.18239536881446838
1759503463337702400,6.295702392578125,0.271448016166687,0.0059811933897435665,0.12432274967432022
1759503463347685000,6.30568505859375,0.2661512494087219,0.04631609842181206,0.02949157916009426
1759503463357669000,6.315669189453125,0.2212546169757843,0.1715797483921051,-0.06374356150627136
1759503463367653000,6.325653076171875,0.15237808227539062,0.32768678665161133,-0.14693059027194977
1759503463377636000,6.335635986328125,0.1364060491323471,0.516594409942627,-0.18693819642066956
1759503463387620000,6.3456201171875,0.08315373957157135,0.659454882144928,-0.22049668431282043
1759503463397604400,6.355604248046875,0.06532787531614304,0.7259260416030884,-0.24430108070373535
1759503463407587300,6.36558740234375,0.0712941512465477,0.6404329538345337,-0.25887417793273926
1759503463417571000,6.375571044921875,0.06582934409379959,0.5200309157371521,-0.2588414251804352
1759503463427555000,6.38555517578125,0.09505008161067963,0.44317930936813354,-0.2584906816482544
1759503463437538000,6.3955380859375,0.1347881704568863,0.37743276357650757,-0.2708389461040497
1759503463447522000,6.40552197265625,0.1631697416305542,0.3582146167755127,-0.27809712290763855
1759503463457506300,6.41550634765625,0.17424024641513824,0.43566304445266724,-0.2824820280075073
1759503463467489300,6.4254892578125,0.15563219785690308,0.5702120661735535,-0.27996399998664856
1759503463477473300,6.435473388671875,0.13116733729839325,0.7147961854934692,-0.2607775330543518
1759503463487457300,6.445457275390625,0.12252271920442581,0.830923855304718,-0.22358915209770203
1759503463497440000,6.45543994140625,0.12915612757205963,0.8893144130706787,-0.1812930852174759
1759503463507424000,6.465424072265625,0.14322559535503387,0.8897221684455872,-0.13353408873081207
1759503463517407200,6.4754072265625,0.15617123246192932,0.850795567035675,-0.09779180586338043
1759503463527391200,6.48539111328125,0.17129558324813843,0.8064011931419373,-0.08556416630744934
1759503463537375200,6.495375244140625,0.21143554151058197,0.7996281981468201,-0.08628562092781067
1759503463547358200,6.505358154296875,0.2620854079723358,0.7923676371574402,-0.09564369916915894
1759503463557342200,6.51534228515625,0.2804569602012634,0.772275984287262,-0.0953558161854744
1759503463567326000,6.525325927734375,0.2742254436016083,0.7459242343902588,-0.08807633072137833
1759503463577309200,6.53530908203125,0.24143819510936737,0.7384650111198425,-0.07885246723890305
1759503463587293200,6.545293212890625,0.2054777890443802,0.7386314272880554,-0.07061291486024857
1759503463597277200,6.555277099609375,0.1918938010931015,0.7617356777191162,-0.05961485952138901
1759503463607260200,6.56526025390625,0.20116107165813446,0.7567082047462463,-0.04735473170876503
1759503463617244200,6.575244140625,0.22411805391311646,0.7114142179489136,-0.02791525423526764
1759503463627228200,6.585228271484375,0.2473384141921997,0.6762604713439941,-0.0070493873208761215
1759503463637211100,6.595211181640625,0.2423306107521057,0.629279375076294,0.019644008949398994
1759503463647195100,6.605195068359375,0.22188712656497955,0.5810942649841309,0.05230821296572685
1759503463657178000,6.61517822265625,0.20320478081703186,0.5106843113899231,0.10725215077400208
1759503463667162000,6.625162109375,0.19773171842098236,0.4160938858985901,0.1947614997625351
1759503463677146000,6.63514599609375,0.20177839696407318,0.3281373977661133,0.28365248441696167
1759503463687129300,6.64512939453125,0.21507315337657928,0.27119049429893494,0.3479936718940735
1759503463697113300,6.65511328125,0.22672289609909058,0.2585838735103607,0.3783190846443176
1759503463707097300,6.665097412109375,0.2257167547941208,0.26189738512039185,0.392192006111145
1759503463717080000,6.675080078125,0.22017231583595276,0.25638118386268616,0.42059195041656494
1759503463727064000,6.68506396484375,0.22034434974193573,0.21003632247447968,0.46437594294548035
1759503463737048000,6.695048095703125,0.23191125690937042,0.15693369507789612,0.5007706880569458
1759503463747031300,6.70503125,0.23137010633945465,0.10385902225971222,0.5180255770683289
1759503463757015300,6.715015380859375,0.22853463888168335,0.11748694628477097,0.5115548968315125
1759503463766999300,6.724999267578125,0.22030094265937805,0.17405621707439423,0.4819274842739105
1759503463776982000,6.73498193359375,0.21669769287109375,0.22943958640098572,0.43432456254959106
1759503463786966000,6.744966064453125,0.21070371568202972,0.26081642508506775,0.4015815258026123
1759503463796950000,6.754949951171875,0.20027290284633636,0.28180956840515137,0.40781891345977783
1759503463806933200,6.764933349609375,0.15758776664733887,0.25734391808509827,0.46426352858543396
1759503463816917200,6.774917236328125,0.0939299538731575,0.18202465772628784,0.5333067774772644
1759503463826900200,6.784900146484375,0.014345649629831314,0.13917866349220276,0.5846139192581177
1759503463836884200,6.79488427734375,-0.0799797847867012,0.1471407115459442,0.6069261431694031
1759503463846868200,6.8048681640625,-0.1631585657596588,0.14261333644390106,0.5914022922515869
1759503463856851200,6.814851318359375,-0.19898925721645355,0.08557295799255371,0.530650794506073
1759503463866835200,6.824835205078125,-0.20910847187042236,-0.0029081718530505896,0.4547504782676697
1759503463876819200,6.834819091796875,-0.25079095363616943,-0.050453852862119675,0.4039890170097351
1759503463886802200,6.84480224609375,-0.3268393576145172,-0.0485137403011322,0.37609347701072693
1759503463896786200,6.8547861328125,-0.38843828439712524,-0.01978994905948639,0.3734108805656433
1759503463906770200,6.864770263671875,-0.3908684253692627,-0.08452899754047394,0.3703615367412567
1759503463916753400,6.87475341796875,-0.32808467745780945,-0.234894797205925,0.33967527747154236
1759503463926737200,6.884737060546875,-0.26203349232673645,-0.42212939262390137,0.267451673746109
1759503463936721200,6.89472119140625,-0.23712679743766785,-0.5371068716049194,0.17357897758483887
1759503463946704100,6.9047041015625,-0.2554168403148651,-0.5263322591781616,0.08003091812133789
1759503463956688100,6.914688232421875,-0.28575798869132996,-0.4726589024066925,-0.006423544604331255
1759503463966672100,6.924672119140625,-0.27006131410598755,-0.48328864574432373,-0.07436744123697281
1759503463976655400,6.9346552734375,-0.23477070033550262,-0.582943856716156,-0.12051229923963547
1759503463986639400,6.944639404296875,-0.18607266247272491,-0.7565814256668091,-0.16090233623981476
1759503463996623400,6.954623291015625,-0.14773033559322357,-0.9433422684669495,-0.20960170030593872
1759503464006606000,6.964606201171875,-0.129635751247406,-1.051344871520996,-0.2663128972053528
1759503464016590000,6.974590087890625,-0.16080565750598907,-1.0816726684570312,-0.3197481632232666
1759503464026573000,6.984572998046875,-0.20510894060134888,-1.0714682340621948,-0.3712896704673767
1759503464036557300,6.994557373046875,-0.22952906787395477,-1.0394240617752075,-0.40922585129737854
1759503464046541300,7.004541259765625,-0.23729324340820312,-1.0282262563705444,-0.43714669346809387
1759503464056524300,7.014524169921875,-0.23329263925552368,-1.0065395832061768,-0.45225828886032104
1759503464066508300,7.02450830078125,-0.22097685933113098,-0.9993578195571899,-0.45536673069000244
1759503464076492000,7.034491943359375,-0.1876535266637802,-1.011144757270813,-0.44739800691604614
1759503464086475500,7.0444755859375,-0.16396097838878632,-1.0720916986465454,-0.4337913990020752
1759503464096459500,7.05445947265625,-0.15715739130973816,-1.1334892511367798,-0.42195284366607666
1759503464106443500,7.064443603515625,-0.16925187408924103,-1.1643097400665283,-0.41657963395118713
1759503464116426800,7.0744267578125,-0.19950857758522034,-1.1552352905273438,-0.41293537616729736
1759503464126410500,7.084410400390625,-0.297745943069458,-1.152672290802002,-0.40533125400543213
1759503464136394500,7.09439453125,-0.24301983416080475,-1.1191699504852295,-0.3884279131889343
1759503464146377500,7.10437744140625,-0.22530528903007507,-1.1668230295181274,-0.34755557775497437
1759503464156361500,7.114361572265625,-0.21297165751457214,-1.1438050270080566,-0.3084619641304016
1759503464166345500,7.124345458984375,-0.19259901344776154,-1.0997462272644043,-0.2802335321903229
1759503464176328700,7.13432861328125,-0.17650313675403595,-1.0588456392288208,-0.25268444418907166
1759503464186312700,7.144312744140625,-0.15932440757751465,-1.0336716175079346,-0.22197766602039337
1759503464196295400,7.15429541015625,-0.12318744510412216,-1.030360221862793,-0.18613311648368835
1759503464206279400,7.164279541015625,-0.15754595398902893,-1.0186468362808228,-0.1502547413110733
1759503464216263400,7.174263427734375,-0.19502195715904236,-0.8853663206100464,-0.14542803168296814
1759503464226246700,7.18424658203125,-0.05073907598853111,-0.8599299192428589,-0.1787324696779251
1759503464236230700,7.194230712890625,0.03020557202398777,-0.8848541975021362,-0.17490310966968536
1759503464246214700,7.204214599609375,0.05209116265177727,-0.8607243299484253,-0.16714878380298615
1759503464256197600,7.21419775390625,0.0298476442694664,-0.78311687707901,-0.15350326895713806
1759503464266181600,7.224181640625,-0.009909089654684067,-0.7158049941062927,-0.125321164727211
1759503464276165400,7.234165283203125,0.007897337898612022,-0.699797511100769,-0.0890294760465622
1759503464286148600,7.244148681640625,0.04440474882721901,-0.6944133639335632,-0.075483039021492
1759503464296132600,7.254132568359375,0.06871435046195984,-0.6599552631378174,-0.10037720203399658
1759503464306116600,7.26411669921875,0.07346489280462265,-0.5719566941261292,-0.14695322513580322
1759503464316099600,7.274099609375,0.06180637702345848,-0.4836614727973938,-0.1464909017086029
1759503464326083600,7.28408349609375,0.06498752534389496,-0.46689340472221375,-0.05777861177921295
1759503464336066600,7.294066650390625,0.09014294296503067,-0.47777989506721497,0.03393213450908661
1759503464346050600,7.304050537109375,0.13618606328964233,-0.4867568612098694,0.03868880495429039
1759503464356034600,7.31403466796875,0.1682305485010147,-0.46942421793937683,-0.03431589528918266
1759503464366017500,7.324017578125,0.1461755782365799,-0.39356061816215515,-0.09936200827360153
1759503464376001500,7.33400146484375,0.11355585604906082,-0.31091392040252686,-0.09478003531694412
1759503464385985500,7.343985595703125,0.11015766113996506,-0.30620652437210083,-0.04481940343976021
1759503464395968800,7.35396875,0.12930285930633545,-0.32677173614501953,0.00395639194175601
1759503464405952800,7.363952880859375,0.13750647008419037,-0.311201810836792,0.015478292480111122
1759503464415936800,7.373936767578125,0.13739274442195892,-0.23169101774692535,-0.015531822107732296
1759503464425919500,7.38391943359375,0.12574860453605652,-0.1158624216914177,-0.06244686618447304
1759503464435903500,7.393903564453125,0.09470546990633011,0.009795638732612133,-0.09879368543624878
1759503464445887500,7.403887451171875,0.06451161205768585,0.12514567375183105,-0.1191658079624176
1759503464455870700,7.41387060546875,0.04278900846838951,0.1805359572172165,-0.1250721663236618
1759503464465854700,7.423854736328125,0.05469626933336258,0.2104128897190094,-0.11270524561405182
1759503464475838700,7.433838623046875,0.07506758719682693,0.23695555329322815,-0.11277688294649124
1759503464485821400,7.443821533203125,0.08799030631780624,0.27658286690711975,-0.14013659954071045
1759503464495805400,7.453805419921875,0.09241754561662674,0.39337578415870667,-0.18401378393173218
1759503464505788700,7.46378857421875,0.06309561431407928,0.5639746785163879,-0.20739419758319855
1759503464515772700,7.473772705078125,0.0335792638361454,0.7313154935836792,-0.1760929971933365
1759503464525756700,7.483756591796875,0.023853667080402374,0.8415546417236328,-0.09750205278396606
1759503464535739600,7.49373974609375,0.06203673779964447,0.8647944331169128,-0.01543727982789278
1759503464545723600,7.5037236328125,0.12858115136623383,0.819574236869812,0.02309866063296795
1759503464555707600,7.513707763671875,0.1779143363237381,0.730891764163971,0.013347497209906578
1759503464565690600,7.523690673828125,0.1958283632993698,0.6214630007743835,-0.0247892364859581
1759503464575674600,7.533674560546875,0.19415350258350372,0.5391476154327393,-0.06860648840665817
1759503464585658600,7.54365869140625,0.17153207957744598,0.48044145107269287,-0.10179880261421204
1759503464595641600,7.5536416015625,0.13920475542545319,0.44919538497924805,-0.11580223590135574
1759503464605625600,7.56362548828125,0.10171651095151901,0.46073511242866516,-0.1097765639424324
1759503464615609600,7.573609619140625,0.06780621409416199,0.5055034160614014,-0.09900860488414764
1759503464625592800,7.5835927734375,0.032283637672662735,0.5851143598556519,-0.0916159376502037
1759503464635576600,7.59357666015625,0.02214125543832779,0.6900322437286377,-0.08370528370141983
1759503464645560600,7.603560546875,0.04090562090277672,0.7802146077156067,-0.08316785842180252
1759503464655543600,7.61354345703125,0.09301596134901047,0.8418806195259094,-0.0761144757270813
1759503464665527600,7.623527587890625,0.18603885173797607,0.8284569382667542,-0.05137903615832329
1759503464675511600,7.633511474609375,0.2275836318731308,0.7781687378883362,0.0018232000293210149
1759503464685494800,7.643494873046875,0.1508084237575531,0.8230230212211609,0.06557874381542206
1759503464695478800,7.653478759765625,0.1953500509262085,0.7995176911354065,0.07953371107578278
1759503464705461500,7.66346142578125,0.19800442457199097,0.735519289970398,0.11816392093896866
1759503464715445500,7.673445556640625,0.20618486404418945,0.7511637806892395,0.15992628037929535
1759503464725429500,7.683429443359375,0.17386020720005035,0.8036426901817322,0.18219323456287384
1759503464735412500,7.69341259765625,0.14437662065029144,0.8657036423683167,0.17910078167915344
1759503464745396700,7.703396728515625,0.1294192373752594,0.9492222666740417,0.16041018068790436
1759503464755380700,7.713380615234375,0.11966514587402344,1.0158041715621948,0.15021586418151855
1759503464765363700,7.72336376953125,0.10294848680496216,1.038864016532898,0.1562921404838562
1759503464775347700,7.73334765625,0.06599020212888718,1.0470449924468994,0.16765530407428741
1759503464785331500,7.74333154296875,0.14769545197486877,0.9987160563468933,0.16159261763095856
1759503464795314400,7.753314453125,0.15544284880161285,0.8809875249862671,0.1786019653081894
1759503464805298700,7.763298583984375,0.14491164684295654,0.8118526935577393,0.18189096450805664
1759503464815282700,7.77328271484375,0.13358601927757263,0.7727851867675781,0.16598284244537354
1759503464825265700,7.783265625,0.11715511977672577,0.7354292869567871,0.15037885308265686
1759503464835249700,7.793249755859375,0.11044847965240479,0.7095848917961121,0.146333247423172
1759503464845232400,7.803232421875,0.1116437092423439,0.6808717250823975,0.1593627631664276
1759503464855216400,7.81321630859375,0.11820067465305328,0.6553791761398315,0.1774565428495407
1759503464865200600,7.82320068359375,0.12559999525547028,0.6207237243652344,0.20204924046993256
1759503464875183600,7.83318359375,0.13335299491882324,0.5631355047225952,0.24100036919116974
1759503464885167600,7.843167724609375,0.14747627079486847,0.49340224266052246,0.29460474848747253
1759503464895151600,7.853151611328125,0.16677327454090118,0.4220191538333893,0.3599909245967865
1759503464905134600,7.863134521484375,0.19284509122371674,0.3149978816509247,0.417293906211853
1759503464915118600,7.87311865234375,0.216680109500885,0.26209819316864014,0.43465903401374817
1759503464925102600,7.8831025390625,0.22212255001068115,0.2558957040309906,0.41301608085632324
1759503464935085600,7.89308544921875,0.20204177498817444,0.2707774341106415,0.38405686616897583
1759503464945069600,7.903069580078125,0.16735783219337463,0.3092515766620636,0.3876239061355591
1759503464955053600,7.913053466796875,0.1234433725476265,0.3372717797756195,0.4224838614463806
1759503464965036500,7.92303662109375,0.10150079429149628,0.3584388494491577,0.4417065680027008
1759503464975020500,7.9330205078125,0.09677554666996002,0.34831804037094116,0.43629342317581177
1759503464985004500,7.943004638671875,0.10337059944868088,0.2978338301181793,0.4216814637184143
1759503464994987500,7.952987548828125,0.11535535752773285,0.24167467653751373,0.41711121797561646
1759503465004971500,7.962971435546875,0.11215130239725113,0.18733739852905273,0.42887118458747864
1759503465014954500,7.97295458984375,0.08414710313081741,0.12702906131744385,0.45517203211784363
1759503465024938500,7.9829384765625,0.04855342209339142,0.06314115226268768,0.4769679009914398
1759503465034922500,7.992922607421875,0.01637364737689495,0.021383851766586304,0.46342092752456665
1759503465044905700,8.00290576171875,-0.01842188462615013,0.020014986395835876,0.4161223769187927
1759503465054889700,8.0128896484375,-0.05067356303334236,0.04370034113526344,0.34724292159080505
1759503465064873700,8.022873779296875,-0.10076975077390671,0.038655251264572144,0.27690988779067993
1759503465074856400,8.0328564453125,-0.15059590339660645,0.009581254795193672,0.22298967838287354
1759503465084840000,8.04283984375,-0.19697138667106628,-0.09050167351961136,0.1826326549053192
1759503465094824200,8.05282421875,-0.24957121908664703,-0.19726327061653137,0.15683674812316895
1759503465104807000,8.062806884765624,-0.31463438272476196,-0.26411473751068115,0.13861939311027527
1759503465114791000,8.072791015625,-0.32524919509887695,-0.3205295503139496,0.13061553239822388
1759503465124775000,8.08277490234375,-0.3086313307285309,-0.3839668333530426,0.155802384018898
1759503465134758000,8.0927578125,-0.2785373628139496,-0.42273208498954773,0.19228902459144592
1759503465144742000,8.102741943359375,-0.23871377110481262,-0.45159196853637695,0.19740575551986694
1759503465154725000,8.11272509765625,-0.20138850808143616,-0.4937809407711029,0.15986929833889008
1759503465164708900,8.122708984375,-0.17484211921691895,-0.5066232681274414,0.0885317325592041
1759503465174692900,8.13269287109375,-0.1911449283361435,-0.48807594180107117,0.026445988565683365
1759503465184675800,8.14267578125,-0.21858187019824982,-0.4506515860557556,-0.02895255573093891
1759503465194659800,8.152659912109375,-0.24022938311100006,-0.4622483253479004,-0.06846854090690613
1759503465204643800,8.162643798828125,-0.23513901233673096,-0.5325523018836975,-0.10936883091926575
1759503465214627000,8.172626953125,-0.205677792429924,-0.6798051595687866,-0.14985713362693787
1759503465224611000,8.182611083984375,-0.14764618873596191,-0.8664735555648804,-0.1802200973033905
1759503465234595000,8.192594970703125,-0.09651216119527817,-1.0569311380386353,-0.1815894991159439
1759503465244577800,8.202577880859375,-0.06142527610063553,-1.1778037548065186,-0.15756964683532715
1759503465254561800,8.212561767578125,-0.04996809363365173,-1.2166318893432617,-0.13234259188175201
1759503465264545800,8.2225458984375,-0.04888099059462547,-1.1969894170761108,-0.13145123422145844
1759503465274529000,8.232529052734375,-0.045651376247406006,-1.1222814321517944,-0.16211193799972534
1759503465284513000,8.242512939453125,-0.04355653375387192,-1.0603649616241455,-0.21120145916938782
1759503465294497000,8.2524970703125,-0.027308853343129158,-1.0238081216812134,-0.2586864233016968
1759503465304480000,8.26247998046875,0.011836419813334942,-1.0335456132888794,-0.2780100405216217
1759503465314463700,8.272463623046875,0.05429999157786369,-1.118908166885376,-0.27736130356788635
1759503465324447000,8.282447021484375,0.07911638915538788,-1.2188891172409058,-0.27019739151000977
1759503465334431000,8.292430908203125,0.0714118629693985,-1.285423994064331,-0.28352785110473633
1759503465344415000,8.3024150390625,0.036850959062576294,-1.2951527833938599,-0.3046690821647644
1759503465354398000,8.31239794921875,-0.006083192303776741,-1.267295241355896,-0.3336852788925171
1759503465364382000,8.3223818359375,-0.03267192468047142,-1.230831265449524,-0.350948691368103
1759503465374366000,8.332365966796875,-0.01787273958325386,-1.2032805681228638,-0.3533226549625397
1759503465384349000,8.342348876953125,0.016151806339621544,-1.1679493188858032,-0.3342176675796509
1759503465394333000,8.3523330078125,0.03895379230380058,-1.147506594657898,-0.30998024344444275
1759503465404317000,8.36231689453125,0.06710180640220642,-1.1437288522720337,-0.28561684489250183
1759503465414300000,8.3722998046875,0.07828042656183243,-1.1431416273117065,-0.25783953070640564
1759503465424284000,8.382283935546875,0.06301997601985931,-1.1288572549819946,-0.22492100298404694
1759503465434268000,8.392267822265625,0.039635028690099716,-1.0868829488754272,-0.1853453516960144
1759503465444251100,8.402251220703125,0.0227963924407959,-1.0259569883346558,-0.15390780568122864
1759503465454235100,8.412235107421875,0.01906583644449711,-0.957571268081665,-0.13504277169704437
1759503465464219000,8.422218994140625,0.0235279630869627,-0.8996251225471497,-0.1167423278093338
1759503465474201900,8.432201904296875,0.03738545626401901,-0.8419197797775269,-0.10203582048416138
1759503465484185900,8.442185791015625,0.06406260281801224,-0.7852215766906738,-0.08206024765968323
1759503465494169900,8.452169921875,0.10481110215187073,-0.7186428308486938,-0.053593721240758896
1759503465504153000,8.462153076171875,0.16537778079509735,-0.6669274568557739,-0.04607295244932175
1759503465514137000,8.47213720703125,0.19665980339050293,-0.596394419670105,-0.06082873046398163
1759503465524119800,8.482119873046875,0.1931188553571701,-0.5273171067237854,-0.09618538618087769
1759503465534103800,8.492103759765625,0.18221187591552734,-0.46012818813323975,-0.10604148358106613
1759503465544087800,8.502087890625,0.18036843836307526,-0.42222288250923157,-0.07287047803401947
1759503465554071000,8.512071044921875,0.19553488492965698,-0.3908732235431671,-0.04757444187998772
1759503465564055000,8.522054931640625,0.23374538123607635,-0.31010565161705017,-0.07909508794546127
1759503465574039000,8.5320390625,0.25897324085235596,-0.20655317604541779,-0.14604215323925018
1759503465584022000,8.54202197265625,0.24024535715579987,-0.12319117039442062,-0.18757788836956024
1759503465594006000,8.552006103515625,0.20154216885566711,-0.08430742472410202,-0.16288559138774872
1759503465603990000,8.561989990234375,0.1822555512189865,-0.08407066762447357,-0.0901607871055603
1759503465613973000,8.571972900390625,0.16131485998630524,-0.06616809964179993,-0.022771624848246574
1759503465623957000,8.58195703125,0.16790005564689636,-0.053153231739997864,-0.00177899154368788
1759503465633941000,8.59194091796875,0.18219830095767975,-0.0030240193009376526,-0.019697804003953934
1759503465643924000,8.601924072265625,0.18143583834171295,0.0632263720035553,-0.0314071923494339
1759503465653908000,8.611907958984375,0.1478014439344406,0.179527148604393,-0.0360296405851841
1759503465663892000,8.62189208984375,0.07568251341581345,0.2759767174720764,-0.029940588399767876
1759503465673875000,8.631875,-0.007354585453867912,0.36893969774246216,-0.036020319908857346
1759503465683859000,8.64185888671875,-0.062258847057819366,0.47135448455810547,-0.04668707773089409
1759503465693843000,8.651843017578125,-0.07078708708286285,0.5456888675689697,-0.04632142558693886
1759503465703826000,8.661825927734375,-0.024171648547053337,0.5657047033309937,-0.045094240456819534
1759503465713810000,8.671809814453125,0.05234629660844803,0.5849108695983887,-0.05802468582987785
1759503465723794000,8.6817939453125,0.13274580240249634,0.6176317930221558,-0.07629530131816864
1759503465733777200,8.691777099609375,0.18184968829154968,0.635097086429596,-0.0811702162027359
1759503465743761200,8.70176123046875,0.18139348924160004,0.6885813474655151,-0.07607080042362213
1759503465753744000,8.711743896484375,0.1482136994600296,0.7664399147033691,-0.05636287480592728
1759503465763728000,8.721727783203125,0.0817800834774971,0.8287464380264282,-0.05150473490357399
1759503465773712000,8.7317119140625,0.03362826630473137,0.8758207559585571,-0.05197291821241379
1759503465783695000,8.741695068359375,0.03622192144393921,0.884048581123352,-0.0445147380232811
1759503465793679000,8.75167919921875,0.036061063408851624,0.8578957915306091,-0.02184511162340641
1759503465803663000,8.7616630859375,0.03840677812695503,0.8019238710403442,-0.02341610938310623
1759503465813646000,8.77164599609375,0.04116181656718254,0.7170326709747314,-0.04987221956253052
1759503465823629800,8.7816298828125,0.08087886869907379,0.6378763318061829,-0.05627205967903137
1759503465833613800,8.79161376953125,0.09708020836114883,0.5800157189369202,-0.03351268544793129
1759503465843597000,8.80159716796875,0.07656881213188171,0.6457307934761047,0.003609115956351161
1759503465853581000,8.8115810546875,0.0413823276758194,0.7556048631668091,0.022645125165581703
1759503465863565000,8.82156494140625,0.007249657064676285,0.8301395177841187,0.010115751065313816
1759503465873548000,8.831548095703125,-0.03458540886640549,0.8652383685112,-0.017312943935394287
1759503465883532000,8.841531982421875,-0.0879245325922966,0.8867782950401306,-0.046239133924245834
1759503465893516000,8.85151611328125,-0.13494636118412018,0.9005268812179565,-0.069395050406456
1759503465903499000,8.8614990234375,-0.16894614696502686,0.9443997740745544,-0.06354435533285141
1759503465913483000,8.87148291015625,-0.1770717203617096,1.0253196954727173,-0.03642405569553375
1759503465923467000,8.881467041015625,-0.16317375004291534,1.0802255868911743,-0.012210327200591564
1759503465933450000,8.891449951171875,-0.12476270645856857,1.09587824344635,0.018756909295916557
1759503465943434000,8.90143408203125,-0.07437276840209961,1.0868005752563477,0.059784237295389175
1759503465953418000,8.91141796875,-0.037220072001218796,1.0746222734451294,0.10397247225046158
1759503465963401000,8.92140087890625,-0.016463927924633026,1.0615801811218262,0.1407957375049591
1759503465973385000,8.931385009765625,0.0034261567052453756,1.0572779178619385,0.1650584638118744
1759503465983369000,8.941368896484375,0.007382815238088369,1.0760667324066162,0.17426207661628723
1759503465993352000,8.95135205078125,-0.0012096078135073185,1.084661841392517,0.17087453603744507
1759503466003336000,8.9613359375,-0.013762683607637882,1.0915039777755737,0.1630278080701828
1759503466013320000,8.97131982421875,-0.019148927181959152,1.0582571029663086,0.1590932458639145
1759503466023303000,8.981302978515625,-0.010276073589920998,1.031753659248352,0.15533925592899323
1759503466033287200,8.991287109375,0.008530903607606888,1.0286816358566284,0.15410861372947693
1759503466043271200,9.001271240234376,0.027511252090334892,1.0130800008773804,0.14663924276828766
1759503466053254000,9.01125390625,0.054840877652168274,0.9790129065513611,0.13616050779819489
1759503466063238000,9.02123779296875,0.07755684107542038,0.9184851050376892,0.1282394677400589
1759503466073220900,9.031220947265625,0.10063739120960236,0.8477776646614075,0.1217820942401886
1759503466083206700,9.04120654296875,0.11212946474552155,0.77316814661026,0.11877512186765671
1759503466093190400,9.0511904296875,0.11063303798437119,0.7114294171333313,0.12786848843097687
1759503466103174400,9.06117431640625,0.09255389869213104,0.6733941435813904,0.14608263969421387
1759503466113157600,9.07115771484375,0.07619863003492355,0.6499905586242676,0.17798571288585663
1759503466123141600,9.0811416015625,0.08463845402002335,0.6267997026443481,0.21419166028499603
1759503466133125600,9.091125732421874,0.10593948513269424,0.5915594696998596,0.2437111884355545
1759503466143108600,9.101108642578126,0.11685045063495636,0.5710808038711548,0.2611144185066223
1759503466153092600,9.111092529296876,0.1300453543663025,0.566055417060852,0.2631320357322693
1759503466163075300,9.121075439453126,0.15797525644302368,0.570608377456665,0.2574176788330078
1759503466173059600,9.1310595703125,0.20476725697517395,0.5315898656845093,0.2617562413215637
1759503466183043600,9.141043701171874,0.24502652883529663,0.4685019552707672,0.270028293132782
1759503466193026600,9.151026611328126,0.242946594953537,0.39194780588150024,0.25977590680122375
1759503466203010600,9.161010498046876,0.26703330874443054,0.30677297711372375,0.240012064576149
1759503466212994600,9.17099462890625,0.24484996497631073,0.2301945835351944,0.22993972897529602
1759503466222977500,9.1809775390625,0.20323780179023743,0.22836099565029144,0.21927376091480255
1759503466232961500,9.19096142578125,0.1734444946050644,0.24763377010822296,0.19030575454235077
1759503466242945500,9.200945556640624,0.167067289352417,0.28271397948265076,0.15198419988155365
1759503466252928500,9.210928466796876,0.16026104986667633,0.32012155652046204,0.12861096858978271
1759503466262912500,9.22091259765625,0.16199876368045807,0.33338356018066406,0.11859482526779175
1759503466272896500,9.230896484375,0.17527247965335846,0.2663097083568573,0.12416855245828629
1759503466282879500,9.24087939453125,0.17877507209777832,0.1622925102710724,0.13351278007030487
1759503466292863500,9.250863525390624,0.13218946754932404,0.03827734664082527,0.13691018521785736
1759503466302847700,9.26084765625,0.05721082538366318,-0.06472866237163544,0.11685418337583542
1759503466312830500,9.27083056640625,-0.051544949412345886,-0.11442884057760239,0.07557731866836548
1759503466322814500,9.280814453125,-0.19184373319149017,-0.10771021991968155,0.01799631118774414
1759503466332798500,9.290798583984374,-0.322064071893692,-0.09183617681264877,-0.04560716450214386
1759503466342781400,9.300781494140624,-0.4146991968154907,-0.100392647087574,-0.09456858038902283
1759503466352765400,9.310765380859374,-0.4800978899002075,-0.10341373831033707,-0.09656009823083878
1759503466362749700,9.320749755859374,-0.49382489919662476,-0.1323401927947998,-0.05173882842063904
1759503466372732700,9.330732666015624,-0.4582032561302185,-0.2052956372499466,0.005816343706101179
1759503466382716700,9.340716552734374,-0.41571998596191406,-0.30423712730407715,0.0006588660762645304
1759503466392700400,9.350700439453124,-0.39436301589012146,-0.3867996335029602,-0.07071758061647415
1759503466402683400,9.360683349609374,-0.382480263710022,-0.4155740439891815,-0.16603690385818481
1759503466412667400,9.37066748046875,-0.35608381032943726,-0.43593630194664,-0.225722074508667
1759503466422651600,9.380651611328124,-0.3745634853839874,-0.4606424570083618,-0.2123306393623352
1759503466432634600,9.390634521484374,-0.3949180245399475,-0.5071777105331421,-0.15466760098934174
1759503466442618600,9.40061865234375,-0.3525348901748657,-0.6420196890830994,-0.10829025506973267
1759503466452602600,9.4106025390625,-0.2968654930591583,-0.8317083716392517,-0.08202296495437622
1759503466462585300,9.42058544921875,-0.24217721819877625,-0.9873025417327881,-0.0826306939125061
1759503466472569300,9.4305693359375,-0.19702225923538208,-1.0660343170166016,-0.10852434486150742
1759503466482553600,9.4405537109375,-0.1820526272058487,-1.0989196300506592,-0.1352188140153885
1759503466492536600,9.45053662109375,-0.19620279967784882,-1.0926896333694458,-0.15046326816082
1759503466502520600,9.4605205078125,-0.22434255480766296,-1.0562376976013184,-0.14558808505535126
1759503466512504600,9.470504638671875,-0.24868331849575043,-1.0079265832901,-0.13704733550548553
1759503466522487600,9.480487548828124,-0.24985963106155396,-0.9847748875617981,-0.1321447193622589
1759503466532471600,9.490471435546874,-0.2226855456829071,-1.0234456062316895,-0.12075544893741608
1759503466542455600,9.50045556640625,-0.17360401153564453,-1.125030279159546,-0.09529935568571091
1759503466552438500,9.5104384765625,-0.12300422042608261,-1.2377208471298218,-0.0669257715344429
1759503466562422500,9.520422607421875,-0.0887322649359703,-1.3146781921386719,-0.05277133733034134
1759503466572406500,9.530406494140625,-0.07325983047485352,-1.3154199123382568,-0.058450791984796524
1759503466582389500,9.540389404296874,-0.08207010477781296,-1.2585124969482422,-0.06992502510547638
1759503466592373500,9.55037353515625,-0.0963750034570694,-1.1830440759658813,-0.07767722010612488
1759503466602357500,9.560357421875,-0.09850819408893585,-1.1264880895614624,-0.06560856848955154
1759503466612340500,9.570340576171875,-0.09274458140134811,-1.0711591243743896,-0.04737044498324394
1759503466622324500,9.580324462890625,-0.08357532322406769,-1.0434634685516357,-0.02917439676821232
1759503466632308500,9.59030859375,-0.07433868199586868,-1.0203211307525635,-0.01353578269481659
1759503466642291500,9.60029150390625,-0.059414058923721313,-0.9849799871444702,-0.002901247702538967
1759503466652275500,9.610275390625,-0.04589851573109627,-0.9699360728263855,-0.001529187080450356
1759503466662259500,9.620259521484375,-0.022246183827519417,-0.9522241353988647,-0.004427771549671888
1759503466672242700,9.63024267578125,-0.0017651431262493134,-0.9430647492408752,-0.008304801769554615
1759503466682226700,9.640226806640625,0.012487562373280525,-0.9571903944015503,-0.006403038278222084
1759503466692210400,9.65021044921875,0.026968766003847122,-0.9664371609687805,-0.00572979124262929
1759503466702193400,9.660193359375,0.05179395526647568,-0.9775710701942444,-0.002948652021586895
1759503466712177400,9.670177490234375,0.07497890293598175,-0.9599814414978027,-0.008023305796086788
1759503466722161400,9.680161376953125,0.09640803188085556,-0.9061669111251831,-0.007774033583700657
1759503466732145700,9.690145751953125,0.11661502718925476,-0.8867385983467102,0.01882508583366871
1759503466742128600,9.700128662109375,0.14700302481651306,-0.8596257567405701,0.04706364870071411
1759503466752112600,9.710112548828125,0.17845043540000916,-0.8344548940658569,0.05559029057621956
1759503466762096600,9.7200966796875,0.19163468480110168,-0.8222525715827942,0.044259872287511826
1759503466772079400,9.730079345703125,0.17657344043254852,-0.8133304715156555,0.03431190177798271
1759503466782063400,9.7400634765625,0.1601444035768509,-0.7942838072776794,0.04391792416572571
1759503466792047600,9.750047607421875,0.16329625248908997,-0.7822005152702332,0.0910838395357132
1759503466802030600,9.760030517578125,0.17988321185112,-0.790880560874939,0.16413673758506775
1759503466812014600,9.7700146484375,0.19325947761535645,-0.7766933441162109,0.20717981457710266
1759503466821998600,9.77999853515625,0.1912357360124588,-0.7163873910903931,0.18683433532714844
1759503466831981600,9.789981689453125,0.16892537474632263,-0.6192187666893005,0.12939368188381195
1759503466841965300,9.79996533203125,0.14274756610393524,-0.5295549035072327,0.10888946801424026
1759503466851949600,9.809949462890625,0.1459236443042755,-0.4871387779712677,0.1416596621274948
1759503466861932500,9.8199326171875,0.17130863666534424,-0.5028548836708069,0.1787167489528656
1759503466871916500,9.82991650390625,0.2058088183403015,-0.5243103504180908,0.17604906857013702
1759503466881900500,9.839900634765625,0.22524377703666687,-0.5102528929710388,0.13824628293514252
1759503466891883500,9.849883544921875,0.24079157412052155,-0.3908660113811493,0.07441964000463486
1759503466901867500,9.859867431640625,0.23618003726005554,-0.24360281229019165,0.009403621777892113
1759503466911851500,9.8698515625,0.21056309342384338,-0.11499209702014923,-0.025840917602181435
1759503466921834500,9.87983447265625,0.18002809584140778,-0.01703650690615177,-0.03443573787808418
1759503466931818500,9.889818603515625,0.1481681615114212,0.05740044265985489,-0.025557557120919228
1759503466941802500,9.899802490234375,0.13793683052062988,0.10866203159093857,-0.020830713212490082
1759503466951785500,9.909785400390625,0.14185141026973724,0.15736831724643707,-0.026704048737883568
1759503466961769500,9.91976953125,0.13502173125743866,0.2188175618648529,-0.04717017337679863
1759503466971753500,9.92975341796875,0.12002333998680115,0.3040195405483246,-0.08181177824735641
1759503466981736700,9.93973681640625,0.09473343193531036,0.4725571572780609,-0.11630930006504059
1759503466991720400,9.949720458984375,0.052987318485975266,0.6738641858100891,-0.11805207282304764
1759503467001704400,9.959704345703125,0.005600361619144678,0.8389908075332642,-0.0831497460603714
1759503467011687400,9.9696875,-0.006139917764812708,0.8952109217643738,-0.031031152233481407
1759503467021671400,9.97967138671875,0.02767716720700264,0.8703972101211548,-0.0009270463488064706
1759503467031655400,9.989655517578125,0.09819527715444565,0.7992087602615356,0.0030927290208637714
1759503467041638700,9.999638671875,0.1553829312324524,0.7127615213394165,-0.00999084860086441
1759503467051622700,10.00962255859375,0.15645858645439148,0.6726311445236206,-0.03833726793527603
1759503467061606700,10.019606689453125,0.09712202101945877,0.6687266826629639,-0.06451161205768585
1759503467071590700,10.029590576171875,0.03622351959347725,0.6597070693969727,-0.07333679497241974
1759503467081573400,10.039573486328125,0.009070194326341152,0.6339151859283447,-0.064499631524086
1759503467091556400,10.049556396484375,0.003840810852125287,0.6324437856674194,-0.03844379633665085
1759503467101540400,10.059540283203125,0.003183010034263134,0.6922215819358826,-0.006699181627482176
1759503467111523300,10.0695234375,0.018971027806401253,0.7926749587059021,0.02219291962683201
1759503467121507300,10.07950732421875,0.04285239055752754,0.886891782283783,0.03936950862407684
1759503467131491300,10.0894912109375,0.0712861642241478,0.9349588751792908,0.03994022682309151
1759503467141474300,10.099474365234375,0.1151319146156311,0.945547878742218,0.029756831005215645
1759503467151458300,10.109458251953125,0.15828470885753632,0.8985976576805115,0.02743109129369259
1759503467161442300,10.1194423828125,0.19183574616909027,0.8279823660850525,0.03309989720582962
1759503467171425300,10.12942529296875,0.20599417388439178,0.7615655064582825,0.04294267296791077
1759503467181409300,10.1394091796875,0.19774717092514038,0.7517967820167542,0.05182671174407005
1759503467191393300,10.149393310546875,0.18443535268306732,0.7976385951042175,0.044942706823349
1759503467201376500,10.15937646484375,0.17748770117759705,0.8461315631866455,0.0369364470243454
1759503467211360500,10.169360595703125,0.18151147663593292,0.8865415453910828,0.03223756328225136
1759503467221344300,10.17934423828125,0.20647300779819489,0.8944910764694214,0.03542749956250191
1759503467231327200,10.1893271484375,0.23525406420230865,0.8980762362480164,0.052015796303749084
1759503467241311200,10.199311279296875,0.23040631413459778,0.9100021123886108,0.070560984313488
1759503467251295200,10.209295166015625,0.1914394646883011,0.9609960913658142,0.0761653408408165
1759503467261278500,10.219278564453125,0.146145761013031,1.0148694515228271,0.06818837672472
1759503467271262500,10.229262451171875,0.13463345170021057,1.0391912460327148,0.045224204659461975
1759503467281246500,10.23924658203125,0.11526613682508469,1.0629531145095825,0.01733078621327877
1759503467291229200,10.249229248046875,0.08267250657081604,1.072202205657959,-0.007299458142369986
1759503467301213200,10.259213134765625,0.05540573596954346,1.0653011798858643,-0.012418586760759354
1759503467311197200,10.269197265625,0.03568742424249649,1.0386698246002197,-0.008701345883309841
1759503467321180400,10.279180419921875,0.019230153411626816,1.0098775625228882,-0.0010407633380964398
1759503467331164400,10.289164306640625,0.0038282941095530987,0.9933487176895142,0.008235027082264423
1759503467341148400,10.2991484375,-0.06809862703084946,1.0233542919158936,0.00484162662178278
1759503467351132400,10.30913232421875,-0.128249853849411,1.1016384363174438,-0.014406369999051094
1759503467361115400,10.319115478515625,-0.05955467373132706,1.1270689964294434,-0.0065077003091573715
1759503467371099100,10.32909912109375,-0.005299957003444433,1.0709364414215088,0.047207191586494446
1759503467381083100,10.339083251953125,0.04972175136208534,0.970953643321991,0.12703996896743774
1759503467391066400,10.34906640625,0.08731040358543396,0.8585802316665649,0.21357806026935577
1759503467401050400,10.35905029296875,0.1135673075914383,0.7513949275016785,0.2816375494003296
1759503467411034400,10.369034423828126,0.13065095245838165,0.6631990075111389,0.31167319416999817
1759503467421017300,10.379017333984375,0.12656593322753906,0.6031692028045654,0.30836501717567444
1759503467431001300,10.38900146484375,0.10301373153924942,0.5889716744422913,0.28218695521354675
1759503467440985300,10.3989853515625,0.06461095064878464,0.6011247038841248,0.24795307219028473
1759503467450968300,10.40896826171875,0.036263998597860336,0.6130332946777344,0.22485095262527466
1759503467460952300,10.418952392578126,0.023627830669283867,0.5993217825889587,0.21982823312282562
1759503467470936300,10.428936279296876,0.01846262998878956,0.5299903750419617,0.23273125290870667
1759503467480919300,10.438919189453125,0.013670005835592747,0.4421851336956024,0.2496178150177002
1759503467490903300,10.4489033203125,-0.003748399205505848,0.34957531094551086,0.2496282011270523
1759503467500887300,10.45888720703125,-0.038960449397563934,0.28634706139564514,0.2254999727010727
1759503467510871300,10.468871337890626,-0.08047246932983398,0.2658393979072571,0.17560884356498718
1759503467520854300,10.478854248046876,-0.12351714074611664,0.27326270937919617,0.12133707851171494
1759503467530838300,10.48883837890625,-0.1699296534061432,0.3195497691631317,0.07860426604747772
1759503467540822300,10.498822265625,-0.21669316291809082,0.3526163697242737,0.05100672319531441
1759503467550805200,10.50880517578125,-0.255575567483902,0.31430625915527344,0.04686684161424637
1759503467560789200,10.518789306640626,-0.297860711812973,0.20224417746067047,0.04097699373960495
1759503467570773200,10.528773193359376,-0.34345510601997375,0.049481797963380814,0.0171480942517519
1759503467580756500,10.538756591796876,-0.37768444418907166,-0.10182170569896698,-0.02082645148038864
1759503467590740500,10.548740478515626,-0.4264248311519623,-0.17723843455314636,-0.06595291942358017
1759503467600724500,10.558724365234376,-0.45775502920150757,-0.20545142889022827,-0.08266079425811768
1759503467610707200,10.568707275390626,-0.4477761685848236,-0.21125179529190063,-0.05462170019745827
1759503467620691200,10.578691162109376,-0.39768239855766296,-0.21844685077667236,-0.02521534077823162
1759503467630675200,10.58867529296875,-0.3388257324695587,-0.22974824905395508,-0.013012205250561237
1759503467640658400,10.598658447265626,-0.28816840052604675,-0.2593415677547455,-0.02347603067755699
1759503467650642400,10.608642333984376,-0.2582840025424957,-0.30796581506729126,-0.027522969990968704
1759503467660626400,10.61862646484375,-0.2509744465351105,-0.3998861610889435,-0.01702372543513775
1759503467670609200,10.628609130859376,-0.26365959644317627,-0.5231452584266663,-0.004264520015567541
1759503467680593200,10.63859326171875,-0.23600640892982483,-0.6621265411376953,-0.02503371424973011
1759503467690577200,10.6485771484375,-0.17048758268356323,-0.8414031267166138,-0.037345241755247116
1759503467700561400,10.6585615234375,-0.12382766604423523,-0.994044303894043,-0.028918467462062836
1759503467710544400,10.66854443359375,-0.083478644490242,-1.0828748941421509,-0.020297547802329063
1759503467720528400,10.6785283203125,-0.060920074582099915,-1.1258909702301025,-0.014108628034591675
1759503467730512400,10.688512451171874,-0.05908169597387314,-1.1101956367492676,-0.02046079933643341
1759503467740495400,10.698495361328124,-0.06083352118730545,-1.0605663061141968,-0.04424256086349487
1759503467750479400,10.708479248046874,-0.08130950480699539,-1.024899959564209,-0.07831557840108871
1759503467760463400,10.71846337890625,-0.09332515299320221,-0.9925556182861328,-0.12498800456523895
1759503467770446300,10.7284462890625,-0.0904846265912056,-0.9795846939086914,-0.17682404816150665
1759503467780430300,10.738430419921874,-0.07478422671556473,-0.9711190462112427,-0.2050977498292923
1759503467790414300,10.748414306640624,-0.05751468986272812,-0.9867363572120667,-0.21059851348400116
1759503467800397300,10.758397216796874,-0.05733679234981537,-1.0270051956176758,-0.2140670120716095
1759503467810381300,10.76838134765625,-0.06942328065633774,-1.0674676895141602,-0.22744408249855042
1759503467820365300,10.778365234375,-0.09145162254571915,-1.0240378379821777,-0.25744006037712097
1759503467830348300,10.788348388671874,-0.12126597762107849,-0.8866821527481079,-0.3026336431503296
1759503467840332300,10.798332275390624,-0.15004409849643707,-0.801201343536377,-0.3287152945995331
1759503467850316300,10.80831640625,-0.1486233025789261,-0.742689847946167,-0.32881489396095276
1759503467860299300,10.81829931640625,-0.12765783071517944,-0.7424213886260986,-0.3000735342502594
1759503467870283300,10.828283203125,-0.10260014235973358,-0.7648846507072449,-0.2662748396396637
1759503467880267300,10.838267333984374,-0.08245785534381866,-0.791338324546814,-0.2386394739151001
1759503467890251500,10.84825146484375,-0.07590488344430923,-0.8164860606193542,-0.22864383459091187
1759503467900234500,10.858234375,-0.08059205114841461,-0.8249642252922058,-0.2334127575159073
1759503467910218200,10.86821826171875,-0.07966473698616028,-0.8245394229888916,-0.24134869873523712
1759503467920202200,10.8782021484375,-0.08190391957759857,-0.7785860300064087,-0.24879063665866852
1759503467930185200,10.888185302734374,-0.08029989898204803,-0.7312340140342712,-0.2497270107269287
1759503467940169200,10.898169189453125,-0.06304421275854111,-0.6990776658058167,-0.24180489778518677
1759503467950153500,10.908153564453125,-0.03877615928649902,-0.6952189803123474,-0.22585496306419373
1759503467960136400,10.918136474609375,-0.008714661933481693,-0.7219640612602234,-0.1990417242050171
1759503467970120400,10.928120361328125,0.009863017126917839,-0.7612808346748352,-0.16069194674491882
1759503467980104400,10.9381044921875,0.004855741746723652,-0.7755982279777527,-0.1380084753036499
1759503467990087200,10.948087158203125,0.0008886968716979027,-0.7630249261856079,-0.14058241248130798
1759503468000071200,10.9580712890625,-0.015152587555348873,-0.7162342667579651,-0.1585230678319931
1759503468010055400,10.968055419921875,-0.029396504163742065,-0.6841628551483154,-0.16911977529525757
1759503468020039400,10.978039306640625,-0.030615700408816338,-0.6565815806388855,-0.1534302979707718
1759503468030022400,10.9880224609375,-0.02424488589167595,-0.603190004825592,-0.11277395486831665
1759503468040006400,10.99800634765625,-0.004828577395528555,-0.5594193339347839,-0.0596739836037159
1759503468049990400,11.007990478515625,0.013973073102533817,-0.5216789245605469,-0.030406640842556953
1759503468059973000,11.01797314453125,0.0377468466758728,-0.4904695749282837,-0.03286846727132797
1759503468069957400,11.027957275390625,0.0379609651863575,-0.4775433838367462,-0.0552334263920784
1759503468079941400,11.03794140625,0.017284447327256203,-0.4738176465034485,-0.06688236445188522
1759503468089923800,11.047923828125,-0.006807838566601276,-0.4479239881038666,-0.05177078768610954
1759503468099907800,11.057907958984375,-0.01128301490098238,-0.4262557029724121,-0.019942283630371094
1759503468109891800,11.067891845703125,-0.005744704511016607,-0.39256832003593445,0.018328141421079636
1759503468119875000,11.077875,0.008177502080798149,-0.3573165833950043,0.04308488592505455
1759503468129859000,11.087859130859375,0.013620737008750439,-0.31401705741882324,0.045571744441986084
1759503468139843000,11.097843017578125,0.010743990540504456,-0.27551332116127014,0.03134993463754654
1759503468149825800,11.10782568359375,0.006901848129928112,-0.225553497672081,0.010528008453547955
1759503468159809800,11.117809814453125,0.018368087708950043,-0.2085372358560562,-0.0008812400046736002
1759503468169793800,11.127793701171875,0.01913747563958168,-0.18792861700057983,0.00526613462716341
1759503468179777800,11.13777783203125,0.007951133884489536,-0.17953594028949738,0.016507070511579514
1759503468189761000,11.147760986328125,0.0008194546680897474,-0.19625206291675568,0.028923526406288147
1759503468199745000,11.1577451171875,0.022833943367004395,-0.20579257607460022,0.046131011098623276
1759503468209729000,11.16772900390625,0.04845674708485603,-0.200820192694664,0.060202885419130325
1759503468219712000,11.1777119140625,0.06421121209859848,-0.14750796556472778,0.05704490840435028
1759503468229696000,11.187696044921875,0.05401955917477608,-0.02605716697871685,0.039372172206640244
1759503468239679700,11.1976796875,0.041480064392089844,0.1151910349726677,0.00498011102899909
1759503468249663000,11.2076630859375,0.034394193440675735,0.2239372283220291,-0.034280743449926376
1759503468259647000,11.21764697265625,0.029380260035395622,0.3104412257671356,-0.05397987738251686
1759503468269631000,11.227630859375,0.021619008854031563,0.3407788872718811,-0.028541896492242813
1759503468279614000,11.237614013671875,0.028838839381933212,0.3302178680896759,0.053761765360832214
1759503468289598000,11.247597900390625,0.052074920386075974,0.2988399565219879,0.13900528848171234
1759503468299582000,11.25758203125,0.09618299454450607,0.27848783135414124,0.1686886101961136
1759503468309566000,11.26756591796875,0.14524081349372864,0.27479055523872375,0.13373303413391113
1759503468319549000,11.277548828125,0.19768165051937103,0.2912512719631195,0.05979675427079201
1759503468329533000,11.287532958984375,0.18877683579921722,0.3125872015953064,-0.025351695716381073
1759503468339517000,11.297516845703125,0.19661612808704376,0.37618908286094666,-0.05525020509958267
1759503468349500000,11.3075,0.16020378470420837,0.41138726472854614,-0.031554996967315674
1759503468359484000,11.31748388671875,0.09087903797626495,0.4576040506362915,0.010337059386074543
1759503468369468000,11.327468017578125,0.05998770147562027,0.4786803126335144,0.03646160289645195
1759503468379451100,11.337451171875,0.055213186889886856,0.474310040473938,0.04367637261748314
1759503468389435000,11.347434814453125,0.05937011539936066,0.49101394414901733,0.04583646357059479
1759503468399419000,11.3574189453125,0.08517055213451385,0.5361723303794861,0.05482543259859085
1759503468409401900,11.36740185546875,0.11662541329860687,0.591759204864502,0.06584292650222778
1759503468419385900,11.3773857421875,0.13678234815597534,0.6567389965057373,0.056644368916749954
1759503468429369900,11.387369873046875,0.1436149626970291,0.6942394971847534,0.044383175671100616
1759503468439353900,11.397353759765625,0.14773567020893097,0.7059144973754883,0.03688105195760727
1759503468449337000,11.407337158203125,0.14123807847499847,0.7237241268157959,0.03792927414178848
1759503468459321000,11.417321044921875,0.15055274963378906,0.7268682718276978,0.04132453724741936
1759503468469305000,11.42730517578125,0.1557736098766327,0.7350037097930908,0.04011599346995354
1759503468479287800,11.437287841796875,0.150819331407547,0.7727531790733337,0.027754932641983032
1759503468489271800,11.447271728515625,0.13947054743766785,0.8194109797477722,0.008733570575714111
1759503468499255800,11.457255859375,0.133613720536232,0.8533761501312256,0.00010812433902174234
1759503468509239000,11.467239013671875,0.1333727091550827,0.8678157925605774,-0.0007781756576150656
1759503468519223000,11.47722314453125,0.13927693665027618,0.8640181422233582,0.002957174088805914
1759503468529207000,11.48720703125,0.14006495475769043,0.8679652214050293,0.0002892192860599607
1759503468539189800,11.497189697265625,0.13810114562511444,0.871495246887207,-0.006570551078766584
1759503468549173800,11.507173828125,0.12484606355428696,0.8878718018531799,-0.022456573322415352
1759503468559157800,11.51715771484375,0.1076044887304306,0.8873591423034668,-0.05079500377178192
1759503468569141800,11.527141845703126,0.0965060293674469,0.8764311075210571,-0.09327588230371475
1759503468579125000,11.537125,0.08478040248155594,0.8653616905212402,-0.13179397583007812
1759503468589109000,11.54710888671875,0.06420881301164627,0.8406462073326111,-0.1460442841053009
1759503468599093000,11.557093017578126,0.043597012758255005,0.8224472403526306,-0.13966521620750427
1759503468609076000,11.567075927734376,0.024822792038321495,0.7791407704353333,-0.13885349035263062
1759503468619060000,11.57706005859375,0.025905633345246315,0.7399451732635498,-0.14361149072647095
1759503468629043700,11.587043701171876,0.029642846435308456,0.6399853229522705,-0.14249376952648163
1759503468639027000,11.59702685546875,0.026930950582027435,0.5842991471290588,-0.13142167031764984
1759503468649011000,11.607010986328126,0.008095743134617805,0.5964876413345337,-0.12123002111911774
1759503468658995000,11.616994873046876,-0.01979953795671463,0.6189745664596558,-0.12897342443466187
1759503468668978000,11.62697802734375,-0.08267144113779068,0.6304205656051636,-0.15263961255550385
1759503468678962000,11.6369619140625,-0.04308861494064331,0.657069742679596,-0.1662779301404953
1759503468688946000,11.64694580078125,0.06295686215162277,0.5934641361236572,-0.1434069573879242
1759503468698930000,11.656929931640626,0.1406143754720688,0.4829014241695404,-0.08117660880088806
1759503468708913000,11.666912841796876,0.17179200053215027,0.3895717263221741,-0.026388464495539665
1759503468718897000,11.67689697265625,0.16330477595329285,0.3412039279937744,0.004425108432769775
1759503468728881000,11.686880859375,0.12157463282346725,0.3184741139411926,0.014087323099374771
1759503468738863900,11.69686376953125,0.06577475368976593,0.3531370162963867,0.022668294608592987
1759503468748847900,11.706847900390626,0.03807281702756882,0.3972030282020569,0.04141614958643913
1759503468758831900,11.716831787109374,0.05011057108640671,0.4265553057193756,0.08742731809616089
1759503468768815000,11.726815185546876,0.06611564010381699,0.3927361071109772,0.15370513498783112
1759503468778798800,11.736798828125,0.07487291097640991,0.32797175645828247,0.21833819150924683
1759503468788782800,11.746782958984374,0.10733125358819962,0.22766272723674774,0.25202158093452454
1759503468798766800,11.756766845703124,0.12470677495002747,0.141459658741951,0.25330257415771484
1759503468808749800,11.766749755859376,0.1144791767001152,0.08739323168992996,0.24092073738574982
1759503468818733800,11.77673388671875,0.0816759541630745,0.08530131727457047,0.21257111430168152
1759503468828717800,11.7867177734375,0.05113402381539345,0.1192837804555893,0.17932021617889404
1759503468838701000,11.796701171875,0.020961474627256393,0.16249676048755646,0.142520934343338
1759503468848685000,11.80668505859375,-0.009777529165148735,0.1849735826253891,0.10468406975269318
1759503468858669000,11.8166689453125,-0.029834860935807228,0.17297044396400452,0.07632806152105331
1759503468868651800,11.82665185546875,-0.052444566041231155,0.10796854645013809,0.04541807994246483
1759503468878635800,11.8366357421875,-0.07491232454776764,-0.001826395862735808,0.013920608907938004
1759503468888619800,11.846619873046874,-0.09489908069372177,-0.112114816904068,-0.030601318925619125
1759503468898603000,11.85660302734375,-0.12088035047054291,-0.21713657677173615,-0.09284711629152298
1759503468908587000,11.8665869140625,-0.14924807846546173,-0.30669867992401123,-0.15461593866348267
1759503468918571000,11.876571044921874,-0.1859070211648941,-0.3226795196533203,-0.1986853927373886
1759503468928555000,11.886554931640624,-0.2180234044790268,-0.2787826359272003,-0.2139248102903366
1759503468938537700,11.896537841796874,-0.2329549491405487,-0.23859232664108276,-0.18833129107952118
1759503468948521700,11.906521728515624,-0.2224368005990982,-0.22041253745555878,-0.1343008130788803
1759503468958506000,11.916506103515625,-0.21220919489860535,-0.23559388518333435,-0.09254058450460434
1759503468968489000,11.926489013671874,-0.20694972574710846,-0.25613299012184143,-0.08981776982545853
1759503468978473000,11.936472900390624,-0.22335346043109894,-0.2687704861164093,-0.10741060972213745
1759503468988457000,11.94645703125,-0.25001809000968933,-0.2689600884914398,-0.1272415816783905
1759503468998440000,11.95643994140625,-0.28862035274505615,-0.3024938106536865,-0.13370266556739807
1759503469008424000,11.966423828125,-0.32804951071739197,-0.39599740505218506,-0.12213017046451569
1759503469018408000,11.976407958984375,-0.30907076597213745,-0.5134923458099365,-0.1021982729434967
1759503469028392000,11.986391845703125,-0.29337915778160095,-0.646457314491272,-0.0674634650349617
1759503469038375000,11.996375,-0.27589017152786255,-0.7579036951065063,-0.029815154150128365
1759503469048359000,12.00635888671875,-0.258787602186203,-0.8560118675231934,0.0071164988912642
1759503469058343000,12.016343017578125,-0.22225943207740784,-0.9876782894134521,0.039201732724905014
1759503469068326000,12.026325927734375,-0.1816590130329132,-1.0808372497558594,0.07219669967889786
1759503469078310000,12.036309814453125,-0.15971510112285614,-1.1544052362442017,0.0896366760134697
1759503469088294000,12.0462939453125,-0.1385783851146698,-1.1894444227218628,0.08374948799610138
1759503469098276900,12.05627685546875,-0.13886120915412903,-1.2092772722244263,0.051420580595731735
1759503469108260900,12.0662607421875,-0.13942793011665344,-1.1983697414398193,0.008158859796822071
1759503469118244900,12.076244873046875,-0.12737339735031128,-1.199905276298523,-0.016435964033007622
1759503469128228900,12.086228759765625,-0.07884767651557922,-1.2283505201339722,-0.010485397651791573
1759503469138211800,12.0962119140625,-0.05073348432779312,-1.2610411643981934,0.02466246858239174
1759503469148195800,12.10619580078125,-0.0398174524307251,-1.295445203781128,0.06383703649044037
1759503469158179800,12.116179931640625,-0.03808746486902237,-1.3008204698562622,0.08955305069684982
1759503469168162800,12.126162841796875,-0.04982401430606842,-1.28216552734375,0.08961590379476547
1759503469178146800,12.136146728515625,-0.0578095018863678,-1.2546138763427734,0.06838145107030869
1759503469188130800,12.146130859375,-0.05823853984475136,-1.2410978078842163,0.04824156314134598
1759503469198113800,12.15611376953125,-0.05559322237968445,-1.198162317276001,0.04087313264608383
1759503469208097800,12.166097900390625,-0.055093612521886826,-1.1294164657592773,0.031123030930757523
1759503469218081800,12.176081787109375,-0.05909554287791252,-1.03908371925354,0.023514114320278168
1759503469228064800,12.186064697265625,-0.06513559073209763,-0.9355852603912354,0.022363096475601196
1759503469238048800,12.196048828125,-0.06967521458864212,-0.8516445755958557,0.021108213812112808
1759503469248032800,12.20603271484375,-0.0769946500658989,-0.796855628490448,0.020417656749486923
1759503469258016800,12.216016845703125,-0.0806940495967865,-0.7526583075523376,0.022351112216711044
1759503469268000000,12.226,-0.07881332188844681,-0.7226410508155823,0.024447286501526833
1759503469277984000,12.23598388671875,-0.05679244175553322,-0.6988736391067505,0.028485704213380814
1759503469287967700,12.2459677734375,-0.02695704810321331,-0.6971447467803955,0.02629125863313675
1759503469297950700,12.25595068359375,0.010684868320822716,-0.6921705007553101,0.018331868574023247
1759503469307934700,12.265934814453125,0.0314311608672142,-0.6810603141784668,0.0004889564006589353
1759503469317918700,12.275918701171875,0.04409901797771454,-0.6724337935447693,-0.01877235621213913
1759503469327902000,12.28590185546875,0.05101098492741585,-0.6415629386901855,-0.027937091886997223
1759503469337886000,12.295885986328125,0.04412325099110603,-0.5762097835540771,-0.02851872704923153
1759503469347870000,12.305869873046875,0.0275069922208786,-0.4948132038116455,-0.014103035442531109
1759503469357852700,12.315852783203125,0.0086001455783844,-0.40370991826057434,0.004223241005092859
1759503469367836700,12.325836669921875,0.003270095447078347,-0.33568239212036133,0.020776119083166122
1759503469377820700,12.335820556640625,0.004766525700688362,-0.2932198941707611,0.05535060539841652
1759503469387804700,12.3458046875,0.01540452241897583,-0.27836930751800537,0.09661548584699631
1759503469397788000,12.355787841796875,0.03657718747854233,-0.28329163789749146,0.128402978181839
1759503469407772000,12.36577197265625,0.05908515676856041,-0.28428393602371216,0.12574434280395508
1759503469417756000,12.375755859375,0.05811736360192299,-0.24622362852096558,0.10237777233123779
1759503469427739000,12.38573876953125,0.030499054118990898,-0.2024918496608734,0.0868062674999237
1759503469437722600,12.39572265625,0.005774265620857477,-0.16129088401794434,0.1052694320678711
1759503469447706600,12.40570654296875,-0.013769874349236488,-0.13896960020065308,0.14656254649162292
1759503469457689900,12.41568994140625,-0.023747673258185387,-0.1378076672554016,0.18560448288917542
1759503469467673900,12.425673828125,-0.02508564479649067,-0.12705275416374207,0.19253163039684296
1759503469477657900,12.435657958984375,-0.010012686252593994,-0.1264394372701645,0.16840524971485138
1759503469487641900,12.445641845703125,0.006637396290898323,-0.10948841273784637,0.13480788469314575
1759503469497624800,12.455624755859375,0.020964138209819794,-0.04477066546678543,0.10989454388618469
1759503469507608800,12.46560888671875,0.029857497662305832,0.02923964522778988,0.0892459899187088
1759503469517592800,12.4755927734375,0.034389931708574295,0.07421564310789108,0.06708928942680359
1759503469527575800,12.485575927734375,0.03295848146080971,0.12346068769693375,0.04581436142325401
1759503469537559800,12.495559814453125,0.03526584431529045,0.1721070557832718,0.03442268818616867
1759503469547543800,12.505543701171876,0.04283268377184868,0.21572670340538025,0.04198100417852402
1759503469557526800,12.51552685546875,0.0634535402059555,0.2507858872413635,0.04617095738649368
1759503469567510800,12.5255107421875,0.08078698813915253,0.27992114424705505,0.042939744889736176
1759503469577494800,12.535494873046876,0.09920381754636765,0.2776574492454529,0.019152389839291573
1759503469587477800,12.545477783203125,0.11843796074390411,0.29139935970306396,-0.011155715212225914
1759503469597461800,12.555461669921876,0.10441615432500839,0.36174994707107544,-0.03654416278004646
1759503469607445800,12.56544580078125,0.07063635438680649,0.46507129073143005,-0.042804453521966934
1759503469617429800,12.5754296875,0.048888444900512695,0.5849870443344116,-0.029946979135274887
1759503469627412700,12.585412841796876,0.06581709533929825,0.6945385336875916,-0.009913883171975613
1759503469637396700,12.595396728515626,0.13709419965744019,0.7279447317123413,-0.004884770140051842
1759503469647380700,12.605380615234376,0.24325525760650635,0.7073057293891907,-0.0012825783342123032
1759503469657364000,12.615364013671876,0.3531996011734009,0.6328924894332886,0.03905312716960907
1759503469667348000,12.625347900390626,0.3574758470058441,0.5417879223823547,0.09446152299642563
1759503469677331700,12.635331787109376,0.2218668907880783,0.4864647090435028,0.0942884162068367
1759503469687314700,12.645314697265626,0.12021508812904358,0.44863104820251465,0.03615081310272217
1759503469697298700,12.655298583984376,0.0971907302737236,0.3584130108356476,-0.012407667003571987
1759503469707282700,12.66528271484375,0.08001600950956345,0.32120147347450256,-0.017469804733991623
1759503469717266000,12.675265869140626,0.07543723285198212,0.3810453414916992,-0.018320417031645775
1759503469727250000,12.68525,0.0901583880186081,0.47446396946907043,-0.019665846601128578
1759503469737234000,12.69523388671875,0.10612910240888596,0.5536051392555237,-0.023807328194379807
1759503469747218000,12.705218017578124,0.11871253699064255,0.6152021884918213,-0.05402994528412819
1759503469757200600,12.71520068359375,0.1251712292432785,0.6566410064697266,-0.09315231442451477
1759503469767184600,12.7251845703125,0.141590416431427,0.6474671959877014,-0.13232502341270447
1759503469777168600,12.735168701171874,0.18854168057441711,0.637937605381012,-0.15141668915748596
1759503469787152000,12.74515185546875,0.2120014727115631,0.5944742560386658,-0.145849347114563
1759503469797136000,12.755135986328124,0.20502504706382751,0.5811904072761536,-0.12499067187309265
1759503469807120000,12.765119873046874,0.18914835155010223,0.6142594218254089,-0.1012139692902565
1759503469817102800,12.775102783203126,0.17083565890789032,0.6504323482513428,-0.08132734894752502
1759503469827086600,12.785086669921874,0.16488881409168243,0.6729967594146729,-0.06576409935951233
1759503469837070600,12.795070556640624,0.16673065721988678,0.6762455701828003,-0.061353106051683426
1759503469847053800,12.8050537109375,0.16979196667671204,0.6559070348739624,-0.06327830255031586
1759503469857037800,12.815037841796874,0.16680309176445007,0.6348416805267334,-0.07026377320289612
1759503469867021800,12.825021728515624,0.15709054470062256,0.6288642287254333,-0.08140910416841507
1759503469877005800,12.835005859375,0.13357803225517273,0.6421448588371277,-0.08881695568561554
1759503469886988800,12.84498876953125,0.11046978831291199,0.6604631543159485,-0.0874217227101326
1759503469896972800,12.854972900390624,0.08969872444868088,0.6639471054077148,-0.0759994238615036
1759503469906956800,12.864956787109374,0.0799877792596817,0.6532193422317505,-0.06502427160739899
1759503469916939800,12.874939697265624,0.07244090735912323,0.627704918384552,-0.05808460712432861
1759503469926923800,12.884923828125,0.06643654406070709,0.5795901417732239,-0.058453455567359924
1759503469936907800,12.89490771484375,0.0531202107667923,0.5358530282974243,-0.05516285449266434
1759503469946890800,12.904890869140624,0.03284290060400963,0.5066091418266296,-0.0494660846889019
1759503469956874800,12.914874755859374,0.013184777460992336,0.4967344105243683,-0.0357995443046093
1759503469966858800,12.924858642578124,0.0038778288289904594,0.5008516311645508,-0.018968630582094193
1759503469976841700,12.934841796875,0.001755289500579238,0.504054605960846,-0.0004801679460797459
1759503469986825700,12.94482568359375,0.0036490634083747864,0.5028378367424011,0.014486530795693398
1759503469996809700,12.954809814453125,0.0119485380128026,0.49697354435920715,0.032884445041418076
1759503470006792700,12.964792724609374,0.021583855152130127,0.4807290732860565,0.049972884356975555
1759503470016776700,12.974776611328124,0.039686691015958786,0.4524518847465515,0.07023873925209045
1759503470026760700,12.9847607421875,0.05488082394003868,0.411730021238327,0.09013761579990387
1759503470036745000,12.994744873046875,0.06410574913024902,0.3706824481487274,0.1089528501033783
1759503470046728000,13.00472802734375,0.06729301810264587,0.31429269909858704,0.12758459150791168
1759503470056712000,13.0147119140625,0.056410811841487885,0.2902835011482239,0.14503441751003265
1759503470066695700,13.02469580078125,0.03524187579751015,0.2975027859210968,0.1508350521326065
1759503470076678700,13.0346787109375,0.023423567414283752,0.30503740906715393,0.15370620787143707
1759503470086664000,13.044663818359375,0.020128438249230385,0.29897791147232056,0.15646417438983917
1759503470096648000,13.05464794921875,0.028496356680989265,0.2924201488494873,0.1711011677980423
1759503470106631200,13.064631103515625,0.04340633004903793,0.264498770236969,0.19160565733909607
1759503470116615200,13.074615234375,0.053400106728076935,0.23123055696487427,0.2062293291091919
1759503470126599200,13.08459912109375,0.04615657776594162,0.1928701251745224,0.21621112525463104
1759503470136582100,13.09458203125,0.024700285866856575,0.17147588729858398,0.21298524737358093
1759503470146566100,13.104566162109375,-0.0014554174849763513,0.1396910548210144,0.2009219229221344
1759503470156550100,13.114550048828125,-0.015983760356903076,0.1473468393087387,0.18416531383991241
1759503470166534000,13.124533935546875,-0.04099616780877113,0.1530633121728897,0.16131591796875
1759503470176517000,13.13451708984375,-0.07128509879112244,0.1720958650112152,0.1299785077571869
1759503470186501000,13.144501220703125,-0.10549739748239517,0.16987133026123047,0.08919991552829742
1759503470196485000,13.154485107421875,-0.13324406743049622,0.13360360264778137,0.04983946308493614
1759503470206468000,13.164468017578125,-0.16043521463871002,0.09892524778842926,0.007742075715214014
1759503470216452000,13.1744521484375,-0.19117581844329834,0.07223345339298248,-0.021223530173301697
1759503470226436000,13.18443603515625,-0.19822706282138824,0.02484436333179474,-0.033618148416280746
1759503470236419000,13.194419189453125,-0.19572262465953827,-0.009227054193615913,-0.028296353295445442
1759503470246403000,13.204403076171875,-0.19101522862911224,-0.05318385735154152,-0.010758904740214348
1759503470256387000,13.214386962890625,-0.17940011620521545,-0.11159470677375793,0.010234528221189976
1759503470266370000,13.2243701171875,-0.17498725652694702,-0.17975911498069763,0.014573882333934307
1759503470276354000,13.23435400390625,-0.18316635489463806,-0.26145049929618835,0.0020122844725847244
1759503470286338000,13.244338134765625,-0.21340495347976685,-0.3143337070941925,-0.021836057305336
1759503470296321300,13.2543212890625,-0.24497006833553314,-0.2986189126968384,-0.03633324056863785
1759503470306305000,13.264304931640625,-0.27991819381713867,-0.24249200522899628,-0.035045068711042404
1759503470316289000,13.2742890625,-0.27023574709892273,-0.14838947355747223,-0.01944214105606079
1759503470326272000,13.28427197265625,-0.24007971584796906,-0.07477330416440964,-0.003680222202092409
1759503470336256000,13.294256103515625,-0.20367082953453064,-0.021925272420048714,0.0080296965315938
1759503470346240000,13.304239990234375,-0.18844367563724518,-0.014251373708248138,0.0241391584277153
1759503470356224000,13.31422412109375,-0.1934264600276947,-0.07830598950386047,0.029765086248517036
1759503470366207200,13.324207275390625,-0.24459776282310486,-0.18842610716819763,0.023180419579148293
1759503470376191200,13.334191162109375,-0.3195369839668274,-0.28979426622390747,-0.0029848709236830473
1759503470386175200,13.34417529296875,-0.2901037335395813,-0.44730958342552185,-0.024165790528059006
1759503470396158000,13.354157958984375,-0.2614172101020813,-0.6160680055618286,-0.0006197175825946033
1759503470406142000,13.364141845703125,-0.2519233226776123,-0.7400370836257935,0.03259123116731644
1759503470416126000,13.3741259765625,-0.26197463274002075,-0.8195167183876038,0.06441360712051392
1759503470426109200,13.384109130859375,-0.2549279034137726,-0.8409732580184937,0.09519309550523758
1759503470436093200,13.39409326171875,-0.2186252772808075,-0.8071343302726746,0.09805785864591599
1759503470446077200,13.4040771484375,-0.15092186629772186,-0.8071926832199097,0.07506146281957626
1759503470456060000,13.414059814453125,-0.059110190719366074,-0.7699347734451294,0.021218735724687576
1759503470466044000,13.4240439453125,-0.0616907961666584,-0.7181850075721741,-0.04599199444055557
1759503470476028000,13.43402783203125,-0.07799413055181503,-0.6659154295921326,-0.12277571856975555
1759503470486011100,13.44401123046875,-0.0761520266532898,-0.642939031124115,-0.16663798689842224
1759503470495995100,13.4539951171875,-0.05427229404449463,-0.6534292101860046,-0.18141798675060272
1759503470505979100,13.463979248046876,-0.04452858492732048,-0.699209451675415,-0.17767812311649323
1759503470515962000,13.473962158203125,-0.0494660846889019,-0.7304946780204773,-0.1775103360414505
1759503470525946000,13.483946044921876,-0.05842096358537674,-0.7200351357460022,-0.18470193445682526
1759503470535930000,13.49393017578125,-0.07318712770938873,-0.6999479532241821,-0.1933031529188156
1759503470545913900,13.503913818359376,-0.07737921178340912,-0.6671769618988037,-0.199234277009964
1759503470555897000,13.51389697265625,-0.07129628211259842,-0.6451990008354187,-0.19667071104049683
1759503470565881000,13.523881103515626,-0.07371896505355835,-0.6225820779800415,-0.19246132671833038
1759503470575865000,13.533864990234376,-0.08065356314182281,-0.6001843810081482,-0.1853480190038681
1759503470585848000,13.54384814453125,-0.0835857093334198,-0.5823691487312317,-0.16807103157043457
1759503470595832000,13.55383203125,-0.07658478617668152,-0.5627938508987427,-0.150706946849823
1759503470605816000,13.563816162109376,-0.06548020988702774,-0.556125283241272,-0.11924170702695847
1759503470615799000,13.573799072265626,-0.05873361974954605,-0.543055534362793,-0.08815436065196991
1759503470625783000,13.583782958984376,-0.05651014670729637,-0.5157829523086548,-0.06256431341171265
1759503470635767000,13.59376708984375,-0.05198170989751816,-0.5067049860954285,-0.041478998959064484
1759503470645750000,13.60375,-0.039923179894685745,-0.49050474166870117,-0.03495984897017479
1759503470655734000,13.613734130859376,-0.03586319088935852,-0.43424493074417114,-0.04026219993829727
1759503470665718000,13.623718017578126,-0.02949104644358158,-0.39380961656570435,-0.05617938190698624
1759503470675701200,13.633701171875,-0.015913186594843864,-0.3844515383243561,-0.07063023000955582
1759503470685685200,13.643685302734376,-0.0035001926589757204,-0.40189364552497864,-0.07684444636106491
1759503470695669000,13.6536689453125,0.003498062025755644,-0.4271792769432068,-0.07776643335819244
1759503470705652000,13.66365185546875,0.001648230361752212,-0.4454565644264221,-0.06985338032245636
1759503470715636000,13.673635986328126,-0.0023574302904307842,-0.45573049783706665,-0.05446936562657356
1759503470725620000,13.683619873046876,-0.007613444700837135,-0.44659000635147095,-0.034389130771160126
1759503470735603200,13.693603271484376,-0.012375709600746632,-0.42904457449913025,-0.014872157014906406
1759503470745587200,13.703587158203124,-0.0249056164175272,-0.3816125988960266,0.0029172266367822886
1759503470755571200,13.7135712890625,-0.04025181382894516,-0.3016525208950043,0.014613297767937183
1759503470765554000,13.723553955078126,-0.05050551891326904,-0.21730835735797882,0.028973327949643135
1759503470775538000,13.733537841796876,-0.04746099188923836,-0.1721254289150238,0.05541931837797165
1759503470785522000,13.74352197265625,-0.04711371660232544,-0.1704590916633606,0.08323550224304199
1759503470795506000,13.753505859375,-0.03989521786570549,-0.1802360862493515,0.09267374128103256
1759503470805489200,13.7634892578125,-0.04073171690106392,-0.17304182052612305,0.07417862117290497
1759503470815473200,13.77347314453125,-0.03796788677573204,-0.14032354950904846,0.05222032591700554
1759503470825457200,13.78345703125,-0.04331951215863228,-0.11846033483743668,0.050926562398672104
1759503470835440000,13.793440185546874,-0.04850921407341957,-0.10532242804765701,0.06303861737251282
1759503470845423900,13.803423828125,-0.047514788806438446,-0.09936121106147766,0.08561982959508896
1759503470855407900,13.813407958984374,-0.03682193160057068,-0.07556693255901337,0.10380469262599945
1759503470865391000,13.82339111328125,-0.02941834181547165,-0.051905274391174316,0.1214771643280983
1759503470875375000,13.833375,-0.025168735533952713,-0.03701820597052574,0.13498525321483612
1759503470885359000,13.843359130859374,-0.021878400817513466,-0.029405292123556137,0.13525529205799103
1759503470895342000,13.853342041015624,-0.02081526629626751,-0.018704712390899658,0.12877315282821655
1759503470905326000,13.863326171875,-0.026805514469742775,-0.010351174511015415,0.12684182822704315
1759503470915310000,13.87331005859375,-0.032156072556972504,-0.0010255833622068167,0.13085415959358215
1759503470925293000,13.88329296875,-0.03484133630990982,0.025062741711735725,0.1319199502468109
1759503470935277000,13.893277099609374,-0.027640681713819504,0.04694913327693939,0.1249491274356842
1759503470945261000,13.903260986328124,-0.013792244717478752,0.06732045114040375,0.11695511639118195
1759503470955244000,13.913244140625,0.009445433504879475,0.07050452381372452,0.09975721687078476
1759503470965228000,13.92322802734375,0.02684413082897663,0.05210474506020546,0.08743477612733841
1759503470975212000,13.9332119140625,0.030288396403193474,0.04381326213479042,0.06556995213031769
1759503470985195300,13.9431953125,0.026186862960457802,0.06981530040502548,0.033843450248241425
1759503470995179000,13.953178955078124,0.02462092414498329,0.07839866727590561,0.01702532172203064
1759503471005163000,13.9631630859375,0.0293701384216547,0.06790554523468018,0.00896712951362133
1759503471015146000,13.97314599609375,0.031451400369405746,0.07911159843206406,-0.009279784746468067
1759503471025130000,13.9831298828125,0.028568794950842857,0.09788821637630463,-0.034271687269210815
1759503471035114000,13.993114013671875,0.01124945841729641,0.13267149031162262,-0.06451427936553955
1759503471045098000,14.003097900390625,-0.017766213044524193,0.1723075807094574,-0.09803947806358337
1759503471055081200,14.013081298828125,-0.03664456307888031,0.20826105773448944,-0.1246844083070755
1759503471065065200,14.023065185546875,-0.04096554219722748,0.22814927995204926,-0.14404265582561493
1759503471075049200,14.03304931640625,-0.035221636295318604,0.21716853976249695,-0.15307796001434326
1759503471085032000,14.043031982421875,-0.02690937928855419,0.1778043508529663,-0.1605886071920395
1759503471095015400,14.053015380859375,-0.016743559390306473,0.125337153673172,-0.16829420626163483
1759503471104999400,14.06299951171875,-0.018129736185073853,0.10200439393520355,-0.18445825576782227
1759503471114982400,14.072982421875,-0.0323675274848938,0.11850933730602264,-0.19633063673973083
1759503471124966400,14.08296630859375,-0.05516471713781357,0.157282292842865,-0.19748911261558533
1759503471134950400,14.092950439453125,-0.0648900493979454,0.20104549825191498,-0.1838017851114273
1759503471144933400,14.102933349609375,-0.06436727195978165,0.22876660525798798,-0.1746269315481186
1759503471154917400,14.11291748046875,-0.03495478630065918,0.24401666224002838,-0.1657191962003708
1759503471164901400,14.1229013671875,-0.0009989517275243998,0.2327490895986557,-0.14973729848861694
1759503471174884400,14.13288427734375,0.029197299852967262,0.22118031978607178,-0.12744104862213135
1759503471184868400,14.142868408203125,0.04644393175840378,0.20104388892650604,-0.10686013847589493
1759503471194852400,14.152852294921875,0.05413567274808884,0.19410449266433716,-0.08981750160455704
1759503471204835300,14.16283544921875,0.0451272651553154,0.20397603511810303,-0.07324331998825073
1759503471214819300,14.1728193359375,0.018505241721868515,0.2540908753871918,-0.059423111379146576
1759503471224803300,14.18280322265625,-0.013284912332892418,0.3456743061542511,-0.033315081149339676
1759503471234786600,14.19278662109375,-0.0261802040040493,0.42754361033439636,0.004308728501200676
1759503471244770600,14.2027705078125,-0.008945025503635406,0.46136388182640076,0.03850531578063965
1759503471254754600,14.212754638671875,0.013608220033347607,0.43502843379974365,0.05416017398238182
1759503471264737300,14.2227373046875,0.023780962452292442,0.35357749462127686,0.04465934634208679
1759503471274721300,14.23272119140625,0.030795728787779808,0.24251116812229156,0.0021824603900313377
1759503471284705300,14.242705322265625,0.017657823860645294,0.16379426419734955,-0.05884920060634613
1759503471294688500,14.2526884765625,-0.011409514583647251,0.11796844750642776,-0.1298469454050064
1759503471304672500,14.262672607421875,-0.037695180624723434,0.10859278589487076,-0.19116276502609253
1759503471314656500,14.272656494140625,-0.04718402400612831,0.10058173537254333,-0.23865064978599548
1759503471324639200,14.28263916015625,-0.05072256550192833,0.11072065681219101,-0.28496143221855164
1759503471334623200,14.292623291015625,-0.06522374600172043,0.12645913660526276,-0.3436148762702942
1759503471344607200,14.302607177734375,-0.08102454245090485,0.1498294472694397,-0.3987410068511963
1759503471354590500,14.312590576171875,-0.0993119403719902,0.17011474072933197,-0.4388340711593628
1759503471364574500,14.322574462890625,-0.1249571144580841,0.1470661461353302,-0.45518961548805237
1759503471374558500,14.332558349609375,-0.14026309549808502,0.0890345349907875,-0.4504353404045105
1759503471384541400,14.34254150390625,-0.14695322513580322,0.04096394404768944,-0.4356127381324768
1759503471394525400,14.352525390625,-0.1493503451347351,-0.006425941362977028,-0.40538665652275085
1759503471404509200,14.36250927734375,-0.14147163927555084,-0.059528838843107224,-0.36640143394470215
1759503471414492400,14.372492431640625,-0.13059662282466888,-0.10752086341381073,-0.3326522409915924
1759503471424476400,14.382476318359375,-0.11333028972148895,-0.15291285514831543,-0.3075580894947052
1759503471434460400,14.39246044921875,-0.08225732296705246,-0.20893244445323944,-0.29432669281959534
1759503471444443400,14.402443359375,-0.05170340836048126,-0.26065370440483093,-0.2820838987827301
1759503471454427400,14.412427490234375,-0.03525492548942566,-0.2831512689590454,-0.2691672742366791
1759503471464411400,14.422411376953125,-0.02810087613761425,-0.287212610244751,-0.2577524483203888
1759503471474395400,14.4323955078125,-0.028235100209712982,-0.2700178921222687,-0.24724867939949036
1759503471484378400,14.44237841796875,-0.020901553332805634,-0.22879323363304138,-0.24196575582027435
1759503471494362400,14.4523623046875,-0.012630308046936989,-0.1838204264640808,-0.2447381168603897
1759503471504346400,14.462346435546875,-0.0012152004055678844,-0.15725965797901154,-0.2442808449268341
1759503471514329300,14.472329345703125,0.021312212571501732,-0.15658214688301086,-0.2496178150177002
1759503471524313300,14.482313232421875,0.06232782453298569,-0.13045628368854523,-0.27093324065208435
1759503471534297300,14.49229736328125,0.09368441253900528,-0.12440690398216248,-0.2960878610610962
1759503471544280600,14.502280517578125,0.10712805390357971,-0.1162128895521164,-0.31876519322395325
1759503471554264300,14.512264404296875,0.10962529480457306,-0.13738982379436493,-0.3399072289466858
1759503471564248300,14.522248291015625,0.10385236144065857,-0.1593742072582245,-0.3533479571342468
1759503471574231300,14.532231201171875,0.0929400622844696,-0.13553306460380554,-0.3651342988014221
1759503471584215300,14.54221533203125,0.07432429492473602,-0.06767705082893372,-0.3717440068721771
1759503471594199300,14.55219921875,0.06042233109474182,-0.014723552390933037,-0.3860797882080078
1759503471604182500,14.5621826171875,0.05408906936645508,0.054553255438804626,-0.4167836308479309
1759503471614166500,14.57216650390625,0.0588420107960701,0.14594122767448425,-0.4524074196815491
1759503471624150500,14.582150634765625,0.060203686356544495,0.19430236518383026,-0.4806009829044342
1759503471634133200,14.59213330078125,0.05686115100979805,0.20016664266586304,-0.4757012724876404
1759503471644117200,14.6021171875,0.046301983296871185,0.18220709264278412,-0.44782623648643494
1759503471654101200,14.612101318359375,0.02646995708346367,0.11442884057760239,-0.3990352749824524
1759503471664084500,14.62208447265625,0.017178187146782875,0.0035595810040831566,-0.3522467315196991
1759503471674068500,14.632068359375,0.01077008992433548,-0.027714984491467476,-0.3393029570579529
1759503471684052500,14.642052490234375,-0.0356658510863781,0.01164280716329813,-0.34639042615890503
1759503471694035500,14.652035400390625,-0.09495048224925995,0.10954167693853378,-0.3482634425163269
1759503471704019200,14.662019287109375,-0.16092842817306519,0.4611543118953705,-0.2644191384315491
1759503471714003200,14.672003173828125,-0.21735069155693054,0.3723250925540924,-0.2690621018409729
1759503471723986400,14.681986328125,-0.19963455200195312,0.2356354296207428,-0.232930988073349
1759503471733970400,14.691970458984375,-0.1618964970111847,0.12708790600299835,-0.1973213255405426
1759503471743954400,14.701954345703125,-0.13314980268478394,0.02780872769653797,-0.17563414573669434
1759503471753937400,14.7119375,-0.11998765915632248,0.010785535909235477,-0.1838686317205429
1759503471763921400,14.72192138671875,-0.12334936857223511,0.02930409274995327,-0.21624387800693512
1759503471773905400,14.731905517578125,-0.14226260781288147,0.015725966542959213,-0.24731099605560303
1759503471783888400,14.741888427734375,-0.15761253237724304,0.024104271084070206,-0.26804423332214355
1759503471793872400,14.751872314453125,-0.1842859536409378,0.033974744379520416,-0.2907194495201111
1759503471803856400,14.7618564453125,-0.1970273107290268,-0.009274991229176521,-0.30151697993278503
1759503471813839400,14.77183935546875,-0.2138504981994629,-0.03530872240662575,-0.29981040954589844
1759503471823823400,14.7818232421875,-0.23589640855789185,0.005858421791344881,-0.28754469752311707
1759503471833807400,14.791807373046876,-0.2116033285856247,-0.02195536531507969,-0.3115009069442749
1759503471843790600,14.80179052734375,-0.17641578614711761,-0.08400728553533554,-0.3051345944404602
1759503471853774300,14.8117744140625,-0.1489838808774948,-0.1476917266845703,-0.2731710970401764
1759503471863758300,14.82175830078125,-0.058633219450712204,-0.21943621337413788,-0.24026507139205933
1759503471873741300,14.8317412109375,-0.00464721629396081,-0.29322922229766846,-0.1952267438173294
1759503471883725300,14.841725341796876,0.030179208144545555,-0.3109229803085327,-0.15999606251716614
1759503471893709300,14.851709228515626,0.033301763236522675,-0.30878767371177673,-0.14431509375572205
1759503471903692500,14.861692626953126,0.023850737139582634,-0.31075921654701233,-0.1540614664554596
1759503471913676500,14.871676513671876,-0.00959643442183733,-0.24120914936065674,-0.17131875455379486
1759503471923660500,14.88166064453125,-0.04820933938026428,-0.13963912427425385,-0.19736739993095398
1759503471933643300,14.891643310546876,-0.036188896745443344,-0.11327063292264938,-0.2019677460193634
1759503471943627300,14.901627197265626,-0.01888926886022091,-0.1710100919008255,-0.17243248224258423
1759503471953611300,14.911611328125,0.002987001556903124,-0.26313337683677673,-0.12885251641273499
1759503471963594500,14.921594482421876,0.09165961295366287,-0.3263815641403198,-0.09799554198980331
1759503471973578500,14.93157861328125,0.14885179698467255,-0.29491499066352844,-0.09449854493141174
1759503471983562500,14.9415625,0.15153120458126068,-0.20533743500709534,-0.11689572781324387
1759503471993545500,14.95154541015625,0.11349114030599594,-0.08331060409545898,-0.14603257179260254
1759503472003529200,14.961529296875,0.03933888301253319,0.07766736298799515,-0.1683485358953476
1759503472013513200,14.97151318359375,-0.033427197486162186,0.21876004338264465,-0.15994279086589813
1759503472023496400,14.981496337890626,-0.055097874253988266,0.25727546215057373,-0.1297478824853897
1759503472033480400,14.99148046875,-0.056181780993938446,0.19786328077316284,-0.08990112692117691
1759503472043464400,15.00146435546875,-0.04324041306972504,0.05927770584821701,-0.05931791663169861
1759503472053447400,15.011447509765626,-0.026924557983875275,-0.0770827978849411,-0.03959134966135025
1759503472063431400,15.021431396484376,-0.02900688350200653,-0.13885881006717682,-0.029389847069978714
1759503472073415400,15.03141552734375,-0.043111249804496765,-0.11986488848924637,-0.023212378844618797
1759503472083398400,15.0413984375,-0.05233191326260567,-0.05329651013016701,-0.018074607476592064
1759503472093382000,15.0513818359375,-0.056056875735521317,0.02972780168056488,-0.01443859376013279
1759503472103366000,15.061365966796876,-0.047377634793519974,0.07457463443279266,-0.012724317610263824
1759503472113348900,15.071348876953126,-0.042398322373628616,0.061826881021261215,0.0007315703551284969
1759503472123332900,15.081332763671876,-0.04748576134443283,-0.027223365381360054,0.011564510874450207
1759503472133317000,15.091317138671876,-0.03724111244082451,-0.12132829427719116,0.02395540103316307
1759503472143299800,15.1012998046875,-0.01386894378811121,-0.18508809804916382,0.023843014612793922
1759503472153283800,15.111283935546876,-0.0016378440195694566,-0.20606102049350739,0.017552096396684647
1759503472163267800,15.121267822265626,0.004396346397697926,-0.17115284502506256,0.00515880947932601
1759503472173250800,15.131250732421876,0.0018777948571369052,-0.08812320232391357,-0.009661415591835976
1759503472183234800,15.14123486328125,-0.01056209672242403,-0.007638745009899139,-0.021744709461927414
1759503472193219000,15.151218994140624,-0.025481924414634705,0.03272705525159836,-0.02713494747877121
1759503472203202000,15.1612021484375,-0.03778120130300522,0.010845190845429897,-0.023736488074064255
1759503472213186000,15.17118603515625,-0.042223088443279266,-0.05831417441368103,-0.013062804937362671
1759503472223170000,15.181170166015624,-0.04584179073572159,-0.13328401744365692,0.0007840346079319715
1759503472233152800,15.19115283203125,-0.03717426583170891,-0.16596978902816772,0.0024546354543417692
1759503472243136800,15.20113671875,-0.02480015531182289,-0.15118765830993652,-0.012220713309943676
1759503472253121000,15.21112109375,-0.024441692978143692,-0.10569527000188828,-0.01925944909453392
1759503472263104000,15.22110400390625,-0.030969899147748947,-0.0454508401453495,-0.02039768360555172
1759503472273088000,15.231087890625,-0.028497954830527306,-0.012990366667509079,-0.012761867605149746
1759503472283072000,15.241072021484374,0.007378553971648216,-0.032709475606679916,0.005429120268672705
1759503472293054700,15.2510546875,0.03104446828365326,-0.07349152863025665,0.027713919058442116
1759503472303038700,15.261038818359374,0.03254542499780655,-0.11166155338287354,0.04236343502998352
1759503472313023000,15.27102294921875,0.04897793009877205,-0.18518610298633575,0.04115329682826996
1759503472323006000,15.281005859375,0.07794832438230515,-0.25614896416664124,0.036190226674079895
1759503472332990000,15.290989990234374,0.10097907483577728,-0.25881078839302063,0.027033481746912003
1759503472342974000,15.300973876953124,0.09788794815540314,-0.1293417364358902,0.004325506277382374
1759503472352957000,15.31095703125,0.048834118992090225,0.16835306584835052,-0.057373542338609695
1759503472362941000,15.32094091796875,-0.08772532641887665,0.9477556347846985,-0.18035991489887238
1759503472372925000,15.330925048828124,-0.19406375288963318,1.40767502784729,-0.38622361421585083
1759503472382908000,15.340907958984374,-0.14689064025878906,1.3156753778457642,-0.41668564081192017
1759503472392892000,15.350891845703124,-0.07748892903327942,0.9391469955444336,-0.2703404128551483
1759503472402876000,15.3608759765625,-0.015283082611858845,0.5627227425575256,-0.07101105898618698
1759503472412859000,15.37085888671875,0.060754694044589996,0.3525114357471466,-0.0007403587806038558
1759503472422843000,15.3808427734375,0.12430304288864136,0.23709218204021454,-0.034146517515182495
1759503472432827000,15.390826904296874,0.12459039688110352,0.21100199222564697,-0.06262876093387604
1759503472442809900,15.400809814453124,0.0969715565443039,0.21106404066085815,-0.06017705425620079
1759503472452793900,15.4107939453125,0.03693325072526932,0.16980181634426117,-0.04616989195346832
1759503472462777900,15.42077783203125,0.009215069934725761,0.11120268702507019,-0.039628900587558746
1759503472472760800,15.4307607421875,0.02991235814988613,0.06530550122261047,-0.047572579234838486
1759503472482744800,15.440744873046874,0.040952492505311966,0.06071474775671959,-0.04876221343874931
1759503472492728800,15.450728759765624,0.021501030772924423,0.11199870705604553,-0.049131061881780624
1759503472502712000,15.460712158203124,0.0067756143398582935,0.17955751717090607,-0.05384272709488869
1759503472512696000,15.470696044921874,0.03724004700779915,0.17182262241840363,-0.05320116877555847
1759503472522680000,15.48068017578125,0.0911397635936737,0.0788588598370552,-0.03773459419608116
1759503472532662800,15.490662841796874,0.17405834794044495,-0.023866716772317886,-0.013135243207216263
1759503472542646800,15.500646728515624,0.18195036053657532,-0.13544224202632904,0.01251259632408619
1759503472552630800,15.510630859375,0.1550212800502777,-0.1547861099243164,0.029324065893888474
1759503472562614000,15.520614013671874,0.1053844764828682,-0.09664025902748108,0.01991991139948368
1759503472572598000,15.530597900390624,0.07003554701805115,-0.03154753893613815,-0.010230266489088535
1759503472582582000,15.54058203125,0.032529979944229126,0.008842759765684605,-0.029164277017116547
1759503472592564700,15.550564697265624,0.02436286397278309,0.01913268119096756,-0.020979050546884537
1759503472602548700,15.560548828125,0.030732346698641777,0.005213404074311256,0.00012197277828818187
1759503472612532700,15.57053271484375,0.031863123178482056,-0.039860330522060394,0.025727733969688416
1759503472622516000,15.580515869140624,0.0365404337644577,-0.07998697459697723,0.052138302475214005
1759503472632500000,15.5905,0.026806047186255455,-0.05914028361439705,0.0639645978808403
1759503472642484000,15.60048388671875,0.004739894066005945,0.020417923107743263,0.054060839116573334
1759503472652467000,15.610467041015625,-0.006715427152812481,0.11485494673252106,0.03206232935190201
1759503472662451000,15.620450927734375,-0.015719041228294373,0.17250733077526093,0.012358931824564934
1759503472672434700,15.6304345703125,-0.023147130385041237,0.20661629736423492,-0.003099386813119054
1759503472682418000,15.64041796875,-0.014021010138094425,0.18384626507759094,-0.01130964607000351
1759503472692402000,15.65040185546875,0.009321596473455429,0.08084318041801453,0.0016892430139705539
1759503472702386000,15.660385986328125,0.03632897883653641,-0.014712899923324585,0.027468375861644745
1759503472712369000,15.670368896484375,0.044498492032289505,-0.06439869850873947,0.042155709117650986
1759503472722353000,15.680352783203125,0.04842132702469826,-0.07213784009218216,0.03762806951999664
1759503472732337000,15.6903369140625,0.046782150864601135,-0.03299283608794212,0.03316887095570564
1759503472742319900,15.70031982421875,0.04464709758758545,0.03848720341920853,0.031622376292943954
1759503472752303900,15.710303955078125,0.04259779304265976,0.07828628271818161,0.03403972461819649
1759503472762287900,15.720287841796875,0.03856523707509041,0.09437870234251022,0.031018102541565895
1759503472772270800,15.730270751953125,0.031984563916921616,0.04117406904697418,0.03935353085398674
1759503472782254800,15.7402548828125,0.03074965626001358,-0.03349830582737923,0.05495939031243324
1759503472792238800,15.75023876953125,0.020292488858103752,-0.0732949897646904,0.07005418837070465
1759503472802222000,15.76022216796875,0.018873821943998337,-0.09208279103040695,0.07751529663801193
1759503472812206000,15.7702060546875,0.018677281215786934,-0.08058885484933853,0.07206833362579346
1759503472822189800,15.78018994140625,0.015996543690562248,-0.061409566551446915,0.061405569314956665
1759503472832172800,15.7901728515625,0.02244911715388298,-0.07499994337558746,0.05278305336833
1759503472842156800,15.80015673828125,0.02316311001777649,-0.11509542912244797,0.05030658096075058
1759503472852140800,15.810140869140625,0.02486060932278633,-0.18533390760421753,0.0563756562769413
1759503472862124000,15.8201240234375,0.019821109250187874,-0.24466301500797272,0.07484254986047745
1759503472872108000,15.83010791015625,-0.00023329291434492916,-0.24173405766487122,0.08642596751451492
1759503472882092000,15.840092041015625,-0.019121762365102768,-0.1865970492362976,0.08403338491916656
1759503472892074800,15.85007470703125,-0.035240013152360916,-0.1029234528541565,0.0702829509973526
1759503472902058800,15.860058837890625,-0.017590178176760674,0.005829393398016691,0.05179262533783913
1759503472912042800,15.870042724609375,-0.004345479886978865,0.06733456254005432,0.03495931625366211
1759503472922026000,15.88002587890625,0.0026501116808503866,0.047757670283317566,0.03344796970486641
1759503472932010000,15.890010009765625,0.01369024533778429,-0.03576225787401199,0.03575533255934715
1759503472941994000,15.899993896484375,0.028448686003684998,-0.11721956729888916,0.04206196591258049
1759503472951977000,15.90997705078125,0.028599420562386513,-0.13969984650611877,0.03828160837292671
1759503472961961000,15.9199609375,0.018985409289598465,-0.1139470711350441,0.02834056131541729
1759503472971944700,15.92994482421875,0.006304767448455095,-0.03530526161193848,0.019836820662021637
1759503472981928000,15.939927978515625,-0.015154718421399593,0.08703263849020004,0.006383330561220646
1759503472991912000,15.949911865234375,-0.055142082273960114,0.21689875423908234,-0.010030263103544712
1759503473001896000,15.95989599609375,-0.07505960017442703,0.26893851161003113,-0.01950286142528057
1759503473011879000,15.96987890625,-0.061715029180049896,0.20854149758815765,-0.023572171106934547
1759503473021863000,15.97986279296875,-0.0466841496527195,0.1212763637304306,-0.021221665665507317
1759503473031847000,15.989846923828125,-0.0451485700905323,0.05870592221617699,-0.020749220624566078
1759503473041830000,15.999829833984375,-0.05058781057596207,0.03953143209218979,-0.031005585566163063
1759503473051814000,16.00981396484375,-0.055941563099622726,0.08329462260007858,-0.054373759776353836
1759503473061798000,16.0197978515625,-0.06015121936798096,0.15646524727344513,-0.07410219311714172
1759503473071780900,16.02978076171875,-0.06993754208087921,0.25437796115875244,-0.07421644032001495
1759503473081764900,16.039764892578123,-0.07831184566020966,0.31613266468048096,-0.07072769850492477
1759503473091748600,16.04974853515625,-0.07702234387397766,0.33035075664520264,-0.06473052501678467
1759503473101731800,16.05973193359375,-0.06674254685640335,0.26713770627975464,-0.05513782054185867
1759503473111715800,16.0697158203125,-0.04575657099485397,0.16575780510902405,-0.0388651080429554
1759503473121699600,16.079699462890623,-0.03206365928053856,0.07760797441005707,-0.03467808663845062
1759503473131682600,16.0896826171875,-0.019424565136432648,0.0160633884370327,-0.03244609013199806
1759503473141666600,16.09966650390625,-0.010057694278657436,0.003906590864062309,-0.0343148298561573
1759503473151650600,16.109650634765625,-0.020546020939946175,0.033364348113536835,-0.03623150661587715
1759503473161633800,16.1196337890625,-0.034996867179870605,0.08501369506120682,-0.03566212207078934
1759503473171617800,16.12961767578125,-0.04813503846526146,0.11551328003406525,-0.03627518191933632
1759503473181600500,16.1396005859375,-0.058814581483602524,0.14131557941436768,-0.0340714156627655
1759503473191584500,16.14958447265625,-0.07438048720359802,0.17348550260066986,-0.0325494222342968
1759503473201568500,16.159568603515623,-0.08379822969436646,0.18739838898181915,-0.03994448482990265
1759503473211551700,16.1695517578125,-0.0756838396191597,0.15966768562793732,-0.05113295838236809
1759503473221535700,16.17953564453125,-0.04011546075344086,0.07782529294490814,-0.05464007705450058
1759503473231519700,16.189519775390625,0.00023941817926242948,0.0025840650778263807,-0.045760564506053925
1759503473241502700,16.199502685546875,0.013050820678472519,-0.03080744668841362,-0.03301307559013367
1759503473251486700,16.20948681640625,-0.00027537086862139404,-0.0031909996178001165,-0.02899623103439808
1759503473261470500,16.219470458984375,-0.022336730733513832,0.059236425906419754,-0.03436463326215744
1759503473271453700,16.22945361328125,-0.05955387279391289,0.1163678914308548,-0.03520512580871582
1759503473281437700,16.239437744140623,-0.08091855049133301,0.15091441571712494,-0.038667500019073486
1759503473291421700,16.249421630859374,-0.06438751518726349,0.14961105585098267,-0.03833300620317459
1759503473301404700,16.25940478515625,-0.04944664612412453,0.09858090430498123,-0.028255872428417206
1759503473311388700,16.269388671875,-0.03370443359017372,0.05294257774949074,-0.018625615164637566
1759503473321372700,16.27937255859375,-0.03262132778763771,0.022238459438085556,-0.012615660205483437
1759503473331355600,16.289355712890625,-0.043048933148384094,0.022413164377212524,-0.01932709291577339
1759503473341339600,16.299339599609375,-0.05446404218673706,0.02214977703988552,-0.027117105200886726
1759503473351323600,16.30932373046875,-0.06659873574972153,0.04777577891945839,-0.02894323505461216
1759503473361306600,16.319306640625,-0.07193198055028915,0.0710478127002716,-0.024818263947963715
1759503473371290600,16.32929052734375,-0.07260149717330933,0.08462167531251907,-0.024092553183436394
1759503473381274600,16.339274658203124,-0.0620572455227375,0.0999833196401596,-0.01936810463666916
1759503473391257900,16.3492578125,-0.05427176132798195,0.12196958065032959,-0.01817607507109642
1759503473401241900,16.359241943359375,-0.042765840888023376,0.13351838290691376,-0.022909043356776237
1759503473411225600,16.3692255859375,-0.0245538130402565,0.11697695404291153,-0.025009213015437126
1759503473421208600,16.37920849609375,-0.013970943167805672,0.07948550581932068,-0.021519141271710396
1759503473431192600,16.389192626953125,-0.0140758715569973,0.03960147127509117,-0.011031079106032848
1759503473441176600,16.399176513671875,-0.029031118378043175,0.022172413766384125,-0.0017590179340913892
1759503473451159800,16.409159912109374,-0.05312846601009369,0.011872638016939163,-0.00227860058657825
1759503473461143800,16.419143798828124,-0.07088322937488556,0.02937440015375614,-0.011128817684948444
1759503473471127800,16.4291279296875,-0.0884379893541336,0.0588526651263237,-0.02010686695575714
1759503473481110500,16.439110595703124,-0.08810269087553024,0.09327588230371475,-0.025420937687158585
1759503473491094500,16.449094482421874,-0.07202785462141037,0.10958694666624069,-0.028348283842206
1759503473501078500,16.45907861328125,-0.04391445964574814,0.07449447363615036,-0.023090938106179237
1759503473511061800,16.469061767578125,-0.009867810644209385,0.01261113304644823,-0.01164786797016859
1759503473521045800,16.479045654296876,0.002749181119725108,-0.012280368246138096,-0.006363356951624155
1759503473531029800,16.48902978515625,-0.011208445765078068,0.02550589293241501,-0.01293444074690342
1759503473541012700,16.4990126953125,-0.020803282037377357,0.08886409550905228,-0.03056030534207821
1759503473550996700,16.508996826171874,-0.026279540732502937,0.1369549185037613,-0.046475622802972794
1759503473560979700,16.518979736328124,-0.02413223311305046,0.16619722545146942,-0.05344245210289955
1759503473570963700,16.528963623046874,-0.026280606165528297,0.1773686558008194,-0.04467319697141647
1759503473580947700,16.53894775390625,-0.035047199577093124,0.18788601458072662,-0.04115675762295723
1759503473590930700,16.5489306640625,-0.03213956207036972,0.1639748215675354,-0.03683231770992279
1759503473600914700,16.558914794921876,-0.028417525812983513,0.14680328965187073,-0.03568875417113304
1759503473610898700,16.568898681640626,-0.031679898500442505,0.1553022414445877,-0.02977680414915085
1759503473620881700,16.578881591796875,-0.02366005629301071,0.14681527018547058,-0.028900623321533203
1759503473630865700,16.58886572265625,-0.015545936301350594,0.1407427340745926,-0.027158116921782494
1759503473640849700,16.598849609375,-0.01733584702014923,0.1395437866449356,-0.028673723340034485
1759503473650832600,16.60883251953125,-0.017601363360881805,0.13535968959331512,-0.029403429478406906
1759503473660816600,16.618816650390624,-0.023357519879937172,0.12515579164028168,-0.029315277934074402
1759503473670800600,16.628800537109374,-0.03075791336596012,0.09838542342185974,-0.028304342180490494
1759503473680784000,16.638783935546876,-0.035518579185009,0.0726236030459404,-0.028009263798594475
1759503473690768000,16.648767822265626,-0.03178536146879196,0.07067177444696426,-0.03130972012877464
1759503473700752000,16.658751953125,-0.017645040526986122,0.08441821485757828,-0.035356923937797546
1759503473710734600,16.668734619140626,0.005531119182705879,0.08433405309915543,-0.03153262659907341
1759503473720718600,16.678718505859376,0.0018018947448581457,0.08433298766613007,-0.02719779871404171
1759503473730702600,16.68870263671875,-0.0002596582053229213,0.08842866867780685,-0.021943116560578346
1759503473740685800,16.698685791015624,-0.0032354744616895914,0.08587922155857086,-0.0187798123806715
1759503473750669800,16.708669921875,-0.009395631961524487,0.0875098779797554,-0.020205935463309288
1759503473760653800,16.71865380859375,-0.01956544630229473,0.10616052150726318,-0.0243143942207098
1759503473770636500,16.728636474609374,-0.0105903260409832,0.122956283390522,-0.03165220096707344
1759503473780620500,16.73862060546875,-0.0046725161373615265,0.10245607048273087,-0.027591148391366005
1759503473790604500,16.7486044921875,0.006439523305743933,0.04171229153871536,-0.01678803563117981
1759503473800587800,16.758587890625,0.022241922095417976,0.0034501252230256796,-0.009265136905014515
1759503473810571800,16.76857177734375,0.02593386173248291,0.004918059334158897,-0.012345349416136742
1759503473820555800,16.7785556640625,0.021770009770989418,0.02707848884165287,-0.01293151080608368
1759503473830538800,16.788538818359374,0.013541375286877155,0.049782734364271164,-0.0076331524178385735
1759503473840522800,16.798522705078124,0.002141714096069336,0.07215861231088638,0.0019528960110619664
1759503473850506800,16.8085068359375,-0.002198173198848963,0.0790223777294159,0.00806431844830513
1759503473860489700,16.81848974609375,0.0021379857789725065,0.056361012160778046,0.01426682062447071
1759503473870473700,16.8284736328125,0.00478303711861372,0.04586762189865112,0.01629455015063286
1759503473880457700,16.838457763671876,-0.00010918960470007733,0.043651074171066284,0.013555223122239113
1759503473890440700,16.848440673828126,0.004898884799331427,0.040281109511852264,0.007440872024744749
1759503473900424700,16.8584248046875,0.0036461339332163334,0.04581223055720329,-0.0014199974248185754
1759503473910407700,16.86840771484375,0.009047556668519974,0.06690207123756409,-0.006417685654014349
1759503473920391700,16.8783916015625,0.012299543246626854,0.06642349809408188,-0.0051276502199471
1759503473930375700,16.888375732421874,0.014947524294257164,0.048589374870061874,0.00041625206358730793
1759503473940358700,16.898358642578124,0.013333382084965706,0.037276532500982285,0.003689010627567768
1759503473950342700,16.9083427734375,0.010698450729250908,0.019888486713171005,0.002270344877615571
1759503473960326700,16.91832666015625,0.008305600844323635,0.022959111258387566,-0.0016162724932655692
1759503473970309600,16.9283095703125,0.009556487202644348,0.033304162323474884,-0.003868241561576724
1759503473980293600,16.938293701171876,0.01227504201233387,0.05405071750283241,-0.008049670606851578
1759503473990278000,16.94827783203125,0.007955927401781082,0.07620236277580261,-0.007952997460961342
1759503474000260600,16.958260498046876,0.0030458574183285236,0.06855509430170059,-0.0064922538585960865
1759503474010244600,16.96824462890625,0.006190251559019089,0.05313725396990776,-0.0024173513520509005
1759503474020228600,16.978228515625,0.006082660052925348,0.03632791340351105,-0.0036434705834835768
1759503474030211600,16.988211669921874,0.007312241476029158,0.040997765958309174,-0.005540173966437578
1759503474040195600,16.998195556640624,0.008536762557923794,0.058644670993089676,-0.011449461802840233
1759503474050179800,17.008179931640626,0.009396697394549847,0.07616081088781357,-0.012803679332137108
1759503474060162800,17.018162841796876,0.0070765516720712185,0.06710872799158096,-0.009689911268651485
1759503474070146600,17.028146484375,0.008222510106861591,0.04300579056143761,0.00024394555657636374
1759503474080130600,17.038130615234376,0.008320780470967293,0.0009805759182199836,0.008476841263473034
1759503474090114800,17.04811474609375,0.013198892585933208,-0.02544463984668255,0.010098973289132118
1759503474100098600,17.0580986328125,0.01095491275191307,-0.01697445660829544,0.0043742419220507145
1759503474110082600,17.06808251953125,0.008154066279530525,0.003486077766865492,-0.0023102923296391964
1759503474120065800,17.078065673828124,0.0015342470724135637,0.03443280979990959,-0.007751662749797106
1759503474130049800,17.0880498046875,0.0003810983616858721,0.06255259364843369,-0.008989233523607254
1759503474140032800,17.09803271484375,-0.0049276468344032764,0.061166152358055115,-0.0010458233300596476
1759503474150016800,17.108016845703126,-0.007978297770023346,0.037453897297382355,0.008040616288781166
1759503474160000800,17.118000732421876,-0.0023454460315406322,-0.0031425300985574722,0.01302339043468237
1759503474169983700,17.127983642578126,-0.001976331928744912,-0.0018575548892840743,0.01170406024903059
1759503474179967700,17.1379677734375,-0.01278556976467371,0.040343161672353745,0.003692472819238901
1759503474189951700,17.14795166015625,-0.0026546388398855925,0.061770156025886536,-0.006673881784081459
1759503474199934700,17.157934814453125,-0.0010189254535362124,0.05667925626039505,-0.007201453670859337
1759503474209918700,17.167918701171875,-0.004777444526553154,0.05500439554452896,-0.0032591766212135553
1759503474219902700,17.17790283203125,-0.005528456065803766,0.03666213899850845,0.0036389431916177273
1759503474229885700,17.1878857421875,-0.011165834963321686,0.02557540126144886,0.007778294384479523
1759503474239870000,17.197869873046876,-0.05163230001926422,0.04446999728679657,0.011845740489661694
1759503474249853700,17.207853759765626,-0.0879461020231247,0.10357779264450073,0.000990962260402739
1759503474259836700,17.217836669921876,-0.11208526045084,0.13049755990505219,0.0037353497464209795
1759503474269820700,17.227820556640626,-0.10271839052438736,0.11534150689840317,-0.005279717035591602
1759503474279804700,17.2378046875,-0.06293981522321701,0.03582111373543739,0.005547364708036184
1759503474289787600,17.24778759765625,-0.018426410853862762,-0.04610411077737808,0.013344567269086838
1759503474299772000,17.25777197265625,0.0014466290595009923,-0.08439956605434418,0.020064255222678185
1759503474309756000,17.267755859375,-0.00857537891715765,-0.0437362939119339,0.017527595162391663
1759503474319738600,17.277738525390625,-0.02154710330069065,0.018326543271541595,-0.0022897860035300255
1759503474329722600,17.28772265625,-0.007450193166732788,0.037101563066244125,-0.013047358952462673
1759503474339706600,17.29770654296875,-0.0001882854849100113,0.025179920718073845,-0.006853378843516111
1759503474349689600,17.307689697265626,0.0024522386956959963,0.016656475141644478,-0.0012452941155061126
1759503474359673900,17.317673828125,0.0062885223887860775,-0.025477129966020584,-0.003187004942446947
1759503474369657900,17.327657958984375,0.01555259432643652,-0.06538060307502747,-0.009615076705813408
1759503474379640800,17.337640869140625,0.01902349293231964,-0.07305370271205902,-0.014476144686341286
1759503474389624800,17.347624755859375,0.01739843189716339,-0.05007754638791084,-0.02034149132668972
1759503474399607600,17.357607666015625,0.012345083057880402,-0.0021632856223732233,-0.024473119527101517
1759503474409591600,17.367591552734375,-0.003976631909608841,0.07031410932540894,-0.02702256292104721
1759503474419575800,17.377575927734377,-0.009185508824884892,0.14114195108413696,-0.026322416961193085
1759503474429558800,17.387558837890627,-0.014060957357287407,0.1293204426765442,-0.017170997336506844
1759503474439542800,17.397542724609377,-0.005256281234323978,0.06615585088729858,0.001862614881247282
1759503474449526800,17.40752685546875,0.006643787957727909,0.012250807136297226,-0.00025300029665231705
1759503474459509500,17.417509521484376,0.019096728414297104,-0.01398505736142397,-0.006053365301340818
1759503474469493500,17.427493408203127,0.021692778915166855,0.0007334345718845725,-0.007820106111466885
1759503474479477800,17.437477783203125,0.011639079079031944,0.03953888639807701,-0.006457899231463671
1759503474489460700,17.447460693359375,-0.00047590688336640596,0.051111120730638504,0.0010423612548038363
1759503474499444700,17.45744482421875,-0.004034955520182848,0.01423646043986082,0.009354086592793465
1759503474509428700,17.4674287109375,-0.003172357566654682,-0.02232501283288002,0.010608435608446598
1759503474519411700,17.47741162109375,-0.0013827132061123848,-0.0005640574963763356,0.0015523566398769617
1759503474529395700,17.487395751953127,0.0001496696495451033,0.0029640982393175364,-0.006585464812815189
1759503474539379700,17.497379638671877,0.0070619042962789536,0.002427471335977316,-0.007573231123387814
1759503474549362700,17.50736279296875,0.01335495337843895,0.015955263748764992,-0.008889098651707172
1759503474559346700,17.5173466796875,0.020422184839844704,0.020612601190805435,-0.013146694749593735
1759503474569329700,17.52732958984375,0.014665229246020317,0.024212395772337914,-0.01679043099284172
1759503474579313700,17.537313720703125,-0.00036139096482656896,0.028932049870491028,-0.011186075396835804
1759503474589297700,17.547297607421875,-0.012384763918817043,0.0337478443980217,-0.0073106433264911175
1759503474599281000,17.557281005859377,-0.009520001709461212,0.02864416129887104,-0.008082693442702293
1759503474609264600,17.5672646484375,0.0009861685102805495,0.009183644317090511,-0.01014105137437582
1759503474619248600,17.57724853515625,0.009318666532635689,-0.010075004771351814,-0.00899775605648756
1759503474629231600,17.587231689453127,0.01130804792046547,-0.022639265283942223,-0.0076240976341068745
1759503474639215600,17.597215576171877,0.007967645302414894,-0.019632557407021523,-0.00826938170939684
1759503474649199600,17.60719970703125,0.004797684494405985,-0.02322729118168354,-0.007700263988226652
1759503474659182800,17.617182861328125,-0.0018154769204556942,-0.013509683310985565,-0.005825931206345558
1759503474669166800,17.627166748046875,-0.003623763332143426,0.0021797972731292248,-0.008821721188724041
1759503474679150800,17.63715087890625,-0.004731371998786926,0.006598514039069414,-0.0067721521481871605
1759503474689133600,17.647133544921875,-0.003961984533816576,0.011611648835241795,-0.0019326560432091355
1759503474699117600,17.65711767578125,0.0038954056799411774,0.017672469839453697,0.00019441076437942684
1759503474709101600,17.6671015625,0.005001416429877281,0.013426592573523521,0.0024612934794276953
1759503474719084800,17.677084716796877,0.008051801472902298,-0.0002569950302131474,0.007102384231984615
1759503474729068800,17.68706884765625,0.01037620846182108,-0.0041124531999230385,0.007812649011611938
1759503474739052800,17.697052734375,0.006652576383203268,-0.0014729943359270692,0.004228833597153425
1759503474749035800,17.707035888671875,-0.006795854307711124,0.011145861819386482,0.001686579897068441
1759503474759019500,17.71701953125,-0.013641510158777237,-0.005561479367315769,0.00010705907334340736
1759503474769002800,17.727002685546875,-0.00923158135265112,-0.039378564804792404,0.002369148191064596
1759503474778986800,17.73698681640625,0.0031196267809718847,-0.03729277849197388,0.000761664065066725
1759503474788970800,17.746970703125,0.007499727886170149,-0.017040768638253212,-0.0016218650853261352
1759503474798953700,17.75695361328125,0.01667538285255432,-0.024894697591662407,-0.002285258611664176
1759503474808937700,17.766937744140623,0.019824039191007614,-0.03414066135883331,0.005274123977869749
1759503474818921700,17.776921630859373,0.007702927105128765,0.005409945268183947,0.003991013392806053
1759503474828904700,17.78690478515625,-0.00802996288985014,0.027950407937169075,0.0008847020799294114
1759503474838888700,17.796888671875,-0.0123631926253438,0.03470471873879433,-0.0035891421139240265
1759503474848872700,17.806872802734375,-0.010420150123536587,0.04068777337670326,-0.005569735076278448
1759503474858855700,17.816855712890625,-0.0052320463582873344,0.02785506658256054,-0.00692155584692955
1759503474868839700,17.826839599609375,0.00890667550265789,-0.013376259244978428,-0.0020570256747305393
1759503474878823700,17.83682373046875,0.01757206954061985,-0.042575158178806305,0.0001459412305848673
1759503474888807000,17.846806884765623,0.02305338717997074,-0.06669381260871887,0.0004886900424025953
1759503474898790700,17.856790771484373,0.026695793494582176,-0.08487627655267715,0.0001661812566453591
1759503474908773600,17.866773681640623,0.023602532222867012,-0.07894781231880188,0.0022623552940785885
1759503474918757600,17.876757568359373,0.008778044953942299,-0.061100639402866364,0.008797752670943737
1759503474928741600,17.88674169921875,-0.0028538433834910393,-0.021878667175769806,0.009227586910128593
1759503474938724900,17.896724853515625,-0.008709335699677467,0.007767908275127411,0.007816910743713379
1759503474948708900,17.906708984375,-0.011446532793343067,0.013994112610816956,0.0042719766497612
1759503474958692900,17.91669287109375,-0.015179751440882683,0.006956709548830986,0.00242161238566041
1759503474968675600,17.926675537109375,-0.007761516608297825,-0.026913106441497803,0.0019598202779889107
1759503474978659600,17.93665966796875,-0.003108974313363433,-0.030399451032280922,-0.0020873856265097857
1759503474988643600,17.9466435546875,-0.010953315533697605,-0.01335655152797699,-0.0031246868893504143
1759503474998626800,17.956626708984373,-0.007207845337688923,-0.011052917689085007,-0.006509830709546804
1759503475008610800,17.96661083984375,-0.003561178920790553,-0.004047738388180733,-0.0016349145444110036
1759503475018594800,17.9765947265625,-0.014517423696815968,0.01914360001683235,-0.005259476602077484
1759503475028577800,17.986577880859375,-0.024335432797670364,0.02592960186302662,-0.0101389205083251
1759503475038561800,17.996561767578125,-0.02666383422911167,0.018157431855797768,-0.00800199992954731
1759503475048545500,18.006545654296875,-0.032398421317338943,-0.0003230414295103401,0.00017177389236167073
1759503475058528800,18.01652880859375,-0.04180390387773514,0.001585912425071001,-0.000627973407972604
1759503475068512800,18.0265126953125,-0.06376779079437256,0.018430672585964203,0.0009592706337571144
1759503475078495700,18.036495849609373,-0.07455252856016159,0.06155044585466385,-0.004326305352151394
1759503475088479700,18.046479736328124,-0.05991952493786812,0.07766097038984299,-0.011384746991097927
1759503475098462700,18.056462646484373,-0.034818701446056366,0.08095823228359222,-0.012387693859636784
1759503475108446000,18.066446044921875,-0.00938897393643856,0.060935523360967636,-0.024744227528572083
1759503475118430000,18.076429931640625,-0.012436163611710072,0.049008820205926895,-0.0044016726315021515
1759503475128414000,18.0864140625,0.0004697816038969904,0.020023243501782417,0.0007195860962383449
1759503475138397000,18.09639697265625,0.011945609003305435,-0.03761342167854309,0.007455785758793354
1759503475148381000,18.106380859375,0.01828552968800068,-0.08201843500137329,0.013949370943009853
1759503475158365000,18.116364990234374,0.010634801350533962,-0.07207632064819336,0.013438310474157333
1759503475168348000,18.126347900390623,-0.008386827073991299,-0.0211793202906847,-0.001812014845199883
1759503475178332000,18.136331787109373,-0.018620289862155914,0.04486600682139397,-0.018755311146378517
1759503475188316000,18.14631591796875,-0.014604508876800537,0.09511985629796982,-0.031245537102222443
1759503475198299000,18.156298828125,-0.00015526228526141495,0.07263798266649246,-0.03209162503480911
1759503475208283000,18.166282958984375,0.0073194317519664764,0.028170917183160782,-0.01804531365633011
1759503475218266000,18.17626611328125,0.010966364294290543,0.012765063904225826,-0.0037974014412611723
1759503475228250000,18.18625,0.00606428412720561,0.008922655135393143,-0.0034914042335003614
1759503475238234000,18.196234130859374,0.0049036783166229725,-0.028659341856837273,0.0032684975303709507
1759503475248216800,18.206216796875,-0.0011720572365447879,-0.025735722854733467,0.006371879018843174
1759503475258200800,18.216200927734373,-0.013264140114188194,0.03454972058534622,0.0020514330826699734
1759503475268184800,18.226184814453124,-0.014791462570428848,0.12128248810768127,-0.00818203017115593
1759503475278168000,18.23616796875,-0.01612171158194542,0.16835066676139832,-0.009751430712640285
1759503475288152000,18.246152099609375,-0.012853747233748436,0.15599173307418823,-0.0032352081034332514
1759503475298136000,18.256135986328125,-0.003312173532322049,0.0834895670413971,0.004489290527999401
1759503475308118800,18.266118896484375,0.006098905112594366,-0.0003225088003091514,0.01267185341566801
1759503475318102800,18.276102783203125,0.013796505518257618,-0.05331169068813324,0.013060142286121845
1759503475328086800,18.286086669921875,0.012782108038663864,-0.07600288838148117,0.009371130727231503
1759503475338070000,18.296070068359374,0.004853078629821539,-0.04424762353301048,0.004860535264015198
1759503475348054000,18.306053955078124,-0.00443975580856204,0.03411456197500229,0.003674097126349807
1759503475358037000,18.316037109375,-0.012754411436617374,0.08912535011768341,0.0024530377704650164
1759503475368021000,18.32602099609375,-0.011875567957758904,0.09240849316120148,0.007056578062474728
1759503475378005000,18.3360048828125,-0.01347719319164753,0.10085444152355194,0.005254683084785938
1759503475387988000,18.345988037109375,-0.018724685534834862,0.0986488088965416,-0.003093261504545808
1759503475397972000,18.355971923828125,-0.020361198112368584,0.06235711649060249,-0.012101936154067516
1759503475407956000,18.3659560546875,-0.014664163812994957,-0.0019632822368294,-0.009260077029466629
1759503475417939000,18.37593896484375,-0.007454986684024334,-0.0526360459625721,-0.01070857048034668
1759503475427923000,18.3859228515625,-0.0008649947121739388,-0.04113944619894028,-0.014640195295214653
1759503475437907000,18.395906982421874,-0.004047205671668053,-0.018435467034578323,-0.01846928894519806
1759503475447890000,18.405889892578124,-0.009585515595972538,-0.00495161535218358,-0.012223110534250736
1759503475457874000,18.4158740234375,-0.0075543224811553955,-0.002400306984782219,0.0001597896625753492
1759503475467858000,18.42585791015625,-0.009182047098875046,0.013055347837507725,0.004990497604012489
1759503475477841000,18.4358408203125,-0.014432468451559544,0.02965642884373665,0.008883506059646606
1759503475487825000,18.445824951171875,-0.013509150594472885,0.031616780906915665,0.005825664848089218
1759503475497808000,18.455807861328125,-0.012616192921996117,0.02900475263595581,0.002280997345224023
1759503475507792000,18.4657919921875,-0.009500294923782349,0.01636113040149212,-0.002923884429037571
1759503475517776100,18.475776123046874,-0.012588762678205967,0.0030357372015714645,-0.006307164207100868
1759503475527758800,18.4857587890625,-0.016395218670368195,0.003372893435880542,-0.003501790575683117
1759503475537742800,18.495742919921874,-0.03026735782623291,0.01799391396343708,-0.0027182884514331818
1759503475547726800,18.505726806640624,-0.039263781160116196,0.03142636641860008,-0.0006578007596544921
1759503475557709800,18.515709716796874,-0.04592408239841461,0.040346089750528336,-0.0006372944335453212
1759503475567693800,18.52569384765625,-0.037878405302762985,0.0306902676820755,-0.006768157705664635
1759503475577678000,18.535677978515626,-0.03128495067358017,0.03321174904704094,-0.013791978359222412
1759503475587661000,18.5456611328125,-0.031125161796808243,0.04746738448739052,-0.017190437763929367
1759503475597644800,18.555644775390626,-0.04127180576324463,0.016157131642103195,-0.01667431741952896
1759503475607628800,18.56562890625,-0.06375687569379807,-0.030289994552731514,-0.008741825819015503
1759503475617611800,18.57561181640625,-0.08629947155714035,-0.029758160933852196,-0.005014199763536453
1759503475627595800,18.585595703125,-0.09987333416938782,-0.026402845978736877,-0.00857351440936327
1759503475637579000,18.5955791015625,-0.09205136448144913,-0.0029473204631358385,-0.013636450283229351
1759503475647563000,18.60556298828125,-0.07694351673126221,0.020730845630168915,-0.014915299601852894
1759503475657547000,18.615547119140626,-0.057257428765296936,0.020417390391230583,-0.010355168953537941
1759503475667529700,18.62552978515625,-0.033238645642995834,-0.02725745365023613,0.005089567042887211
1759503475677513700,18.635513671875,0.003965713083744049,-0.0792684555053711,0.0018306568963453174
1759503475687497700,18.645497802734376,0.004472779110074043,-0.07662314176559448,0.01089552417397499
1759503475697481000,18.65548095703125,-0.0010748518398031592,-0.0553484782576561,-0.0008913599886000156
1759503475707465000,18.66546484375,-0.008103732950985432,-0.002680471632629633,-0.008765527978539467
1759503475717449000,18.675448974609374,-0.018727082759141922,0.045046303421258926,-0.015844477340579033
1759503475727432000,18.685431884765624,-0.01871216855943203,0.06711352616548538,-0.018257567659020424
1759503475737416000,18.695416015625,-0.01335708424448967,0.038599856197834015,-0.013398096896708012
1759503475747399000,18.70539892578125,-0.006138586439192295,0.0008769789128564298,-0.007949802093207836
1759503475757383000,18.7153828125,-0.0002950782363768667,-0.028311798349022865,-0.0033153691329061985
1759503475767367000,18.725366943359376,0.006262423470616341,-0.05264110863208771,-0.002130795270204544
1759503475777350000,18.735349853515626,0.007951932959258556,-0.057365287095308304,-0.0024554345291107893
