time,seconds_elapsed,z,y,x
1759645125878919400,0.05691943359375,6.0562500037431715,7.5448074765443796,-1.6025298889398574
1759645125888877300,0.066877197265625,6.054815587025881,7.546033218947053,-1.6021758148051797
1759645125898834200,0.076834228515625,6.053244392186403,7.547266560134291,-1.6023042634904383
1759645125908792300,0.086792236328125,6.051648062905669,7.547918886563181,-1.60526179812178
1759645125918749400,0.09674951171875,6.050671326828002,7.547408598953485,-1.6113317656852304
1759645125928707300,0.106707275390625,6.050465575122833,7.545733943739533,-1.6199192690275608
1759645125938664200,0.116664306640625,6.050426996678113,7.543453723847866,-1.6306486067041754
1759645125948621300,0.126621337890625,6.0499856826514,7.541141939774155,-1.6429374487824737
1759645125958579200,0.1365791015625,6.048785659211874,7.53934219687581,-1.6555635599911211
1759645125968536300,0.146536376953125,6.046801791918277,7.538463075953722,-1.6667749820962547
1759645125978494200,0.156494140625,6.044423956871032,7.5384735973477355,-1.675332967083156
1759645125988451300,0.166451416015625,6.041971303021907,7.53915690343678,-1.6810934303060172
1759645125998409200,0.1764091796875,6.040093818712234,7.5399085985869165,-1.6844693364799022
1759645126008366300,0.186366455078125,6.038937049892544,7.5405223465710876,-1.6858692664057016
1759645126018324500,0.196324462890625,6.037597910243273,7.541485638645291,-1.6863539811827242
1759645126028281000,0.206281005859375,6.035455637517571,7.5431889354318375,-1.6864061497613787
1759645126038239200,0.2162392578125,6.032769174912572,7.545279770231247,-1.6866605629138647
1759645126048196400,0.2261962890625,6.030095571789145,7.5472490244776,-1.6874159113258123
1759645126058154200,0.236154296875,6.0280117512524125,7.5491779467135665,-1.686232254499197
1759645126068111000,0.246111083984375,6.025931437847018,7.551794851213693,-1.6819428867422044
1759645126078069200,0.2560693359375,6.023322132131457,7.555339391952753,-1.6753581015244126
1759645126088026400,0.2660263671875,6.020487785488367,7.559302450364828,-1.6676485500603913
1759645126097983500,0.2759833984375,6.018189445418119,7.562697938022017,-1.660537110619992
1759645126107941400,0.28594140625,6.016769641748071,7.564920290246605,-1.6555498237267137
1759645126117898200,0.295898193359375,6.015851942381262,7.5660075009614225,-1.6539192999154329
1759645126127856000,0.305856201171875,6.014792204195261,7.5665563670158384,-1.6552620928265154
1759645126137813200,0.315813232421875,6.013491642990708,7.567045027315616,-1.6577523022070526
1759645126147771400,0.325771484375,6.011936230242252,7.5677750951558345,-1.660058533322811
1759645126157728500,0.335728515625,6.0100271817505355,7.568838924995064,-1.662115465852618
1759645126167686100,0.34568603515625,6.007865035280585,7.57009681610167,-1.6642038164339958
1759645126177643300,0.355643310546875,6.005418811172246,7.571544092300534,-1.6664501340560613
1759645126187601400,0.365601318359375,6.002714812910557,7.5730737860858435,-1.6692413722097872
1759645126197558500,0.37555859375,5.999478899729252,7.574729152077436,-1.6733537759646773
1759645126207516400,0.385516357421875,5.996110300078988,7.576171752101183,-1.6788906595647335
1759645126217473300,0.395473388671875,5.992994798406958,7.577261300903558,-1.6850835228554903
1759645126227430400,0.405430419921875,5.990605272921919,7.578337405702471,-1.6887385382317006
1759645126237388300,0.41538818359375,5.987716565743089,7.580983536297082,-1.6871099141165613
1759645126247345200,0.42534521484375,5.983431435769796,7.585720501691102,-1.681008382371068
1759645126257303300,0.43530322265625,5.978085398566723,7.591698991578817,-1.6730141687467692
1759645126267260400,0.445260498046875,5.972795475465059,7.597550640216469,-1.6653297517240047
1759645126277218300,0.45521826171875,5.968664659270644,7.602120432350039,-1.6592743972077966
1759645126287175400,0.465175537109375,5.965951308658719,7.604891066107154,-1.6563361517988144
1759645126297133600,0.475133544921875,5.9637751336634155,7.606553446361422,-1.65654044219926
1759645126307090200,0.485090087890625,5.9611085448026655,7.608195952871442,-1.6585959134243429
1759645126317048300,0.49504833984375,5.957661034697294,7.610578464093804,-1.6600465506240725
1759645126327005400,0.50500537109375,5.953885023289919,7.613633175489306,-1.6595862396359442
1759645126336962300,0.51496240234375,5.950037700212001,7.617157842484116,-1.6572103042848407
1759645126346920200,0.524920166015625,5.946141861817241,7.620888261184096,-1.654042049512267
1759645126356877300,0.534877197265625,5.942314412483572,7.624333433201909,-1.6519158511385321
1759645126366835500,0.54483544921875,5.938854627418518,7.62718414645791,-1.651200104084611
1759645126376792300,0.554792236328125,5.936020865297317,7.629518726885318,-1.6506066682361065
1759645126386750200,0.564750244140625,5.933901973447203,7.631397380238771,-1.6495326092638074
1759645126396707300,0.574707275390625,5.93217295769751,7.63303988674879,-1.6481528453432022
1759645126406665200,0.584665283203125,5.930415884897113,7.634650829076767,-1.6470160963982343
1759645126416622300,0.594622314453125,5.928486962661147,7.636214425131678,-1.646713752450794
1759645126426580500,0.60458056640625,5.926114388310909,7.638264343398809,-1.645741254156828
1759645126436537300,0.614537353515625,5.923066691178083,7.641110380479693,-1.643502096927911
1759645126446495200,0.6244951171875,5.919367836660147,7.644560813194513,-1.6407826088361441
1759645126456452400,0.634452392578125,5.915846092274784,7.647952209198475,-1.6376751443400979
1759645126466409500,0.644409423828125,5.913059091904759,7.650712321561574,-1.634844450958818
1759645126476367400,0.654367431640625,5.911299096494913,7.652392237472534,-1.633344129398465
1759645126486324200,0.66432421875,5.910574289351701,7.652982604581117,-1.6332025289706884
1759645126496282400,0.674282470703125,5.910339896073937,7.6529481177896255,-1.634214044100791
1759645126506239500,0.684239501953125,5.909950019973516,7.652938180917501,-1.635673449128866
1759645126516197400,0.694197265625,5.9093806956529615,7.653093663740157,-1.6369968066871166
1759645126526154200,0.704154296875,5.909083174011111,7.653119382703304,-1.6379511848025023
1759645126536112400,0.7141123046875,5.908751165577769,7.653532055157423,-1.6372200940489767
1759645126546069500,0.724069580078125,5.907994209730624,7.654685901367664,-1.6345590581461786
1759645126556027400,0.73402734375,5.906567976319789,7.656406733810901,-1.6316491620488465
1759645126565984300,0.743984375,5.904978076779842,7.658046317711472,-1.629704019330442
1759645126575941400,0.75394140625,5.903922430247068,7.659114823725819,-1.628507356891781
1759645126585899300,0.763899169921875,5.903550674325228,7.659704606312513,-1.6270799544371664
1759645126595856400,0.7738564453125,5.903403959330916,7.660352256566286,-1.6245594960488379
1759645126605814300,0.783814208984375,5.902944525125623,7.661433622062206,-1.6211327364705501
1759645126615771400,0.793771484375,5.9023985816806555,7.662763409361243,-1.6168313860148191
1759645126625729300,0.803729248046875,5.901944408172369,7.6640306528180835,-1.6124708527177571
1759645126635686400,0.813686279296875,5.902061312550306,7.664647323411702,-1.609110436373949
1759645126645644500,0.82364453125,5.903080134204029,7.664253355658054,-1.6072509261123835
1759645126655601200,0.83360107421875,5.905432834810018,7.6626108491480345,-1.6064420939475297
1759645126665559300,0.843559326171875,5.908739475139975,7.660368038657307,-1.604976551439613
1759645126675516400,0.853516357421875,5.912112750965356,7.658400537976622,-1.6019377682656049
1759645126685473500,0.8634736328125,5.914727317377925,7.657348398575186,-1.597311423639208
1759645126695431200,0.87343115234375,5.916350534665584,7.657118681472539,-1.592393256459385
1759645126705388300,0.88338818359375,5.917356496837735,7.65713680165112,-1.5885668300390243
1759645126715346400,0.893346435546875,5.918098839637636,7.65702340440452,-1.5863412629440425
1759645126725303300,0.90330322265625,5.919017123526334,7.656489151397347,-1.5854903452031313
1759645126735261400,0.913261474609375,5.920605269500613,7.655263408994674,-1.5854874225936828
1759645126745218300,0.92321826171875,5.922658110377192,7.6536559737980365,-1.5855794847913085
1759645126755176200,0.93317626953125,5.924929562440514,7.652095884874463,-1.5846256911978125
1759645126765133300,0.94313330078125,5.926514201283455,7.651318470761179,-1.5824483471587298
1759645126775091500,0.953091552734375,5.926713523247837,7.651631774494051,-1.5801846400104462
1759645126785048300,0.96304833984375,5.925818620234727,7.652646504494547,-1.5786268891744315
1759645126795005400,0.97300537109375,5.925154603368044,7.653399953210354,-1.5774661748319863
1759645126804963300,0.98296337890625,5.925365615770221,7.6535478372484445,-1.5759546012252568
1759645126814920400,0.99292041015625,5.925728019341826,7.653646036925911,-1.5741152569688857
1759645126824878300,1.00287841796875,5.925338143241405,7.654220621943473,-1.5727895613230765
1759645126834835200,1.012835205078125,5.9242339813917875,7.65521489367783,-1.5721106391482054
1759645126844793300,1.02279345703125,5.923101177969574,7.656216179674863,-1.5715011289477347
1759645126854750500,1.03275048828125,5.922706041172146,7.656867921581864,-1.5698121529474853
1759645126864708400,1.042708251953125,5.922827621725201,7.657536614623665,-1.5660913788586854
1759645126874665200,1.052665283203125,5.922596151056886,7.658583493328094,-1.5618432198949157
1759645126884622300,1.062622314453125,5.921943824627995,7.659805728599428,-1.5583105157241224
1759645126894580500,1.07258056640625,5.921269286367297,7.660696539959311,-1.556493237169087
1759645126904537300,1.082537353515625,5.920694116827845,7.661113888588547,-1.5566345453359185
1759645126914495200,1.0924951171875,5.920201364874839,7.661187538346648,-1.558143634724617
1759645126924452400,1.102452392578125,5.919626195335388,7.661312626031041,-1.559715998607874
1759645126934410200,1.11241015625,5.9191287672072646,7.661600210800766,-1.560185661946237
1759645126944367400,1.122367431640625,5.91878331477046,7.661918190708756,-1.5599351943165063
1759645126954325500,1.132325439453125,5.918681607961655,7.662031003433466,-1.5597686055779456
1759645126964282400,1.142282470703125,5.918654135432839,7.66193046566844,-1.5603659869492053
1759645126974239200,1.1522392578125,5.918724278059601,7.661759785276651,-1.5609364803135395
1759645126984197400,1.162197265625,5.918859302616119,7.661653402292728,-1.560945686533302
1759645126994154200,1.172154296875,5.918943473768234,7.661735819879174,-1.5602227790862322
1759645127004112100,1.182112060546875,5.918956333249807,7.662049123612046,-1.558635802155733
1759645127014069200,1.1920693359375,5.918711418578028,7.662607342016696,-1.5568177929483353
1759645127024027400,1.20202734375,5.918083057546616,7.663332733681798,-1.555634866774082
1759645127033984500,1.211984619140625,5.917373447972536,7.663907318699359,-1.5555081716544925
1759645127043942100,1.221942138671875,5.916922781595588,7.664142881020903,-1.5560637597106397
1759645127053899300,1.231899169921875,5.91673164293766,7.664025976642966,-1.5573641747847198
1759645127063856400,1.2418564453125,5.916452825996279,7.6638231475472445,-1.5594199382707477
1759645127073814300,1.251814208984375,5.9159185729891055,7.663649544546008,-1.5622934478804469
1759645127083771100,1.261771240234375,5.915177983754873,7.663503414073586,-1.5658112467430532
1759645127093729300,1.271729248046875,5.9144297957360745,7.663502829551696,-1.5686390175148843
1759645127103686100,1.28168603515625,5.913480532187223,7.663920762702822,-1.570175871693343
1759645127113644000,1.29164404296875,5.912208028033375,7.664612836620211,-1.57158895336166
1759645127123601200,1.30160107421875,5.910871810993552,7.6651131873577825,-1.5741713710702956
1759645127133559300,1.311559326171875,5.909437978798151,7.665455717185139,-1.5778838157221673
1759645127143516200,1.32151611328125,5.908319788423181,7.665583142957091,-1.581448522466421
1759645127153473000,1.33147314453125,5.907338960692286,7.665822212409973,-1.5839527603723107
1759645127163431200,1.34143115234375,5.9062137560546395,7.666390367686748,-1.5854000365711747
1759645127173388300,1.35138818359375,5.90462736364603,7.66739457629323,-1.5864482304498553
1759645127183346200,1.36134619140625,5.902503795620799,7.668766449168324,-1.5877200039513408
1759645127193303000,1.371302978515625,5.900398347774147,7.66991035850644,-1.5900155675426124
1759645127203261200,1.38126123046875,5.898869238510728,7.670486697089672,-1.5929093892879784
1759645127213218300,1.39121826171875,5.897862107294798,7.670757330724596,-1.595336324173957
1759645127223176200,1.40117626953125,5.896356378906965,7.671547604319453,-1.597098949932307
1759645127233133000,1.411133056640625,5.894244501319528,7.672960393726825,-1.5981097344100474
1759645127243090200,1.421090087890625,5.891900568541884,7.674737340271473,-1.5982164096549152
1759645127253048000,1.431048095703125,5.889274311691522,7.676787258538603,-1.5980486518725752
1759645127263005200,1.441005126953125,5.88677957226634,7.678696891552209,-1.5980670643121002
1759645127272963000,1.450963134765625,5.884957617536187,7.680147090360522,-1.597809436289221
1759645127282920200,1.460920166015625,5.883450135582685,7.681560464289784,-1.5965714189268647
1759645127292878000,1.470878173828125,5.88185497534573,7.683123475822806,-1.5949218981541693
1759645127302835200,1.480835205078125,5.880059908622503,7.684631542298197,-1.5942776089012622
1759645127312792000,1.4907919921875,5.878452473425865,7.68557729871571,-1.5956471436887978
1759645127322750200,1.500750244140625,5.87734246635735,7.685735704147815,-1.598969127718359
1759645127332707000,1.51070703125,5.87665214600563,7.685233599844574,-1.6039128677308558
1759645127342665200,1.520665283203125,5.876098603776097,7.684435142943262,-1.6097563330620526
1759645127352622300,1.530622314453125,5.875584224513172,7.683530887579917,-1.615937944306433
1759645127362580000,1.540580078125,5.874543191027641,7.683149194785952,-1.6215299190945922
1759645127372537000,1.550537109375,5.873140923014283,7.683462498518824,-1.6251153763659298
1759645127382495200,1.5604951171875,5.871104448750615,7.684465538081526,-1.6277284814737736
1759645127392452400,1.570452392578125,5.868612631934881,7.685845594263077,-1.630197209674865
1759645127402409000,1.580408935546875,5.866122568684816,7.687218051660061,-1.632688441968709
1759645127412367000,1.5903671875,5.863999000659585,7.6882894802838555,-1.6352705674163996
1759645127422324200,1.60032421875,5.862489180618525,7.688937130537629,-1.637637442678213
1759645127432282000,1.6102822265625,5.861386772334575,7.689315316200256,-1.6398051421061157
1759645127442239000,1.620239013671875,5.860448030179739,7.6894953489422795,-1.6423149329699576
1759645127452197000,1.630197021484375,5.8591059679210185,7.689898669046163,-1.6452132847599685
1759645127462154200,1.640154296875,5.857335451117158,7.690625814276933,-1.6481141207680106
1759645127472112000,1.650112060546875,5.855493622642755,7.691659248977899,-1.6498348070807753
1759645127482069200,1.6600693359375,5.8534583174228665,7.692922400781512,-1.6511666402064262
1759645127492026000,1.670026123046875,5.851383849236369,7.694049358984827,-1.6532712112702428
1759645127501984000,1.67998388671875,5.849163835099339,7.695082209163904,-1.6563139399670064
1759645127511941000,1.689941162109375,5.846889460426569,7.6961349330872295,-1.6594490231223404
1759645127521899300,1.699899169921875,5.8442731404483315,7.697673979222774,-1.661528021353483
1759645127531856100,1.709856201171875,5.841531148263812,7.699731496274471,-1.6616371808163821
1759645127541814000,1.71981396484375,5.838724858671426,7.702161938291788,-1.6602378354124725
1759645127551771100,1.729771240234375,5.835838489580154,7.704682981202006,-1.6586862220562995
1759645127561728300,1.739728271484375,5.832989529889821,7.706904748904704,-1.6583854855440556
1759645127571686100,1.74968603515625,5.830272672146559,7.708539656630158,-1.6603436338745057
1759645127581643000,1.75964306640625,5.827692592525482,7.709706946843862,-1.6639694231562316
1759645127591601200,1.76960107421875,5.825224741107225,7.710772530248761,-1.6676716386750339
1759645127601558300,1.779558349609375,5.822555229637026,7.712312160906195,-1.6698770397648215
1759645127611516200,1.78951611328125,5.819498764675855,7.714463201460242,-1.6705942481234668
1759645127621473000,1.79947314453125,5.816402552226186,7.71692988383472,-1.6699799156174062
1759645127631430100,1.80943017578125,5.813700307530165,7.719193737113476,-1.668931429477781
1759645127641388300,1.81938818359375,5.811774892425537,7.720749149861931,-1.6684436459608376
1759645127651345200,1.82934521484375,5.8104445206046105,7.721597291123866,-1.6691462412722409
1759645127661303000,1.839302978515625,5.809513961756229,7.721950342345237,-1.6707549916431306
1759645127671260200,1.84926025390625,5.808805521225929,7.7224325729042285,-1.6709896771818398
1759645127681218000,1.859218017578125,5.8078276161044835,7.723577066764235,-1.6690996256515382
1759645127691175200,1.869175048828125,5.806412488609552,7.725331801477074,-1.6658955689132213
1759645127701132000,1.879132080078125,5.804747770267725,7.727320929467678,-1.6624701245091855
1759645127711090200,1.889090087890625,5.803206970566511,7.728954083627462,-1.6602527407206593
1759645127721047000,1.899047119140625,5.801928621193766,7.730006223028898,-1.659823263262212
1759645127731005200,1.909005126953125,5.800487774735688,7.7308333215028044,-1.661006043305993
1759645127740962300,1.91896240234375,5.798579895287752,7.731870263335108,-1.6628437801271676
1759645127750920000,1.928919921875,5.796220180419087,7.733288897961378,-1.6644732810251415
1759645127760877000,1.938876953125,5.793631332969666,7.735222496372461,-1.6644966619007289
1759645127770834200,1.948834228515625,5.79095597628057,7.737438418856263,-1.6635072124719619
1759645127780792300,1.958792236328125,5.788469420161843,7.739478984773158,-1.6626674006469546
1759645127790749200,1.968749267578125,5.786307273691892,7.741047841525077,-1.6628892267040907
1759645127800707000,1.97870703125,5.784618005430698,7.742206948432326,-1.6633723340459168
1759645127810664200,1.988664306640625,5.78293633595407,7.743639027062058,-1.662551373051852
1759645127820622000,1.9986220703125,5.780704631379247,7.745754996302724,-1.660459515339136
1759645127830579000,2.008578857421875,5.777813586112856,7.748439120820164,-1.6579976552702484
1759645127840537000,2.018537109375,5.774656583386659,7.7511939724862575,-1.6561133028283714
1759645127850494200,2.028494140625,5.771710593062639,7.753597526496648,-1.6551314521841705
1759645127860451300,2.038451416015625,5.76924683329761,7.7554294180989265,-1.655138612577319
1759645127870409200,2.0484091796875,5.767376947772503,7.756765635138749,-1.6553955099478364
1759645127880366000,2.058365966796875,5.766115549534559,7.757740617650747,-1.655221760816127
1759645127890324200,2.06832421875,5.765104326665401,7.7586589015394445,-1.654438793744892
1759645127900281000,2.078281005859375,5.764059201526641,7.7596572649270295,-1.6533999522164462
1759645127910238200,2.08823828125,5.762907693403959,7.760666734230518,-1.6526767525084316
1759645127920196000,2.098196044921875,5.7621676886916156,7.761178775405884,-1.652851232292503
1759645127930153200,2.1081533203125,5.76184386356473,7.7613611462354655,-1.6531237656235693
1759645127940111000,2.118111083984375,5.761585504889488,7.761414922249316,-1.653771708138287
1759645127950068200,2.128068115234375,5.761193875223398,7.7616183358669275,-1.6541821886353194
1759645127960026400,2.1380263671875,5.7605929867208,7.762314501437545,-1.6530035002447663
1759645127969983000,2.14798291015625,5.759551368713378,7.763640781605243,-1.650401647183299
1759645127979940000,2.157940185546875,5.757986019092798,7.765575549060106,-1.6467589067667723
1759645127989898200,2.167898193359375,5.756206734460592,7.767752893099188,-1.6427072932884097
1759645127999855000,2.177855224609375,5.754752443999052,7.769827361285686,-1.6379847948111592
1759645128009813000,2.18781298828125,5.754334510847926,7.771039659684896,-1.6336957193151116
1759645128019770000,2.19777001953125,5.7545233114182945,7.771447071442007,-1.6310894823394715
1759645128029728300,2.207728271484375,5.75533404327929,7.771007510980963,-1.6303221512287853
1759645128039685400,2.217685302734375,5.756338251885771,7.770563274344801,-1.6288928490780292
1759645128049642000,2.22764208984375,5.756659738925099,7.770514759027957,-1.627993416020274
1759645128059600100,2.23760009765625,5.756186860716342,7.770665565675497,-1.6289406337425112
1759645128069557200,2.24755712890625,5.754750690433383,7.771334843239187,-1.6308233787491917
1759645128079515100,2.25751513671875,5.75285333237946,7.772438420566916,-1.6322560419008134
1759645128089472000,2.267471923828125,5.750549147090315,7.774100800821184,-1.6324607706926761
1759645128099430100,2.27743017578125,5.74768732791841,7.776340688702463,-1.6318740568459034
1759645128109386800,2.28738671875,5.744609235647321,7.7787547641068695,-1.6312018566727637
1759645128119343900,2.29734375,5.741781318745017,7.780831570380926,-1.6312538791209459
1759645128129301800,2.3073017578125,5.739604559227824,7.782302227455377,-1.631897145460546
1759645128139259000,2.3172587890625,5.737837549555302,7.783488806891441,-1.6324521489948034
1759645128149216800,2.327216796875,5.736187444260716,7.784715718337893,-1.63240246463418
1759645128159173600,2.337173583984375,5.734382440665364,7.786125585135817,-1.6320187260136008
1759645128169131800,2.3471318359375,5.7321682717472315,7.7878382342725985,-1.631626511825621
1759645128179089000,2.3570888671875,5.729505190017819,7.78981274921596,-1.6315550540246069
1759645128189045800,2.367045654296875,5.726704745644331,7.791877865052223,-1.6315261201910674
1759645128199003600,2.377003662109375,5.723877413263916,7.79393479758203,-1.631625488912314
1759645128208960800,2.386960693359375,5.721065862974524,7.795979455152153,-1.6317190124146639
1759645128218919000,2.3969189453125,5.718470585784316,7.797953970095515,-1.6313782361529767
1759645128228875800,2.406875732421875,5.716325974971055,7.799602906346321,-1.6310095489710568
1759645128238834000,2.416833984375,5.714268457919359,7.801100451427698,-1.6310579181574285
1759645128248790800,2.426790771484375,5.712371684387326,7.802377631756663,-1.631593924730271
1759645128258748000,2.436747802734375,5.710208953395486,7.803685207223892,-1.6329079299382865
1759645128268705800,2.446705810546875,5.708087138935923,7.804950112593174,-1.634286086423695
1759645128278662700,2.45666259765625,5.7057028741478915,7.806493250381946,-1.6352417797133325
1759645128288620800,2.466620849609375,5.702959712919593,7.808359044253826,-1.6358964442297814
1759645128298577700,2.47657763671875,5.700181480377912,7.810390842342376,-1.6358821234434842
1759645128308534800,2.48653466796875,5.697620105457306,7.812362434676289,-1.6353924402303992
1759645128318493000,2.496492919921875,5.695665464258194,7.813841859579086,-1.6351336431637404
1759645128328449800,2.50644970703125,5.694287161642313,7.81489633706808,-1.634893989188969
1759645128338407700,2.51640771484375,5.693018749141693,7.8160431690156456,-1.6338276751317082
1759645128348364800,2.52636474609375,5.691445800736546,7.8175190867871045,-1.632246835681051
1759645128358323000,2.536322998046875,5.689636705487966,7.81911132441461,-1.630925085557997
1759645128368279800,2.54627978515625,5.687769742572307,7.820607700452208,-1.630262383865565
1759645128378236700,2.556236572265625,5.6859226534008975,7.821952685320377,-1.6302531776458025
1759645128388194800,2.56619482421875,5.683693871435523,7.823667088022828,-1.6298010499641298
1759645128398152000,2.57615185546875,5.681229527148604,7.825748570472002,-1.6283979051679371
1759645128408109800,2.58610986328125,5.678594502469897,7.8281001020342105,-1.6262848585367202
1759645128418066700,2.596066650390625,5.676141264098883,7.83022776171267,-1.6246061116695403
1759645128428023800,2.60602392578125,5.674245075088739,7.831703094962239,-1.624116282325983
1759645128437982000,2.61598193359375,5.673077200353145,7.832425564017892,-1.6247078184783457
1759645128447938600,2.6259384765625,5.671958425456285,7.83308139757812,-1.625453376148641
1759645128457896700,2.635896728515625,5.6703410533875225,7.834316492331028,-1.6251498631574213
1759645128467853800,2.645853759765625,5.668159033173322,7.836167673155665,-1.6238349811665713
1759645128477811700,2.655811767578125,5.6658484181433915,7.838140434533357,-1.622376891312748
1759645128487768800,2.665768798828125,5.66381778909862,7.839773004171252,-1.621579749585688
1759645128497725700,2.6757255859375,5.662395062819123,7.840659139356017,-1.6222651015013456
1759645128507683800,2.685683837890625,5.661552766776085,7.840767860427499,-1.6246723087735473
1759645128517640700,2.695640625,5.66085367859602,7.840619976389408,-1.6278192284971476
1759645128527598800,2.705598876953125,5.6596519015908235,7.841146630612015,-1.629463196311891
1759645128537555700,2.7155556640625,5.657590877407789,7.842800827559828,-1.6286599171049891
1759645128547512800,2.725512939453125,5.655189661484957,7.845122548505663,-1.625810372892767
1759645128557470700,2.735470703125,5.652924054640531,7.847427318316698,-1.6225670070573686
1759645128567427800,2.745427734375,5.651500159317255,7.848899144434928,-1.6204079293273388
1759645128577386000,2.755385986328125,5.651123142698407,7.8491931589454405,-1.6202955549940465
1759645128587342800,2.7653427734375,5.651424755993485,7.848573565742373,-1.6222463968008756
1759645128597300700,2.77530078125,5.651818723747134,7.847855772861838,-1.6243458532981574
1759645128607257900,2.7852578125,5.652038503977656,7.847450114670395,-1.6255374011702834
1759645128617214700,2.795214599609375,5.6519286138623945,7.847477587199211,-1.6257827542334795
1759645128627172600,2.805172607421875,5.651475609397888,7.847877400171757,-1.6254313104473053
1759645128637129700,2.815129638671875,5.650718653550744,7.8485396634727715,-1.6248654932580888
1759645128647087900,2.825087890625,5.650004367801547,7.849189067292213,-1.6242131668291986
1759645128657045000,2.835044921875,5.6497255508601665,7.849522244769334,-1.6235739921428263
1759645128667001600,2.845001708984375,5.6498693432450295,7.849551470863819,-1.6229317487165331
1759645128676959700,2.854959716796875,5.650056974771618,7.849425798657536,-1.6228884940966963
1759645128686916900,2.864916748046875,5.650208950462937,7.849224723127484,-1.6233311232976615
1759645128696874800,2.874874755859375,5.650385476073622,7.848933046704531,-1.6241269498504698
1759645128706831600,2.88483154296875,5.650525176805258,7.848644292891025,-1.6250342739537358
1759645128716788700,2.894788818359375,5.650805162790418,7.8482672762721775,-1.6258768622577189
1759645128726747000,2.904746826171875,5.651166397318244,7.847965078455209,-1.626086851746589
1759645128736704000,2.9147041015625,5.651204391241073,7.848014762815833,-1.6257150958247482
1759645128746662000,2.924661865234375,5.650605256304145,7.848686378467082,-1.6245491207852958
1759645128756618800,2.93461865234375,5.64953265863657,7.849725073865056,-1.623263026497513
1759645128766576600,2.94457666015625,5.648503315588831,7.850549834251403,-1.6228591218717396
1759645128776533800,2.95453369140625,5.648071938434243,7.850648033928871,-1.6238801354825496
1759645128786490600,2.96449072265625,5.64822625221312,7.850069357258081,-1.6261441348917782
1759645128796448800,2.97444873046875,5.648631910404562,7.849320000195503,-1.6283518740691243
1759645128806406000,2.984406005859375,5.6490480899900195,7.848779317447542,-1.6295122961506248
1759645128816363800,2.99436376953125,5.649460177922249,7.848612728708982,-1.6288865654677152
1759645128826321000,3.00432080078125,5.649862913504243,7.848684624901414,-1.6271413292355834
1759645128836277800,3.01427783203125,5.65046497105062,7.848613897752761,-1.6253901016540824
1759645128846235600,3.024235595703125,5.65130434448421,7.848159724244475,-1.6246679248593747
1759645128856192800,3.03419287109375,5.652489754876494,7.847201108345389,-1.6251739746853708
1759645128866151000,3.04415087890625,5.653962750038504,7.846029141956567,-1.6257101273886858
1759645128876107800,3.054107666015625,5.655605841070413,7.845012658390402,-1.6248944270916281
1759645128886064600,3.064064697265625,5.6571624228626485,7.844353902220726,-1.6226542469494043
1759645128896022800,3.074022705078125,5.658748230749368,7.843761781546473,-1.6199831280440091
1759645128905980000,3.08397998046875,5.660378462299704,7.842963909167051,-1.6181491906151175
1759645128915937800,3.093937744140625,5.6616474593222135,7.84218240340054,-1.6174974487081168
1759645128925894700,3.103894775390625,5.6626686190634965,7.8413079586535686,-1.6181623423576355
1759645128935852800,3.113852783203125,5.663617882612347,7.84035343440771,-1.6194687487810848
1759645128945810000,3.123809814453125,5.664263779300451,7.839826195663213,-1.6197611558564007
1759645128955766800,3.133766845703125,5.664166748666763,7.840023764061927,-1.6191455081760882
1759645128965724700,3.143724609375,5.66368802523911,7.840604194298386,-1.618009051492065
1759645128975681800,3.153681884765625,5.663253725475072,7.841178194794058,-1.6167466303408145
1759645128985640000,3.163639892578125,5.663213977986574,7.841354135882854,-1.6160291297212241
1759645128995596800,3.1735966796875,5.663662306275963,7.841111559298634,-1.615635746489465
1759645129005553700,3.1835537109375,5.6646437185287475,7.840475014960766,-1.6152835720509289
1759645129015511800,3.19351171875,5.665642666438222,7.839923226296901,-1.614457350359857
1759645129025469000,3.203468994140625,5.666257583466172,7.83975722208023,-1.6131052050985395
1759645129035426800,3.2134267578125,5.666480870828032,7.839853668192029,-1.6118534514717757
1759645129045383700,3.2233837890625,5.66643001742363,7.840007397449016,-1.611282081324607
1759645129055340800,3.2333408203125,5.666309605914354,7.840043053284287,-1.611532256693393
1759645129065298700,3.243298583984375,5.666159968310594,7.839916796556115,-1.6126732434220612
1759645129075255800,3.253255859375,5.666008577141166,7.839755468514562,-1.6139904635004698
1759645129085214000,3.2632138671875,5.665646173569559,7.839915042990445,-1.6144877454981208
1759645129095170800,3.2731708984375,5.665040608891845,7.840453972172737,-1.6139973316326737
1759645129105128000,3.2831279296875,5.664435044214129,7.841105714079737,-1.6129538139291106
1759645129115085800,3.2930859375,5.663647693228722,7.841793696343898,-1.6123722146488726
1759645129125042700,3.303042724609375,5.662748698562384,7.842358344489336,-1.612783718059212
1759645129135000800,3.313000732421875,5.66199057367146,7.842640668562054,-1.6140714197821915
1759645129144957700,3.322957763671875,5.661473856320977,7.842814271563291,-1.615041726119071
1759645129154914800,3.332914794921875,5.66105709221363,7.843110039639472,-1.6150648147337137
1759645129164873000,3.342873046875,5.660596488964558,7.843594023764133,-1.6143274403698742
1759645129174829800,3.352829833984375,5.6601078286647795,7.8441756230443715,-1.6132148029528557
1759645129184787700,3.36278759765625,5.659753023877739,7.84458829549849,-1.612454193843901
1759645129194744800,3.372744873046875,5.6594812211990355,7.844847823217511,-1.6121452740252018
1759645129204702000,3.382701904296875,5.65949057354927,7.84494193124175,-1.6116531065940856
1759645129214659600,3.39265966796875,5.659567730438709,7.845010904824734,-1.611047395785898
1759645129224616700,3.40261669921875,5.659329245507717,7.845383245268463,-1.6100765049271284
1759645129234574800,3.412574951171875,5.65887624104321,7.845932695844769,-1.6089923629522322
1759645129244532000,3.422531982421875,5.65831626907289,7.8464844845086335,-1.6082630257643757
1759645129254489900,3.43248974609375,5.657841637298464,7.8468854665249586,-1.6079815784744917
1759645129264446700,3.44244677734375,5.657739930489659,7.846962623414397,-1.6079606818169354
1759645129274403800,3.45240380859375,5.657808904072642,7.846907678356766,-1.6079862546496093
1759645129284361700,3.46236181640625,5.657604905933141,7.847051470741629,-1.6080046670891344
1759645129294318600,3.472318603515625,5.657144887205958,7.847517334687709,-1.607349125789851
1759645129304276700,3.48227685546875,5.656552182009816,7.848130498149991,-1.6064437013827264
1759645129314233900,3.49223388671875,5.656240631842613,7.848440294751525,-1.606023576274514
1759645129324191000,3.50219091796875,5.656447552591562,7.84807555309236,-1.6070776153720914
1759645129334148900,3.51214892578125,5.65717878947556,7.846951517498493,-1.6099867808170616
1759645129344105700,3.522105712890625,5.658550662350654,7.8452149029642335,-1.6136295212335883
1759645129354064000,3.53206396484375,5.660170957028866,7.8434315266788,-1.6166085370443761
1759645129364020700,3.542020751953125,5.6616410295814275,7.841970806476473,-1.6185479806743561
1759645129373977900,3.551977783203125,5.662522488591074,7.841144292524456,-1.619471232999116
1759645129383935700,3.561935791015625,5.6629404217422,7.8407374652892345,-1.6199777212165296
1759645129393892900,3.571892822265625,5.663153187710046,7.840500149402022,-1.6203827948860823
1759645129403850800,3.581850830078125,5.66322099224925,7.8403084262222045,-1.6210707771502435
1759645129413807900,3.591807861328125,5.663420898735523,7.839936085778475,-1.6221752312608062
1759645129423764700,3.6017646484375,5.664002498015761,7.839237582120299,-1.6235197777375578
1759645129433722600,3.61172265625,5.664289498263597,7.838715019550919,-1.6250398269116877
1759645129443679700,3.6216796875,5.663953398177028,7.83841515982151,-1.6276552701070903
1759645129453638000,3.631637939453125,5.66353721859157,7.838103609654307,-1.6306008220396935
1759645129463594800,3.6415947265625,5.663044466638564,7.8380340515494344,-1.6326441644355654
1759645129473552000,3.6515517578125,5.6621910646796225,7.83841515982151,-1.6337781369015574
1759645129483509800,3.661509765625,5.660639159062504,7.839464376613497,-1.6341190592937171
1759645129493467000,3.671466796875,5.6583045786350965,7.841204498279094,-1.6338571934871375
1759645129503424800,3.6814248046875,5.6548740196645255,7.843698068660498,-1.6337673232465981
1759645129513381600,3.691381591796875,5.650215380203724,7.846926383057236,-1.6343810712307691
1759645129523338800,3.7013388671875,5.644468360984325,7.85076084665358,-1.6358226483412086
1759645129533297000,3.711296875,5.638372382196784,7.8546993551462885,-1.6379370101466775
1759645129543254000,3.72125390625,5.632913532269001,7.857958064681291,-1.6410883137844503
1759645129553210600,3.731210693359375,5.628693284225464,7.86051534794867,-1.643320456750691
1759645129563168800,3.741168701171875,5.62567890484035,7.862228581607341,-1.6454454860806464
1759645129573126000,3.7511259765625,5.622879044988751,7.863495240542292,-1.648959193290025
1759645129583083800,3.761083740234375,5.62017796933651,7.864523414546251,-1.6532526527002454
1759645129593040600,3.77104052734375,5.617890735182166,7.865489629229903,-1.656427483344078
1759645129602997800,3.780997802734375,5.6164025424510235,7.866329002663493,-1.657488390573859
1759645129612956000,3.790955810546875,5.615504132306575,7.867076021638512,-1.6569887704886495
1759645129622912800,3.800912841796875,5.614934807986021,7.867753482508659,-1.65570106876567
1759645129632870700,3.81087060546875,5.614639624431729,7.8683555400550365,-1.6538419968955218
1759645129642827800,3.820827880859375,5.614727302715182,7.868727295976877,-1.6517741045802832
1759645129652785000,3.830784912109375,5.615105488377809,7.868857644358277,-1.6498673941761255
1759645129662742800,3.84074267578125,5.615452694380283,7.8689184346348044,-1.648397467754036
1759645129672699600,3.85069970703125,5.616069364973902,7.868804452866315,-1.6468340178295968
1759645129682657800,3.86065771484375,5.616711170008778,7.868700407969951,-1.6451435805246233
1759645129692615000,3.870614990234375,5.617512549519539,7.868409900590777,-1.6437958191774784
1759645129702571800,3.88057177734375,5.618695037302374,7.867614950820803,-1.6435621565520762
1759645129712530000,3.890530029296875,5.6201604336798185,7.866508450883626,-1.6438438961029052
1759645129722486800,3.90048681640625,5.621603618225455,7.865543405243754,-1.643526354586333
1759645129732444700,3.910444580078125,5.622672124239802,7.864880557420849,-1.6430429549835621
1759645129742401800,3.92040185546875,5.623414467039704,7.864420538693666,-1.6427042245484889
1759645129752358700,3.930358642578125,5.624139274182915,7.863913758215308,-1.642648110447079
1759645129762316800,3.94031689453125,5.624833101665973,7.863338004153967,-1.6430344794161618
1759645129772273700,3.950273681640625,5.625502963751554,7.862747052523494,-1.6435663943357766
1759645129782231800,3.960231689453125,5.626193868625164,7.862217475691438,-1.6437344443790614
1759645129792189000,3.97018896484375,5.626804693999886,7.861896573174,-1.6431803176276385
1759645129804635600,3.9826357421875,5.627261790117621,7.861672701290249,-1.642682451108098
1759645129814593800,3.99259375,5.627464034691453,7.861525986295938,-1.6426899037621914
1759645129824551000,4.002551025390625,5.627652835261822,7.861239570569992,-1.6434218712985516
1759645129834507800,4.0125078125,5.627874953579902,7.860855539688467,-1.6444962225317954
1759645129844465700,4.022465576171875,5.62838290310204,7.860344083034992,-1.6452001330174504
1759645129854422800,4.0324228515625,5.629149211299419,7.85975079331696,-1.6454124605938791
1759645129864381000,4.042380859375,5.630030670309067,7.859033000436424,-1.6458207491338253
1759645129874337800,4.052337890625,5.630907453143596,7.858191873437166,-1.6468449776150285
1759645129884294700,4.062294677734375,5.631783651456237,7.8572449479758735,-1.6483660497024655
1759645129894252800,4.072252685546875,5.632468711110949,7.856424863764643,-1.649930376409739
1759645129904210000,4.0822099609375,5.632417857706546,7.856310881996154,-1.650645685072243
1759645129914167800,4.092167724609375,5.631850286951661,7.856812986299395,-1.6501907809115945
1759645129924124700,4.102124755859375,5.630715145441889,7.857783877158164,-1.6494411315880715
1759645129934081800,4.112081787109375,5.629042828315496,7.859011957648396,-1.649298508246988
1759645129944040000,4.1220400390625,5.627323164916038,7.860154113420844,-1.6497276934444904
1759645129953996800,4.131996826171875,5.626213742369413,7.860826898115873,-1.6503052010715007
1759645129963954700,4.14195458984375,5.625750216510892,7.860897625264525,-1.651549502044171
1759645129973911800,4.151911865234375,5.6261646425306795,7.8603341461628675,-1.652818645197153
1759645129983869000,4.161868896484375,5.62741318128705,7.859331106600165,-1.6533350702866911
1759645129993826800,4.171826904296875,5.62925968593657,7.858064447665214,-1.6530689666964113
1759645130003783700,4.18178369140625,5.63103078726232,7.856868515878915,-1.6527232219986616
1759645130013740800,4.19174072265625,5.632268804624676,7.855995240175724,-1.6526565865032374
1759645130023698700,4.20169873046875,5.6328474812954665,7.85553522144854,-1.6528721289500594
1759645130033655800,4.21165576171875,5.633157277897,7.855262834247946,-1.653112513577193
1759645130043613700,4.22161376953125,5.6337084820389745,7.854832626137137,-1.653272964835912
1759645130053570800,4.23157080078125,5.634933055397868,7.854013126447796,-1.6529931249812244
1759645130063528000,4.24152783203125,5.636929197651147,7.852697952196001,-1.6524354910984633
1759645130073485800,4.25148583984375,5.639283067300916,7.851186963111162,-1.6515860346622764
1759645130083442700,4.261442626953125,5.641450474467873,7.849799892666936,-1.650781148020178
1759645130093400800,4.27140087890625,5.642756880891323,7.848798022148013,-1.6510795464448629
1759645130103357700,4.281357666015625,5.642582108846306,7.848314038023352,-1.6539701533198357
1759645130113314600,4.291314453125,5.641357535487413,7.848155048069358,-1.6588962115451693
1759645130123272700,4.301272705078125,5.6399201961606735,7.847879153737425,-1.6650781150504945
1759645130133229600,4.3112294921875,5.638256062340736,7.8473834791749715,-1.6730328734472393
1759645130143187500,4.3211875,5.635993378105759,7.847040364825725,-1.6822371935136615
1759645130153144600,4.33114453125,5.63336302960217,7.847020491081476,-1.6911146197132765
1759645130163101700,4.341101806640625,5.630796978506446,7.847350745949148,-1.6981160229079424
1759645130173059600,4.3510595703125,5.628370628142356,7.8482316204369065,-1.702084780408442
1759645130183016400,4.361016357421875,5.62659368159771,7.848866411209106,-1.705027848123014
1759645130192973600,4.3709736328125,5.625073924684524,7.849245181393623,-1.7082972251825033
1759645130202931700,4.380931640625,5.623251969954371,7.8494515176206825,-1.7133419413514435
1759645130212888600,4.390888671875,5.620917974048853,7.849545041123032,-1.7205577179491518
1759645130222846500,4.400846435546875,5.617676800170541,7.850080463173985,-1.7286780421711503
1759645130232803600,4.410803466796875,5.612359989061951,7.851576254689693,-1.7391222792960703
1759645130242760700,4.4207607421875,5.605522251996398,7.853403470116853,-1.7528721338376403
1759645130252718600,4.430718505859375,5.598671655449271,7.85536687914431,-1.7659212927639483
1759645130262675500,4.440675537109375,5.592420778360963,7.857073683062195,-1.7780914768986402
1759645130272633600,4.450633544921875,5.587044346019625,7.858377166876196,-1.789202068977803
1759645130282590700,4.4605908203125,5.582355895942449,7.859342212516069,-1.7995656420819461
1759645130292547600,4.470547607421875,5.578313927075267,7.8599547914564605,-1.809397884788364
1759645130302505500,4.48050537109375,5.574682877096533,7.860431176796555,-1.818491876348108
1759645130312462600,4.490462646484375,5.571422413995862,7.860893533611297,-1.8264681159242986
1759645130322420500,4.50042041015625,5.569090756177902,7.8608678146481505,-1.8336780473031102
1759645130332377600,4.510377685546875,5.567932818314433,7.860238284572959,-1.839880555205047
1759645130342334500,4.52033447265625,5.56771537617147,7.859244012838602,-1.8447811867281794
1759645130352292600,4.530292724609375,5.567798378279805,7.858326897993684,-1.8484344485387205
1759645130362249700,4.540249755859375,5.5675908730089665,7.857639500251412,-1.8519766511902211
1759645130372207600,4.55020751953125,5.566628749978542,7.857077190193533,-1.8572496231570839
1759645130382164500,4.56016455078125,5.565319420945644,7.856336016437411,-1.86429267353639
1759645130392121600,4.57012158203125,5.563769853416085,7.855468585953116,-1.8725540136642753
1759645130402079500,4.58007958984375,5.562209179970622,7.854380206194519,-1.881735245116055
1759645130412036600,4.59003662109375,5.560260383990407,7.852903119379281,-1.893622666786611
1759645130421993500,4.599993408203125,5.558265410780907,7.8509566614866255,-1.9075012622743843
1759645130431951600,4.60995166015625,5.556947898441552,7.849056965345143,-1.9191228726156055
1759645130441908500,4.619908447265625,5.555929076787829,7.848080813789367,-1.926050333791226
1759645130451866600,4.62986669921875,5.554256759661436,7.848741323524713,-1.928181062209606
1759645130461823500,4.639823486328125,5.551367467960715,7.851185794067383,-1.9265487848326563
1759645130471780600,4.649780517578125,5.547519560360908,7.854671882617473,-1.9234161858953533
1759645130481738500,4.659738525390625,5.543226247081161,7.858435034543275,-1.9204210957325993
1759645130491695600,4.669695556640625,5.538868051871657,7.861896573174,-1.9188272506698965
1759645130501653800,4.67965380859375,5.5347454189836975,7.864687665197253,-1.9192862464837728
1759645130511610600,4.689610595703125,5.530788205790519,7.8668720234990115,-1.9217389003328977
1759645130521567500,4.6995673828125,5.526345839428902,7.8690762555450195,-1.9254943073436617
1759645130531525600,4.709525634765625,5.5213528534471985,7.871455844157934,-1.9300822196558116
1759645130541482800,4.719482666015625,5.516043641123176,7.874183223295211,-1.9341363173522055
1759645130551440400,4.7294404296875,5.5105847911953925,7.8773484093278645,-1.936806559474766
1759645130561397500,4.7393974609375,5.505245768254995,7.8807702004700895,-1.9380713187135754
1759645130571354600,4.749354736328125,5.500431061449647,7.884277331808209,-1.9374755447775125
1759645130581312800,4.759312744140625,5.496016167616844,7.8877382859170435,-1.9359201320290564
1759645130591269400,4.769269287109375,5.491783644613624,7.890975952664017,-1.9347372058548031
1759645130601227500,4.7792275390625,5.487933983448148,7.8937272971987715,-1.9344325238198041
1759645130611184600,4.7891845703125,5.484600455111265,7.895771954768896,-1.9355416541054844
1759645130621141800,4.799141845703125,5.481621147039532,7.897130383640527,-1.938438544590771
1759645130631099400,4.809099365234375,5.478781539699435,7.898053343704342,-1.9427043853417039
1759645130641056500,4.819056396484375,5.47580515423715,7.8989330491483205,-1.947513831450045
1759645130651014700,4.8290146484375,5.4727691475421185,7.900092156055569,-1.9513383581742643
1759645130660971500,4.838971435546875,5.469534403404593,7.9018071432799095,-1.953463095243275
1759645130670928400,4.848928466796875,5.4657817728728055,7.90426973400116,-1.9540026089474558
1759645130680886500,4.858886474609375,5.461542820128798,7.9073261989623305,-1.953491444554925
1759645130690843600,4.86884375,5.45693386502862,7.9107275318384165,-1.9526003409340977
1759645130700801500,4.878801513671875,5.452171765193343,7.914013129380345,-1.9525902579315007
1759645130710758700,4.888758544921875,5.447819999724627,7.916486241495609,-1.9547111956082284
1759645130720715500,4.898715576171875,5.443630146819353,7.91864721892178,-1.9576289827510713
1759645130730673700,4.908673583984375,5.439575902992487,7.920448130863904,-1.961609576819837
1759645130740630500,4.918630615234375,5.43567071224749,7.922025755444168,-1.9660550119213758
1759645130750588700,4.928588623046875,5.43207181097269,7.923367817702889,-1.9705898788720368
1759645130760545500,4.938545654296875,5.428467649000883,7.924680653867125,-1.9752368278950452
1759645130770502700,4.948502685546875,5.425132367098331,7.925736300399899,-1.9801605480328202
1759645130780460500,4.95846044921875,5.4219262645334005,7.92675921370685,-1.9848418377168475
1759645130790417700,4.968417724609375,5.418455958074331,7.927733027175068,-1.9904197839796542
1759645130800375600,4.97837548828125,5.414661826488375,7.928551942342519,-1.9974699947521088
1759645130810332400,4.98833251953125,5.410566666129231,7.929179718852042,-2.0060558906592427
1759645130820289500,4.99828955078125,5.406386165574193,7.929450352486968,-2.016233439671993
1759645130830247700,5.00824755859375,5.402266455295682,7.929477825015783,-2.027139887481183
1759645130840204500,5.01820458984375,5.398756985870003,7.929153415367007,-2.0377276247300204
1759645130850162400,5.028162353515625,5.395938421317934,7.928566555389762,-2.047452607669681
1759645130860119600,5.03811962890625,5.393112842503189,7.9281848625957965,-2.056354291527718
1759645130870076700,5.04807666015625,5.389765870162845,7.928377170297503,-2.0643726166799663
1759645130880034600,5.05803466796875,5.385430471307039,7.929417034739256,-2.071679286431521
1759645130889991400,5.067991455078125,5.379405804190039,7.931345956975221,-2.0799352197319267
1759645130899949600,5.077949462890625,5.372388618904352,7.933370156279206,-2.090324804060161
1759645130909906700,5.08790673828125,5.36564206725359,7.934895173889398,-2.101836085894704
1759645130919863600,5.097863525390625,5.359421000781655,7.935932115721702,-2.1137559485301374
1759645130929821400,5.107821533203125,5.353415038365125,7.936817666384577,-2.125619697064161
1759645130939778600,5.117778564453125,5.347673864364624,7.937785050112009,-2.1364286758482454
1759645130949736700,5.12773681640625,5.342294509413838,7.939096132710576,-2.1450021506652233
1759645130959693600,5.137693603515625,5.33718228096664,7.940988230067491,-2.150713806310296
1759645130969650400,5.147650390625,5.33233133380413,7.943439130350947,-2.1536989596009253
1759645130979608600,5.157608642578125,5.327369327482581,7.946142544090748,-2.156002121976763
1759645130989565700,5.167565673828125,5.321802341005206,7.948745420065522,-2.1601519351325926
1759645130999523600,5.177523681640625,5.3153866287440055,7.951244835665822,-2.166735112915188
1759645131009480400,5.18748046875,5.308644168746471,7.95376646309793,-2.17400422713533
1759645131019438600,5.1974384765625,5.3012973131150005,7.956611915656924,-2.181501451022923
1759645131029395500,5.2073955078125,5.293720155858993,7.960072285243869,-2.18726951303035
1759645131039352600,5.2173525390625,5.286539304444194,7.9646531832933425,-2.1879645095571876
1759645131049310700,5.227310791015625,5.279322212672233,7.970131906965374,-2.1854405440375206
1759645131059267600,5.237267578125,5.271192097708583,7.976507871738076,-2.1817997033171355
1759645131069225500,5.2472255859375,5.262011596909165,7.9831930485904214,-2.179507062335312
1759645131079182600,5.2571826171875,5.2528451246351,7.98897747721076,-2.180420670048892
1759645131089139500,5.267139404296875,5.24447126404345,7.993429195922612,-2.184261271125078
1759645131099097600,5.27709765625,5.237416084834933,7.996450005048513,-2.190124902461469
1759645131109054700,5.2870546875,5.231833900788426,7.998195971933007,-2.197080859079212
1759645131119012600,5.2970126953125,5.2275189601987595,7.9990446977168315,-2.2042485587514937
1759645131128969700,5.3069697265625,5.223889079263806,7.999541541323065,-2.211039826326817
1759645131138926800,5.3169267578125,5.220481901168823,8.000245305678249,-2.2165336014375088
1759645131148884700,5.326884765625,5.216971262699365,8.00135998892188,-2.22077036222443
1759645131158841600,5.336841552734375,5.213476990842819,8.0027020511806,-2.2241417383536697
1759645131168799700,5.3467998046875,5.210196069476008,8.004038268220425,-2.2270210931822656
1759645131178756600,5.356756591796875,5.207179936525225,8.005078132662177,-2.2303356245577333
1759645131188713700,5.366713623046875,5.20435611127615,8.005866068169475,-2.2340911776989696
1759645131198672000,5.376671875,5.201623471441865,8.006746358135342,-2.2373006412647665
1759645131208628700,5.386628662109375,5.198698523905873,8.00799957306683,-2.2396114024251697
1759645131218586600,5.396586669921875,5.19527205658853,8.00986653598249,-2.240886829188466
1759645131228543700,5.406543701171875,5.191767847859859,8.011979582613707,-2.2414551305957136
1759645131238500600,5.41650048828125,5.188734179252386,8.01404352940619,-2.2411001796782015
1759645131248458500,5.42645849609375,5.185628614452481,8.016192231872678,-2.240604358985275
1759645131258415600,5.43641552734375,5.181789474681019,8.018491740986704,-2.241256247022748
1759645131268373800,5.446373779296875,5.177130835220217,8.021008692243695,-2.243014050475508
1759645131278331000,5.456330810546875,5.172151293241978,8.02344381043613,-2.245791552364826
1759645131288288500,5.46628857421875,5.16629087677598,8.026409674504398,-2.248682305370271
1759645131298245600,5.47624560546875,5.158161346334219,8.031102800756692,-2.2505865315563978
1759645131308202800,5.48620263671875,5.147286901098489,8.038020617321132,-2.250786584173143
1759645131318161000,5.496160888671875,5.134669996109604,8.046869109687208,-2.2479886240176854
1759645131328117500,5.506117431640625,5.121545141598582,8.056959126546978,-2.241776471504569
1759645131338075600,5.51607568359375,5.108123349967599,8.067672243741153,-2.2338579534649847
1759645131348032800,5.52603271484375,5.094938874223828,8.078297098129987,-2.225555842935294
1759645131357990000,5.535989990234375,5.08051930372715,8.089325857144594,-2.218447326104343
1759645131367947800,5.54594775390625,5.064694542607665,8.100697730508447,-2.2131296382129193
1759645131377904600,5.555904541015625,5.0473342424839736,8.112558848693967,-2.2093390137583016
1759645131387862800,5.56586279296875,5.028870365032553,8.124635070934891,-2.2070720917396245
1759645131397819600,5.575819580078125,5.010307703381777,8.136426631015539,-2.205846641597897
1759645131407776500,5.585776611328125,4.991773683303594,8.148052186879514,-2.2049568531513213
1759645131417734700,5.595734619140625,4.972559279745817,8.160336498913168,-2.202942444588989
1759645131427691800,5.60569189453125,4.952215579897165,8.173850060480833,-2.198663013704121
1759645131437649700,5.615649658203125,4.930557874840498,8.188654830902815,-2.192237364570796
1759645131447606800,5.625606689453125,4.908109896188974,8.204170964464545,-2.184585388512909
1759645131457564700,5.635564697265625,4.8862563762992615,8.219605849483608,-2.1755381587043403
1759645131467521800,5.645521728515625,4.865527768786251,8.234289039352536,-2.1664532272338866
1759645131477478700,5.655478759765625,4.845868251809478,8.247841179364919,-2.158953665258735
1759645131487436800,5.665436767578125,4.826763446106017,8.260562713772059,-2.1531033317953345
1759645131497393700,5.6753935546875,4.808469080002606,8.272730705949664,-2.1473117427818478
1759645131507351600,5.6853515625,4.790282850448787,8.284940199181436,-2.1408748416021464
1759645131517308700,5.69530859375,4.771190319705009,8.297606204009055,-2.13444787729457
1759645131527265800,5.705265869140625,4.750273788404464,8.3111548368901,-2.1283746948607263
1759645131537224000,5.715223876953125,4.727003387454152,8.32598240366578,-2.1222230403631923
1759645131547180500,5.7251806640625,4.7017701619982715,8.34207955198586,-2.1150532948642966
1759645131557138700,5.735138671875,4.674674942062795,8.359389583227038,-2.106750892073661
1759645131567095800,5.745095703125,4.646799093143642,8.377416822826861,-2.0967929771609604
1759645131577052700,5.755052734375,4.6192800948381425,8.395759704247116,-2.0841947768725455
1759645131587010600,5.765010498046875,4.591111692713201,8.414484278461337,-2.070875568833202
1759645131596967700,5.7749677734375,4.561875076834857,8.43318430275619,-2.059388398526609
1759645131606925800,5.78492578125,4.532111514472962,8.451205697137118,-2.051212836986035
1759645131616882700,5.794882568359375,4.502913477039337,8.467863401949405,-2.0468121178090573
1759645131626840600,5.804840576171875,4.474944104617834,8.483009533154965,-2.0454342535845935
1759645131636797700,5.814797607421875,4.448058728040754,8.496995388409495,-2.0460287123464047
1759645131646754800,5.8247548828125,4.421843798071146,8.510314888709782,-2.0474917706362903
1759645131656712700,5.834712646484375,4.396010560895502,8.522885616469383,-2.0508258834950626
1759645131666669600,5.844669677734375,4.3708182519719,8.534681268203258,-2.0556135561630127
1759645131676627700,5.854627685546875,4.346636873656511,8.545229550224542,-2.063054519818723
1759645131686584800,5.864584716796875,4.323546505448222,8.554681269180774,-2.072381443351507
1759645131696541700,5.874541748046875,4.301469990457594,8.563183140066265,-2.083181946568191
1759645131706499800,5.884499755859375,4.27942387060523,8.57158798031807,-2.0939906330913303
1759645131716456700,5.894456787109375,4.255336600314081,8.580863758185505,-2.1050588473334906
1759645131726414600,5.90441455078125,4.22691480794996,8.591783796128631,-2.1177432646006347
1759645131736371700,5.914371826171875,4.192186901178956,8.60517577714324,-2.1323488591887054
1759645131746329900,5.924329833984375,4.150277850732207,8.621376385837793,-2.1488265312589703
1759645131756286700,5.93428662109375,4.102141304072737,8.640279239228366,-2.1652707394510506
1759645131766243600,5.94424365234375,4.049489325815439,8.661506151652336,-2.1795267899490893
1759645131776201700,5.95420166015625,3.9939425028994675,8.684332315966486,-2.191157606510073
1759645131786158800,5.964158935546875,3.937318113879859,8.708155090102553,-2.199077878115326
1759645131796116500,5.974116455078125,3.881838510981202,8.731963251191377,-2.2032987106807527
1759645131806073600,5.984073486328125,3.8288448796793815,8.755057126531005,-2.204383144916594
1759645131816030700,5.99403076171875,3.7792730395197864,8.77696091530323,-2.2028217408187687
1759645131825988900,6.00398876953125,3.733118898849189,8.797535501298308,-2.199451387602836
1759645131835945700,6.01394580078125,3.6908065282985567,8.816613711255789,-2.1944575248382985
1759645131845903600,6.023903564453125,3.652219900272786,8.834240553361177,-2.1881183849446475
1759645131855860700,6.03386083984375,3.6170194075539706,8.850728746825457,-2.179942969534546
1759645131865817900,6.04381787109375,3.5847736729875206,8.866548247247934,-2.1688950674280525
1759645131875775700,6.053775634765625,3.5546088363483546,8.882586943379044,-2.1528557867750524
1759645131885732600,6.063732666015625,3.527564177556336,8.899252246975898,-2.1283749871216715
1759645131895690800,6.073690673828125,3.499866023291647,8.917585191524028,-2.0971391602501273
1759645131905647900,6.08364794921875,3.464030447539687,8.938303569903969,-2.0682396673716603
1759645131915605800,6.093605712890625,3.4168010788530108,8.961267681384086,-2.0473289812900126
1759645131925562600,6.103562744140625,3.361544471055269,8.98498290349245,-2.0348174363717435
1759645131935519700,6.113519775390625,3.303208601942658,9.007889147305487,-2.029073193631321
1759645131945477600,6.1234775390625,3.2452783910214897,9.028672992137073,-2.0301782322637734
1759645131955434800,6.133434814453125,3.188371093407273,9.047991440591215,-2.034339443596452
1759645131965392600,6.143392578125,3.132557728509605,9.067100630208849,-2.0359696751467884
1759645131975349800,6.153349853515625,3.0776752147212623,9.086716015782951,-2.0322138297446073
1759645131985306600,6.163306640625,3.020250322973728,9.107620856645703,-2.024776957742125
1759645131995264800,6.1732646484375,2.9573394010305405,9.130151252883673,-2.016158182478696
1759645132005221600,6.1832216796875,2.8908240248546004,9.15434402937591,-2.002875945448875
1759645132015179500,6.193179443359375,2.824170993773639,9.179750273311138,-1.9815677844822406
1759645132025136600,6.20313671875,2.7577418345764277,9.205862035167216,-1.9537990491993724
1759645132035094800,6.2130947265625,2.6893045504271984,9.232222218826413,-1.924606856984645
1759645132045052000,6.223052001953125,2.616322024063766,9.258751913833617,-1.8975667282372712
1759645132055008800,6.2330087890625,2.5393425370186566,9.285289207625388,-1.872303692165017
1759645132064966700,6.242966552734375,2.4611872841924427,9.31115605480969,-1.8480553860932587
1759645132074923800,6.252923828125,2.384493189959973,9.335987713727354,-1.8231623523771763
1759645132084881700,6.262881591796875,2.307345360610634,9.35986777100861,-1.7998334992378948
1759645132094838500,6.272838623046875,2.227166493002325,9.383046402022241,-1.7800404190093277
1759645132104795600,6.282795654296875,2.1434859008833764,9.405818205800651,-1.7625018397092818
1759645132114753800,6.29275390625,2.057142373165488,9.428453231456876,-1.744365440646559
1759645132124710700,6.302710693359375,1.9692844953618942,9.451108130857348,-1.7230387211099265
1759645132134668500,6.31266845703125,1.8807406811207532,9.473375492244958,-1.6995266203582287
1759645132144625700,6.322625732421875,1.7925578091464935,9.494663194945455,-1.6758556757830083
1759645132154582800,6.332582763671875,1.7049676423683762,9.514397822985053,-1.655210654900223
1759645132164540700,6.342540771484375,1.6178493308857083,9.532050968575478,-1.6410260622031985
1759645132174497500,6.35249755859375,1.5342515947446227,9.547169042730332,-1.6334088651977479
1759645132184455700,6.36245556640625,1.4579532218314706,9.560026770737768,-1.6280809481732545
1759645132194412800,6.372412841796875,1.3891015116624534,9.571541851964593,-1.620605497726053
1759645132204370700,6.38237060546875,1.3238713529914616,9.582555997931957,-1.610089510539174
1759645132214327600,6.39232763671875,1.2599272886082529,9.59331003165841,-1.5973042632460592
1759645132224284700,6.40228466796875,1.197565305784717,9.603924949175118,-1.581405852368474
1759645132234242600,6.41224267578125,1.1378311141815036,9.614276831841469,-1.5624990534551442
1759645132244199700,6.42219970703125,1.0803451398964972,9.623725043666362,-1.5450455220900474
1759645132254157600,6.432157470703125,1.0233747139181941,9.63182417896986,-1.5333154829382896
1759645132264114700,6.44211474609375,0.966450684364885,9.638450319111346,-1.5286059900730848
1759645132274071800,6.45207177734375,0.914536372732371,9.643502926325798,-1.5286765710912644
1759645132284029700,6.46202978515625,0.8733452612966298,9.647157357180118,-1.5297079599656165
1759645132293986600,6.471986572265625,0.8447363488625734,9.649214874231815,-1.5327983271963894
1759645132303944700,6.48194482421875,0.8265905243843793,9.64984031265378,-1.538740138335526
1759645132313901600,6.491901611328125,0.8164789532799274,9.649424133068322,-1.5467336213074623
1759645132323859700,6.501859619140625,0.813876807957515,9.648058105412124,-1.556587929715216
1759645132333816800,6.51181689453125,0.8171064375285059,9.646031568020582,-1.567409914111346
1759645132343773700,6.521773681640625,0.8263525509100407,9.643697572115062,-1.576903572513163
1759645132353731600,6.531731689453125,0.8414964901585131,9.641209262430667,-1.5840968450181185
1759645132363688700,6.541688720703125,0.8618031459324061,9.638672437429427,-1.588605554614216
1759645132373646800,6.551646728515625,0.8864665356110781,9.635904141759871,-1.5918293389663098
1759645132383603500,6.561603515625,0.9130275756046176,9.632516837409138,-1.5973060168117283
1759645132393560600,6.571560546875,0.9400522875871509,9.628359133207798,-1.6066630432218312
1759645132403518700,6.581518798828125,0.969563921014592,9.623167994305492,-1.6201749973542987
1759645132413475800,6.591475830078125,1.0043013262663036,9.61677215578854,-1.6369056212723254
1759645132423433500,6.60143359375,1.0440701498139648,9.609133623734117,-1.6567572998203337
1759645132433390600,6.611390625,1.0873107411254197,9.60037690130472,-1.679557306779921
1759645132443347700,6.62134765625,1.1328167931508273,9.590752163869142,-1.704287258888781
1759645132453305600,6.6313056640625,1.179644449168816,9.58061187812686,-1.7293584256507455
1759645132463262500,6.641262451171875,1.226966683770716,9.570231353887914,-1.7537351804077623
1759645132473220600,6.651220703125,1.2755002669237554,9.559432896497846,-1.7778398402251303
1759645132483177700,6.661177734375,1.3267245504654943,9.548148116895556,-1.800847936977446
1759645132493135600,6.671135498046875,1.3820821344196796,9.536196397817134,-1.8224096343137324
1759645132503092700,6.6810927734375,1.4431160104446112,9.523325810328126,-1.8423007680892942
1759645132513049600,6.691049560546875,1.5100575030781327,9.50942354170382,-1.8603683396995065
1759645132523007700,6.7010078125,1.5826574598647654,9.494461534893512,-1.8763773713447152
1759645132532964600,6.710964599609375,1.660375636447966,9.478326977172493,-1.8907279682584106
1759645132542922800,6.7209228515625,1.7415533058352768,9.460873738068342,-1.9050582530364393
1759645132552879600,6.730879638671875,1.8248240019790827,9.442087204533815,-1.9202641516052186
1759645132562836700,6.740836669921875,1.9106430674314498,9.42206557624638,-1.9350749133765697
1759645132572794600,6.750794677734375,1.9991390970081089,9.400860875654221,-1.948752871725708
1759645132582751700,6.760751708984375,2.0879031298711896,9.378992742717266,-1.9610069347515702
1759645132592709600,6.770709716796875,2.173933499986678,9.357115841951966,-1.971998430495709
1759645132602666500,6.78066650390625,2.254787490377575,9.335632324418425,-1.9829966482415795
1759645132612624600,6.790624755859375,2.328579141166806,9.31495778518021,-1.994908181440085
1759645132622581800,6.800581787109375,2.394023965501785,9.29573286022842,-2.007085964359343
1759645132632538600,6.81053857421875,2.450759267549962,9.278684694793819,-2.0174676576420665
1759645132642496500,6.82049658203125,2.4992677162617443,9.264374429890513,-2.023711374337226
1759645132652453600,6.83045361328125,2.5407135331109165,9.253204801100493,-2.023207078076899
1759645132662411800,6.840411865234375,2.5746850685566662,9.245417215964197,-2.0158450248762962
1759645132672368600,6.85036865234375,2.6002573167085647,9.240533535575866,-2.005387489878386
1759645132682325500,6.860325439453125,2.6172680727422235,9.237919553685188,-1.9952783299267292
1759645132692283600,6.87028369140625,2.6262811080202457,9.236798440700769,-1.9886136113405226
1759645132702240800,6.88024072265625,2.6280221064686775,9.236519039237498,-1.98761115629971
1759645132712198700,6.89019873046875,2.6253943883135915,9.236303935182095,-1.9920796800158918
1759645132722155500,6.900155517578125,2.62131267195791,9.23543475113213,-2.001460525692999
1759645132732112600,6.910112548828125,2.616796655838191,9.233562527519464,-2.015955353382975
1759645132742070800,6.92007080078125,2.6136086734518407,9.23056626831293,-2.0337335866577924
1759645132752027600,6.930027587890625,2.613514857688546,9.226358295229076,-2.0528610425844787
1759645132761985800,6.93998583984375,2.6160546052992344,9.22140973291099,-2.0717786551527677
1759645132771942700,6.949942626953125,2.6211358540862797,9.216267693847417,-2.0881696718528864
1759645132781900500,6.959900634765625,2.629259539309144,9.210994137358664,-2.101186243683845
1759645132791857700,6.969857666015625,2.6413673257321117,9.205663297724723,-2.109347046046704
1759645132801814500,6.979814453125,2.658615982174873,9.199933814162016,-2.1126722449466584
1759645132811772700,6.989772705078125,2.682050633776188,9.193307674020529,-2.11189030078873
1759645132821729500,6.9997294921875,2.712179522319138,9.185312583613396,-2.1082028444476424
1759645132831687700,7.009687744140625,2.7496415302291513,9.175258222588896,-2.10344220591709
1759645132841644800,7.019644775390625,2.794256040242314,9.16309373754263,-2.097671075169742
1759645132851601700,7.0296015625,2.844468224132061,9.149054690796136,-2.091454831003398
1759645132861559600,7.0395595703125,2.8988793210163712,9.133183752447366,-2.0861058711908758
1759645132871516700,7.0495166015625,2.9570930250540375,9.115673230198025,-2.080982682958245
1759645132881474800,7.059474853515625,3.0187519011095163,9.096889034751056,-2.07464208175987
1759645132891431700,7.069431640625,3.081719521676004,9.077475309228896,-2.0670842137262224
1759645132901388500,7.079388427734375,3.14381269749552,9.057928312715887,-2.059312849072367
1759645132911346700,7.0893466796875,3.203069480845332,9.038521601456404,-2.0532573484256864
1759645132921303800,7.0993037109375,3.2584011997058986,9.019650896769761,-2.049169786851108
1759645132931261700,7.10926171875,3.309708193095028,9.00164002378285,-2.046138748592138
1759645132941218600,7.119218505859375,3.356717197029292,8.984844371804595,-2.0433798052728176
1759645132951176700,7.1291767578125,3.398404421418905,8.969731558346748,-2.0408738138012588
1759645132961133800,7.1391337890625,3.4336201117068526,8.956639437061547,-2.0394233227320013
1759645132971090400,7.14909033203125,3.4618832063779235,8.945627629181741,-2.0399771572224794
1759645132981048600,7.159048583984375,3.4837910868033766,8.936559941107035,-2.0424200203299523
1759645132991005700,7.169005615234375,3.5010458807259797,8.929075138309598,-2.0456478963352738
1759645133000963600,7.178963623046875,3.516051142156124,8.922773992338776,-2.0474094991803167
1759645133010920700,7.188920654296875,3.529693590800464,8.917443152704834,-2.047162538681924
1759645133020877600,7.198877685546875,3.5411660019293425,8.912977405467629,-2.046796774109453
1759645133030835700,7.208835693359375,3.5501407510235903,8.908951803213357,-2.048775819097459
1759645133040792600,7.21879248046875,3.5574139568969607,8.90517812989354,-2.0525581141151488
1759645133050750700,7.228750732421875,3.5647976374074815,8.901385167351364,-2.0562004161402583
1759645133060707600,7.23870751953125,3.5735686806231737,8.897324493783712,-2.0585475637882946
1759645133070664700,7.248664794921875,3.5838133035227653,8.8928704369843,-2.059984610854089
1759645133080622600,7.25862255859375,3.5957466101616617,8.887975066158175,-2.060315888635069
1759645133090579700,7.268579833984375,3.6097049928873775,8.882505694836377,-2.0594940508581696
1759645133100537900,7.278537841796875,3.625713878402114,8.876548247736691,-2.0570587865352628
1759645133110494700,7.28849462890625,3.6427433391362425,8.870585539939999,-2.0526880241051315
1759645133120451600,7.29845166015625,3.659693597154319,8.864868331336975,-2.0472297586992383
1759645133130409700,7.30840966796875,3.676187635837495,8.859171581000089,-2.042327519740909
1759645133140366800,7.318366943359375,3.6920620813176033,8.853267325392364,-2.0392923898287116
1759645133150324500,7.328324462890625,3.707248252272606,8.846937537848948,-2.039214940678328
1759645133160281600,7.338281494140625,3.7209614280655976,8.840219043248892,-2.043368114835024
1759645133170238700,7.34823876953125,3.7327193781375883,8.833056312012673,-2.052878870502114
1759645133180196900,7.35819677734375,3.742356390532851,8.825634053057431,-2.067206086540222
1759645133190153500,7.368153564453125,3.7500466527745124,8.818163863307237,-2.085075943621248
1759645133200111600,7.378111572265625,3.755607501772046,8.811179995769262,-2.1045000444069504
1759645133210068700,7.38806884765625,3.7589284628883,8.80515766673982,-2.1236890212625266
1759645133220025900,7.39802587890625,3.760122348847985,8.80029152200818,-2.141667891675979
1759645133229983700,7.407983642578125,3.7597856642395255,8.79648628450632,-2.157828899012506
1759645133239940600,7.417940673828125,3.7586198353305456,8.793497624084353,-2.1719947870090603
1759645133249898800,7.427898681640625,3.756630999600887,8.791369964405893,-2.1840170871056617
1759645133259856000,7.43785595703125,3.752722886246443,8.79033185352981,-2.1948893403843046
1759645133269812500,7.4478125,3.7460324486970897,8.790435898426175,-2.205870314734429
1759645133279770600,7.4577705078125,3.7363258781969546,8.791404451197385,-2.218435927927494
1759645133289727700,7.467727783203125,3.724159639585018,8.792733653974533,-2.2335757755227386
1759645133299685600,7.477685546875,3.7104917642384767,8.79407922336459,-2.2509597487829622
1759645133309642800,7.487642822265625,3.696152857762575,8.795712962046265,-2.2680970538057386
1759645133319599600,7.497599609375,3.681401863354444,8.798193672946095,-2.282421054973453
1759645133329557800,7.507557861328125,3.6658588417857882,8.801874407285451,-2.293220243015885
1759645133339514600,7.5175146484375,3.648932549165189,8.806832906475663,-2.3011679871499537
1759645133349472800,7.52747265625,3.6308547484219074,8.812812565407157,-2.3068607919640836
1759645133359429600,7.5374296875,3.6125232651785013,8.819416493716835,-2.3104012410499153
1759645133369386800,7.54738671875,3.594815466791391,8.826302161577344,-2.3117251831300556
1759645133379344600,7.5573447265625,3.57834042506963,8.833076185756921,-2.311416409441829
1759645133389301800,7.5673017578125,3.5632889864102,8.839351612764597,-2.3106772815123198
1759645133399260000,7.577260009765625,3.549337325686216,8.844941395595669,-2.31076116040349
1759645133409216800,7.587216796875,3.5365795509219167,8.849862485384941,-2.3114818758934734
1759645133419173600,7.597173583984375,3.5254885403260587,8.85411429761052,-2.3121344945833084
1759645133429131800,7.6071318359375,3.516145834702253,8.857759960636496,-2.3124011826954782
1759645133439088600,7.617088623046875,3.5079373938053844,8.861010486865043,-2.312414334437996
1759645133449046500,7.627046630859375,3.4994258783087133,8.864495406371354,-2.311952123753726
1759645133459003600,7.637003662109375,3.4891418001815673,8.868957646477222,-2.310381659566611
1759645133468960800,7.646960693359375,3.476473749527335,8.874716940656304,-2.307359973657876
1759645133478919000,7.6569189453125,3.462334457276761,8.881404455596208,-2.30288151306957
1759645133488875500,7.66687548828125,3.4471497476264834,8.888591152229905,-2.297932220099121
1759645133498832600,7.67683251953125,3.431512033511698,8.895531765148043,-2.294476088295877
1759645133508790800,7.686790771484375,3.4168583619982003,8.90173061978817,-2.2923040049538015
1759645133518748000,7.696747802734375,3.403792544198036,8.907132771092654,-2.2907591135993597
1759645133528705500,7.70670556640625,3.3922599273145195,8.91185570796132,-2.2894955234043297
1759645133538662700,7.71666259765625,3.3821351314023134,8.916050237041711,-2.28814323201254
1759645133548619800,7.726619873046875,3.3730411398425697,8.919911004123092,-2.2865198685944077
1759645133558577700,7.73657763671875,3.364894073744118,8.92358706228733,-2.2841828039489687
1759645133568534500,7.746534423828125,3.3572467738613483,8.927380024829507,-2.280610206159204
1759645133578492700,7.75649267578125,3.349517348653078,8.931500319629906,-2.2758359774947166
1759645133588449800,7.76644970703125,3.342185398329794,8.935742779505253,-2.2699480884999037
1759645133598407000,7.776406982421875,3.3358123561665414,8.939858398130536,-2.2631115204781294
1759645133608364800,7.78636474609375,3.3306913598909973,8.943626810753345,-2.2557493211470545
1759645133618321700,7.79632177734375,3.3268513433367013,8.946923514211177,-2.248337875846773
1759645133628278800,7.80627880859375,3.323742563666403,8.9497900095582,-2.2415105140447613
1759645133638236700,7.816236572265625,3.3206445976510643,8.952226881316303,-2.236368328850716
1759645133648193500,7.826193603515625,3.3170918736055492,8.954338174381851,-2.2331854610309003
1759645133658151700,7.836151611328125,3.3130408446490764,8.956484538760781,-2.230592960319668
1759645133668108800,7.84610888671875,3.3090456375330684,8.958753068214655,-2.2274105308912695
1759645133678065700,7.856065673828125,3.3053292473584412,8.961275280168651,-2.2227752723060545
1759645133688023800,7.86602392578125,3.3017537269592285,8.964200812226533,-2.216280649589747
1759645133697980700,7.875980712890625,3.298076207490265,8.967427373057603,-2.208692824809253
1759645133707937800,7.885937744140625,3.2940824616789817,8.970703033727407,-2.2013370552189646
1759645133717895700,7.895895751953125,3.2894305442199108,8.97401844188571,-2.1947718514844774
1759645133727852500,7.9058525390625,3.284625482025742,8.977079583021998,-2.1894446651123465
1759645133737810700,7.915810791015625,3.280095729641616,8.979826251381635,-2.184968542611599
1759645133747767800,7.925767822265625,3.2762226876005527,8.982327420547604,-2.18049052041471
1759645133757724700,7.935724609375,3.273154532201588,8.984694149678946,-2.175342928393185
1759645133767682800,7.945682861328125,3.2703444432169197,8.987074322813749,-2.1697313721217215
1759645133777639700,7.9556396484375,3.2673844243675467,8.98944105194509,-2.164378174525499
1759645133787596800,7.9655966796875,3.264243203732371,8.991640607815981,-2.159979501175135
1759645133797554700,7.9755546875,3.2616236688837406,8.993438012626767,-2.1564486967004832
1759645133807511800,7.98551171875,3.259388749438524,8.995005115813017,-2.1532890636257824
1759645133817469700,7.9954697265625,3.256906869494915,8.99654591551423,-2.1506059620216487
1759645133827426600,8.005426513671875,3.2542624924659727,8.997864012375473,-2.1490970187634226
1759645133837383700,8.0153837890625,3.2514927354916927,8.999110797566175,-2.148068114107102
1759645133847341800,8.025341796875,3.2485122583761807,9.00038739337325,-2.147229471325874
1759645133857298700,8.035298583984375,3.245341811646521,9.001761604335904,-2.146262087598443
1759645133867255800,8.045255859375,3.2421681500464676,9.003195436531305,-2.145042190414667
1759645133877213700,8.055213623046875,3.23918913423568,9.004551527315378,-2.1438481583245097
1759645133887170800,8.0651708984375,3.235921656872332,9.005934506106376,-2.1429757594041523
1759645133897128700,8.075128662109375,3.232226601746678,9.007392888221144,-2.1424263088278472
1759645133907085600,8.08508544921875,3.228312350912392,9.008830227547884,-2.14227681735456
1759645133917042700,8.095042724609375,3.2244840247958897,9.010212037295103,-2.1422306401252746
1759645133927000800,8.105000732421875,3.2208599890798326,9.011385757249593,-2.142747795867175
1759645133936957700,8.114957763671875,3.2171307394236326,9.012312808966636,-2.144451969436556
1759645133946914600,8.12491455078125,3.2134421140387652,9.013039954197406,-2.146922305072844
1759645133956872700,8.134872802734375,3.2096745781987903,9.014168665966391,-2.1478227610439062
1759645133966829800,8.144829833984375,3.206534526607394,9.015704789492487,-2.1460664188958702
1759645133976786700,8.15478662109375,3.204612910895049,9.017422699326277,-2.141710269512981
1759645133986744600,8.16474462890625,3.2040304348319766,9.019121904459595,-2.1354219830237327
1759645133996701700,8.17470166015625,3.2047397521451115,9.020961979368328,-2.1265632615245877
1759645134006659800,8.184659912109375,3.2066046692341565,9.02265533928275,-2.116544702465832
1759645134016616700,8.19461669921875,3.2087825977951288,9.023969344490766,-2.10762402164638
1759645134026573600,8.204573486328124,3.2111344216182824,9.024581923431157,-2.1014083620019255
1759645134036531700,8.21453173828125,3.2142730119049547,9.024112552353738,-2.098622822936624
1759645134046488800,8.22448876953125,3.2187045646116137,9.022403994870185,-2.099181187471747
1759645134056445700,8.23444580078125,3.224884422290325,9.019948418411612,-2.1002483783118424
1759645134066403600,8.244403564453124,3.2334462066695093,9.01713511455655,-2.09916204437986
1759645134076360700,8.254360595703124,3.243487708212435,9.014585430073737,-2.0946128566429016
1759645134086317800,8.26431787109375,3.253901842460036,9.01238061350584,-2.0879412699244915
1759645134096275700,8.274275634765624,3.263910318516195,9.010658612018823,-2.079734582593292
1759645134106232600,8.284232666015624,3.273413475398719,9.009626930883526,-2.06924256080389
1759645134116189700,8.294189697265624,3.2827754702448844,9.009289077231287,-2.055837135785818
1759645134126147800,8.30414794921875,3.2925071751862762,9.009493075370788,-2.0393169397480784
1759645134136104700,8.314104736328124,3.3039652655288574,9.009766047093272,-2.019485281074792
1759645134146062800,8.324062744140624,3.3159827433198688,9.009948417922853,-1.9988703630693256
1759645134156019700,8.334019775390624,3.3276267116233704,9.009460342144965,-1.9816431878060101
1759645134165976800,8.343976806640624,3.33775413788408,9.00827785436213,-1.9699549419693647
1759645134175934700,8.353934814453124,3.3469346386834977,9.006496816164255,-1.9625106173127889
1759645134185891800,8.363891845703124,3.3557249711215493,9.004576077234745,-1.9562964189730583
1759645134195848700,8.3738486328125,3.3642595752328632,9.002411008155345,-1.9515987626761198
1759645134205806800,8.383806884765624,3.371658453312516,9.000193332105875,-1.9490544850207865
1759645134215763700,8.393763671875,3.377434990887344,8.998381898769736,-1.9474181159906088
1759645134225720800,8.403720947265626,3.3820030294552446,8.99719765742123,-1.9449584478788076
1759645134235678700,8.4136787109375,3.385172891663015,8.99654708455801,-1.94245494062528
1759645134245635800,8.4236357421875,3.3867417484149334,8.996216245168448,-1.9412508255325256
1759645134255593700,8.43359375,3.3864062328502533,8.996206892818211,-1.9418812323905525
1759645134265550800,8.44355078125,3.3846038596034047,8.996195786902309,-1.9450703838206826
1759645134275507700,8.4535078125,3.3822733708292243,8.995684914770722,-1.951477182123065
1759645134285465600,8.463465576171876,3.3797847688838836,8.994688304948806,-1.9603603074111042
1759645134295422700,8.473422607421876,3.3771886149108408,8.993535627782345,-1.9700969807885587
1759645134305379800,8.4833798828125,3.3745126736998556,8.992578180927037,-1.9790350511342285
1759645134315338000,8.493337890625,3.3717642517745494,8.992130437159538,-1.985744777905941
1759645134325294800,8.503294921875,3.369368004287779,8.992212270224094,-1.9894395407706498
1759645134335251700,8.513251708984376,3.367337082982063,8.992669950863718,-1.9908074681229888
1759645134345209900,8.5232099609375,3.365032020910084,8.993453210195899,-1.9911670952156184
1759645134355166700,8.533166748046876,3.3620559277087447,8.994508856728672,-1.991431006848812
1759645134365124600,8.54312451171875,3.3586604400515556,8.995599574574827,-1.9922282947063445
1759645134375081700,8.553081787109376,3.355839245150983,8.996625995013117,-1.9923488523460924
1759645134385038800,8.563038818359376,3.3541409168004988,8.997581103780865,-1.9908957309283315
1759645134394997000,8.5729970703125,3.3534693011492487,8.998376053550839,-1.9884365012079477
1759645134404953600,8.58295361328125,3.3538898646488784,8.998868805503845,-1.985491533797234
1759645134414910700,8.59291064453125,3.3550796589553356,8.99910261425972,-1.9824225016154349
1759645134424868900,8.602868896484376,3.357113210609555,8.999058190596104,-1.9791740212135016
1759645134434826000,8.612825927734375,3.360388579018414,8.998644933620096,-1.975484957437217
1759645134444782800,8.622782958984375,3.365046633957326,8.998108927047252,-1.9699996578939258
1759645134454740700,8.63274072265625,3.3714015559419988,8.997561230036617,-1.961615860430151
1759645134464697900,8.64269775390625,3.3782562441423534,8.99725494056642,-1.951197196137905
1759645134474654700,8.65265478515625,3.3837674087792635,8.997233897778392,-1.9417190275661647
1759645134484612600,8.662612548828125,3.3862031114935873,8.997528496810792,-1.936105717729032
1759645134494569700,8.67256982421875,3.3868384867876764,8.99775821391344,-1.9339288120813667
1759645134504528000,8.68252783203125,3.3878497096568343,8.99740399364829,-1.9337987559609113
1759645134514485000,8.692485107421875,3.3906977925643322,8.996196955946088,-1.9344208333820103
1759645134524441600,8.702441650390625,3.39516909275949,8.994370325040817,-1.9350718446366488
1759645134534399700,8.712399658203125,3.4007933623820543,8.992084844452142,-1.9358225168734788
1759645134544356900,8.72235693359375,3.4065947421371936,8.989791180557011,-1.9362756674684583
1759645134554314000,8.73231396484375,3.4112346768975255,8.988089637336135,-1.936003134137392
1759645134564271600,8.742271728515625,3.4140132017001505,8.987135697612166,-1.9355317172333597
1759645134574228700,8.752228759765625,3.415112687374651,8.98666223488152,-1.935790075908601
1759645134584185900,8.762185791015625,3.415067094667256,8.986707243067025,-1.9356641114413737
1759645134594143700,8.772143798828125,3.4149536974206565,8.987083090642095,-1.934122288826853
1759645134604100600,8.7821005859375,3.415900330621004,8.987298194697498,-1.9314456169635057
1759645134614058800,8.792058837890625,3.4181682755529876,8.987255524599552,-1.9276269354581832
1759645134624016000,8.802015869140625,3.422093924564123,8.986907734075189,-1.9222743223838508
1759645134633973000,8.811972900390625,3.428022730091214,8.986057839247584,-1.915671563117951
1759645134643930600,8.8219306640625,3.436023665717244,8.984492489627003,-1.9086716212280093
1759645134653887700,8.8318876953125,3.4455344213843344,8.982226882782578,-1.902174660424143
1759645134663844900,8.841844970703125,3.4552427454501387,8.979694149434566,-1.8965125430092213
1759645134673802800,8.851802734375,3.463955628737807,8.977257277676463,-1.892156978148222
1759645134683759600,8.861759521484375,3.4707787527561185,8.975243599766491,-1.8892067500405012
1759645134693716700,8.871716796875,3.4756817223668097,8.973600508734583,-1.887992259684205
1759645134703675000,8.8816748046875,3.4797985100358724,8.971969692662357,-1.8881573871180415
1759645134713631700,8.8916318359375,3.4834511873245235,8.97043590722382,-1.8887112216085193
1759645134723590000,8.90158984375,3.4865903621330854,8.969027209469676,-1.8896086088396609
1759645134733546800,8.911546630859375,3.4884161162555216,8.96797448554635,-1.891235479389131
1759645134743504000,8.92150390625,3.48940746538043,8.967092442014813,-1.8935843806028365
1759645134753461800,8.931461669921875,3.4900688518986103,8.966237286490202,-1.8964155123755335
1759645134763418600,8.941418701171875,3.4903912157207726,8.965620615896581,-1.8987385484956203
1759645134773375700,8.951375732421875,3.4900203365817664,8.965489682993292,-1.9000376483954489
1759645134783334000,8.961333984375,3.488433359651267,8.966043809744715,-1.9003366313420236
1759645134793290800,8.971290771484375,3.485190432207286,8.96732040555179,-1.900261958670616
1759645134803247600,8.98124755859375,3.4815979606732723,8.968723842608927,-1.900223087964952
1759645134813205800,8.991205810546875,3.4792145726680754,8.969796440276504,-1.8995291143514215
1759645134823163000,9.001162841796875,3.4787186058446764,8.970368687206506,-1.8977344860196113
1759645134833120800,9.011120849609375,3.4795723000645635,8.970614186400175,-1.895009006578475
1759645134843078000,9.021077880859375,3.480164420738816,8.970898264038562,-1.8925738883860408
1759645134853034800,9.03103466796875,3.480225503276288,8.97118292619884,-1.891111414618045
1759645134862992600,9.04099267578125,3.4799230131983756,8.971305091273784,-1.8910900795690715
1759645134872949800,9.05094970703125,3.4796745913952587,8.971140256100892,-1.8923240052781998
1759645134882906600,9.06090673828125,3.4794197398513553,8.970888911688327,-1.8939869700543581
1759645134892864800,9.07086474609375,3.4790944534197448,8.970645166060327,-1.8957390744186937
1759645134902822000,9.08082177734375,3.479125140818953,8.970215542471408,-1.8977144661448895
1759645134912778800,9.09077880859375,3.4794533498600124,8.96972688217163,-1.899418055192381
1759645134922737000,9.10073681640625,3.4795924660697577,8.969473199671507,-1.9003598660871386
1759645134932693800,9.11069384765625,3.479692711573839,8.969339344158769,-1.9008117015078663
1759645134942651600,9.120651611328125,3.4796611473917958,8.96935395720601,-1.9008013262443244
1759645134952608800,9.13060888671875,3.4796342593848704,8.969267447966336,-1.901257983970642
1759645134962566000,9.14056591796875,3.479852870571613,8.968806844717264,-1.9030290852963923
1759645134972523800,9.150523681640625,3.4805630646675825,8.967977408155798,-1.9056342993587254
1759645134982480600,9.160480712890624,3.4817449679285284,8.966952741283178,-1.9082960659138857
1759645134992437800,9.170437744140624,3.4832857676297424,8.965817599773407,-1.910817839476466
1759645135002396000,9.18039599609375,3.4850606683477756,8.964663753563165,-1.9129940144717692
1759645135012352800,9.190352783203124,3.487020570243895,8.96353621083796,-1.9147012567810713
1759645135022310000,9.200309814453124,3.488964105527103,8.962353138533235,-1.9166971067734062
1759645135032267800,9.210267822265624,3.4907682323396205,8.961115705692768,-1.919197545287013
1759645135042225000,9.220224853515624,3.492855852268636,8.959754354211688,-1.921754536293447
1759645135052182800,9.230182861328124,3.4959938580334184,8.958176729631424,-1.9234008421957491
1759645135062139600,9.2401396484375,3.500371634726226,8.95646583406031,-1.9234084409803152
1759645135072096800,9.2500966796875,3.5061437883868813,8.954608808016777,-1.9215413319341836
1759645135082055000,9.260054931640624,3.5133395451098677,8.952696836915612,-1.9173047172777353
1759645135092011800,9.27001171875,3.5207395922333,8.951013413873314,-1.9115790331073104
1759645135101968600,9.27996875,3.529026066802442,8.94941883815825,-1.9037536001786588
1759645135111926800,9.2899267578125,3.53745954862684,8.947903172898291,-1.8952081824123859
1759645135121883600,9.299883544921874,3.5460721864104268,8.946142008444665,-1.8874026232279837
1759645135131840500,9.309840576171876,3.555655422791838,8.943649607107043,-1.881173519580066
1759645135141798400,9.31979833984375,3.5665456501185893,8.940457533067464,-1.8757266523510217
1759645135151755500,9.329755615234374,3.5780277058586476,8.937064383497834,-1.870027417796105
1759645135161713700,9.339713623046874,3.589166354988515,8.933760665777324,-1.8644589700140057
1759645135171670500,9.34967041015625,3.5993545715257524,8.930698355597258,-1.8594820583842693
1759645135181627400,9.35962744140625,3.608294249306619,8.928033520302176,-1.8549451456069945
1759645135191585500,9.36958544921875,3.6160850493133068,8.925705369615555,-1.8509706890180706
1759645135201542700,9.379542724609376,3.6226179582133886,8.923784046164155,-1.8474549359820782
1759645135211499500,9.38949951171875,3.6276924849987027,8.922261366641521,-1.844852060007304
1759645135221457400,9.39945751953125,3.631436932224035,8.921103428778052,-1.8430895803794263
1759645135231414500,9.40941455078125,3.633841655278206,8.920206187677383,-1.842692251624912
1759645135241372700,9.41937255859375,3.635441491690278,8.919355123806,-1.8436510136544704
1759645135251329500,9.42932958984375,3.6366023521631954,8.918690522417426,-1.844579380545765
1759645135261286400,9.439286376953126,3.637408992370963,8.918203615683316,-1.8453413048289715
1759645135271244500,9.44924462890625,3.6381653636962175,8.917792112272977,-1.8458413633055983
1759645135281201700,9.45920166015625,3.6388907553613183,8.917385285037755,-1.8463741550080477
1759645135291158500,9.469158447265626,3.63920464361608,8.917102376443147,-1.847122489157319
1759645135301116400,9.479116455078126,3.638574529018998,8.917218696299194,-1.8477998038969934
1759645135311073500,9.489073486328126,3.6371214076012373,8.917648904410004,-1.848584378403425
1759645135321031700,9.49903173828125,3.6352272644177077,8.918201277595758,-1.8496466008074581
1759645135330988500,9.508988525390626,3.6330329692438244,8.918738453212379,-1.8513668487288057
1759645135340945400,9.5189453125,3.6310017556771634,8.919168076801299,-1.8532853957012294
1759645135350903600,9.528903564453126,3.628912089921534,8.919599453955888,-1.855300534915924
1759645135360860700,9.538860595703126,3.626650866991281,8.91996887179017,-1.8579450580753385
1759645135370817500,9.548817626953126,3.62439636606276,8.920255287516117,-1.8609613371565936
1759645135380775400,9.558775390625,3.622608021341264,8.920331275361775,-1.8640818072646854
1759645135390732500,9.568732666015626,3.6212267961159346,8.920205603155493,-1.8673644821971653
1759645135400689700,9.578689697265625,3.620103637304902,8.919978808662295,-1.8706160313390194
1759645135410647600,9.5886474609375,3.6190073665007945,8.919681287020444,-1.874154726859182
1759645135420604400,9.5986044921875,3.617758827744424,8.919387272509931,-1.877964932797104
1759645135430562600,9.6085625,3.616425241053104,8.919232374209166,-1.881263243690133
1759645135440519700,9.618519775390626,3.615066227659583,8.919165154191852,-1.8841912599660455
1759645135450476500,9.6284765625,3.6138621125668284,8.919024868938326,-1.887163261514157
1759645135460434400,9.638434326171875,3.6127240484476086,8.91885126593709,-1.890161128155887
1759645135470391600,9.6483916015625,3.6117923205554483,8.918616872659324,-1.8930485201604663
1759645135480348700,9.6583486328125,3.6111800338760016,8.918153346800803,-1.896392131499946
1759645135490306600,9.668306640625,3.610634674952924,8.91765884128213,-1.8997497713647782
1759645135500263400,9.678263427734375,3.609972119390964,8.917248506915568,-1.9029358540549872
1759645135510221600,9.6882216796875,3.60945774012804,8.916862137946486,-1.905720077946037
1759645135520178400,9.698178466796875,3.6090970901221033,8.916597349530457,-1.9076395017012953
1759645135530135600,9.708135498046875,3.608874095021188,8.91646407853961,-1.9086862342752515
1759645135540093400,9.718093505859375,3.6089699566110967,8.916277031534909,-1.9093775775402784
1759645135550050600,9.728050537109375,3.609603870600462,8.916008151465654,-1.909433253250271
1759645135560007700,9.738007568359375,3.610611001816392,8.915718813130258,-1.9088783958464859
1759645135569965600,9.747965576171875,3.611757833763957,8.915348226252197,-1.9084426347777246
1759645135579922400,9.75792236328125,3.613320260775089,8.914673687991499,-1.9086343579575418
1759645135589879600,9.767879638671875,3.615080840706825,8.913759495756029,-1.9095758765913544
1759645135599837400,9.77783740234375,3.6168551569029685,8.912662932690978,-1.9113278348252176
1759645135609794600,9.787794677734375,3.618395664343238,8.911513178133964,-1.913774351194501
1759645135619752700,9.797752685546875,3.6192470204755662,8.910562161019444,-1.9165898470066487
1759645135629709600,9.80770947265625,3.619346681457758,8.90989814415276,-1.9194884910576044
1759645135639666400,9.81766650390625,3.6189614815324544,8.909407730287313,-1.9224879651345312
1759645135649624600,9.82762451171875,3.6180268310308454,8.909219514238833,-1.9251175829857587
1759645135659581400,9.83758154296875,3.616783845232427,8.909303100869058,-1.9270681325316428
1759645135669538600,9.84753857421875,3.615608371712267,8.90952697275281,-1.9282354227453469
1759645135679496400,9.857496337890625,3.6142543267548084,8.909889960846304,-1.9291003690116106
1759645135689453600,9.86745361328125,3.613037059919536,8.910199757447838,-1.929946464446932
1759645135699411700,9.87741162109375,3.6121278361201283,8.910361085489392,-1.9309018654756247
1759645135709368600,9.88736865234375,3.6115661105841395,8.910249441808462,-1.9324682380095124
1759645135719325400,9.897325439453125,3.611083003242314,8.909912172678112,-1.9349226454243063
1759645135729283600,9.90728369140625,3.6103786543652414,8.909526388230919,-1.938014620090276
1759645135739240700,9.91724072265625,3.609614684255421,8.90920607023537,-1.9409080034442245
1759645135749197600,9.927197509765625,3.608751053163409,8.909070461156963,-1.9431325476258992
1759645135759155500,9.937155517578125,3.6072900407001374,8.909296671128272,-1.9448072028398513
1759645135769112600,9.947112548828125,3.605084347349405,8.90980578969419,-1.9465613530308008
1759645135779070700,9.95707080078125,3.60224970844537,8.910459869688749,-1.9488135158717632
1759645135789027300,9.96702734375,3.599168693564832,8.91107127958536,-1.9517104063570498
1759645135798984400,9.976984375,3.5962300097644326,8.911678013306856,-1.9543584366478024
1759645135808942600,9.986942626953125,3.5938784782022237,8.912279486331343,-1.9559421987079082
1759645135818899700,9.996899658203125,3.59214098688513,8.912910769972205,-1.95625608696267
1759645135828856600,10.006856689453125,3.590539396907389,8.913567188054323,-1.9562077177762984
1759645135838814500,10.016814453125,3.588843406644463,8.914146449247003,-1.9566756275489925
1759645135848771600,10.026771484375,3.5871588145583866,8.914631602415442,-1.957556794297695
1759645135858729700,10.036729736328125,3.5855697918012734,8.915115586540102,-1.958264504175633
1759645135868686300,10.046686279296875,3.5841231001242995,8.915619444409012,-1.9586155095703899
1759645135878643500,10.0566435546875,3.5829970187038183,8.916036793038248,-1.9587778605252504
1759645135888601600,10.0666015625,3.5814994736224413,8.916589750745892,-1.9589979330167173
1759645135898558700,10.076558837890625,3.579373567509651,8.917423278960586,-1.9590860496915876
1759645135908515300,10.086515380859375,3.5767750754490493,8.918468404099345,-1.959079619950801
1759645135918473500,10.096473388671875,3.5735873853236435,8.919693561980127,-1.9593207352302968
1759645135928430600,10.1064306640625,3.5699206795096394,8.921071864596009,-1.9597259550303219
1759645135938387700,10.1163876953125,3.566055528514087,8.922696250927448,-1.9593670585900544
1759645135948345300,10.126345458984375,3.5627585327953097,8.92394245159626,-1.959691322108358
1759645135958302500,10.136302490234375,3.5608339944735166,8.924608222028613,-1.9601558708801865
1759645135968260600,10.146260498046875,3.5599703633815047,8.925044275358319,-1.9597396912947296
1759645135978217700,10.1562177734375,3.559239126497507,8.925425383630394,-1.9593346176251767
1759645135988174300,10.16617431640625,3.557909631459415,8.926029779264331,-1.9589922339282928
1759645135998132500,10.176132568359375,3.5557992151767013,8.926823559990524,-1.9592070457227526
1759645136008089600,10.186089599609375,3.552987957148254,8.927773992583155,-1.959976568790525
1759645136018046700,10.196046630859374,3.549588962359726,8.928836653378605,-1.9612945195212959
1759645136028004600,10.206004638671875,3.546218901404738,8.929836770331859,-1.96283955700621
1759645136037961500,10.21596142578125,3.5431858173191544,8.930794801709055,-1.963957601250708
1759645136047919600,10.225919677734375,3.54104938981235,8.931452973356842,-1.9648169945590197
1759645136057876500,10.23587646484375,3.5397564273923634,8.931897209993004,-1.9651218227244913
1759645136067833300,10.245833251953124,3.538981643627584,8.932250845736265,-1.9649112487137317
1759645136077791500,10.25579150390625,3.538459373319149,8.932661180102825,-1.963987411867082
1759645136087748600,10.26574853515625,3.5379864951103923,8.933149255880712,-1.9626219687327742
1759645136097705700,10.275705810546874,3.537245029093325,8.933744883686304,-1.9612476116396487
1759645136107663600,10.28566357421875,3.5359698945909734,8.934525220409036,-1.9599900127939878
1759645136117621200,10.295621337890625,3.5343791182681916,8.935379206889868,-1.9589698759660124
1759645136127579100,10.3055791015625,3.532970420514047,8.936058421325683,-1.9584125343441963
1759645136137536300,10.315536376953125,3.5319229572877284,8.936469924736022,-1.958420133128762
1759645136147493000,10.3254931640625,3.531388704280555,8.936619562339782,-1.9586999729834496
1759645136157451300,10.335451171875,3.5313431115731593,8.936569877979158,-1.9590105002373457
1759645136167408000,10.345408203125,3.5313609394907948,8.936611963555217,-1.9587891125716268
1759645136177365200,10.355365234375,3.5314793051734563,8.936510256746411,-1.9590406031146645
1759645136187323100,10.3653232421875,3.531750523330271,8.936313857391475,-1.9594450922623277
1759645136197280300,10.3752802734375,3.531561722759902,8.936272356337309,-1.9599783223561942
1759645136207237000,10.385237060546874,3.5308448066622016,8.936410888025165,-1.9606376630477607
1759645136217195300,10.3951953125,3.530329842877388,8.936520193618536,-1.9610589571997523
1759645136227152100,10.405152099609374,3.5298937895476814,8.936702564448117,-1.9610159948408603
1759645136237110000,10.415110107421874,3.5294165274247526,8.936760432115197,-1.9616114765159784
1759645136247067100,10.425067138671874,3.528895426160097,8.936710747754573,-1.962777159294486
1759645136257024300,10.435024169921874,3.528225856335461,8.936777383249998,-1.9636784920483827
1759645136266982400,10.444982421875,3.5268124824061986,8.937178365266323,-1.9643905858404933
1759645136276939300,10.454939208984374,3.5247803920567033,8.937790944206714,-1.9652493946269154
1759645136286896000,10.464896240234374,3.522351119083166,8.938497631171344,-1.9663874587461352
1759645136296854300,10.474854248046874,3.5201655917376278,8.938958818942307,-1.9682010840393602
1759645136306811100,10.48481103515625,3.5182805086433886,8.939001489040255,-1.9713827828153967
1759645136316769000,10.49476904296875,3.5169171113356947,8.938706890007852,-1.9751511954382062
1759645136326726100,10.50472607421875,3.5166283575221895,8.938100156286358,-1.9784021600581705
1759645136336683300,10.514683349609374,3.516755783294141,8.937615003117918,-1.9803689300864933
1759645136346641400,10.524641357421874,3.516528696539998,8.937335017132758,-1.982038616864383
1759645136356598000,10.534597900390626,3.515376019373536,8.937357228964567,-1.9839735304497181
1759645136366555100,10.54455517578125,3.513321717192232,8.937641891124844,-1.9863265233166514
1759645136376513300,10.55451318359375,3.5108632181242108,8.938045211228728,-1.988858818273246
1759645136386470400,10.564470458984376,3.5082506975382564,8.938392417231201,-1.9919049079708755
1759645136396428000,10.574427978515626,3.5060201620072124,8.938427488544583,-1.9956734667241571
1759645136406385200,10.58438525390625,3.5045860375508666,8.937997280433773,-2.00011612534672
1759645136416342300,10.59434228515625,3.504388761413097,8.93707256680429,-2.0045922478474676
1759645136426300200,10.604300048828126,3.505098370987177,8.93595145381987,-2.008347508727759
1759645136436257000,10.614257080078126,3.506368537053466,8.934735648289323,-2.011538413723558
1759645136446214100,10.624214111328126,3.5076255513772368,8.933672402971983,-2.0140606256775557
1759645136456172300,10.63417236328125,3.508365848350525,8.932880375811457,-2.0162823933802545
1759645136466129400,10.64412939453125,3.5084687242031096,8.932525571024417,-2.017674432260543
1759645136476086000,10.6540859375,3.5080718338400123,8.932754119083285,-2.0173519223079084
1759645136486044200,10.664044189453126,3.5074189228892325,8.93347074292004,-2.0153141328699884
1759645136496001300,10.674001220703126,3.50660351485312,8.934374998283385,-2.01272367798537
1759645136505959200,10.683959228515626,3.505340363049507,8.93533653679192,-2.010652570799738
1759645136515916000,10.693916015625,3.5038661988437174,8.936056083238125,-2.0100268401168284
1759645136525873200,10.703873046875,3.5021237390905617,8.936687951400875,-2.0102555343061685
1759645136535831300,10.713831298828126,3.499868361379206,8.937509789177774,-2.0105293828114865
1759645136545788400,10.723788330078126,3.497601000969112,8.938267914068698,-2.0111010452196
1759645136555745000,10.7337451171875,3.496253385752439,8.93869519957006,-2.011549519639462
1759645136565703200,10.743703125,3.496410622140765,8.938688185307383,-2.0113086966209113
1759645136575660300,10.753660400390626,3.496774487017095,8.938698122179508,-2.0106337199687956
1759645136585618200,10.7636181640625,3.4964243584051724,8.938907381016016,-2.010307702884823
1759645136595575000,10.773574951171875,3.495623271155357,8.939337589126826,-2.0097906932733953
1759645136605532200,10.7835322265625,3.494601526892185,8.93997997868359,-2.008710058429837
1759645136615490300,10.793490234375,3.4935283447027206,8.940809999766945,-2.0068775823056697
1759645136625447200,10.803447265625,3.492383558581769,8.941807194110751,-2.00442945850119
1759645136635404000,10.813404052734375,3.490911147941649,8.942809064629673,-2.0025234787493944
1759645136645362200,10.823362060546875,3.4893472596257924,8.94376651148498,-2.0009747880026696
1759645136655319300,10.8333193359375,3.4879838623180985,8.944528728029132,-1.9999435452587901
1759645136665276400,10.8432763671875,3.487360177461803,8.944856644809246,-1.9995619985952973
1759645136675234300,10.853234375,3.487641624751687,8.944757860609888,-1.9995121681042014
1759645136685191200,10.863191162109375,3.488208026462793,8.94452931255102,-1.9995437322862446
1759645136695148300,10.873148193359375,3.4885865043863653,8.944347526243329,-1.9997002380222082
1759645136705106200,10.883106201171875,3.4886361887469888,8.944259847959875,-2.000006235231459
1759645136715063000,10.89306298828125,3.488172370627522,8.944359801203012,-2.00037199980393
1759645136725020200,10.903020263671875,3.4872640236109493,8.944535742291807,-2.001166511182487
1759645136734978300,10.912978271484375,3.486026006248593,8.944746754693984,-2.002379978625476
1759645136744935200,10.92293505859375,3.484610586492717,8.944964781358838,-2.0038664177909493
1759645136754892000,10.93289208984375,3.483148697246611,8.945137215316295,-2.0056395649433134
1759645136764850200,10.94285009765625,3.482236550837755,8.945012712153792,-2.007776284711063
1759645136774807300,10.952807373046875,3.481620464766025,8.944709929814934,-2.010195328551531
1759645136784765200,10.96276513671875,3.4809731067731975,8.944373245206474,-2.0128072646155952
1759645136794722300,10.972722412109375,3.480211767011881,8.944221269515156,-2.014799607476592
1759645136804679200,10.98267919921875,3.479491343782842,8.944235882562399,-2.015981802998483
1759645136814637300,10.99263720703125,3.478430144292116,8.944447479486465,-2.016876267620176
1759645136824594200,11.00259423828125,3.47673473855108,8.944825080627202,-2.018121737636626
1759645136834551000,11.012551025390625,3.474894663642347,8.945134292706847,-2.0199222111873327
1759645136844509200,11.02250927734375,3.4732650166139005,8.945339459890127,-2.0218124088481066
1759645136854466300,11.03246630859375,3.4717174949109553,8.945449350005388,-2.02398376153782
1759645136864423200,11.042423095703125,3.4704970132052897,8.945381545466184,-2.0263738715447484
1759645136874381300,11.05238134765625,3.4696415654197335,8.945178716370464,-2.0287346093267202
1759645136884338200,11.062338134765625,3.4687308803156016,8.944966534924507,-2.031223649663478
1759645136894296000,11.072296142578125,3.4675071837395426,8.94464504788518,-2.03472610482648
1759645136904253200,11.082253173828125,3.464217494544387,8.944657322844863,-2.0402654726445673
1759645136914210300,11.092210205078125,3.4577222873061895,8.945077009561658,-2.049423177090287
1759645136924168200,11.102168212890625,3.451700835059583,8.944788255748152,-2.060806302500516
1759645136934125300,11.112125244140625,3.4490409682005643,8.943127044537663,-2.0724372651919722
1759645136944082200,11.122082275390625,3.4488203111872076,8.940473315158485,-2.0842219571404157
1759645136954040300,11.132040283203125,3.4499507765218613,8.93749985230565,-2.095073459891975
1759645136963997200,11.1419970703125,3.4510490931525823,8.934900483462213,-2.104330094667524
1759645136973954300,11.151954345703125,3.4512452002465723,8.933057485944031,-2.1118192813791334
1759645136983912200,11.161912109375,3.4507562476858493,8.931983134710789,-2.117153335883468
1759645136993869300,11.171869384765625,3.4497380105540154,8.931972028794885,-2.1188610165841877
1759645137003827200,11.1818271484375,3.4491356607466934,8.932681638368964,-2.116852014849335
1759645137013784000,11.1917841796875,3.44957112955451,8.933574787816404,-2.1123652248241007
1759645137023741200,11.2017412109375,3.450978658264875,8.934399548202753,-2.106569251896441
1759645137033699300,11.21169921875,3.4526287635594604,8.935178715881705,-2.1005507222592827
1759645137043656200,11.22165625,3.4535870871976018,8.935886571890116,-2.0959604718595743
