time,seconds_elapsed,z,y,x
1758804812678471200,0.07347119140625,0.009134432300925255,0.02673349902033806,0.01251774001866579
1758804812688427000,0.083427001953125,0.00439075892791152,0.029898429289460182,0.00772763742133975
1758804812698383000,0.093383056640625,0.0010748570784926414,0.0198947973549366,0.0007269861525855958
1758804812708338000,0.103337890625,-0.0012586091179400682,0.00029656547121703625,-0.005373904015868902
1758804812718294000,0.1132939453125,-0.006002497859299183,-0.020459579303860664,-0.010084236972033978
1758804812728250000,0.12325,-0.006358742713928223,-0.03672882169485092,-0.012310333549976349
1758804812738206000,0.1332060546875,-0.004944870248436928,-0.04846590384840965,-0.012634973041713238
1758804812748162000,0.143162109375,-0.004296456463634968,-0.05654166638851166,-0.008775489404797554
1758804812758117400,0.153117431640625,-0.0007667026948183775,-0.051169008016586304,-0.004995399154722691
1758804812768073500,0.163073486328125,-0.00012818025425076485,-0.03385182470083237,-0.0029845552053302526
1758804812778028500,0.173028564453125,0.0001543811522424221,-0.016068032011389732,0.0031596235930919647
1758804812787984400,0.182984375,-0.0025051485281437635,-0.0033519575372338295,0.005273187067359686
1758804812797940500,0.1929404296875,-0.006905755959451199,-0.000020076578948646784,0.005892105866223574
1758804812807896300,0.202896240234375,-0.0016879793256521225,0.0001988332369364798,0.0016592678148299456
1758804812817852400,0.212852294921875,0.0003277671057730913,-0.0025274446234107018,0.0013625917490571737
1758804812827808300,0.222808349609375,0.0015178227331489325,-0.011558222584426403,-0.0024521101731806993
1758804812837764600,0.2327646484375,0.005067816004157066,-0.019005218520760536,-0.005069731269031763
1758804812847720400,0.242720458984375,0.004641123116016388,-0.029041606932878494,-0.008438625372946262
1758804812857675500,0.252675537109375,0.004820086993277073,-0.032827556133270264,-0.004745619837194681
1758804812867631400,0.26263134765625,0.001604245975613594,-0.022864922881126404,0.0021927696652710438
1758804812877587500,0.27258740234375,0.0033310395665466785,0.0033696098253130913,0.007451447658240795
1758804812887543600,0.28254345703125,0.005563294515013695,0.03824158012866974,0.007927379570901394
1758804812897499600,0.292499755859375,0.0012156835291534662,0.07552876323461533,0.010964448563754559
1758804812907455500,0.30245556640625,0.004587996285408735,0.1037052720785141,0.011114629916846752
1758804812917411600,0.31241162109375,0.011624068021774292,0.11396483331918716,0.007172619923949242
1758804812927367400,0.322367431640625,0.016467388719320297,0.09567558020353317,-0.000827741576358676
1758804812937322500,0.332322509765625,0.018336927518248558,0.05681847035884857,-0.007080843672156334
1758804812947278600,0.342278564453125,0.013859737664461136,0.01686997525393963,-0.012027967721223831
1758804812957234400,0.352234375,0.004460376687347889,-0.022582892328500748,-0.024265460669994354
1758804812967190500,0.3621904296875,-0.006407130043953657,-0.05056419596076012,-0.029072202742099762
1758804812977146400,0.372146484375,-0.0019386120839044452,-0.057238608598709106,-0.026509176939725876
1758804812987102500,0.3821025390625,0.011479990556836128,-0.013334800489246845,-0.017188379541039467
1758804812997058300,0.392058349609375,0.01847291924059391,0.06672728061676025,-0.009639384225010872
1758804813007013600,0.402013671875,0.014864162541925907,0.11868850141763687,-0.005727399606257677
1758804813016969500,0.411969482421875,0.008493614383041859,0.10943934321403503,-0.004890900570899248
1758804813026925600,0.421925537109375,0.006845542229712009,0.04715173691511154,-0.011877426877617836
1758804813036881400,0.43188134765625,0.013384933583438396,-0.05762367695569992,-0.024823585525155067
1758804813046837500,0.44183740234375,0.024039333686232567,-0.18197603523731232,-0.04245493933558464
1758804813056793300,0.45179345703125,0.03187648206949234,-0.2799236476421356,-0.0554591566324234
1758804813066749700,0.461749755859375,0.02425984852015972,-0.32093894481658936,-0.055044885724782944
1758804813076705500,0.47170556640625,0.01696092262864113,-0.2965819537639618,-0.04528200253844261
1758804813086660400,0.481660400390625,0.008211899548768997,-0.22523583471775055,-0.028640124946832657
1758804813096616400,0.491616455078125,0.004788672551512718,-0.13576480746269226,-0.015076113864779472
1758804813106572300,0.501572265625,0.003583859419450164,-0.05273016169667244,-0.004130187910050154
1758804813116528400,0.5115283203125,0.009464118629693985,0.009430413134396076,0.00956351961940527
1758804813126484500,0.521484375,0.01946479082107544,0.044759657233953476,0.025289028882980347
1758804813136440600,0.531440673828125,0.02627182938158512,0.07307358831167221,0.03796674311161041
1758804813146396400,0.541396484375,0.031920019537210464,0.0901724174618721,0.04308561235666275
1758804813156351500,0.5513515625,0.026862142607569695,0.10326585173606873,0.04796052724123001
1758804813166307300,0.561307373046875,0.013423226773738861,0.11138375103473663,0.05045953765511513
1758804813176263700,0.571263671875,0.004959967453032732,0.12047605216503143,0.05534297600388527
1758804813186219500,0.581219482421875,-0.0016193112824112177,0.125249981880188,0.05952136218547821
1758804813196175600,0.591175537109375,-0.003673141123726964,0.13369087874889374,0.0657515600323677
1758804813206131500,0.60113134765625,0.0030871352646499872,0.1492256224155426,0.07640313357114792
1758804813216087600,0.611087646484375,0.023001188412308693,0.049003422260284424,0.10321664065122604
1758804813226042600,0.621042724609375,0.032400116324424744,-0.03986465185880661,0.07813608646392822
1758804813235998500,0.63099853515625,0.022010326385498047,-0.08931902050971985,0.03672286868095398
1758804813245954600,0.64095458984375,0.003796755336225033,-0.1471778005361557,0.009946112520992756
1758804813255910400,0.650910400390625,-0.012024286203086376,-0.14857807755470276,0.0007491522701457143
1758804813265866500,0.660866455078125,-0.021529534831643105,-0.10261884331703186,0.004225391894578934
1758804813275822300,0.670822265625,-0.018054110929369926,-0.06558598577976227,0.02080756425857544
1758804813285778400,0.6807783203125,-0.008633872494101524,-0.052174825221300125,0.026843395084142685
1758804813295733500,0.6907333984375,0.0018107786308974028,-0.07336746156215668,0.01766294613480568
1758804813305689600,0.700689697265625,0.013488473370671272,-0.11474739015102386,0.0016698646359145641
1758804813315645400,0.7106455078125,0.02184254303574562,-0.14484351873397827,-0.010024608112871647
1758804813325601500,0.7206015625,0.029995666816830635,-0.13184918463230133,-0.012484684586524963
1758804813335557400,0.730557373046875,0.03283912315964699,-0.09402591735124588,-0.0023484269622713327
1758804813345513500,0.740513427734375,0.02902141585946083,-0.07057461887598038,0.0101011348888278
1758804813355469600,0.750469482421875,0.022003985941410065,-0.05332132801413536,0.015286043286323547
1758804813365424400,0.76042431640625,0.0177061278373003,-0.036746833473443985,0.01642199233174324
1758804813375380500,0.77038037109375,0.016096780076622963,-0.021115409210324287,0.019828442484140396
1758804813385336300,0.78033642578125,0.016053635627031326,-0.020137561485171318,0.02588697522878647
1758804813395292400,0.79029248046875,0.014934844337403774,-0.0383988581597805,0.022309018298983574
1758804813405248500,0.80024853515625,0.010680332779884338,-0.06391379237174988,0.014643412083387375
1758804813415204600,0.81020458984375,0.005743364803493023,-0.07304949313402176,0.007379906252026558
1758804813425160400,0.820160400390625,0.004551970399916172,-0.06583710759878159,0.0053008184768259525
1758804813435115500,0.830115478515625,0.00101289595477283,-0.05258814990520477,0.007569831795990467
1758804813445071400,0.8400712890625,-0.001015684800222516,-0.03527122735977173,0.012802896089851856
1758804813455027500,0.85002734375,0.0006237572524696589,-0.019431546330451965,0.01647353172302246
1758804813464983600,0.859983642578125,0.005285254679620266,-0.008139224722981453,0.02225388027727604
1758804813474939600,0.869939697265625,0.007245607674121857,-0.012072714045643806,0.024620098993182182
1758804813484895500,0.8798955078125,0.009026347659528255,-0.016677552834153175,0.025984792038798332
1758804813494851300,0.889851318359375,0.011528654024004936,-0.02464945800602436,0.0289187952876091
1758804813504806400,0.899806396484375,0.01110899355262518,-0.029877522960305214,0.02750755473971367
1758804813514762500,0.909762451171875,0.011583568528294563,-0.03111642599105835,0.022196946665644646
1758804813524718600,0.919718505859375,0.013769016601145267,-0.02302974835038185,0.017356086522340775
1758804813534674400,0.92967431640625,0.017990659922361374,-0.015729492530226707,0.01498374342918396
1758804813544630500,0.939630615234375,0.019552119076251984,-0.004915442317724228,0.014883655123412609
1758804813554586400,0.94958642578125,0.020329762250185013,0.00313476100564003,0.015785135328769684
1758804813564542500,0.95954248046875,0.02071666717529297,0.0045568812638521194,0.013433011248707771
1758804813574497500,0.96949755859375,0.021363016217947006,-0.005485899280756712,0.009608178399503231
1758804813584453600,0.97945361328125,0.024704216048121452,-0.011060417629778385,0.004758588038384914
1758804813594409500,0.989409423828125,0.02318328619003296,-0.014405881054699421,0.0008370837313123047
1758804813604365600,0.999365478515625,0.02273695543408394,-0.026657789945602417,0.0002452254411764443
1758804813614321400,1.0093212890625,0.02724861539900303,-0.03599696233868599,-0.006774867419153452
1758804813624277200,1.01927734375,0.030939102172851562,-0.03506454825401306,-0.012352211400866508
1758804813634233600,1.029233642578125,0.029686354100704193,-0.028393596410751343,-0.0140129579231143
1758804813644188400,1.0391884765625,0.025611769407987595,-0.02106669917702675,-0.010590774938464165
1758804813654144500,1.04914453125,0.016182847321033478,-0.001235737232491374,-0.0032388526014983654
1758804813664100400,1.059100341796875,0.010147487744688988,0.012812986969947815,0.0039269523695111275
1758804813674056400,1.069056396484375,0.011475340463221073,0.01952814683318138,0.006464678328484297
1758804813684012300,1.07901220703125,0.01756385527551174,0.019919609650969505,0.008750149980187416
1758804813693968600,1.08896875,0.021235555410385132,0.015141099691390991,0.009907826781272888
1758804813703924500,1.098924560546875,0.021578306332230568,0.012893379665911198,0.01093231700360775
1758804813713879600,1.108879638671875,0.021868323907256126,0.025321288034319878,0.011857499368488789
1758804813723835400,1.11883544921875,0.022283464670181274,0.014486265368759632,0.011842165142297745
1758804813733791200,1.128791259765625,0.020619254559278488,-0.01804131641983986,0.00883172731846571
1758804813743747600,1.13874755859375,0.022779976949095726,-0.036990825086832047,0.004790530540049076
1758804813753703400,1.148703369140625,0.021159710362553596,-0.03839511051774025,0.003609418636187911
1758804813763660000,1.158659912109375,0.018621983006596565,-0.029768841341137886,0.006386882159858942
1758804813773616000,1.1686162109375,0.017042461782693863,-0.014848215505480766,0.013349184766411781
1758804813783571000,1.178571044921875,0.015587045811116695,-0.002102881669998169,0.022996965795755386
1758804813793526800,1.18852685546875,0.014524444006383419,0.01684471033513546,0.034415267407894135
1758804813803483100,1.198483154296875,0.016088783740997314,0.037184879183769226,0.050126880407333374
1758804813813439000,1.20843896484375,0.015365203842520714,0.06072775647044182,0.061335328966379166
1758804813823395000,1.21839501953125,0.018644407391548157,0.08552604913711548,0.07137037813663483
1758804813833351000,1.228350830078125,0.017413495108485222,0.10171700268983841,0.07759685069322586
1758804813843307000,1.23830712890625,0.01772397756576538,0.10412898659706116,0.08620674908161163
1758804813853261800,1.24826171875,0.014833382330834866,0.09549715369939804,0.08855219185352325
1758804813863218200,1.25821826171875,0.014625484123826027,0.09633474797010422,0.09093528240919113
1758804813873174000,1.268174072265625,0.01655840501189232,0.10513436049222946,0.09634949266910553
1758804813883130000,1.278130126953125,0.018058137968182564,0.12304652482271194,0.10307691991329193
1758804813893086000,1.2880859375,0.014629051089286804,0.14988774061203003,0.11497671902179718
1758804813903042000,1.2980419921875,0.012182886712253094,0.181753009557724,0.1259513646364212
1758804813912997000,1.3079970703125,0.008850207552313805,0.2132006734609604,0.1378527730703354
1758804813922953000,1.317952880859375,0.004922948777675629,0.243104487657547,0.14830803871154785
1758804813932909000,1.327908935546875,-0.003786653047427535,0.2719308137893677,0.16111838817596436
1758804813942865000,1.337864990234375,-0.017109062522649765,0.2996266484260559,0.17795462906360626
1758804813952821000,1.347821044921875,-0.04871172830462456,0.2993089258670807,0.20304667949676514
1758804813962776800,1.35777685546875,-0.06143050268292427,0.31905654072761536,0.23016144335269928
1758804813972733000,1.36773291015625,-0.05570603907108307,0.3665585517883301,0.2610202729701996
1758804813982688000,1.37768798828125,-0.030650703236460686,0.436954140663147,0.2943670153617859
1758804813992644000,1.38764404296875,-0.0026249284856021404,0.5104286074638367,0.3233911991119385
1758804814002600000,1.397599853515625,0.015958981588482857,0.5698370337486267,0.3448530435562134
1758804814012556000,1.40755615234375,0.03279175981879234,0.6197721362113953,0.363711416721344
1758804814022511900,1.417511962890625,0.049774419516325,0.6485646367073059,0.3787505328655243
1758804814032468000,1.427468017578125,0.058308783918619156,0.6624202728271484,0.3888916075229645
1758804814042424000,1.437424072265625,0.06617464125156403,0.7019796371459961,0.4044066369533539
1758804814052379000,1.44737890625,0.07956688106060028,0.7399677634239197,0.4164923429489136
1758804814062335000,1.4573349609375,0.08104865998029709,0.7433033585548401,0.409274160861969
1758804814072290800,1.467290771484375,0.06633948534727097,0.7204904556274414,0.4035100042819977
1758804814082247000,1.477246826171875,0.03174769505858421,0.7227206826210022,0.4133424460887909
1758804814092203000,1.487203125,-0.016977231949567795,0.7305189371109009,0.42042723298072815
1758804814102159000,1.4971591796875,-0.06320465356111526,0.7075520753860474,0.4180593490600586
1758804814112115000,1.507114990234375,-0.10715586692094803,0.6501087546348572,0.40896597504615784
1758804814122070000,1.517070068359375,-0.14934022724628448,0.6013950109481812,0.3902839422225952
1758804814132025900,1.52702587890625,-0.1714061200618744,0.5735574960708618,0.3602432310581207
1758804814141982000,1.53698193359375,-0.18502961099147797,0.5631373524665833,0.33173665404319763
1758804814151938000,1.54693798828125,-0.20729124546051025,0.5553659796714783,0.31467404961586
1758804814161894100,1.55689404296875,-0.2358337938785553,0.5614555478096008,0.29602399468421936
1758804814171850000,1.56685009765625,-0.25245964527130127,0.5532258749008179,0.27052876353263855
1758804814181804800,1.5768046875,-0.23214732110500336,0.5006082057952881,0.24953369796276093
1758804814191761000,1.586760986328125,-0.24935241043567657,0.39523062109947205,0.2860128879547119
1758804814201717000,1.596717041015625,-0.2998552918434143,0.3440026044845581,0.3281395733356476
1758804814211673000,1.606673095703125,-0.3258107304573059,0.35351648926734924,0.3423062562942505
1758804814221629000,1.61662890625,-0.3297574520111084,0.40091460943222046,0.3353692591190338
1758804814231585000,1.6265849609375,-0.27846071124076843,0.46568137407302856,0.305730938911438
1758804814241540900,1.636540771484375,-0.18650388717651367,0.49991530179977417,0.2686646282672882
1758804814251496200,1.64649609375,-0.08054336905479431,0.46531498432159424,0.23927772045135498
1758804814261452000,1.6564521484375,0.026647845283150673,0.3887655436992645,0.21314109861850739
1758804814271408000,1.666408203125,0.10758770257234573,0.33346980810165405,0.19745002686977386
1758804814281364000,1.676364013671875,0.16888345777988434,0.32324671745300293,0.18484392762184143
1758804814291320000,1.686320068359375,0.2158091515302658,0.2758810818195343,0.17680703103542328
1758804814301276000,1.69627587890625,0.2378268837928772,0.2288573980331421,0.14876773953437805
1758804814311231000,1.70623095703125,0.24498918652534485,0.1850862205028534,0.11928734928369522
1758804814321187000,1.71618701171875,0.23808419704437256,0.17968076467514038,0.09378965198993683
1758804814331143000,1.726142822265625,0.21975445747375488,0.19775190949440002,0.0730859711766243
1758804814341099000,1.73609912109375,0.18995465338230133,0.20539598166942596,0.059620510786771774
1758804814351054800,1.746054931640625,0.15278810262680054,0.20899444818496704,0.05224408581852913
1758804814361011000,1.756010986328125,0.11981309950351715,0.21417351067066193,0.04479312151670456
1758804814370966800,1.765966796875,0.09369734674692154,0.22984275221824646,0.033935412764549255
1758804814380922000,1.775922119140625,0.07807248085737228,0.2501429319381714,0.01911615952849388
1758804814390878000,1.7858779296875,0.0760604590177536,0.26974964141845703,0.001494821859523654
1758804814400834000,1.795833984375,0.07500073313713074,0.29448172450065613,-0.01795940473675728
1758804814410790000,1.805789794921875,0.07905646413564682,0.3024568259716034,-0.017997754737734795
1758804814420745700,1.815745849609375,0.08073744922876358,0.2739764153957367,-0.00743222376331687
1758804814430702000,1.8257021484375,0.09009207040071487,0.2567915618419647,-0.008525450713932514
1758804814440658000,1.835657958984375,0.10025559365749359,0.2369011789560318,-0.02271965704858303
1758804814450613000,1.845613037109375,0.11180039495229721,0.23678798973560333,-0.03668021410703659
1758804814460568800,1.85556884765625,0.1238616481423378,0.2714485228061676,-0.038969896733760834
1758804814470525000,1.86552490234375,0.1252632588148117,0.31778407096862793,-0.03876616433262825
1758804814480481000,1.87548095703125,0.12281980365514755,0.3479425013065338,-0.035097718238830566
1758804814490437000,1.88543701171875,0.12583744525909424,0.35501426458358765,-0.033647891134023666
1758804814500393000,1.89539306640625,0.12774081528186798,0.34649932384490967,-0.03651750087738037
1758804814510348000,1.90534814453125,0.13506796956062317,0.33483946323394775,-0.04512110725045204
1758804814520303900,1.915303955078125,0.13460537791252136,0.32436227798461914,-0.04965705797076225
1758804814530260000,1.925260009765625,0.12691283226013184,0.32572823762893677,-0.04643116891384125
1758804814540216000,1.935216064453125,0.1199982538819313,0.32567769289016724,-0.04469729959964752
1758804814550172000,1.945171875,0.10400410741567612,0.3146761655807495,-0.046385474503040314
1758804814560128000,1.9551279296875,0.10005021095275879,0.31926265358924866,-0.04415671527385712
1758804814570083800,1.965083740234375,0.09798040241003036,0.31995826959609985,-0.03850815072655678
1758804814580039000,1.975038818359375,0.1046825721859932,0.31336379051208496,-0.03594451770186424
1758804814589995000,1.9849951171875,0.11706254631280899,0.31331583857536316,-0.033490411937236786
1758804814599951000,1.994951171875,0.12773680686950684,0.3065716326236725,-0.027727896347641945
1758804814609907000,2.004906982421875,0.13275793194770813,0.2911492586135864,-0.018159158527851105
1758804814619863000,2.014863037109375,0.1379893273115158,0.2627713978290558,-0.019680451601743698
1758804814629819000,2.02481884765625,0.1374838650226593,0.23826205730438232,-0.02523926831781864
1758804814639774200,2.034774169921875,0.13433995842933655,0.22878497838974,-0.027997391298413277
1758804814649730000,2.04472998046875,0.12437254935503006,0.2269013226032257,-0.030830994248390198
1758804814659686000,2.054685791015625,0.11832370609045029,0.23383566737174988,-0.028462113812565804
1758804814669642000,2.06464208984375,0.11907551437616348,0.22264638543128967,-0.01730107143521309
1758804814679597800,2.074597900390625,0.11914102733135223,0.19435854256153107,-0.006487094331532717
1758804814689554000,2.084553955078125,0.1262093186378479,0.15652567148208618,-0.0068018799647688866
1758804814699509800,2.094509765625,0.1394290030002594,0.11372789740562439,-0.012688211165368557
1758804814709465000,2.104465087890625,0.1498158574104309,0.09494568407535553,-0.016931159421801567
1758804814719421000,2.1144208984375,0.15783533453941345,0.09462923556566238,-0.023612672463059425
1758804814729377000,2.124376953125,0.1509590446949005,0.10271299630403519,-0.030055392533540726
1758804814739332900,2.134332763671875,0.13499131798744202,0.08935996145009995,-0.022438066080212593
1758804814749289000,2.1442890625,0.11269400268793106,0.09283618628978729,-0.013698902912437916
1758804814759244800,2.154244873046875,0.09042011201381683,0.0958908200263977,-0.0013660964323207736
1758804814769200000,2.1642001953125,0.08149346709251404,0.09488280862569809,0.00869079865515232
1758804814779156000,2.174156005859375,0.07826197892427444,0.07261210680007935,0.017676251009106636
1758804814789111800,2.18411181640625,0.07824946194887161,0.05533165484666824,0.028570177033543587
1758804814799068000,2.19406787109375,0.07885827124118805,0.05895676091313362,0.03630269318819046
1758804814809023700,2.204023681640625,0.07027942687273026,0.08561207354068756,0.03798128291964531
1758804814818980000,2.21397998046875,0.05164220184087753,0.13728487491607666,0.03761167824268341
1758804814828936000,2.22393603515625,0.0400015264749527,0.19601982831954956,0.031153513118624687
1758804814838891000,2.23389111328125,0.03417553752660751,0.19802065193653107,0.01722702383995056
1758804814848846800,2.243846923828125,0.03097495064139366,0.15214984118938446,0.002612926997244358
1758804814858803000,2.253802978515625,0.02981780841946602,0.11526293307542801,-0.01600094512104988
1758804814868759000,2.263759033203125,0.018845319747924805,0.10560551285743713,-0.06152022257447243
1758804814878715100,2.273715087890625,0.003988073207437992,0.10506460070610046,-0.11985042691230774
1758804814888671000,2.2836708984375,-0.001858630683273077,0.06565114855766296,-0.1609017252922058
1758804814898627000,2.293626953125,0.012748438864946365,0.012746681459248066,-0.1774287074804306
1758804814908582000,2.303581787109375,0.028940193355083466,-0.013510222546756268,-0.17964871227741241
1758804814918537700,2.313537841796875,0.03899144008755684,-0.011456978507339954,-0.17081913352012634
1758804814928494000,2.323494140625,0.05285559222102165,0.010556444525718689,-0.15320312976837158
1758804814938450000,2.333449951171875,0.06211380660533905,0.03088785707950592,-0.14462924003601074
1758804814948406000,2.343406005859375,0.061834968626499176,0.08050867170095444,-0.15717805922031403
1758804814958361900,2.35336181640625,0.04935406148433685,0.1565117985010147,-0.18039393424987793
1758804814968317000,2.36331689453125,0.04614415392279625,0.15444891154766083,-0.17487773299217224
1758804814978273000,2.37327294921875,0.07375688850879669,0.044524505734443665,-0.13325932621955872
1758804814988229000,2.38322900390625,0.12957462668418884,-0.11464624106884003,-0.09023195505142212
1758804814998185000,2.39318505859375,0.17581741511821747,-0.2710791826248169,-0.06569500267505646
1758804815008141000,2.40314111328125,0.19600017368793488,-0.4170403778553009,-0.05249131843447685
1758804815018097000,2.413096923828125,0.19463440775871277,-0.5527551174163818,-0.04964078962802887
1758804815028053000,2.423052978515625,0.1692507416009903,-0.6578399538993835,-0.03952823206782341
1758804815038008000,2.433008056640625,0.12316277623176575,-0.7098408341407776,-0.01603136770427227
1758804815047964000,2.4429638671875,0.06579775363206863,-0.6941242218017578,0.025766944512724876
1758804815057920000,2.452919921875,0.021881641820073128,-0.6255570650100708,0.07215128093957901
1758804815067875800,2.462875732421875,-0.0438302606344223,-0.38351333141326904,0.15234598517417908
1758804815077832000,2.47283203125,-0.06749745458364487,-0.36506083607673645,0.21065394580364227
1758804815087787800,2.482787841796875,-0.14473098516464233,-0.1264277547597885,0.30586037039756775
1758804815097743000,2.4927431640625,-0.11582419276237488,-0.16191357374191284,0.27086594700813293
1758804815107699000,2.502698974609375,-0.05770549178123474,-0.22978688776493073,0.18892313539981842
1758804815117655000,2.512655029296875,-0.04407889395952225,-0.2410544604063034,0.1383691430091858
1758804815127611000,2.52261083984375,-0.029568128287792206,-0.2386980950832367,0.1240522563457489
1758804815137567000,2.53256689453125,0.0005057237576693296,-0.24201984703540802,0.12709464132785797
1758804815147522800,2.542522705078125,0.02902950905263424,-0.27262651920318604,0.12023807317018509
1758804815157479200,2.552479248046875,0.056109171360731125,-0.30566275119781494,0.100365549325943
1758804815167434000,2.56243408203125,0.07631537318229675,-0.362959086894989,0.09171107411384583
1758804815177389800,2.572389892578125,0.09697777777910233,-0.40302473306655884,0.11291089653968811
1758804815187346000,2.582345947265625,0.12892186641693115,-0.430958092212677,0.14602091908454895
1758804815197301800,2.5923017578125,0.15180326998233795,-0.48407748341560364,0.16981494426727295
1758804815207258000,2.602258056640625,0.17531578242778778,-0.5274761319160461,0.18992793560028076
1758804815217214000,2.6122138671875,0.19067934155464172,-0.5506056547164917,0.22093692421913147
1758804815227169000,2.6221689453125,0.20718134939670563,-0.5390611290931702,0.262321412563324
1758804815237124900,2.632124755859375,0.21081401407718658,-0.49568724632263184,0.300769567489624
1758804815247081000,2.6420810546875,0.21073012053966522,-0.43849000334739685,0.3371789753437042
1758804815257036800,2.652036865234375,0.2023889422416687,-0.3614669144153595,0.3680576980113983
1758804815266993200,2.6619931640625,0.18928299844264984,-0.294225811958313,0.39596307277679443
1758804815276949000,2.671948974609375,0.16749827563762665,-0.233048215508461,0.41392478346824646
1758804815286905000,2.681905029296875,0.14761218428611755,-0.1782587319612503,0.4326273500919342
1758804815296860000,2.69185986328125,0.1385875940322876,-0.13870759308338165,0.4493866562843323
1758804815306815700,2.701815673828125,0.13998308777809143,-0.1182023137807846,0.4684314727783203
1758804815316772000,2.711772216796875,0.13790836930274963,-0.10726553201675415,0.4794110655784607
1758804815326728000,2.72172802734375,0.12997348606586456,-0.08870409429073334,0.4729057848453522
1758804815336684000,2.73168408203125,0.11879636347293854,-0.05902769789099693,0.45941632986068726
1758804815346640000,2.741639892578125,0.10845956951379776,-0.05552537366747856,0.43905940651893616
1758804815356596000,2.751595947265625,0.10493961721658707,-0.0998092070221901,0.40954679250717163
1758804815366551000,2.761551025390625,0.10304557532072067,-0.1528436541557312,0.3824821710586548
1758804815376507100,2.771507080078125,0.10494457185268402,-0.2088208943605423,0.35601329803466797
1758804815386463000,2.781462890625,0.1141820102930069,-0.2720792293548584,0.33891528844833374
1758804815396419000,2.791419189453125,0.11916925013065338,-0.2976580858230591,0.33751043677330017
1758804815406375000,2.801375,0.1182456687092781,-0.28050732612609863,0.3575746715068817
1758804815416331000,2.8113310546875,0.1131504625082016,-0.23260238766670227,0.390153706073761
1758804815426286000,2.8212861328125,0.10709976404905319,-0.171148881316185,0.4260845482349396
1758804815436242000,2.831241943359375,0.10476517677307129,-0.13541752099990845,0.454720675945282
1758804815446198000,2.841197998046875,0.11024463176727295,-0.13795951008796692,0.47205305099487305
1758804815456153900,2.85115380859375,0.11244925111532211,-0.1441524475812912,0.4808811545372009
1758804815466110000,2.86110986328125,0.10757007449865341,-0.12019597738981247,0.47871705889701843
1758804815476065800,2.871065673828125,0.09241855144500732,-0.09272146970033646,0.4704785943031311
1758804815486022000,2.88102197265625,0.0852850079536438,-0.10216264426708221,0.4511272609233856
1758804815495977000,2.89097705078125,0.09765437245368958,-0.14612531661987305,0.424393892288208
1758804815505933000,2.90093310546875,0.11549782007932663,-0.22050926089286804,0.3827234208583832
1758804815515889000,2.910888916015625,0.13336588442325592,-0.3016051650047302,0.33334973454475403
1758804815525845000,2.920844970703125,0.14353568851947784,-0.36690083146095276,0.27406272292137146
1758804815535800800,2.93080078125,0.13293497264385223,-0.408126562833786,0.22440996766090393
1758804815545757000,2.9407568359375,0.10557552427053452,-0.4326246976852417,0.17984676361083984
1758804815555713000,2.950713134765625,0.06725268810987473,-0.44278573989868164,0.14075475931167603
1758804815565667800,2.960667724609375,0.030654463917016983,-0.43236610293388367,0.11619321256875992
1758804815575624000,2.9706240234375,-0.005081694573163986,-0.38934728503227234,0.12659713625907898
1758804815585579800,2.980579833984375,-0.03369762748479843,-0.3240707814693451,0.17241549491882324
1758804815595536000,2.990535888671875,-0.05562785267829895,-0.2562536299228668,0.23336012661457062
1758804815605492000,3.000491943359375,-0.06804963201284409,-0.17636093497276306,0.29482346773147583
1758804815615448000,3.010447998046875,-0.07286908477544785,-0.0687815472483635,0.35884493589401245
1758804815625404000,3.02040380859375,-0.06196184456348419,0.048316314816474915,0.42118126153945923
1758804815635359000,3.03035888671875,-0.032648712396621704,0.14445407688617706,0.470077782869339
1758804815645314800,3.040314697265625,-0.0006071578245609999,0.20545589923858643,0.49698904156684875
1758804815655271200,3.050271240234375,0.027679286897182465,0.22253742814064026,0.5096904635429382
1758804815665227000,3.06022705078125,0.048568058758974075,0.18890541791915894,0.5105485320091248
1758804815675183000,3.07018310546875,0.05578341335058212,0.1421450972557068,0.49785879254341125
1758804815685139000,3.080138916015625,0.054235585033893585,0.10243017226457596,0.4799802005290985
1758804815695093800,3.09009375,0.051611945033073425,0.06009577587246895,0.46346864104270935
1758804815705050000,3.100050048828125,0.05180209502577782,0.04496129974722862,0.45853379368782043
1758804815715006000,3.110005859375,0.05782122164964676,0.039088472723960876,0.4589044451713562
1758804815724962000,3.119962158203125,0.08508879691362381,0.008567314594984055,0.4605036675930023
1758804815734918000,3.12991796875,0.11971627175807953,-0.03198115900158882,0.465864896774292
1758804815744874000,3.1398740234375,0.13953125476837158,-0.04889729246497154,0.4802928566932678
1758804815754829800,3.149829833984375,0.15379978716373444,-0.040250543504953384,0.5009930729866028
1758804815764785000,3.159784912109375,0.16432538628578186,-0.018281595781445503,0.5105876326560974
1758804815774740700,3.16974072265625,0.17691847681999207,-0.01161144394427538,0.5007022619247437
1758804815784696800,3.17969677734375,0.1851646900177002,-0.016664525493979454,0.4751388430595398
1758804815794652700,3.189652587890625,0.1803950071334839,-0.011125665158033371,0.4480995237827301
1758804815804608800,3.19960888671875,0.15629446506500244,0.009304774925112724,0.4211565852165222
1758804815814564600,3.209564697265625,0.12138970196247101,0.03255227208137512,0.4045836627483368
1758804815824520700,3.219520751953125,0.09862660616636276,0.035984817892313004,0.3842355012893677
1758804815834475800,3.229475830078125,0.08659379184246063,0.014759980142116547,0.3631260097026825
1758804815844432000,3.239431884765625,0.07954680174589157,-0.006126393564045429,0.34157198667526245
1758804815854387700,3.2493876953125,0.07116242498159409,-0.022513357922434807,0.31672683358192444
1758804815864343600,3.259343505859375,0.0573992095887661,-0.03065810352563858,0.2881670892238617
1758804815874299600,3.269299560546875,0.04091504216194153,-0.029831457883119583,0.25468501448631287
1758804815884255700,3.279255859375,0.02159780263900757,-0.030334794893860817,0.21602924168109894
1758804815894210800,3.2892109375,0.0020916953217238188,-0.031611256301403046,0.17028596997261047
1758804815904166700,3.299166748046875,-0.026447536423802376,-0.031058916822075844,0.1278064250946045
1758804815914122800,3.309122802734375,-0.04809291660785675,-0.0361178033053875,0.08560237288475037
1758804815924078600,3.31907861328125,-0.06809698045253754,-0.05153457820415497,0.04200882464647293
1758804815934035000,3.329034912109375,-0.09158153086900711,-0.06116914004087448,-0.005546549800783396
1758804815943990800,3.33899072265625,-0.10606460273265839,-0.06962467730045319,-0.05001521483063698
1758804815953947000,3.34894677734375,-0.1195419579744339,-0.07025878876447678,-0.07109763473272324
1758804815963901700,3.358901611328125,-0.1274174451828003,-0.07328227162361145,-0.07611822336912155
1758804815973857500,3.368857421875,-0.13487233221530914,-0.06768535822629929,-0.06506206840276718
1758804815983814000,3.37881396484375,-0.13753363490104675,-0.06258567422628403,-0.05619161203503609
1758804815993769700,3.388769775390625,-0.13938795030117035,-0.05635838583111763,-0.059313055127859116
1758804816003725800,3.398725830078125,-0.1423555165529251,-0.048562515527009964,-0.0748712420463562
1758804816013681700,3.408681640625,-0.1400398313999176,-0.04743867367506027,-0.09107793867588043
1758804816023637800,3.4186376953125,-0.13163542747497559,-0.06385013461112976,-0.09973987191915512
1758804816033592600,3.428592529296875,-0.11772727966308594,-0.08048131316900253,-0.0984911248087883
1758804816043549000,3.438548828125,-0.10509910434484482,-0.09585174918174744,-0.09363032132387161
1758804816053504800,3.4485048828125,-0.09412617981433868,-0.11403156816959381,-0.09362663328647614
1758804816063460900,3.4584609375,-0.08907762914896011,-0.1372244954109192,-0.1034339964389801
1758804816073416700,3.468416748046875,-0.08637256175279617,-0.16442225873470306,-0.12601616978645325
1758804816083372800,3.478372802734375,-0.09283924847841263,-0.18840482831001282,-0.15086959302425385
1758804816093328600,3.48832861328125,-0.08601601421833038,-0.21740931272506714,-0.17041319608688354
1758804816103283700,3.49828369140625,-0.06400525569915771,-0.24710489809513092,-0.17415174841880798
1758804816113239800,3.50823974609375,-0.03094860352575779,-0.25121521949768066,-0.16354230046272278
1758804816123195600,3.518195556640625,0.008787624537944794,-0.22282329201698303,-0.12950630486011505
1758804816133151700,3.52815185546875,0.04734944924712181,-0.1995576173067093,-0.08676625043153763
1758804816143107600,3.538107666015625,0.08315671235322952,-0.18027234077453613,-0.04369042068719864
1758804816153063700,3.548063720703125,0.10700244456529617,-0.16804976761341095,-0.021261043846607208
1758804816163018800,3.558018798828125,0.12402883172035217,-0.19210903346538544,-0.01838003657758236
1758804816172974800,3.567974853515625,0.12525160610675812,-0.236162006855011,-0.038307998329401016
1758804816182930700,3.5779306640625,0.10833387821912766,-0.2569919228553772,-0.05428696423768997
1758804816192886800,3.58788671875,0.07847275584936142,-0.26330921053886414,-0.04963307827711105
1758804816202842600,3.597842529296875,0.04481599107384682,-0.27628573775291443,-0.03833408281207085
1758804816212798700,3.607798828125,0.014489404857158661,-0.26415663957595825,-0.025199921801686287
1758804816222754800,3.6177548828125,-0.01291904877871275,-0.23741130530834198,-0.005838474258780479
1758804816232711000,3.6277109375,-0.04390142485499382,-0.21085341274738312,0.0033519279677420855
1758804816242665700,3.637665771484375,-0.06903926283121109,-0.15495233237743378,0.010603981092572212
1758804816252621600,3.64762158203125,-0.08517642319202423,-0.0990976095199585,0.010020696558058262
1758804816262577700,3.65757763671875,-0.08967450261116028,-0.06246529892086983,-0.003359024180099368
1758804816272533800,3.66753369140625,-0.08490441739559174,-0.03685052692890167,-0.02826133742928505
1758804816282489900,3.67748974609375,-0.06401138752698898,-0.026761408895254135,-0.055845558643341064
1758804816292445700,3.68744580078125,-0.037710562348365784,-0.037210043519735336,-0.08838614076375961
1758804816302400800,3.69740087890625,-0.015163439325988293,-0.0712585598230362,-0.12764272093772888
1758804816312356600,3.707356689453125,-0.0031138304620981216,-0.10290350019931793,-0.16725866496562958
1758804816322312700,3.717312744140625,-0.016238687559962273,-0.07949298620223999,-0.1945563405752182
1758804816332268800,3.727268798828125,-0.04882670193910599,0.009146005846560001,-0.2007632702589035
1758804816342225000,3.737224853515625,-0.09399417787790298,0.13765071332454681,-0.1818295270204544
1758804816352180700,3.7471806640625,-0.1397172212600708,0.2749907672405243,-0.14265885949134827
1758804816362136800,3.75713671875,-0.173213392496109,0.385213166475296,-0.09165879338979721
1758804816372091600,3.767091552734375,-0.1918243020772934,0.44632333517074585,-0.050055451691150665
1758804816382047700,3.7770478515625,-0.1856369823217392,0.452735960483551,-0.025326665490865707
1758804816392003800,3.78700390625,-0.15653234720230103,0.4129701852798462,-0.017917005345225334
1758804816401959700,3.796959716796875,-0.11374040693044662,0.3361513018608093,-0.015765437856316566
1758804816411915800,3.806915771484375,-0.059831105172634125,0.24534016847610474,-0.012223965488374233
1758804816421871600,3.81687158203125,-0.009828656911849976,0.1656959503889084,-0.006689385045319796
1758804816431827700,3.82682763671875,0.032136838883161545,0.1106036826968193,-0.000010652700439095497
1758804816441782800,3.83678271484375,0.07563158124685287,0.041384924203157425,-0.00902625173330307
1758804816451739000,3.84673876953125,0.11426377296447754,-0.018543390557169914,-0.0329398512840271
1758804816461694700,3.85669482421875,0.13750384747982025,-0.043718256056308746,-0.054865654557943344
1758804816471650800,3.86665087890625,0.14176729321479797,-0.04479335993528366,-0.07562869787216187
1758804816481606700,3.876606689453125,0.13980348408222198,-0.057640183717012405,-0.10062140226364136
1758804816491562800,3.886562744140625,0.1394471675157547,-0.07830286771059036,-0.1289265900850296
1758804816501518800,3.896518798828125,0.13807110488414764,-0.08663510531187057,-0.15418507158756256
1758804816511473700,3.9064736328125,0.13143587112426758,-0.08801091462373734,-0.1780042052268982
1758804816521429800,3.9164296875,0.12249590456485748,-0.09472501277923584,-0.19878457486629486
1758804816532007700,3.927007568359375,0.12016137689352036,-0.12489010393619537,-0.2215234488248825
1758804816541963800,3.9369638671875,0.12032529711723328,-0.15846401453018188,-0.2514037787914276
1758804816551919600,3.946919677734375,0.11252623051404953,-0.16409873962402344,-0.286754310131073
1758804816561875700,3.956875732421875,0.1010306105017662,-0.14447897672653198,-0.3195136487483978
1758804816571831800,3.966831787109375,0.08080949634313583,-0.10048303008079529,-0.3550301194190979
1758804816581787000,3.976786865234375,0.05505376309156418,-0.05689157173037529,-0.3893964886665344
1758804816591742700,3.98674267578125,0.025598935782909393,-0.0007739742286503315,-0.4114794135093689
1758804816601698800,3.99669873046875,-0.00016068574041128159,0.06442604213953018,-0.4201243817806244
1758804816611654700,4.006654541015625,-0.01998073048889637,0.10456494241952896,-0.4129975140094757
1758804816621610800,4.01661083984375,-0.029614830389618874,0.10966277122497559,-0.38999682664871216
1758804816631566800,4.02656689453125,-0.03304658085107803,0.1209777444601059,-0.3665301203727722
1758804816641522700,4.036522705078125,-0.03298381716012955,0.12328296154737473,-0.34894612431526184
1758804816651477800,4.046477783203125,-0.029171768575906754,0.1022099032998085,-0.33342841267585754
1758804816661433600,4.05643359375,-0.02145741879940033,0.07714134454727173,-0.3064776062965393
1758804816671389700,4.0663896484375,-0.011640474200248718,0.035240236669778824,-0.2849313020706177
1758804816681345800,4.076345703125,0.005914510227739811,-0.03835891932249069,-0.2765165865421295
1758804816691302000,4.086302001953125,0.02747466415166855,-0.14571146667003632,-0.27563774585723877
1758804816701257700,4.0962578125,0.037828315049409866,-0.24811376631259918,-0.28585106134414673
1758804816711213800,4.1062138671875,0.02473301999270916,-0.3139047622680664,-0.29463550448417664
1758804816721168600,4.116168701171875,-0.0007600537501275539,-0.34101545810699463,-0.28118300437927246
1758804816731125000,4.126125,-0.022556429728865623,-0.3498702049255371,-0.24262923002243042
1758804816741080800,4.136080810546875,-0.020652875304222107,-0.397402286529541,-0.211244598031044
1758804816751036700,4.14603662109375,-0.012797080911695957,-0.45658546686172485,-0.18832038342952728
1758804816760992800,4.15599267578125,-0.000477868365123868,-0.48798254132270813,-0.16873635351657867
1758804816770948900,4.165948974609375,0.009393937885761261,-0.5128218531608582,-0.15268760919570923
1758804816780904700,4.17590478515625,0.015423351898789406,-0.5230516195297241,-0.13610470294952393
1758804816790860000,4.185860107421875,0.011966835707426071,-0.5284245014190674,-0.12745262682437897
1758804816800815900,4.19581591796875,-0.0007860572077333927,-0.5704997777938843,-0.12793989479541779
1758804816810772000,4.20577197265625,-0.026501808315515518,-0.6215683221817017,-0.12813110649585724
1758804816820727800,4.215727783203125,-0.0716189444065094,-0.6187986135482788,-0.11200635135173798
1758804816830684000,4.225683837890625,-0.11445402354001999,-0.5891528725624084,-0.07454606145620346
1758804816840639700,4.2356396484375,-0.1432206928730011,-0.5338520407676697,-0.031085936352610588
1758804816850595800,4.245595947265625,-0.15067745745182037,-0.4535745084285736,0.01346905529499054
1758804816860552000,4.255552001953125,-0.14748138189315796,-0.3761258125305176,0.06352072209119797
1758804816870507000,4.265507080078125,-0.12602348625659943,-0.31489866971969604,0.11022643744945526
1758804816880462800,4.275462890625,-0.08174388110637665,-0.27677977085113525,0.12781773507595062
1758804816890418700,4.285418701171875,-0.02325872890651226,-0.278707891702652,0.10781365633010864
1758804816900374800,4.295374755859375,0.027406079694628716,-0.29179972410202026,0.062404680997133255
1758804816910331000,4.305330810546875,0.05972513556480408,-0.29767918586730957,0.013928757049143314
1758804816920287000,4.315286865234375,0.0710720643401146,-0.3011690080165863,-0.02276214398443699
1758804816930242800,4.325242919921875,0.06113050505518913,-0.32229292392730713,-0.04229142144322395
1758804816940198000,4.335197998046875,0.04487273842096329,-0.3529360592365265,-0.05250442773103714
1758804816950153700,4.34515380859375,0.01938282512128353,-0.34669068455696106,-0.06062866747379303
1758804816960109800,4.35510986328125,-0.022149719297885895,-0.28316551446914673,-0.06434109061956406
1758804816970066000,4.36506591796875,-0.05845366790890694,-0.19431285560131073,-0.06146487221121788
1758804816980022000,4.37502197265625,-0.09145400673151016,-0.10481520742177963,-0.03798327222466469
1758804816989977900,4.384977783203125,-0.11671967804431915,-0.008728092536330223,0.0071876696310937405
1758804816999934000,4.394933837890625,-0.1331106424331665,0.08771402388811111,0.06913519650697708
1758804817009888800,4.404888671875,-0.12716805934906006,0.1695534884929657,0.13722875714302063
1758804817019844900,4.414844970703125,-0.10280770063400269,0.21516945958137512,0.19332534074783325
1758804817029801000,4.424801025390625,-0.06144002079963684,0.248859241604805,0.2382270246744156
1758804817039756800,4.4347568359375,-0.0007968265563249588,0.2758826017379761,0.2699230909347534
1758804817049713000,4.444712890625,0.05666033923625946,0.273643434047699,0.28295740485191345
1758804817059668700,4.454668701171875,0.09825870394706726,0.2526918053627014,0.2875598967075348
1758804817069624800,4.464624755859375,0.11460385471582413,0.22243374586105347,0.2913474440574646
1758804817079580700,4.47458056640625,0.10346149653196335,0.178811177611351,0.28718599677085876
1758804817089536000,4.484535888671875,0.07513132691383362,0.14255090057849884,0.28023141622543335
1758804817099491800,4.494491943359375,0.04064677283167839,0.12606140971183777,0.2728291451931
1758804817109448000,4.504447998046875,0.006367094814777374,0.11933426558971405,0.27339133620262146
1758804817119403800,4.51440380859375,-0.023766420781612396,0.11772891134023666,0.27617859840393066
1758804817129360000,4.52435986328125,-0.038804225623607635,0.10129321366548538,0.2754153311252594
1758804817139316000,4.53431591796875,-0.046561334282159805,0.07142161577939987,0.27532461285591125
1758804817149272000,4.54427197265625,-0.046451080590486526,0.05340958759188652,0.278860479593277
1758804817159228000,4.554227783203125,-0.036323435604572296,0.016081111505627632,0.28038105368614197
1758804817169182700,4.5641826171875,-0.019809171557426453,-0.05836862325668335,0.2702312171459198
1758804817179138800,4.574138916015625,-0.009372295811772346,-0.14207977056503296,0.24711118638515472
1758804817189094700,4.5840947265625,-0.013167034834623337,-0.192566379904747,0.2264530509710312
1758804817199051000,4.594051025390625,-0.02576420269906521,-0.21526768803596497,0.2127572000026703
1758804817209006800,4.6040068359375,-0.03213927894830704,-0.24455207586288452,0.20284251868724823
1758804817218963000,4.613962890625,-0.03986503556370735,-0.26755833625793457,0.1967708170413971
1758804817228918800,4.623918701171875,-0.04532105475664139,-0.268009752035141,0.1808842569589615
1758804817238875000,4.633875,-0.04745747894048691,-0.2738737463951111,0.15294049680233002
1758804817248830000,4.643829833984375,-0.05116033926606178,-0.2773078978061676,0.11331745237112045
1758804817258786000,4.6537861328125,-0.05798041820526123,-0.2680712342262268,0.07667278498411179
1758804817268742000,4.663741943359375,-0.06611929833889008,-0.26454147696495056,0.03877333924174309
1758804817278698000,4.673697998046875,-0.07757273316383362,-0.2618279755115509,-0.005498236045241356
1758804817288653800,4.68365380859375,-0.08867411315441132,-0.23752212524414062,-0.054777633398771286
1758804817298610000,4.69360986328125,-0.09441779553890228,-0.2272295504808426,-0.1072186529636383
1758804817308565800,4.703565673828125,-0.087574802339077,-0.21924085915088654,-0.1696237027645111
1758804817318521900,4.71352197265625,-0.08381910622119904,-0.21248814463615417,-0.23708082735538483
1758804817328478000,4.72347802734375,-0.08318980038166046,-0.2119493931531906,-0.29591140151023865
1758804817338432800,4.733432861328125,-0.0868053063750267,-0.1718778759241104,-0.3381904065608978
1758804817348388900,4.743388916015625,-0.10857745260000229,-0.08017325401306152,-0.33530193567276
1758804817358344700,4.7533447265625,-0.13086144626140594,0.04031294584274292,-0.2730391025543213
1758804817368300800,4.76330078125,-0.15045741200447083,0.1528988778591156,-0.1636333018541336
1758804817378257000,4.7732568359375,-0.15428410470485687,0.24124419689178467,-0.0406741201877594
1758804817388213000,4.783212890625,-0.1358848512172699,0.3046327531337738,0.05360550805926323
1758804817398168800,4.7931689453125,-0.10062620043754578,0.3500676155090332,0.09626934677362442
1758804817408125000,4.803125,-0.054865434765815735,0.3779914081096649,0.11541246622800827
1758804817418079700,4.813079833984375,-0.009628416039049625,0.3600371778011322,0.1295926570892334
1758804817428036000,4.8230361328125,0.0286441408097744,0.2944118082523346,0.14411035180091858
1758804817437992000,4.832991943359375,0.03577439486980438,0.2266729772090912,0.1465594321489334
1758804817447948000,4.842947998046875,0.012665879912674427,0.1965491771697998,0.12921905517578125
1758804817457903900,4.85290380859375,-0.021570594981312752,0.19896304607391357,0.10126788169145584
1758804817467860000,4.86285986328125,-0.04604184627532959,0.1998554766178131,0.0790129080414772
1758804817477815800,4.87281591796875,-0.05512719228863716,0.19926531612873077,0.03784148395061493
1758804817487772000,4.88277197265625,-0.047520142048597336,0.1995990127325058,-0.025011781603097916
1758804817497727700,4.892727783203125,-0.024670692160725594,0.1921251118183136,-0.08535338193178177
1758804817507684000,4.90268408203125,0.0008975195232778788,0.19266147911548615,-0.11931747198104858
1758804817517639000,4.912638916015625,0.01377044152468443,0.2225879430770874,-0.11553552001714706
1758804817527594800,4.9225947265625,0.00519272405654192,0.2940483093261719,-0.07820093631744385
1758804817537550800,4.93255078125,-0.003921081777662039,0.36492833495140076,-0.023822199553251266
1758804817547506700,4.942506591796875,0.002992750843986869,0.40979433059692383,0.031915098428726196
1758804817557463000,4.952463134765625,0.0348643958568573,0.43760013580322266,0.08565742522478104
1758804817567419000,4.9624189453125,0.08547262102365494,0.45039501786231995,0.1304320991039276
1758804817577375000,4.972375,0.14693598449230194,0.4579847753047943,0.1666468381881714
1758804817587330800,4.982330810546875,0.20524908602237701,0.4610857665538788,0.19506116211414337
1758804817597287000,4.992286865234375,0.2540251612663269,0.45116227865219116,0.21024490892887115
1758804817607242000,5.002241943359375,0.29116424918174744,0.4285280704498291,0.2088049352169037
1758804817617198000,5.012197998046875,0.3098905086517334,0.40642648935317993,0.19776266813278198
1758804817627154000,5.02215380859375,0.31250467896461487,0.38508766889572144,0.17774555087089539
1758804817637110000,5.032110107421875,0.30088478326797485,0.3643195331096649,0.15377816557884216
1758804817647065900,5.04206591796875,0.278873473405838,0.3583465814590454,0.13162913918495178
1758804817657022000,5.05202197265625,0.2552509009838104,0.3614100217819214,0.1161528006196022
1758804817666977800,5.061977783203125,0.24291914701461792,0.3616909980773926,0.10514622181653976
1758804817676934000,5.071933837890625,0.24025002121925354,0.35415077209472656,0.09304847568273544
1758804817686890000,5.081889892578125,0.24390679597854614,0.32788294553756714,0.08554289489984512
1758804817696845800,5.091845703125,0.24757272005081177,0.2695320248603821,0.08341476321220398
1758804817706801000,5.10180078125,0.2520122230052948,0.20471788942813873,0.08234630525112152
1758804817716756700,5.1117568359375,0.24936598539352417,0.16233742237091064,0.08142589032649994
1758804817726712800,5.121712890625,0.2404148429632187,0.13743606209754944,0.09006252139806747
1758804817736669000,5.1316689453125,0.22480030357837677,0.09356767684221268,0.09413768351078033
1758804817746625000,5.141625,0.20137913525104523,0.06807269901037216,0.08946942538022995
1758804817756580900,5.151580810546875,0.17024971544742584,0.09390323609113693,0.07653471827507019
1758804817766537000,5.161536865234375,0.13171830773353577,0.13194169104099274,0.060787979513406754
1758804817776492300,5.1714921875,0.08684521913528442,0.16640937328338623,0.05789715051651001
1758804817786448400,5.181448486328125,0.04174671694636345,0.20803777873516083,0.06524321436882019
1758804817796404500,5.191404541015625,0.0011397094931453466,0.2424492985010147,0.07048586755990982
1758804817806359300,5.201359375,-0.03346806764602661,0.2551768124103546,0.051438141614198685
1758804817816315400,5.2113154296875,-0.054945383220911026,0.2817397117614746,0.02573070302605629
1758804817826271200,5.221271240234375,-0.06584224104881287,0.3090594708919525,-0.012882468290627003
1758804817836227300,5.231227294921875,-0.0676896721124649,0.29973867535591125,-0.04887189343571663
1758804817846183400,5.241183349609375,-0.07113336026668549,0.2582027018070221,-0.07333501428365707
1758804817856139500,5.251139404296875,-0.08703169971704483,0.22746288776397705,-0.08678311854600906
1758804817866095400,5.261095458984375,-0.10273768752813339,0.18537428975105286,-0.10379299521446228
1758804817876051500,5.271051513671875,-0.1113157644867897,0.10091453790664673,-0.13006025552749634
1758804817886007300,5.28100732421875,-0.11969486624002457,-0.010844219475984573,-0.15489929914474487
1758804817895963400,5.29096337890625,-0.135748028755188,-0.10747542977333069,-0.17386390268802643
1758804817905919200,5.300919189453125,-0.16286246478557587,-0.18210279941558838,-0.17136026918888092
1758804817915875300,5.310875244140625,-0.1905079483985901,-0.25479453802108765,-0.14784221351146698
1758804817925830400,5.320830322265625,-0.20736496150493622,-0.354177325963974,-0.12215069681406021
1758804817935786500,5.330786376953125,-0.21525302529335022,-0.4745679497718811,-0.11260856688022614
1758804817945742300,5.340742431640625,-0.22212424874305725,-0.5731909275054932,-0.08952295035123825
1758804817955698400,5.350698486328125,-0.21925589442253113,-0.618995189666748,-0.04013761132955551
1758804817965654300,5.360654296875,-0.18196311593055725,-0.6541590094566345,0.011965537443757057
1758804817975610400,5.3706103515625,-0.11050578206777573,-0.7107782959938049,0.03867831081151962
1758804817985566500,5.38056640625,-0.019966289401054382,-0.7803770899772644,0.04527122899889946
1758804817995522600,5.3905224609375,0.06603995710611343,-0.839515209197998,0.03996541351079941
1758804818005478400,5.400478515625,0.1290910840034485,-0.8797889351844788,0.02251594141125679
1758804818015434500,5.4104345703125,0.16106747090816498,-0.9069685935974121,-0.0166640467941761
1758804818025390300,5.420390380859375,0.16355593502521515,-0.9088929891586304,-0.07234115898609161
1758804818035345400,5.430345458984375,0.14517472684383392,-0.9114397764205933,-0.12382005900144577
1758804818045301500,5.440301513671875,0.1176229938864708,-0.9112671613693237,-0.16098953783512115
1758804818055257300,5.45025732421875,0.07521321624517441,-0.8882513642311096,-0.17719852924346924
1758804818065213400,5.46021337890625,0.017113961279392242,-0.8263493776321411,-0.17383576929569244
1758804818075169300,5.470169189453125,-0.040547244250774384,-0.7340719103813171,-0.154062882065773
1758804818085125400,5.48012548828125,-0.08916457742452621,-0.6279505491256714,-0.12129935622215271
1758804818095081200,5.490081298828125,-0.11909102648496628,-0.5267735719680786,-0.06792405247688293
1758804818105037600,5.50003759765625,-0.13599412143230438,-0.4440653622150421,-0.0015655348543077707
1758804818114993400,5.509993408203125,-0.1399526447057724,-0.3638024926185608,0.07171320915222168
1758804818124949500,5.519949462890625,-0.14410024881362915,-0.2784455418586731,0.1431933492422104
1758804818134905300,5.5299052734375,-0.13498665392398834,-0.2091950625181198,0.20846331119537354
1758804818144861400,5.539861328125,-0.10955506563186646,-0.15388786792755127,0.26504990458488464
1758804818154816500,5.54981640625,-0.07842271029949188,-0.11244481801986694,0.3084988296031952
1758804818164772400,5.5597724609375,-0.048143837600946426,-0.09638781100511551,0.33024221658706665
1758804818174728400,5.569728515625,-0.029194990172982216,-0.11088898032903671,0.33836829662323
1758804818184684300,5.579684326171875,-0.0221695713698864,-0.13723351061344147,0.3379320502281189
1758804818194640400,5.589640380859375,-0.025987662374973297,-0.18047024309635162,0.3262579143047333
1758804818204596200,5.59959619140625,-0.037893589586019516,-0.2198871523141861,0.31262412667274475
1758804818214552300,5.60955224609375,-0.06568712741136551,-0.2410707026720047,0.29280322790145874
1758804818224508200,5.619508056640625,-0.09756064414978027,-0.24952490627765656,0.2662126421928406
1758804818234464500,5.629464599609375,-0.12819679081439972,-0.24729502201080322,0.2316562384366989
1758804818244420400,5.63942041015625,-0.1520395427942276,-0.2492244839668274,0.1876959651708603
1758804818254376400,5.64937646484375,-0.1644492894411087,-0.2774052619934082,0.14518125355243683
1758804818264332300,5.659332275390625,-0.16735586524009705,-0.32919201254844666,0.10963284969329834
1758804818274288400,5.669288330078125,-0.16349467635154724,-0.3775731325149536,0.09133534133434296
1758804818284243500,5.679243408203125,-0.15697047114372253,-0.4039967656135559,0.08615362644195557
1758804818294199600,5.689199462890625,-0.15109731256961823,-0.411840558052063,0.08221722394227982
1758804818304155400,5.6991552734375,-0.14820751547813416,-0.4111127257347107,0.08198606222867966
1758804818314111500,5.709111572265625,-0.14839377999305725,-0.4147559404373169,0.07456912845373154
1758804818324067300,5.7190673828125,-0.1557084172964096,-0.4268147349357605,0.062219783663749695
1758804818334023400,5.7290234375,-0.16219739615917206,-0.4431194067001343,0.05875873565673828
1758804818343979300,5.738979248046875,-0.17179197072982788,-0.4670502841472626,0.06642251461744308
1758804818353935400,5.748935302734375,-0.18075422942638397,-0.49426913261413574,0.07612068951129913
1758804818363891500,5.758891357421875,-0.19844533503055573,-0.4998817443847656,0.08978191018104553
1758804818373847600,5.76884765625,-0.2180270403623581,-0.5009970664978027,0.10368920117616653
1758804818383803400,5.778803466796875,-0.24550792574882507,-0.493021160364151,0.11216498166322708
1758804818393759500,5.788759521484375,-0.2704952657222748,-0.47210392355918884,0.11298954486846924
1758804818403715300,5.79871533203125,-0.29297447204589844,-0.43422871828079224,0.11222735047340393
1758804818413670400,5.80867041015625,-0.31527671217918396,-0.38047516345977783,0.10480663925409317
1758804818423626500,5.81862646484375,-0.34223484992980957,-0.3231058716773987,0.09187406301498413
1758804818433582300,5.828582275390625,-0.35907673835754395,-0.2580108046531677,0.07609224319458008
1758804818443538400,5.838538330078125,-0.35340365767478943,-0.19226615130901337,0.06304088979959488
1758804818453494300,5.848494384765625,-0.3294543921947479,-0.1213943362236023,0.04944538325071335
1758804818463450400,5.858450439453125,-0.2916010022163391,-0.044733643531799316,0.040150418877601624
1758804818473406200,5.86840625,-0.24289081990718842,0.026838252320885658,0.027258094400167465
1758804818483362600,5.878362548828125,-0.1834607869386673,0.09489107131958008,0.009344608522951603
1758804818493318400,5.888318359375,-0.12440657615661621,0.16185736656188965,-0.010994547978043556
1758804818503274500,5.8982744140625,-0.07561240345239639,0.23138052225112915,-0.023217126727104187
1758804818513230300,5.908230224609375,-0.03418254107236862,0.28446292877197266,0.0027060764841735363
1758804818523186400,5.9181865234375,0.00484741386026144,0.31933462619781494,0.0667809322476387
1758804818533142300,5.928142333984375,0.04258972406387329,0.3547959625720978,0.14370818436145782
1758804818543098400,5.938098388671875,0.08133898675441742,0.38016414642333984,0.18454216420650482
1758804818553054200,5.94805419921875,0.12253870815038681,0.39028334617614746,0.1779618114233017
1758804818563009500,5.958009521484375,0.15898621082305908,0.37048405408859253,0.1453055888414383
1758804818572965400,5.96796533203125,0.19863973557949066,0.3112548291683197,0.12264475971460342
1758804818582921200,5.977921142578125,0.22845010459423065,0.23962350189685822,0.10042121261358261
1758804818592877300,5.987877197265625,0.2356949746608734,0.17537128925323486,0.07200584560632706
1758804818602833200,5.997833251953125,0.22167210280895233,0.14162451028823853,0.028656501322984695
1758804818612789500,6.00778955078125,0.19522158801555634,0.13484090566635132,-0.036329954862594604
1758804818622745300,6.017745361328125,0.17200122773647308,0.14597956836223602,-0.11152643710374832
1758804818632701400,6.027701416015625,0.15488585829734802,0.17069239914417267,-0.18009966611862183
1758804818642657300,6.0376572265625,0.1341448873281479,0.21408993005752563,-0.23630914092063904
1758804818652613400,6.04761328125,0.0993884950876236,0.2861199378967285,-0.273142009973526
1758804818662569200,6.0575693359375,0.057545702904462814,0.35730305314064026,-0.29358339309692383
1758804818672525300,6.067525390625,0.010082563385367393,0.44263678789138794,-0.29517748951911926
1758804818682481400,6.0774814453125,-0.03006592020392418,0.534598171710968,-0.2771089971065521
1758804818692437500,6.0874375,-0.055409424006938934,0.6075208783149719,-0.24347594380378723
1758804818702393300,6.097393310546875,-0.06644689291715622,0.6833778023719788,-0.19045081734657288
1758804818712348400,6.107348388671875,-0.052946265786886215,0.7575383186340332,-0.12101633846759796
1758804818722304300,6.11730419921875,-0.01442422904074192,0.8036528825759888,-0.048477236181497574
1758804818732260400,6.12726025390625,0.03844683617353439,0.8341809511184692,0.02199718914926052
1758804818742216400,6.137216552734375,0.09169088304042816,0.8576175570487976,0.08469226211309433
1758804818752172500,6.147172607421875,0.14083467423915863,0.8574803471565247,0.12952448427677155
1758804818762128400,6.15712841796875,0.1796630322933197,0.8263447880744934,0.15889862179756165
1758804818772085800,6.167085693359375,0.2138855904340744,0.7682530283927917,0.17364159226417542
1758804818782041900,6.177041748046875,0.2411760687828064,0.6981927156448364,0.17597799003124237
1758804818791997700,6.186997802734375,0.2621067762374878,0.6279579401016235,0.16984686255455017
1758804818801953800,6.196953857421875,0.2729799449443817,0.5650085210800171,0.1563451588153839
1758804818811909600,6.20690966796875,0.2783207595348358,0.511132001876831,0.1315269023180008
1758804818821865700,6.21686572265625,0.27463868260383606,0.45679715275764465,0.10161401331424713
1758804818831821600,6.226821533203125,0.2692175805568695,0.402773380279541,0.06628762185573578
1758804818841778000,6.23677783203125,0.26226139068603516,0.34439557790756226,0.027809472754597664
1758804818851733800,6.246733642578125,0.25442683696746826,0.2943401038646698,-0.017729735001921654
1758804818861689900,6.25668994140625,0.24256914854049683,0.24987223744392395,-0.06336113065481186
1758804818871645700,6.266645751953125,0.22476814687252045,0.21407191455364227,-0.10508012026548386
1758804818881600800,6.276600830078125,0.2012372612953186,0.19706736505031586,-0.13776350021362305
1758804818891556900,6.286556884765625,0.17611943185329437,0.1801231950521469,-0.1701200157403946
1758804818901513000,6.296512939453125,0.15030594170093536,0.1474400758743286,-0.20239433646202087
1758804818911468800,6.30646875,0.12335359305143356,0.13413046300411224,-0.2289874106645584
1758804818921425000,6.3164248046875,0.09731266647577286,0.1542343944311142,-0.24715681374073029
1758804818931380700,6.326380615234375,0.07684294879436493,0.17020268738269806,-0.25036484003067017
1758804818941336800,6.3363369140625,0.06182299181818962,0.1859946995973587,-0.23742720484733582
1758804818951292700,6.346292724609375,0.043500855565071106,0.20790371298789978,-0.22127510607242584
1758804818961248800,6.356248779296875,0.027422020211815834,0.23782804608345032,-0.20181512832641602
1758804818971204900,6.366204833984375,0.014099796302616596,0.25329336524009705,-0.18324922025203705
1758804818981161000,6.376160888671875,0.01412696111947298,0.24141138792037964,-0.17128151655197144
1758804818991116800,6.38611669921875,0.007175582926720381,0.2184876799583435,-0.16967561841011047
1758804819001072600,6.39607275390625,-0.015773940831422806,0.18800514936447144,-0.18485109508037567
1758804819011028700,6.40602880859375,-0.04045439511537552,0.1344790905714035,-0.20904353260993958
1758804819020984600,6.415984619140625,-0.07027328014373779,0.06790857762098312,-0.23099277913570404
1758804819030940700,6.425940673828125,-0.10456334799528122,-0.006800512317568064,-0.24964533746242523
1758804819040896800,6.435896728515625,-0.14147529006004333,-0.07660382986068726,-0.25859037041664124
1758804819050852900,6.445852783203125,-0.17375631630420685,-0.13934075832366943,-0.25807392597198486
1758804819060807700,6.4558076171875,-0.2010643631219864,-0.17564763128757477,-0.24469472467899323
1758804819070763800,6.465763671875,-0.2212265580892563,-0.18817225098609924,-0.21213462948799133
1758804819080719600,6.4757197265625,-0.23476926982402802,-0.2013106793165207,-0.15360420942306519
1758804819090675700,6.48567578125,-0.23503205180168152,-0.24977141618728638,-0.08933921903371811
1758804819100631800,6.4956318359375,-0.21873538196086884,-0.3181057274341583,-0.032452769577503204
1758804819110588000,6.505587890625,-0.20266208052635193,-0.3631975054740906,0.023006180301308632
1758804819120543700,6.515543701171875,-0.1756749451160431,-0.37147995829582214,0.08159465342760086
1758804819130499800,6.525499755859375,-0.13370046019554138,-0.3783112168312073,0.12248989939689636
1758804819140455700,6.53545556640625,-0.08096533268690109,-0.41321566700935364,0.13995598256587982
1758804819150411800,6.545411865234375,-0.013769514858722687,-0.465596079826355,0.14291878044605255
1758804819160367600,6.55536767578125,0.0499894917011261,-0.5102317333221436,0.1414942592382431
1758804819170324000,6.565323974609375,0.10630448907613754,-0.5514203906059265,0.12747614085674286
1758804819180279800,6.57527978515625,0.13902701437473297,-0.5922288298606873,0.09088538587093353
1758804819190236000,6.58523583984375,0.14812158048152924,-0.6215757727622986,0.03309343382716179
1758804819200191700,6.595191650390625,0.1353413313627243,-0.6168111562728882,-0.01354304514825344
1758804819210147800,6.60514794921875,0.10564535111188889,-0.5663641691207886,-0.035006310790777206
1758804819220103700,6.615103759765625,0.05728394538164139,-0.47850939631462097,-0.025301218032836914
1758804819230059800,6.625059814453125,-0.0008527275640517473,-0.3823206126689911,-0.002813436323776841
1758804819240014800,6.635014892578125,-0.05467388033866882,-0.28974565863609314,0.03410064056515694
1758804819249970700,6.644970703125,-0.09259170293807983,-0.19531555473804474,0.07781854271888733
1758804819259926800,6.6549267578125,-0.1128397136926651,-0.13064920902252197,0.12830941379070282
1758804819269882600,6.664882568359375,-0.11571872234344482,-0.10682699084281921,0.1815958172082901
1758804819279838700,6.674838623046875,-0.10934391617774963,-0.0985216572880745,0.2366553395986557
1758804819289794600,6.684794677734375,-0.09967225044965744,-0.089627705514431,0.29070547223091125
1758804819299751000,6.6947509765625,-0.08194226026535034,-0.09735219925642014,0.33126330375671387
1758804819309706800,6.704706787109375,-0.06054554879665375,-0.13636614382266998,0.3555678129196167
1758804819319662800,6.714662841796875,-0.04201527312397957,-0.18487082421779633,0.3607867956161499
1758804819329618700,6.72461865234375,-0.030743515118956566,-0.24604825675487518,0.3492202162742615
1758804819339574800,6.73457470703125,-0.038560159504413605,-0.3043094277381897,0.32691916823387146
1758804819349530600,6.744530517578125,-0.0556742288172245,-0.3563833236694336,0.3021813631057739
1758804819359486700,6.75448681640625,-0.0742681547999382,-0.3996303975582123,0.27607548236846924
1758804819369442800,6.76444287109375,-0.09818879514932632,-0.4099317491054535,0.24855226278305054
1758804819379399000,6.77439892578125,-0.1152157112956047,-0.4030054211616516,0.22112809121608734
1758804819389354800,6.784354736328125,-0.12298309057950974,-0.40304163098335266,0.19748668372631073
1758804819399310800,6.794310791015625,-0.11753426492214203,-0.4068067967891693,0.18077348172664642
1758804819409266700,6.8042666015625,-0.10107813030481339,-0.40022557973861694,0.1706124097108841
1758804819419222800,6.814222900390625,-0.09052855521440506,-0.38652467727661133,0.16328392922878265
1758804819429178600,6.8241787109375,-0.07922109961509705,-0.3782147765159607,0.1589093953371048
1758804819439134700,6.834134765625,-0.07509799301624298,-0.3790808320045471,0.1536986529827118
1758804819449089800,6.84408984375,-0.07897315919399261,-0.3818715810775757,0.14707376062870026
1758804819459045600,6.854045654296875,-0.08553465455770493,-0.39555221796035767,0.13331720232963562
1758804819469001700,6.864001708984375,-0.0989304929971695,-0.42083948850631714,0.11247745156288147
1758804819479579600,6.87457958984375,-0.1213388592004776,-0.4480191767215729,0.08535607904195786
1758804819489535700,6.88453564453125,-0.14439517259597778,-0.4796055853366852,0.05946030840277672
1758804819499491600,6.89449169921875,-0.17383761703968048,-0.511096179485321,0.02916182577610016
1758804819509448000,6.904447998046875,-0.20715296268463135,-0.5294584035873413,-0.0001348109799437225
1758804819519403800,6.91440380859375,-0.23601064085960388,-0.5409318804740906,-0.02965514175593853
1758804819529360000,6.92435986328125,-0.26186540722846985,-0.5444254279136658,-0.04878223314881325
1758804819539315700,6.934315673828125,-0.2740353047847748,-0.5165010690689087,-0.053955432027578354
1758804819549271800,6.944271728515625,-0.2785613536834717,-0.45767292380332947,-0.04245750233530998
1758804819559227600,6.9542275390625,-0.26679879426956177,-0.3855701684951782,-0.018484296277165413
1758804819569183700,6.964183837890625,-0.24713747203350067,-0.2952498495578766,0.0133063904941082
1758804819579139600,6.9741396484375,-0.22205188870429993,-0.20304140448570251,0.0450424998998642
1758804819589096000,6.984095947265625,-0.19444449245929718,-0.13428816199302673,0.07851310819387436
1758804819599051800,6.9940517578125,-0.17511886358261108,-0.09057604521512985,0.10411269962787628
1758804819609007900,7.0040078125,-0.16616106033325195,-0.034803323447704315,0.1174604594707489
1758804819618963700,7.013963623046875,-0.15012477338314056,0.017277438193559647,0.1206490695476532
1758804819628919800,7.023919921875,-0.1344805657863617,0.06231814995408058,0.10840678215026855
1758804819638875600,7.033875732421875,-0.10334686934947968,0.1088433638215065,0.09675434976816177
1758804819648831700,7.043831787109375,-0.047815971076488495,0.1487622857093811,0.08585882931947708
1758804819658787800,7.053787841796875,0.008950035087764263,0.15226136147975922,0.061998266726732254
1758804819668742700,7.06374267578125,0.044494446367025375,0.12896350026130676,0.018839076161384583
1758804819678698800,7.07369873046875,0.056229330599308014,0.10253050923347473,-0.008956557139754295
1758804819688654600,7.083654541015625,0.04334495961666107,0.10094086825847626,-0.005293644964694977
1758804819698610700,7.093610595703125,0.025304771959781647,0.11584210395812988,0.029849382117390633
1758804819708566800,7.10356689453125,0.018012505024671555,0.14195573329925537,0.0752783864736557
1758804819718523000,7.11352294921875,0.03614237532019615,0.16561999917030334,0.11027181893587112
1758804819728478700,7.123478759765625,0.0723898634314537,0.1620151549577713,0.1355830430984497
1758804819738434800,7.133434814453125,0.134634330868721,0.1330019235610962,0.15145039558410645
1758804819748390700,7.143390625,0.20522460341453552,0.09303079545497894,0.17568781971931458
1758804819758346800,7.1533466796875,0.25952863693237305,0.08812465518712997,0.20538876950740814
1758804819768302000,7.163302001953125,0.2890055775642395,0.1215052530169487,0.22250597178936005
1758804819778258200,7.173258056640625,0.30822646617889404,0.1656101942062378,0.21163621544837952
1758804819788214000,7.183214111328125,0.3075236678123474,0.19991490244865417,0.17484891414642334
1758804819798170000,7.193170166015625,0.29774248600006104,0.22372935712337494,0.11861100047826767
1758804819808126000,7.2031259765625,0.2811321020126343,0.25533923506736755,0.0458984449505806
1758804819818082000,7.21308203125,0.2449234277009964,0.2739638686180115,-0.03868415206670761
1758804819828038000,7.223037841796875,0.18984472751617432,0.29004430770874023,-0.12983137369155884
1758804819837994000,7.232993896484375,0.10486284643411636,0.3214935064315796,-0.21821071207523346
1758804819847950000,7.2429501953125,-0.00533369742333889,0.3832436800003052,-0.2789909839630127
1758804819857906200,7.25290625,-0.10337124764919281,0.4598005414009094,-0.2792714238166809
1758804819867862000,7.262862060546875,-0.1496380865573883,0.5196684002876282,-0.21990051865577698
1758804819877818000,7.272818115234375,-0.1547374278306961,0.5790815949440002,-0.10574539750814438
1758804819887774000,7.28277392578125,-0.12508925795555115,0.6541891098022461,0.03242845833301544
1758804819897729000,7.29272900390625,-0.06188925355672836,0.7079359889030457,0.14588147401809692
1758804819907685000,7.30268505859375,0.03691455349326134,0.7091197371482849,0.21635590493679047
1758804819917641000,7.312640869140625,0.15010888874530792,0.650881290435791,0.24252435564994812
1758804819927597000,7.32259716796875,0.25837942957878113,0.562117338180542,0.24023351073265076
1758804819937553000,7.332552978515625,0.3366403579711914,0.47969353199005127,0.22879233956336975
1758804819947509000,7.342509033203125,0.38052287697792053,0.42235299944877625,0.21285037696361542
1758804819957464800,7.35246484375,0.39415204524993896,0.39528509974479675,0.19428794085979462
1758804819967421000,7.3624208984375,0.38762784004211426,0.38148486614227295,0.1725621372461319
1758804819977377000,7.372376953125,0.3652932345867157,0.3732118308544159,0.14778749644756317
1758804819987333000,7.3823330078125,0.33127161860466003,0.3543694317340851,0.12444009631872177
1758804819997289000,7.3922890625,0.2954714894294739,0.3413294553756714,0.10334311425685883
1758804820007245000,7.4022451171875,0.2588421106338501,0.33783140778541565,0.0859215185046196
1758804820017201000,7.412200927734375,0.22791680693626404,0.3268392086029053,0.0679859146475792
1758804820027157000,7.422156982421875,0.20346392691135406,0.3170078694820404,0.048259612172842026
1758804820037112800,7.43211279296875,0.17933182418346405,0.29958125948905945,0.026776153594255447
1758804820047069200,7.442069091796875,0.1576547622680664,0.28655681014060974,0.005300956312566996
1758804820057025000,7.45202490234375,0.12672872841358185,0.28921520709991455,-0.009404778480529785
1758804820066981000,7.461981201171875,0.08852488547563553,0.30459654331207275,-0.02177409455180168
1758804820076937000,7.47193701171875,0.050509463995695114,0.3131313920021057,-0.033989716321229935
1758804820086893000,7.48189306640625,0.019352879375219345,0.3080490231513977,-0.045665014535188675
1758804820096849000,7.491848876953125,-0.006217317655682564,0.3007255494594574,-0.05420280247926712
1758804820106805000,7.501804931640625,-0.02671194076538086,0.29909783601760864,-0.06183142960071564
1758804820116761000,7.511760986328125,-0.04100407287478447,0.2955947518348694,-0.07254111021757126
1758804820126717200,7.52171728515625,-0.04252607002854347,0.27493423223495483,-0.08540178090333939
1758804820136672000,7.531672119140625,-0.039925627410411835,0.23927316069602966,-0.10550384223461151
1758804820146627800,7.5416279296875,-0.04139462485909462,0.1918523758649826,-0.13337968289852142
1758804820156584000,7.551583984375,-0.046956438571214676,0.12794344127178192,-0.16458235681056976
1758804820166540000,7.5615400390625,-0.0630137026309967,0.06678687781095505,-0.18654091656208038
1758804820176496000,7.57149609375,-0.08878923207521439,0.011979000642895699,-0.1904940903186798
1758804820186452000,7.581451904296875,-0.1195783019065857,-0.02995273843407631,-0.18397466838359833
1758804820196408000,7.591407958984375,-0.13253065943717957,-0.07896900922060013,-0.17475588619709015
1758804820206364000,7.601364013671875,-0.13460978865623474,-0.13356061279773712,-0.16832834482192993
1758804820216320000,7.611320068359375,-0.1321369707584381,-0.17596642673015594,-0.1455068737268448
1758804820226275800,7.62127587890625,-0.12053250521421432,-0.20079082250595093,-0.10225234925746918
1758804820236232000,7.63123193359375,-0.09961452335119247,-0.24073468148708344,-0.06070978194475174
1758804820246188000,7.64118798828125,-0.07881736755371094,-0.29543203115463257,-0.03838397189974785
1758804820256144100,7.65114404296875,-0.058545902371406555,-0.3356455862522125,-0.01613372191786766
1758804820266100000,7.661099853515625,-0.03290019556879997,-0.35283973813056946,0.016691602766513824
1758804820276056000,7.67105615234375,0.010451062582433224,-0.3922017514705658,0.03830764815211296
1758804820286012000,7.681011962890625,0.08215215057134628,-0.4689985513687134,0.02764621563255787
1758804820295968000,7.690968017578125,0.17243483662605286,-0.553745687007904,-0.015061015263199806
1758804820305923800,7.700923828125,0.2685299515724182,-0.6716414093971252,-0.06214889883995056
1758804820315880000,7.7108798828125,0.3356160521507263,-0.7887783646583557,-0.09284745156764984
1758804820325836000,7.7208359375,0.3411746025085449,-0.8591433763504028,-0.1129002571105957
1758804820335792000,7.730792236328125,0.3031342625617981,-0.8545967936515808,-0.13319753110408783
1758804820345747000,7.740746826171875,0.23912492394447327,-0.7985000014305115,-0.14899858832359314
1758804820355703000,7.750703125,0.15707285702228546,-0.7136540412902832,-0.15016239881515503
1758804820365659000,7.760658935546875,0.06616159528493881,-0.6108241081237793,-0.13229364156723022
1758804820375615200,7.770615234375,-0.01563485898077488,-0.48969772458076477,-0.09595611691474915
1758804820385571000,7.780571044921875,-0.06382342427968979,-0.40246933698654175,-0.055710162967443466
1758804820395527200,7.790527099609375,-0.07476276159286499,-0.35585817694664,-0.00965691078454256
1758804820405483000,7.80048291015625,-0.06724518537521362,-0.3222205638885498,0.037706874310970306
1758804820415439000,7.810439208984375,-0.05512905865907669,-0.2748222053050995,0.09583571553230286
1758804820425395000,7.82039501953125,-0.050100475549697876,-0.24758070707321167,0.15778404474258423
1758804820435350800,7.830350830078125,-0.03679441288113594,-0.23962979018688202,0.20728814601898193
1758804820445307100,7.84030712890625,-0.02024979330599308,-0.23229171335697174,0.24474310874938965
1758804820455263000,7.850262939453125,0.004964390769600868,-0.2316236048936844,0.2700541615486145
1758804820465219000,7.860218994140625,0.02838050201535225,-0.24931739270687103,0.2838954031467438
1758804820475175000,7.8701748046875,0.03395499661564827,-0.2712002396583557,0.2821115553379059
1758804820485131000,7.880131103515625,0.014793016947805882,-0.2740119993686676,0.27249860763549805
1758804820495086800,7.8900869140625,-0.02740507386624813,-0.2554572820663452,0.261386901140213
1758804820505043000,7.90004296875,-0.07579684257507324,-0.23807138204574585,0.2446608990430832
1758804820514999000,7.9099990234375,-0.1151612177491188,-0.224721759557724,0.23476380109786987
1758804820524955100,7.919955078125,-0.14301495254039764,-0.2118120938539505,0.22356361150741577
1758804820536777000,7.93177685546875,-0.16345392167568207,-0.20631372928619385,0.21170055866241455
1758804820546732800,7.94173291015625,-0.173185795545578,-0.18727289140224457,0.2043755054473877
1758804820556689000,7.95168896484375,-0.17327500879764557,-0.17044012248516083,0.20149503648281097
1758804820566645000,7.96164501953125,-0.16564735770225525,-0.1682579666376114,0.1997203528881073
1758804820576601000,7.97160107421875,-0.15409083664417267,-0.1758495718240738,0.1946243941783905
1758804820586557000,7.981556884765625,-0.14475947618484497,-0.20260629057884216,0.17882592976093292
1758804820596513000,7.991512939453125,-0.14206115901470184,-0.23127682507038116,0.1529645025730133
1758804820606468900,8.00146875,-0.14849849045276642,-0.2724713981151581,0.1172078475356102
1758804820616425000,8.011425048828125,-0.1614462435245514,-0.319366991519928,0.07931718975305557
1758804820626380800,8.021380859375,-0.17846032977104187,-0.36117303371429443,0.040581755340099335
1758804820636337200,8.031337158203126,-0.20301148295402527,-0.3919048607349396,0.0037228071596473455
1758804820646293000,8.04129296875,-0.22603081166744232,-0.4184906780719757,-0.027970358729362488
1758804820656249000,8.0512490234375,-0.24847273528575897,-0.41408848762512207,-0.050640251487493515
1758804820666205000,8.061204833984375,-0.2677987217903137,-0.39403510093688965,-0.06922277063131332
1758804820676161000,8.0711611328125,-0.27499139308929443,-0.3740387558937073,-0.08087516576051712
1758804820686116900,8.081116943359374,-0.27479150891304016,-0.3571191728115082,-0.08716393262147903
1758804820696073000,8.091072998046876,-0.26057901978492737,-0.3381950259208679,-0.09363195300102234
1758804820706029000,8.101029052734376,-0.24528981745243073,-0.3059356212615967,-0.11321098357439041
1758804820715985200,8.110985107421875,-0.22180870175361633,-0.2680426239967346,-0.14334379136562347
1758804820725940000,8.12093994140625,-0.19596631824970245,-0.24548669159412384,-0.18206776678562164
1758804820735896000,8.13089599609375,-0.1682707667350769,-0.24002428352832794,-0.2218298316001892
1758804820745852000,8.140851806640624,-0.1438932716846466,-0.23095807433128357,-0.26401910185813904
1758804820755808000,8.15080810546875,-0.12787462770938873,-0.20131443440914154,-0.30705899000167847
1758804820765764000,8.16076416015625,-0.11612235009670258,-0.13110366463661194,-0.3497864603996277
1758804820775719700,8.1707197265625,-0.10852941125631332,-0.03422132134437561,-0.3795859217643738
1758804820785675800,8.18067578125,-0.10298029333353043,0.08927036076784134,-0.37335288524627686
1758804820795631600,8.190631591796874,-0.10258881002664566,0.2299814075231552,-0.31825369596481323
1758804820805587700,8.200587646484376,-0.10091186314821243,0.3579675257205963,-0.2276187688112259
1758804820815543600,8.21054345703125,-0.0792398601770401,0.44885510206222534,-0.10617437958717346
1758804820825499600,8.220499755859375,-0.037083081901073456,0.5121408700942993,0.006650974974036217
1758804820835455700,8.230455810546875,0.019116275012493134,0.5554539561271667,0.08060882240533829
1758804820845411800,8.240411865234375,0.09034304320812225,0.5523484945297241,0.10723377019166946
1758804820855367700,8.25036767578125,0.15908129513263702,0.48607197403907776,0.10065096616744995
1758804820865323800,8.26032373046875,0.21591202914714813,0.3943833112716675,0.08522409945726395
1758804820875279600,8.270279541015626,0.2571028769016266,0.3187197148799896,0.07679466158151627
1758804820885235700,8.280235595703125,0.2843489944934845,0.266051709651947,0.05677967146039009
1758804820895191600,8.290191650390625,0.30395519733428955,0.23111741244792938,0.01929594576358795
1758804820905147000,8.30014697265625,0.3271442949771881,0.2298569530248642,-0.03237950801849365
1758804820915102700,8.310102783203124,0.35458284616470337,0.2542629539966583,-0.08628322184085846
1758804820925058600,8.32005859375,0.3803706467151642,0.29852956533432007,-0.1277226060628891
1758804820935014700,8.3300146484375,0.3857465088367462,0.3408658504486084,-0.15928825736045837
1758804820944970500,8.339970458984375,0.38448405265808105,0.41620421409606934,-0.1845507025718689
1758804820954926800,8.3499267578125,0.3610250651836395,0.47868382930755615,-0.2044287919998169
1758804820964882700,8.359882568359374,0.3301195502281189,0.520377516746521,-0.2242688536643982
1758804820974838800,8.3698388671875,0.28416723012924194,0.5447031259536743,-0.24174106121063232
1758804820984794600,8.379794677734376,0.20346494019031525,0.5756809711456299,-0.23257014155387878
1758804820994750700,8.389750732421875,0.09844531863927841,0.6342167258262634,-0.1949750930070877
1758804821004706600,8.39970654296875,0.034519974142313004,0.7119230031967163,-0.14294390380382538
1758804821014662700,8.40966259765625,0.005565823055803776,0.7522518038749695,-0.08901570737361908
1758804821024618800,8.41961865234375,0.0059424592182040215,0.7942778468132019,-0.05196211114525795
1758804821034574800,8.429574951171874,0.021107297390699387,0.8428232669830322,-0.02866237983107567
1758804821044530700,8.43953076171875,0.05331117659807205,0.8826808929443359,-0.009612219408154488
1758804821054486800,8.44948681640625,0.09065401554107666,0.9202448129653931,0.009822463616728783
1758804821064442600,8.459442626953125,0.1362200379371643,0.9383026361465454,0.02328796125948429
1758804821074398700,8.469398681640625,0.17921224236488342,0.9478588104248047,0.03370970860123634
1758804821084354600,8.4793544921875,0.2025492787361145,0.9582259058952332,0.04359595477581024
1758804821094310000,8.489309814453126,0.2263811081647873,0.9597356915473938,0.050533752888441086
1758804821104265700,8.499265625,0.23692333698272705,0.9580001831054688,0.05849438160657883
1758804821114221800,8.509221923828125,0.23314271867275238,0.9434321522712708,0.06857817620038986
1758804821124177700,8.519177734375,0.21650850772857666,0.9135189056396484,0.07109944522380829
1758804821134133800,8.5291337890625,0.19276349246501923,0.8816736340522766,0.06631027907133102
1758804821144089600,8.539089599609374,0.16455800831317902,0.8462983965873718,0.049292124807834625
1758804821154045700,8.549045654296876,0.14088544249534607,0.7882276177406311,0.026203852146863937
1758804821164001800,8.559001708984376,0.11508579552173615,0.7099051475524902,-0.011459902860224247
1758804821173958000,8.5689580078125,0.0948694720864296,0.6224245429039001,-0.06330525875091553
1758804821183913700,8.578913818359375,0.08369272202253342,0.5260101556777954,-0.10986610502004623
1758804821193869800,8.588869873046875,0.08605939894914627,0.4353236258029938,-0.14198119938373566
1758804821203825700,8.59882568359375,0.10709397494792938,0.33484792709350586,-0.1707601100206375
1758804821213781800,8.60878173828125,0.13851234316825867,0.20503585040569305,-0.20212708413600922
1758804821223737600,8.618737548828125,0.15750236809253693,0.09305546432733536,-0.25105756521224976
1758804821233693700,8.628693603515625,0.15856283903121948,0.02478852868080139,-0.31907787919044495
1758804821243649800,8.63864990234375,0.15140065550804138,-0.020194340497255325,-0.37340855598449707
1758804821253605600,8.648605712890625,0.13820762932300568,-0.027712976559996605,-0.3984694480895996
1758804821263561700,8.658561767578124,0.10427708923816681,-0.013783845119178295,-0.38842904567718506
1758804821273517600,8.668517578125,0.06218370050191879,0.005198869854211807,-0.353730708360672
1758804821283473700,8.6784736328125,0.021636800840497017,0.014341049827635288,-0.30239033699035645
1758804821293429500,8.688429443359375,0.001100101275369525,-0.021708030253648758,-0.24965284764766693
1758804821303385900,8.6983857421875,0.00020135450176894665,-0.09930959343910217,-0.20999358594417572
1758804821313340700,8.708340576171874,0.010472368448972702,-0.18456855416297913,-0.18771038949489594
1758804821323296800,8.718296875,0.01702447235584259,-0.23685842752456665,-0.16677020490169525
1758804821333252600,8.728252685546876,0.013279003091156483,-0.25286269187927246,-0.13712948560714722
1758804821343208700,8.738208740234375,-0.0034198162611573935,-0.24080634117126465,-0.09488585591316223
1758804821353164800,8.748164794921875,-0.03188155218958855,-0.19852732121944427,-0.04869385063648224
1758804821363121000,8.758120849609375,-0.06279545277357101,-0.16575917601585388,0.011957969516515732
1758804821373076700,8.76807666015625,-0.08488583564758301,-0.17234356701374054,0.061195820569992065
1758804821383032800,8.77803271484375,-0.1034592017531395,-0.2387402057647705,0.08296825736761093
1758804821392988700,8.78798876953125,-0.10997302830219269,-0.3255435526371002,0.10106869786977768
1758804821402944800,8.79794482421875,-0.09705915302038193,-0.4705207347869873,0.12701672315597534
1758804821412900600,8.807900634765625,-0.04407130554318428,-0.7310935258865356,0.12966309487819672
1758804821422856700,8.817856689453125,0.019824985414743423,-1.029292345046997,0.09876401722431183
1758804821432812800,8.827812744140624,0.05964216962456703,-1.1897605657577515,0.05682029575109482
1758804821442769000,8.837768798828124,0.060253504663705826,-1.1758208274841309,0.026695383712649345
1758804821452724700,8.847724853515626,0.04686632752418518,-1.1228489875793457,0.004150926601141691
1758804821462680800,8.857680908203125,0.041642144322395325,-1.0891435146331787,-0.02412041276693344
1758804821472636700,8.86763671875,0.016717620193958282,-1.0516307353973389,-0.06046377122402191
1758804821482592800,8.8775927734375,-0.028831489384174347,-0.9838294982910156,-0.08890153467655182
1758804821492548600,8.887548583984374,-0.08250977098941803,-0.8874748349189758,-0.10322314500808716
1758804821502504700,8.897504638671874,-0.12892867624759674,-0.8024123907089233,-0.1001557782292366
1758804821512460800,8.907460693359376,-0.17539922893047333,-0.7132023572921753,-0.07432764023542404
1758804821522417000,8.9174169921875,-0.21093077957630157,-0.5971574187278748,-0.026902880519628525
1758804821532372700,8.927372802734375,-0.2285204380750656,-0.4817408323287964,0.0344877764582634
1758804821542328800,8.937328857421875,-0.22709257900714874,-0.37503430247306824,0.09880310297012329
1758804821552284700,8.94728466796875,-0.1991775929927826,-0.27287331223487854,0.16330406069755554
1758804821562240500,8.957240478515626,-0.16894158720970154,-0.20822273194789886,0.2166450470685959
1758804821572195800,8.96719580078125,-0.1284325122833252,-0.16285790503025055,0.26472896337509155
1758804821582151700,8.977151611328125,-0.09360101819038391,-0.12469211965799332,0.30744287371635437
1758804821592107800,8.987107666015625,-0.06441278010606766,-0.08056114614009857,0.34442219138145447
1758804821602063600,8.997063720703125,-0.03829290717840195,-0.05636264756321907,0.36663565039634705
1758804821612019700,9.007019775390624,-0.012393131852149963,-0.07379890233278275,0.3631034791469574
1758804821621975600,9.0169755859375,0.001344459829851985,-0.1438959389925003,0.33852753043174744
1758804821631932000,9.026931884765625,-0.0020694464910775423,-0.22827792167663574,0.29738783836364746
1758804821641887700,9.0368876953125,-0.008973022922873497,-0.32190266251564026,0.25923457741737366
1758804821651843800,9.04684375,-0.02487342618405819,-0.3850986659526825,0.22087042033672333
1758804821661799700,9.056799560546875,-0.025989171117544174,-0.41781383752822876,0.1886475533246994
1758804821671755800,9.066755859375,-0.007661830168217421,-0.42359527945518494,0.16447722911834717
1758804821681711600,9.076711669921876,0.013966172933578491,-0.4094583988189697,0.14746199548244476
1758804821691667700,9.086667724609375,0.034568119794130325,-0.3759917914867401,0.13709405064582825
1758804821701623600,9.09662353515625,0.044125743210315704,-0.3471188247203827,0.13000230491161346
1758804821711580000,9.106579833984375,0.039320603013038635,-0.34732282161712646,0.1165754422545433
1758804821721535700,9.11653564453125,0.026431703940033913,-0.38146135210990906,0.08944261819124222
1758804821731491800,9.126491943359374,-0.009365442208945751,-0.4339967370033264,0.05084623023867607
1758804821741447700,9.13644775390625,-0.06854405999183655,-0.4652715027332306,0.00434846431016922
1758804821751403800,9.14640380859375,-0.1317179650068283,-0.4454652965068817,-0.035699356347322464
1758804821761359600,9.156359619140625,-0.1753653734922409,-0.42109575867652893,-0.06523860991001129
1758804821771315500,9.1663154296875,-0.19860145449638367,-0.4153377413749695,-0.08310389518737793
1758804821781271600,9.176271484375,-0.21061527729034424,-0.405110239982605,-0.09356286376714706
1758804821791227400,9.186227294921874,-0.22321255505084991,-0.3700622618198395,-0.0987435057759285
1758804821801183500,9.19618359375,-0.23551702499389648,-0.32240232825279236,-0.09592214971780777
1758804821811139300,9.206139404296875,-0.24981474876403809,-0.26331982016563416,-0.09736637771129608
1758804821821095200,9.21609521484375,-0.2611864507198334,-0.21783877909183502,-0.09972655028104782
1758804821831051300,9.22605126953125,-0.27173152565956116,-0.18858635425567627,-0.10023760795593262
1758804821841007400,9.23600732421875,-0.27865296602249146,-0.1682978719472885,-0.10803987085819244
1758804821850963500,9.24596337890625,-0.26545751094818115,-0.15829157829284668,-0.12268725782632828
1758804821860919300,9.255919189453126,-0.23523737490177155,-0.1391291320323944,-0.13960494101047516
1758804821870874400,9.265874267578125,-0.20940418541431427,-0.11139923334121704,-0.16205859184265137
1758804821880830200,9.275830322265625,-0.17242427170276642,-0.0664120465517044,-0.18405310809612274
1758804821890786300,9.285786376953125,-0.13857150077819824,-0.0049707889556884766,-0.2081001102924347
1758804821900742400,9.295742431640624,-0.10037117451429367,0.08220674097537994,-0.21973255276679993
1758804821910698500,9.305698486328126,-0.08606653660535812,0.17689169943332672,-0.2072945237159729
1758804821920654300,9.315654296875,-0.07365918159484863,0.2809406518936157,-0.14783522486686707
1758804821930610400,9.3256103515625,-0.067103810608387,0.3603167235851288,-0.05550156533718109
1758804821940566300,9.335566162109375,-0.059708986431360245,0.4131695628166199,0.049357976764440536
1758804821950522400,9.3455224609375,-0.046586792916059494,0.4618433713912964,0.13054630160331726
1758804821960478200,9.355478271484374,-0.030551696196198463,0.5156654119491577,0.18261706829071045
1758804821970434300,9.365434326171876,-0.02011982910335064,0.5473548769950867,0.217040553689003
1758804821980390400,9.375390380859375,0.004430957138538361,0.5395556688308716,0.24226008355617523
1758804821990346500,9.385346435546875,0.020229361951351166,0.5101378560066223,0.25716128945350647
1758804822000302300,9.39530224609375,0.029108906164765358,0.48085179924964905,0.25659674406051636
1758804822010258400,9.405258544921875,0.0379740372300148,0.4406189024448395,0.2452378273010254
1758804822020214300,9.41521435546875,0.04616227746009827,0.383889377117157,0.21659867465496063
1758804822030170400,9.42517041015625,0.058243442326784134,0.3157369792461395,0.15753775835037231
1758804822040126200,9.435126220703125,0.06825041770935059,0.26672443747520447,0.07136716693639755
1758804822050082600,9.44508251953125,0.08213374018669128,0.2524597644805908,-0.014708323404192924
1758804822060038400,9.455038330078125,0.089779332280159,0.25350260734558105,-0.09213384985923767
1758804822069994500,9.464994384765625,0.0926949605345726,0.2608018219470978,-0.1540326476097107
1758804822079950300,9.474950439453124,0.0789756253361702,0.26807916164398193,-0.19507648050785065
1758804822089906400,9.484906494140626,0.05822933837771416,0.30824148654937744,-0.2066362053155899
1758804822099862300,9.4948623046875,0.01708211563527584,0.36136412620544434,-0.18884551525115967
1758804822109818400,9.504818359375,-0.032468657940626144,0.4172031581401825,-0.14058291912078857
1758804822119774500,9.5147744140625,-0.06846126914024353,0.47794589400291443,-0.0768742486834526
1758804822129730300,9.524730224609375,-0.07972244173288345,0.507225513458252,-0.007297040894627571
1758804822139686400,9.534686279296874,-0.06888949126005173,0.5212497115135193,0.05200648307800293
1758804822149642200,9.544642333984376,-0.03941495716571808,0.5407560467720032,0.09251955896615982
1758804822159598300,9.554598388671875,0.005166718736290932,0.5658783912658691,0.12832845747470856
1758804822169554200,9.56455419921875,0.058390792459249496,0.5891892910003662,0.16608010232448578
1758804822179510300,9.57451025390625,0.11097265034914017,0.605119526386261,0.19990357756614685
1758804822189466000,9.584466064453125,0.15276190638542175,0.5979310870170593,0.218704953789711
1758804822199422500,9.59442236328125,0.1826569139957428,0.5740529894828796,0.22393351793289185
1758804822209378300,9.60437841796875,0.1944214254617691,0.5422149300575256,0.2110866904258728
1758804822219334400,9.61433447265625,0.191867396235466,0.49469563364982605,0.19517295062541962
1758804822229290200,9.624290283203125,0.17714464664459229,0.4513137936592102,0.17505383491516113
1758804822239246300,9.634246337890625,0.15973405539989471,0.4123500883579254,0.15742801129817963
1758804822249202200,9.6442021484375,0.15672682225704193,0.3802582025527954,0.13930334150791168
1758804822259158300,9.654158203125,0.1630970537662506,0.3602786660194397,0.1213216558098793
1758804822269114400,9.6641142578125,0.16771471500396729,0.3608008921146393,0.10241774469614029
1758804822279070500,9.674070556640626,0.16743774712085724,0.37334200739860535,0.08190447837114334
1758804822289026300,9.6840263671875,0.1584104299545288,0.39195430278778076,0.05913205444812775
1758804822298981400,9.6939814453125,0.1496601551771164,0.41241273283958435,0.034824568778276443
1758804822308937200,9.703937255859374,0.14013616740703583,0.4288124740123749,0.015231425873935223
1758804822318893300,9.713893310546876,0.1250607669353485,0.4462862014770508,-0.0022047858219593763
1758804822328849400,9.723849365234376,0.11334392428398132,0.46474936604499817,-0.019758479669690132
1758804822338805500,9.733805419921875,0.09665096551179886,0.47199663519859314,-0.040775079280138016
1758804822348761300,9.74376123046875,0.07918515801429749,0.47688940167427063,-0.0596771314740181
1758804822358717400,9.753717529296875,0.06449542939662933,0.47993284463882446,-0.07754481583833694
1758804822368673300,9.76367333984375,0.04780726134777069,0.490538626909256,-0.08960653841495514
1758804822378629400,9.77362939453125,0.03614997863769531,0.5051141977310181,-0.095516137778759
1758804822388585200,9.783585205078126,0.02591678500175476,0.5073834657669067,-0.09705410897731781
1758804822398541600,9.79354150390625,0.01521353144198656,0.4965556561946869,-0.09025564044713974
1758804822408497400,9.803497314453125,0.000004218891263008118,0.47114989161491394,-0.0779544934630394
1758804822418453500,9.81345361328125,-0.014295672997832298,0.41874629259109497,-0.06103859469294548
1758804822428409300,9.823409423828124,-0.039186108857393265,0.3514724373817444,-0.047282565385103226
1758804822438365400,9.833365478515624,-0.061638712882995605,0.3208524286746979,-0.031892403960227966
1758804822448321300,9.8433212890625,-0.0578644797205925,0.3031674325466156,-0.01794063299894333
1758804822458277000,9.853277099609375,-0.04861558973789215,0.2529045343399048,-0.010473662987351418
1758804822468233500,9.8632333984375,-0.008514227345585823,0.1808462142944336,-0.00921737588942051
1758804822478189300,9.873189208984375,0.02836887165904045,0.09704383462667465,-0.016752595081925392
1758804822488145400,9.8831455078125,0.06026448681950569,0.020150652155280113,-0.030311813578009605
1758804822498101200,9.893101318359374,0.08102315664291382,-0.048207107931375504,-0.035462092608213425
1758804822508057300,9.903057373046876,0.08773352205753326,-0.08333393931388855,-0.029517384245991707
1758804822518013200,9.91301318359375,0.09059968590736389,-0.10123080015182495,-0.023936258628964424
1758804822527969300,9.92296923828125,0.09420453757047653,-0.12644535303115845,-0.035669878125190735
1758804822537925000,9.932925048828125,0.10143935680389404,-0.13866737484931946,-0.04797342047095299
1758804822547881500,9.942881591796874,0.1081790179014206,-0.1163889691233635,-0.040129613131284714
1758804822557837300,9.95283740234375,0.1266627311706543,-0.07742893695831299,-0.028034521266818047
1758804822567793400,9.96279345703125,0.16665036976337433,-0.07044985890388489,-0.01692727580666542
1758804822577749200,9.972749267578125,0.21288906037807465,-0.12027409672737122,-0.026007086038589478
1758804822587705300,9.982705322265625,0.25528284907341003,-0.19919101893901825,-0.047765642404556274
1758804822597661200,9.9926611328125,0.28175267577171326,-0.27482283115386963,-0.07771240919828415
1758804822607617300,10.0026171875,0.2837018370628357,-0.3321862518787384,-0.11552903056144714
1758804822617573400,10.012573486328124,0.2682477831840515,-0.37515899538993835,-0.1544223576784134
1758804822627529500,10.022529541015626,0.24004508554935455,-0.40803495049476624,-0.18530356884002686
1758804822637485300,10.0324853515625,0.20501606166362762,-0.4071388244628906,-0.19526512920856476
1758804822647441400,10.04244140625,0.16459247469902039,-0.39355430006980896,-0.18642929196357727
1758804822657397200,10.052397216796875,0.12359604239463806,-0.37495478987693787,-0.1654081642627716
1758804822667353300,10.062353271484374,0.0674389973282814,-0.3624155819416046,-0.14259496331214905
1758804822677309200,10.07230908203125,0.0031117754988372326,-0.3462614417076111,-0.11800304055213928
1758804822687265300,10.082265380859376,-0.06619139760732651,-0.3223459720611572,-0.09113653749227524
1758804822697221400,10.092221435546875,-0.125114306807518,-0.29847660660743713,-0.05534471943974495
1758804822707177500,10.102177490234375,-0.17111614346504211,-0.2817269265651703,0.0011198858264833689
1758804822717133300,10.11213330078125,-0.20021620392799377,-0.26111140847206116,0.069175124168396
1758804822727089400,10.12208935546875,-0.21242892742156982,-0.24587735533714294,0.13456930220127106
1758804822737045200,10.132045166015626,-0.20557527244091034,-0.25285017490386963,0.1836118847131729
1758804822747001300,10.14200146484375,-0.1846979558467865,-0.27207764983177185,0.21300651133060455
1758804822756957200,10.151957275390625,-0.1480102390050888,-0.2913128733634949,0.2407715767621994
1758804822766913500,10.16191357421875,-0.11502741277217865,-0.3072250187397003,0.2719614803791046
1758804822776870000,10.171869873046875,-0.09076254814863205,-0.31514474749565125,0.2970085144042969
1758804822786825700,10.18182568359375,-0.07724945992231369,-0.3205016851425171,0.31070515513420105
1758804822796781800,10.19178173828125,-0.07700240612030029,-0.32881930470466614,0.31385940313339233
1758804822806737700,10.201737548828126,-0.07979472726583481,-0.3309120237827301,0.31732308864593506
1758804822816693800,10.21169384765625,-0.08854614198207855,-0.32069531083106995,0.3172658383846283
1758804822826649600,10.221649658203125,-0.09692604839801788,-0.3019525408744812,0.3216123878955841
1758804822836605700,10.231605712890625,-0.10392142832279205,-0.2796993851661682,0.3212187588214874
1758804822846561800,10.241561767578125,-0.09519051760435104,-0.27238261699676514,0.3114292621612549
1758804822856518000,10.251517822265624,-0.07845521718263626,-0.29466477036476135,0.2989494204521179
1758804822866473700,10.2614736328125,-0.0577993169426918,-0.33010154962539673,0.2799661159515381
1758804822876429800,10.271429931640625,-0.04453494772315025,-0.36626482009887695,0.2560839056968689
1758804822886385700,10.2813857421875,-0.04036363959312439,-0.39811408519744873,0.22909413278102875
1758804822896341800,10.291341796875,-0.050925061106681824,-0.43749693036079407,0.20051521062850952
1758804822906297600,10.301297607421875,-0.06657779216766357,-0.458385705947876,0.16167594492435455
1758804822916253700,10.311253662109374,-0.09055014699697495,-0.47549301385879517,0.12749424576759338
1758804822926209800,10.321209716796876,-0.12010005116462708,-0.4918096661567688,0.09811931103467941
1758804822936166000,10.331165771484375,-0.1500004082918167,-0.49774426221847534,0.06647296994924545
1758804822946121700,10.341121826171875,-0.17463919520378113,-0.5045170783996582,0.0465666800737381
1758804822956076500,10.35107666015625,-0.2034856379032135,-0.49084413051605225,0.03776868060231209
1758804822966033700,10.36103369140625,-0.22957369685173035,-0.44585320353507996,0.035216573625802994
1758804822975988700,10.37098876953125,-0.24362719058990479,-0.39345020055770874,0.03745975345373154
1758804822985944800,10.38094482421875,-0.24213923513889313,-0.3384116590023041,0.04701141268014908
1758804822995900700,10.390900634765625,-0.2417212277650833,-0.26975807547569275,0.05429278686642647
1758804823005856800,10.400856689453125,-0.23302973806858063,-0.2082076221704483,0.05031748488545418
1758804823015812600,10.4108125,-0.21071776747703552,-0.15853939950466156,0.03749756142497063
1758804823025768700,10.420768798828124,-0.18287137150764465,-0.13531363010406494,0.025419555604457855
1758804823035724500,10.430724609375,-0.1405479460954666,-0.13589216768741608,0.0032333401031792164
1758804823045680600,10.4406806640625,-0.09411387145519257,-0.14032474160194397,-0.032649293541908264
1758804823055636700,10.45063671875,-0.04969581216573715,-0.15104129910469055,-0.07774406671524048
1758804823065592800,10.4605927734375,-0.016138188540935516,-0.15894316136837006,-0.1290740966796875
1758804823075548700,10.470548583984375,-0.0023893520701676607,-0.1571580469608307,-0.18865753710269928
1758804823085504800,10.4805048828125,-0.00177848304156214,-0.1370404213666916,-0.24699732661247253
1758804823095460600,10.490460693359376,-0.01164469588547945,-0.08104479312896729,-0.2836725115776062
1758804823105416700,10.500416748046876,-0.03098291903734207,-0.001114560291171074,-0.27624788880348206
1758804823115372500,10.51037255859375,-0.046422045677900314,0.07976779341697693,-0.22801990807056427
1758804823125329000,10.520328857421875,-0.04315194860100746,0.11882917582988739,-0.14916877448558807
1758804823135284700,10.53028466796875,-0.02936077117919922,0.1440035104751587,-0.07771642506122589
1758804823145240800,10.54024072265625,-0.011177506297826767,0.17874924838542938,-0.03280220925807953
1758804823155196700,10.55019677734375,0.02436446212232113,0.2092699557542801,-0.006929242983460426
1758804823165152800,10.56015283203125,0.08736100047826767,0.18016692996025085,0.009615911170840263
1758804823175108600,10.570108642578125,0.15308915078639984,0.1181831806898117,0.02053806744515896
1758804823185064700,10.580064697265625,0.20006388425827026,0.07349932193756104,0.03576244041323662
1758804823195020800,10.590020751953125,0.20734217762947083,0.052101269364356995,0.04084538295865059
1758804823204977000,10.599976806640624,0.1913168728351593,0.042483795434236526,0.027874456718564034
1758804823214932700,10.6099326171875,0.16190625727176666,0.043301649391651154,-0.005606270395219326
1758804823224888800,10.619888916015626,0.13628433644771576,0.054112426936626434,-0.06256406754255295
1758804823234844700,10.6298447265625,0.11585002392530441,0.0797773003578186,-0.13761486113071442
1758804823244800800,10.63980078125,0.09632665663957596,0.11036317050457001,-0.20645225048065186
1758804823254756600,10.649756591796875,0.06365659087896347,0.1467835009098053,-0.26429107785224915
1758804823264712700,10.659712646484374,0.022490637376904488,0.20386789739131927,-0.3010757565498352
1758804823274668800,10.669668701171876,-0.030352763831615448,0.2624052166938782,-0.30664971470832825
1758804823284625000,10.679625,-0.07564727216959,0.33390310406684875,-0.29059457778930664
1758804823294580700,10.689580810546875,-0.10131321847438812,0.41650423407554626,-0.2582097351551056
1758804823304536800,10.699536865234375,-0.09776874631643295,0.504845917224884,-0.21728871762752533
1758804823314492700,10.70949267578125,-0.0708027333021164,0.5898456573486328,-0.16900503635406494
1758804823324448800,10.71944873046875,-0.031750407069921494,0.6558390855789185,-0.127217099070549
1758804823334404600,10.729404541015626,0.010639927349984646,0.6954389214515686,-0.0879860669374466
1758804823344360700,10.739360595703126,0.04722524806857109,0.7138531804084778,-0.04717664048075676
1758804823354316800,10.74931689453125,0.07171580195426941,0.7311577796936035,-0.009590066969394684
1758804823364273000,10.75927294921875,0.08845137059688568,0.7460480332374573,0.023257093504071236
1758804823374228700,10.769228759765625,0.10247824341058731,0.7463828325271606,0.04820052534341812
1758804823384184800,10.779184814453124,0.1181814968585968,0.7239143252372742,0.06739122420549393
1758804823394140700,10.789140625,0.13406085968017578,0.6950352787971497,0.08416727185249329
1758804823404718600,10.799718505859374,0.1544140726327896,0.6534011363983154,0.09788872301578522
1758804823414674700,10.8096748046875,0.17305341362953186,0.6052064895629883,0.10468456894159317
1758804823424630500,10.819630615234376,0.18794500827789307,0.5548695921897888,0.10704812407493591
1758804823434587000,10.8295869140625,0.2005283236503601,0.500920832157135,0.1024182140827179
1758804823444542700,10.839542724609375,0.20902246236801147,0.4366942048072815,0.09331126511096954
1758804823454498800,10.849498779296875,0.2067115604877472,0.36623820662498474,0.08004604279994965
1758804823464454700,10.85945458984375,0.19677211344242096,0.30555781722068787,0.05593138188123703
1758804823474410800,10.86941064453125,0.18957853317260742,0.2559497058391571,0.027081381529569626
1758804823484366600,10.87936669921875,0.18698275089263916,0.22306206822395325,-0.0014711663825437427
1758804823494322700,10.88932275390625,0.1914292871952057,0.201283261179924,-0.02324037253856659
1758804823504278800,10.89927880859375,0.1992267519235611,0.19143249094486237,-0.04163588955998421
1758804823514235000,10.90923486328125,0.19715388119220734,0.19423305988311768,-0.060081738978624344
1758804823524190700,10.919190673828124,0.19661805033683777,0.1908998340368271,-0.07415840774774551
1758804823534146800,10.929146728515626,0.18517065048217773,0.18997518718242645,-0.08550480008125305
1758804823544102700,10.9391025390625,0.16442888975143433,0.1988738775253296,-0.09457739442586899
1758804823554058800,10.949058837890625,0.1415771096944809,0.1980333924293518,-0.101390041410923
1758804823564014600,10.9590146484375,0.11917699873447418,0.18330319225788116,-0.10849855095148087
1758804823573970700,10.968970703125,0.09858324378728867,0.1682012975215912,-0.11997547745704651
1758804823583926800,10.9789267578125,0.08430603891611099,0.16174232959747314,-0.14005571603775024
1758804823593883000,10.9888828125,0.07151446491479874,0.14554236829280853,-0.169076070189476
1758804823603838700,10.998838623046876,0.06413990259170532,0.1227041706442833,-0.21261849999427795
1758804823613794800,11.008794921875,0.06142148748040199,0.08928374946117401,-0.2586883008480072
1758804823623750700,11.018750732421875,0.05269937217235565,0.05708852782845497,-0.2876424491405487
1758804823633706800,11.028706787109375,0.026746442541480064,0.0395936518907547,-0.3186064660549164
1758804823643662600,11.03866259765625,-0.002246326068416238,0.03118232823908329,-0.3532946705818176
1758804823653618700,11.04861865234375,-0.03281679004430771,0.0003837095573544502,-0.3770919144153595
1758804823663574800,11.05857470703125,-0.05944440886378288,-0.025380508974194527,-0.38641616702079773
1758804823673531000,11.06853076171875,-0.09679850190877914,-0.03251716122031212,-0.38646334409713745
1758804823683486700,11.07848681640625,-0.13159510493278503,-0.048381078988313675,-0.3862297832965851
1758804823693442800,11.08844287109375,-0.15597760677337646,-0.08883671462535858,-0.3875272572040558
1758804823703398700,11.098398681640624,-0.16682332754135132,-0.13029494881629944,-0.3756639361381531
1758804823713354800,11.108354736328126,-0.1790917068719864,-0.14953415095806122,-0.33880552649497986
1758804823723310600,11.118310546875,-0.18986867368221283,-0.16332019865512848,-0.2873538136482239
1758804823733267000,11.128266845703125,-0.19694645702838898,-0.21487511694431305,-0.24725215137004852
1758804823743222800,11.138222900390625,-0.18042926490306854,-0.2654794454574585,-0.2007373720407486
1758804823753179000,11.148178955078125,-0.1549716591835022,-0.2790319323539734,-0.138482004404068
1758804823763134700,11.158134765625,-0.10386692732572556,-0.27887535095214844,-0.07540158182382584
1758804823773091300,11.16809130859375,-0.03506476804614067,-0.2993128299713135,-0.02948223426938057
1758804823783047200,11.178047119140626,0.03947071731090546,-0.34238627552986145,-0.0014782972866669297
1758804823793003300,11.188003173828125,0.10167982429265976,-0.36325550079345703,0.013874245807528496
1758804823802959000,11.197958984375,0.1411670446395874,-0.3722415566444397,0.0126396045088768
1758804823812915200,11.207915283203125,0.15437179803848267,-0.3851381838321686,-0.0060906740836799145
1758804823822871300,11.217871337890625,0.1455153226852417,-0.38959231972694397,-0.04014931246638298
1758804823832827400,11.227827392578124,0.12454742938280106,-0.38078445196151733,-0.07100174576044083
1758804823842783200,11.237783203125,0.08720139414072037,-0.3707145154476166,-0.09768235683441162
1758804823852739300,11.2477392578125,0.03725683316588402,-0.36318689584732056,-0.11703711748123169
1758804823862695200,11.257695068359375,-0.01609453745186329,-0.3497999906539917,-0.11891251802444458
1758804823872651300,11.2676513671875,-0.0648922249674797,-0.33456480503082275,-0.10200491547584534
1758804823882607000,11.277607177734374,-0.10896994173526764,-0.3269553482532501,-0.061422865837812424
1758804823892563500,11.2875634765625,-0.14241276681423187,-0.3080660402774811,-0.0037675746716558933
1758804823902519300,11.297519287109376,-0.161474347114563,-0.27373072504997253,0.058327220380306244
1758804823912475400,11.307475341796875,-0.17606626451015472,-0.22601699829101562,0.11938071250915527
1758804823922431200,11.31743115234375,-0.17864659428596497,-0.16885517537593842,0.17841261625289917
1758804823932387300,11.32738720703125,-0.16056518256664276,-0.11686981469392776,0.2352658063173294
1758804823942343200,11.33734326171875,-0.13248960673809052,-0.09485266357660294,0.290865957736969
1758804823952299300,11.34729931640625,-0.10034150630235672,-0.09006933122873306,0.3396098017692566
1758804823962255400,11.35725537109375,-0.07135060429573059,-0.09833232313394547,0.375858873128891
1758804823972211500,11.36721142578125,-0.056663718074560165,-0.1035531535744667,0.40403297543525696
1758804823982167300,11.377167236328125,-0.05470576137304306,-0.10714416205883026,0.42169877886772156
1758804823992123400,11.387123291015625,-0.05313785746693611,-0.11671801656484604,0.43061932921409607
1758804824002079200,11.397079345703125,-0.05758294090628624,-0.13582487404346466,0.42720088362693787
1758804824012035300,11.407035400390624,-0.0499638207256794,-0.13981026411056519,0.4231307804584503
1758804824021990400,11.416990478515626,-0.050136130303144455,-0.14411285519599915,0.4170052409172058
1758804824031946200,11.4269462890625,-0.04457536339759827,-0.13402584195137024,0.4029192328453064
1758804824041902300,11.43690234375,-0.03769588842988014,-0.11101080477237701,0.3882737159729004
1758804824051858200,11.446858154296875,-0.031045207753777504,-0.10168608278036118,0.3710028827190399
1758804824061814300,11.456814208984374,-0.026120491325855255,-0.10795329511165619,0.3488176763057709
1758804824071770000,11.46677001953125,-0.012736545875668526,-0.09821751713752747,0.325320303440094
1758804824081726200,11.476726318359376,0.0000231920275837183,-0.11161481589078903,0.3000839352607727
1758804824091682300,11.486682373046875,0.01202266663312912,-0.14738425612449646,0.2722181975841522
1758804824101638400,11.496638427734375,0.012725209817290306,-0.17939704656600952,0.23761548101902008
1758804824111594200,11.50659423828125,0.0007575051859021187,-0.21379563212394714,0.20022530853748322
1758804824121550300,11.51655029296875,-0.017948804423213005,-0.2653626799583435,0.1602746993303299
1758804824131506200,11.526506103515626,-0.04033543914556503,-0.3340700566768646,0.11786728352308273
1758804824141462300,11.536462158203125,-0.05648244917392731,-0.39637017250061035,0.0760151743888855
1758804824151418000,11.546418212890625,-0.0716022178530693,-0.463751882314682,0.03195929899811745
1758804824161374200,11.556374267578125,-0.07547099143266678,-0.5084263682365417,-0.005629091057926416
1758804824171330300,11.566330322265625,-0.08826135843992233,-0.5154566168785095,-0.03993751481175423
1758804824181286400,11.576286376953124,-0.09866739809513092,-0.49272361397743225,-0.06348731368780136
1758804824191242200,11.5862421875,-0.11223763972520828,-0.4617967903614044,-0.07613816112279892
1758804824201198300,11.5961982421875,-0.1181168332695961,-0.40584883093833923,-0.07614428550004959
1758804824211154200,11.606154296875,-0.11789683997631073,-0.3323136270046234,-0.06679873913526535
1758804824221110300,11.6161103515625,-0.11194787174463272,-0.25121718645095825,-0.05354258418083191
1758804824231066000,11.626066162109375,-0.0984271764755249,-0.17361034452915192,-0.038847751915454865
1758804824241022500,11.6360224609375,-0.07749207317829132,-0.09640849381685257,-0.025790538638830185
1758804824250978300,11.645978271484376,-0.0430147759616375,-0.032173559069633484,-0.015316339209675789
1758804824260934400,11.655934326171876,-0.008901014924049377,0.012180588208138943,-0.010331167839467525
1758804824270890200,11.66589013671875,0.020098522305488586,0.027508359402418137,-0.013836123049259186
1758804824280846300,11.675846435546875,0.036642879247665405,0.02012394554913044,-0.03315921872854233
1758804824290802200,11.68580224609375,0.03589888662099838,0.012677017599344254,-0.06721736490726471
1758804824300758300,11.69575830078125,0.027679307386279106,0.006336830090731382,-0.11358965188264847
1758804824310714400,11.70571435546875,0.029611190780997276,0.014980552718043327,-0.16764377057552338
1758804824320670500,11.71567041015625,0.04587351530790329,0.03227671980857849,-0.21354521811008453
1758804824330626300,11.725626220703125,0.05546734854578972,0.04686949774622917,-0.21243120729923248
1758804824340582400,11.73558251953125,0.05162067711353302,0.10200145840644836,-0.15530294179916382
1758804824350538200,11.745538330078125,0.04268250986933708,0.14406847953796387,-0.062042236328125
1758804824360494300,11.755494384765624,0.04353312402963638,0.17013230919837952,0.035292841494083405
1758804824370450200,11.7654501953125,0.05983533337712288,0.20662695169448853,0.101646289229393
1758804824380406000,11.775406005859375,0.08185409009456635,0.19852320849895477,0.1307341307401657
1758804824390362400,11.7853623046875,0.10986679047346115,0.14546675980091095,0.1286107301712036
1758804824400318200,11.795318115234375,0.14428389072418213,0.07593507319688797,0.12151260673999786
1758804824410274300,11.8052744140625,0.16060607135295868,0.018080445006489754,0.12493538111448288
1758804824420230100,11.815230224609374,0.1596398800611496,-0.011925390921533108,0.13857662677764893
1758804824430186200,11.825186279296876,0.15373161435127258,-0.021071942523121834,0.14167091250419617
1758804824440142000,11.83514208984375,0.1588432937860489,-0.017640460282564163,0.129020094871521
1758804824450098200,11.84509814453125,0.1945294588804245,-0.0012644121889024973,0.09163889288902283
1758804824460054300,11.85505419921875,0.2613697350025177,0.011159234680235386,0.02889215387403965
1758804824470010400,11.86501025390625,0.3444356918334961,0.02914598397910595,-0.040566299110651016
1758804824479966200,11.87496630859375,0.4170909523963928,0.07117732614278793,-0.09563513845205307
1758804824489922300,11.88492236328125,0.437079519033432,0.14455054700374603,-0.12080918252468109
1758804824499877000,11.894877197265625,0.3773251175880432,0.2648748457431793,-0.10870324075222015
1758804824509833200,11.904833251953125,0.30625948309898376,0.3525336980819702,-0.08202853798866272
1758804824519789300,11.914789306640625,0.18088212609291077,0.36656826734542847,-0.06387190520763397
1758804824531612200,11.926612060546875,-0.012264968827366829,0.4350120425224304,-0.058112021535634995
1758804824541568300,11.936568359375,-0.1454622596502304,0.5584521293640137,-0.05477292463183403
1758804824551524000,11.946524169921876,-0.22306939959526062,0.6197908520698547,-0.044930923730134964
1758804824561480200,11.956480224609376,-0.2503444254398346,0.6601670384407043,-0.025844315066933632
1758804824571436300,11.966436279296875,-0.23635777831077576,0.6887094974517822,0.001641916111111641
1758804824581392400,11.976392333984375,-0.1852162927389145,0.6996079087257385,0.0333404541015625
1758804824591348200,11.98634814453125,-0.1076347678899765,0.6850244998931885,0.0660589337348938
1758804824601304300,11.99630419921875,-0.018917949870228767,0.6506779789924622,0.08952857553958893
1758804824611260200,12.00626025390625,0.05357610434293747,0.5958127379417419,0.100504070520401
1758804824621216300,12.01621630859375,0.10585369169712067,0.5412227511405945,0.10704958438873291
1758804824631172000,12.026172119140625,0.12867629528045654,0.4966689646244049,0.1222391203045845
1758804824641128200,12.036128173828125,0.13134850561618805,0.46329423785209656,0.1407901644706726
1758804824651084300,12.046084228515625,0.12666237354278564,0.4284331202507019,0.15127907693386078
1758804824661040400,12.056040283203124,0.11898607760667801,0.3865269422531128,0.15292784571647644
1758804824670996200,12.065996337890626,0.11409245431423187,0.3440450131893158,0.14466750621795654
1758804824680952300,12.075952392578126,0.11549939960241318,0.3153856694698334,0.1294155865907669
1758804824690908200,12.085908203125,0.12360826134681702,0.2967049181461334,0.11041101068258286
1758804824700864300,12.0958642578125,0.12701338529586792,0.2839510440826416,0.09054063260555267
1758804824710820000,12.105820068359375,0.11839547753334045,0.2801579535007477,0.0647534728050232
1758804824720776200,12.115776123046874,0.09325576573610306,0.2946684658527374,0.03048284910619259
1758804824730732300,12.125732177734376,0.06648362427949905,0.331870973110199,0.003667465876787901
1758804824740688400,12.1356884765625,0.03829193860292435,0.3698338270187378,-0.014945633709430695
1758804824750644200,12.145644287109375,0.013942032121121883,0.4140150547027588,-0.0224210973829031
1758804824760600300,12.155600341796875,-0.006617038510739803,0.4608035981655121,-0.022473828867077827
1758804824770556200,12.16555615234375,-0.01854942925274372,0.5084935426712036,-0.01726887747645378
1758804824780512300,12.17551220703125,-0.026263276115059853,0.5511006116867065,-0.003587686689570546
1758804824790468000,12.185468017578126,-0.022250279784202576,0.5942018032073975,0.01223145704716444
1758804824800424400,12.195424560546876,-0.010643425397574902,0.6320556998252869,0.02086009830236435
1758804824810380300,12.20538037109375,0.0044083986431360245,0.6530894637107849,0.017742011696100235
1758804824820336000,12.215336181640625,0.024166656658053398,0.65082848072052,0.005381215829402208
1758804824830292200,12.225292236328125,0.04447118937969208,0.6543831825256348,-0.020692719146609306
1758804824840248000,12.235248046875,0.052826326340436935,0.6562442183494568,-0.05391858145594597
1758804824850204200,12.2452041015625,0.05291448533535004,0.6521672606468201,-0.09271738678216934
1758804824860160000,12.255159912109375,0.04276837408542633,0.638954758644104,-0.13410398364067078
1758804824870116400,12.265116455078125,0.019406188279390335,0.6048460602760315,-0.1742473989725113
1758804824880072200,12.275072265625,0.0038583874702453613,0.5798009037971497,-0.20306865870952606
1758804824890028300,12.2850283203125,-0.0005350294522941113,0.5810176730155945,-0.2044772058725357
1758804824899984100,12.294984130859374,0.035872943699359894,0.5790832042694092,-0.17249853909015656
1758804824909940200,12.304940185546876,0.10299429297447205,0.5411043763160706,-0.12994518876075745
1758804824919896000,12.31489599609375,0.19263070821762085,0.45043569803237915,-0.08697746694087982
1758804824929852200,12.32485205078125,0.2859095335006714,0.3052990138530731,-0.04539088159799576
1758804824939808300,12.334808349609375,0.3443816006183624,0.16413453221321106,-0.006016635335981846
1758804824949763300,12.344763427734375,0.3661101162433624,0.03913212940096855,0.050843458622694016
1758804824959719200,12.35471923828125,0.33914217352867126,-0.081509068608284,0.09831669926643372
1758804824969675300,12.36467529296875,0.2721549868583679,-0.1848037987947464,0.12276694178581238
1758804824979631000,12.374631103515625,0.18391993641853333,-0.26203441619873047,0.12096823751926422
1758804824989587200,12.384587158203125,0.07849502563476562,-0.28847798705101013,0.0977388247847557
1758804824999543300,12.394543212890625,-0.023969560861587524,-0.289754182100296,0.06685574352741241
1758804825009499400,12.40449951171875,-0.08907682448625565,-0.2692933678627014,0.04046192392706871
1758804825019455200,12.414455322265624,-0.11475369334220886,-0.24555473029613495,0.02951020933687687
1758804825029411300,12.424411376953126,-0.10728703439235687,-0.21098163723945618,0.029978960752487183
1758804825039367200,12.4343671875,-0.06286736577749252,-0.1918761283159256,0.03133584186434746
1758804825049323300,12.4443232421875,0.001841109013184905,-0.20521607995033264,0.02749045565724373
1758804825059279000,12.454279052734375,0.0635012835264206,-0.2412012368440628,0.012212966568768024
1758804825069235200,12.464235107421874,0.10020773112773895,-0.3025127351284027,-0.007758104242384434
1758804825079191300,12.47419140625,0.12694934010505676,-0.40033677220344543,-0.04315364733338356
1758804825089147400,12.4841474609375,0.12637342512607574,-0.5179142355918884,-0.09192598611116409
1758804825099103200,12.494103271484375,0.09634415805339813,-0.586617648601532,-0.1338726431131363
1758804825109059300,12.504059326171875,0.05731859430670738,-0.6136105060577393,-0.14816710352897644
1758804825119015200,12.51401513671875,0.00616858946159482,-0.613918125629425,-0.14565707743167877
1758804825128971000,12.523970947265624,-0.04017893597483635,-0.5874742865562439,-0.13385102152824402
1758804825138927000,12.533927001953124,-0.08720867335796356,-0.5543097853660583,-0.11905774474143982
1758804825148883200,12.54388330078125,-0.12657462060451508,-0.526973307132721,-0.10731718689203262
1758804825158839300,12.55383935546875,-0.15448294579982758,-0.5091894865036011,-0.09036669880151749
1758804825168795100,12.563795166015625,-0.18086989223957062,-0.48240068554878235,-0.07355205714702606
1758804825178751200,12.573751220703125,-0.2092948853969574,-0.4267084002494812,-0.0536036491394043
1758804825188707000,12.58370703125,-0.21754252910614014,-0.3834525942802429,-0.02955208346247673
1758804825198663200,12.5936630859375,-0.20663554966449738,-0.36940547823905945,-0.006524528376758099
1758804825208619000,12.603618896484376,-0.1801794469356537,-0.3671000003814697,0.008487977087497711
1758804825218575400,12.613575439453125,-0.147272989153862,-0.3874172866344452,0.012281663715839386
1758804825228531200,12.62353125,-0.1124078705906868,-0.42135465145111084,0.01898452825844288
1758804825238487300,12.6334873046875,-0.08813795447349548,-0.44833487272262573,0.03144466131925583
1758804825248443100,12.643443115234374,-0.07407036423683167,-0.45742177963256836,0.04247332364320755
1758804825258399200,12.653399169921874,-0.06974086165428162,-0.45921701192855835,0.05252329632639885
1758804825268355000,12.66335498046875,-0.08569055795669556,-0.44906187057495117,0.06077750772237778
1758804825278311200,12.673311279296875,-0.09968333691358566,-0.42448222637176514,0.0682588592171669
1758804825288267000,12.68326708984375,-0.11904943734407425,-0.4160526990890503,0.07306795567274094
1758804825298223400,12.693223388671875,-0.13116896152496338,-0.3976460099220276,0.07766271382570267
1758804825308179200,12.70317919921875,-0.13981296122074127,-0.4017338454723358,0.07369998842477798
1758804825318135300,12.71313525390625,-0.1389857828617096,-0.39809516072273254,0.06796993315219879
1758804825328091100,12.723091064453126,-0.12920670211315155,-0.38627922534942627,0.061088841408491135
1758804825338047200,12.733047119140625,-0.11204129457473755,-0.38251349329948425,0.04956374689936638
1758804825348003000,12.743003173828125,-0.09088316559791565,-0.3761168122291565,0.034317925572395325
1758804825357959200,12.752959228515625,-0.06951343268156052,-0.3746722936630249,0.017361845821142197
1758804825367915300,12.762915283203125,-0.0558379702270031,-0.37251052260398865,-0.0006618170882575214
1758804825377871400,12.772871337890624,-0.041873153299093246,-0.37152382731437683,-0.015623722225427628
1758804825387827200,12.7828271484375,-0.04566274210810661,-0.3463820517063141,-0.02265535108745098
1758804825397783300,12.792783203125,-0.06886899471282959,-0.3608534038066864,-0.03341984748840332
1758804825407739100,12.8027392578125,-0.07828958332538605,-0.3769593834877014,-0.04602672532200813
1758804825417695200,12.8126953125,-0.09581265598535538,-0.38277947902679443,-0.05693982541561127
1758804825427651000,12.822651123046874,-0.12217601388692856,-0.37035661935806274,-0.06776131689548492
1758804825437607200,12.832607177734374,-0.14358969032764435,-0.33695363998413086,-0.07217416912317276
1758804825447563300,12.842563232421876,-0.15490086376667023,-0.2988520860671997,-0.0647767186164856
1758804825457519400,12.852519287109375,-0.15859732031822205,-0.24418269097805023,-0.04769333451986313
1758804825467475200,12.86247509765625,-0.16331996023654938,-0.18298350274562836,-0.01884651556611061
1758804825477431300,12.872431396484375,-0.17114965617656708,-0.13603410124778748,0.011579034850001335
1758804825487387100,12.88238720703125,-0.18780972063541412,-0.10129829496145248,0.023138508200645447
1758804825497343200,12.89234326171875,-0.21126390993595123,-0.05463065207004547,0.021130751818418503
1758804825507299000,12.902299072265626,-0.2323485165834427,0.0038651146460324526,0.017158128321170807
1758804825517255400,12.91225537109375,-0.25706878304481506,0.06056993827223778,0.02277659811079502
1758804825527211300,12.922211181640625,-0.2928299307823181,0.13144522905349731,0.029315438121557236
1758804825537167400,12.93216748046875,-0.327687531709671,0.24623678624629974,0.03416372090578079
1758804825547123200,12.942123291015625,-0.35124483704566956,0.3562169075012207,0.04466161131858826
1758804825557079300,12.952079345703124,-0.34372326731681824,0.4455803334712982,0.05832841992378235
1758804825567035100,12.96203515625,-0.293268620967865,0.529037594795227,0.0772363618016243
1758804825576991200,12.9719912109375,-0.22696362435817719,0.5753651857376099,0.09113353490829468
1758804825586947300,12.981947265625,-0.13391607999801636,0.561684787273407,0.08843813091516495
1758804825596903400,12.9919033203125,-0.043791770935058594,0.501163899898529,0.06523854285478592
1758804825606859300,13.001859375,0.006639707833528519,0.42778879404067993,0.032885923981666565
1758804825616815400,13.0118154296875,0.014684850350022316,0.3793056607246399,0.012298624031245708
1758804825626771200,13.021771240234376,0.002839909866452217,0.36842578649520874,0.0160188227891922
1758804825636727300,13.031727294921875,-0.0025532576255500317,0.35135865211486816,0.03733449801802635
1758804825646683100,13.04168310546875,0.015187682583928108,0.334121435880661,0.06856267899274826
1758804825656639200,13.05163916015625,0.05467357113957405,0.30808478593826294,0.10253609716892242
1758804825666595300,13.06159521484375,0.09706152975559235,0.27601370215415955,0.12643876671791077
1758804825676551200,13.07155126953125,0.13342806696891785,0.2502793073654175,0.1415037363767624
1758804825686507300,13.08150732421875,0.16444046795368195,0.20323003828525543,0.1536938101053238
1758804825696463000,13.091463134765625,0.1878850758075714,0.14963579177856445,0.16117942333221436
1758804825706419200,13.101419189453125,0.20222225785255432,0.10597506165504456,0.16392196714878082
1758804825716375000,13.111375,0.21057818830013275,0.0711614191532135,0.14296609163284302
1758804825726331100,13.1213310546875,0.1926293820142746,0.06291085481643677,0.09300033748149872
1758804825736287200,13.131287353515624,0.16203445196151733,0.08769556134939194,0.017897332087159157
1758804825746243300,13.141243408203126,0.13231517374515533,0.12417306005954742,-0.06280840188264847
1758804825756199200,13.15119921875,0.09679152071475983,0.17272141575813293,-0.1501329243183136
1758804825766155300,13.1611552734375,0.04440496861934662,0.24081768095493317,-0.23598313331604004
1758804825776111000,13.171111083984375,-0.02424892783164978,0.3239663541316986,-0.3130435347557068
1758804825786067000,13.18106689453125,-0.10161858052015305,0.423284649848938,-0.37291327118873596
1758804825796023000,13.19102294921875,-0.1823757439851761,0.5135884881019592,-0.41293713450431824
1758804825805979100,13.200979248046876,-0.25157853960990906,0.5950233340263367,-0.4233010709285736
1758804825815935200,13.210935302734375,-0.274221807718277,0.6713806986808777,-0.4055196940898895
1758804825825891000,13.22089111328125,-0.25123757123947144,0.7089197039604187,-0.35064181685447693
1758804825835847200,13.23084716796875,-0.19175933301448822,0.7288885712623596,-0.26678818464279175
1758804825845803000,13.240802978515624,-0.10892131179571152,0.7439916133880615,-0.1819896548986435
1758804825855759000,13.250759033203124,-0.018699536100029945,0.7555049657821655,-0.10974901914596558
1758804825865716000,13.260716064453124,0.06087801232933998,0.7387902140617371,-0.05775002762675285
1758804825875672000,13.270672119140626,0.12964428961277008,0.6951774954795837,-0.026330316439270973
1758804825885628000,13.2806279296875,0.16919270157814026,0.631659209728241,-0.010554530657827854
1758804825895584000,13.290583984375,0.17864371836185455,0.5634108781814575,-0.0028942145872861147
1758804825905540000,13.3005400390625,0.15830765664577484,0.48949602246284485,-0.007635468151420355
1758804825915496200,13.31049609375,0.12322025746107101,0.414354145526886,-0.023176077753305435
1758804825925452000,13.3204521484375,0.08479698747396469,0.34944048523902893,-0.05319525673985481
1758804825935408000,13.330408203125,0.05047709867358208,0.30049237608909607,-0.09366917610168457
1758804825945364000,13.340364013671875,0.03263917565345764,0.2554260194301605,-0.12648196518421173
1758804825955320000,13.350320068359375,0.027564257383346558,0.22950442135334015,-0.15611229836940765
1758804825965276000,13.36027587890625,0.03487444296479225,0.21457846462726593,-0.17698481678962708
1758804825975232000,13.37023193359375,0.038430824875831604,0.19913239777088165,-0.1945054978132248
1758804825985188000,13.38018798828125,0.03478076308965683,0.19442912936210632,-0.20397831499576569
1758804825995144200,13.390144287109376,0.02112194150686264,0.18712034821510315,-0.21525652706623077
1758804826005100000,13.40010009765625,-0.0074912807904183865,0.1887703537940979,-0.23089227080345154
1758804826015056100,13.41005615234375,-0.042152587324380875,0.193079873919487,-0.24985584616661072
1758804826025012000,13.420011962890625,-0.08217769116163254,0.18848800659179688,-0.27598249912261963
1758804826034968000,13.429968017578124,-0.12417973577976227,0.18025511503219604,-0.30286312103271484
1758804826044924000,13.439923828125,-0.16918838024139404,0.18367166817188263,-0.32956182956695557
1758804826054880300,13.44988037109375,-0.20794402062892914,0.19281163811683655,-0.35058456659317017
1758804826064836000,13.459836181640625,-0.23539601266384125,0.20073455572128296,-0.36250752210617065
1758804826074792200,13.469792236328125,-0.2487000972032547,0.20253166556358337,-0.36289501190185547
1758804826084748000,13.479748046875,-0.24559004604816437,0.21046489477157593,-0.3479975759983063
1758804826094704000,13.4897041015625,-0.22896553575992584,0.22152818739414215,-0.3280515670776367
1758804826104660000,13.499659912109376,-0.1966475546360016,0.2218596488237381,-0.29584255814552307
1758804826114616000,13.509615966796876,-0.1646512746810913,0.22300082445144653,-0.24957357347011566
1758804826124572200,13.519572265625,-0.1432756632566452,0.23119600117206573,-0.19897399842739105
1758804826134528300,13.5295283203125,-0.1342339664697647,0.2312742918729782,-0.14962774515151978
1758804826144484000,13.539484130859375,-0.1356165111064911,0.21416877210140228,-0.11386042088270187
1758804826154440200,13.549440185546874,-0.14282622933387756,0.1835235059261322,-0.09527714550495148
1758804826164396000,13.55939599609375,-0.1515333652496338,0.12555211782455444,-0.10059849172830582
1758804826174352100,13.56935205078125,-0.13794352114200592,0.044454604387283325,-0.12341831624507904
1758804826184308000,13.579307861328125,-0.11601390689611435,-0.01733042672276497,-0.14720508456230164
1758804826194264000,13.58926416015625,-0.1049138531088829,-0.05384209752082825,-0.16493216156959534
1758804826204220200,13.59922021484375,-0.10256282240152359,-0.09940792620182037,-0.17820537090301514
1758804826214176300,13.60917626953125,-0.10086079686880112,-0.12823690474033356,-0.1901448518037796
1758804826224132000,13.619132080078124,-0.12843458354473114,-0.20953552424907684,-0.21071481704711914
1758804826234088200,13.629088134765626,-0.14689108729362488,-0.2660888135433197,-0.23453573882579803
1758804826244044000,13.6390439453125,-0.18492501974105835,-0.2921196520328522,-0.25136902928352356
1758804826254000000,13.649000244140625,-0.20940454304218292,-0.3119005560874939,-0.2609896957874298
1758804826263956000,13.6589560546875,-0.21250392496585846,-0.32236596941947937,-0.2689424157142639
1758804826273912000,13.668912109375,-0.20483988523483276,-0.3430611491203308,-0.2787175476551056
1758804826283868200,13.6788681640625,-0.19119586050510406,-0.3377895951271057,-0.2972952723503113
1758804826293824300,13.68882421875,-0.178592711687088,-0.2711764872074127,-0.30742406845092773
1758804826303780000,13.698780029296875,-0.1554945856332779,-0.18837426602840424,-0.3183195888996124
1758804826313737200,13.7087373046875,-0.103238046169281,-0.1359584629535675,-0.32672667503356934
1758804826323693000,13.718693115234375,-0.008510371670126915,-0.10477353632450104,-0.3407374918460846
1758804826333649200,13.728649169921875,0.07925570011138916,-0.08756605535745621,-0.3599492609500885
1758804826343605000,13.73860498046875,0.13088303804397583,-0.09467121958732605,-0.3791118264198303
1758804826353561000,13.74856103515625,0.14758186042308807,-0.09339237213134766,-0.4017292559146881
1758804826363517000,13.758516845703125,0.1438600867986679,-0.0803452804684639,-0.4319747984409332
1758804826373473300,13.768473388671875,0.10934840887784958,-0.0713382363319397,-0.45917683839797974
1758804826383429000,13.77842919921875,0.08865974843502045,-0.03781101107597351,-0.49330130219459534
1758804826393385200,13.78838525390625,0.09769318997859955,-0.017295613884925842,-0.5279279947280884
1758804826403341000,13.798341064453124,0.12313950806856155,0.01166716031730175,-0.5449159741401672
1758804826413297200,13.808297119140626,0.14514893293380737,0.057065270841121674,-0.5515453815460205
1758804826423253000,13.8182529296875,0.1655457317829132,0.10319745540618896,-0.5594049692153931
1758804826433209000,13.828208984375,0.18165546655654907,0.1366363763809204,-0.5742999911308289
1758804826443165200,13.838165283203125,0.1844712644815445,0.15379215776920319,-0.5979286432266235
1758804826453121300,13.848121337890625,0.16859696805477142,0.14790870249271393,-0.6324924826622009
1758804826463077000,13.8580771484375,0.14215713739395142,0.15082749724388123,-0.6738377809524536
1758804826473033200,13.868033203125,0.09316403418779373,0.16758383810520172,-0.6984499096870422
1758804826482989000,13.877989013671876,0.031865254044532776,0.20615680515766144,-0.7007256150245667
1758804826492945200,13.887945068359375,-0.006554837804287672,0.26127225160598755,-0.6932463645935059
1758804826502901000,13.89790087890625,-0.02739563025534153,0.26273420453071594,-0.6672571301460266
1758804826512857000,13.907857177734375,-0.02101549506187439,0.2574411630630493,-0.6404273509979248
1758804826522813200,13.917813232421874,0.004925630055367947,0.24790695309638977,-0.6093797087669373
1758804826532769300,13.927769287109374,0.030107680708169937,0.23132264614105225,-0.5836447477340698
1758804826542725000,13.93772509765625,0.050472378730773926,0.2362751066684723,-0.5623341798782349
1758804826552681200,13.94768115234375,0.06275860220193863,0.25617292523384094,-0.525412380695343
1758804826562637000,13.957636962890625,0.057086341083049774,0.3020019233226776,-0.4701445698738098
1758804826572593200,13.96759326171875,0.035543765872716904,0.37548625469207764,-0.39416298270225525
1758804826582549000,13.977549072265624,0.0015995320864021778,0.46146348118782043,-0.32095375657081604
1758804826592505000,13.987505126953126,-0.04257671535015106,0.5821483731269836,-0.2569694519042969
1758804826602461200,13.997461181640626,-0.09113907814025879,0.6697879433631897,-0.2088485211133957
1758804826612417000,14.0074169921875,-0.12687017023563385,0.7361310124397278,-0.174324631690979
1758804826622373000,14.017373046875,-0.15053674578666687,0.7750837206840515,-0.152975395321846
1758804826632329000,14.027328857421875,-0.15479832887649536,0.7951058745384216,-0.14196482300758362
1758804826642285000,14.03728515625,-0.13883580267429352,0.8254364132881165,-0.13033081591129303
1758804826652242200,14.0472421875,-0.12649577856063843,0.8100177645683289,-0.12425506860017776
1758804826662198000,14.057197998046876,-0.10361534357070923,0.7804006934165955,-0.12322308868169785
1758804826672154000,14.067154052734375,-0.08097341656684875,0.7089076042175293,-0.13984547555446625
1758804826682110000,14.07710986328125,-0.05947599560022354,0.6371939778327942,-0.16778630018234253
1758804826692066300,14.08706640625,-0.04122056066989899,0.5648953318595886,-0.20350807905197144
1758804826702022100,14.097022216796875,-0.030273545533418655,0.49384209513664246,-0.244270458817482
1758804826711978200,14.106978271484374,-0.030774487182497978,0.42939040064811707,-0.2994290590286255
1758804826721934000,14.11693408203125,-0.02262488380074501,0.36438488960266113,-0.3530469834804535
1758804826731890200,14.12689013671875,-0.02244964800775051,0.2948351204395294,-0.3988642692565918
1758804826741846000,14.136845947265625,-0.03812824934720993,0.23528115451335907,-0.43830937147140503
1758804826751802000,14.146802001953125,-0.062291376292705536,0.1980230063199997,-0.4568287432193756
1758804826761758200,14.15675830078125,-0.0950712338089943,0.1849731057882309,-0.4553685486316681
1758804826771714300,14.16671435546875,-0.12734635174274445,0.19361558556556702,-0.4448155164718628
1758804826781669400,14.17666943359375,-0.16046126186847687,0.21190841495990753,-0.43532052636146545
1758804826791625500,14.18662548828125,-0.18296045064926147,0.20499750971794128,-0.4257272779941559
1758804826801581300,14.196581298828125,-0.2011127918958664,0.21716637909412384,-0.40896323323249817
1758804826811537400,14.206537353515625,-0.21403445303440094,0.2184220552444458,-0.38959380984306335
1758804826821493500,14.216493408203124,-0.21331056952476501,0.21513596177101135,-0.3604119122028351
1758804826831449600,14.22644970703125,-0.2201050966978073,0.196109801530838,-0.33847731351852417
1758804826841405400,14.236405517578126,-0.21139730513095856,0.20798014104366302,-0.3235045373439789
1758804826851361500,14.246361572265625,-0.19368967413902283,0.2435368150472641,-0.3027779459953308
1758804826861317400,14.2563173828125,-0.17631788551807404,0.2843364477157593,-0.27969658374786377
1758804826871273500,14.2662734375,-0.1676602065563202,0.31444934010505676,-0.2599005103111267
1758804826881229300,14.276229248046874,-0.14137744903564453,0.3604373633861542,-0.2457711398601532
1758804826891185400,14.286185302734374,-0.09449435025453568,0.40386447310447693,-0.22469860315322876
1758804826901141500,14.2961416015625,-0.05609416589140892,0.3952471911907196,-0.19356389343738556
1758804826911097600,14.30609765625,-0.03539607673883438,0.40545693039894104,-0.15900111198425293
1758804826921053400,14.316053466796875,-0.02202395722270012,0.4259212911128998,-0.1332794725894928
1758804826931010600,14.326010498046875,-0.016864880919456482,0.4440310597419739,-0.10612108558416367
1758804826940966400,14.33596630859375,-0.013131173327565193,0.4634712040424347,-0.0804242268204689
1758804826950922500,14.345922607421874,-0.0074469223618507385,0.45783063769340515,-0.054379045963287354
1758804826960878300,14.35587841796875,0.011465249583125114,0.43812698125839233,-0.044461168348789215
1758804826970834400,14.36583447265625,0.046062108129262924,0.4048076272010803,-0.045366108417510986
1758804826980790300,14.375790283203125,0.07844372093677521,0.3436456322669983,-0.07015964388847351
1758804826990746600,14.38574658203125,0.10863438248634338,0.28418150544166565,-0.11949709802865982
1758804827000702500,14.395702392578125,0.1281895786523819,0.2011273354291916,-0.17735959589481354
1758804827010658600,14.405658447265624,0.13809600472450256,0.11906921118497849,-0.235231414437294
1758804827020614400,14.415614501953126,0.13495194911956787,0.058889709413051605,-0.28640350699424744
1758804827030570500,14.425570556640626,0.11433563381433487,0.03649359196424484,-0.3307459354400635
1758804827040526300,14.4355263671875,0.09430927038192749,0.06463261693716049,-0.35993286967277527
1758804827050482400,14.445482421875,0.08631153404712677,0.1181538999080658,-0.3812461495399475
1758804827060438300,14.455438232421875,0.06367573142051697,0.1564706563949585,-0.39214888215065
1758804827070394600,14.46539453125,0.04484105855226517,0.20752079784870148,-0.3896002173423767
1758804827080350500,14.4753505859375,0.0280942190438509,0.2546890377998352,-0.37865886092185974
1758804827090306600,14.485306640625,0.014640461653470993,0.30605554580688477,-0.3505212366580963
1758804827100262400,14.495262451171875,0.009398343972861767,0.37552154064178467,-0.313734769821167
1758804827110218500,14.505218505859375,-0.007837900891900063,0.44544973969459534,-0.2690650224685669
1758804827120174300,14.51517431640625,-0.012994930148124695,0.5290125012397766,-0.21116015315055847
1758804827130130400,14.52513037109375,-0.002173707354813814,0.5850164294242859,-0.14583760499954224
1758804827140086500,14.53508642578125,-0.0009919090662151575,0.6582634449005127,-0.07843247056007385
1758804827150042600,14.545042724609376,-0.007423176430165768,0.7137312293052673,-0.031521156430244446
1758804827159998500,14.55499853515625,-0.002021168824285269,0.7375330924987793,0.004700744058936834
1758804827169954600,14.56495458984375,0.0008955253288149834,0.6955978870391846,0.03290974721312523
1758804827179910400,14.574910400390625,-0.0006725189741700888,0.6248934864997864,0.05040060728788376
1758804827189866500,14.584866455078124,-0.001869077212177217,0.566480278968811,0.05695305019617081
1758804827199823400,14.5948232421875,-0.011090615764260292,0.5298485159873962,0.05541986599564552
1758804827209779500,14.604779541015626,-0.023072976619005203,0.46851083636283875,0.041462771594524384
1758804827219735300,14.6147353515625,-0.033135976642370224,0.40535515546798706,0.01718350686132908
1758804827229691400,14.62469140625,-0.03529127314686775,0.3247010409832001,-0.01316001731902361
1758804827239647500,14.6346474609375,-0.035376451909542084,0.26306062936782837,-0.03775378316640854
1758804827249603600,14.644603515625,-0.03555461764335632,0.21101313829421997,-0.0707029476761818
1758804827259559400,14.654559326171874,-0.045649152249097824,0.17592591047286987,-0.10367260128259659
1758804827269515500,14.664515625,-0.06413175165653229,0.13253583014011383,-0.13233114778995514
1758804827279471400,14.674471435546875,-0.06956349313259125,0.10021361708641052,-0.15299886465072632
1758804827289427500,14.684427490234375,-0.07794073224067688,0.10191857814788818,-0.17234674096107483
1758804827299383300,14.69438330078125,-0.08961651474237442,0.12542824447155,-0.17136746644973755
1758804827309339600,14.704339599609375,-0.09857006371021271,0.15183615684509277,-0.16214200854301453
1758804827319295500,14.71429541015625,-0.10175672173500061,0.17885684967041016,-0.14955590665340424
1758804827329251600,14.72425146484375,-0.11004527658224106,0.21077057719230652,-0.14351105690002441
1758804827339207400,14.73420751953125,-0.12863735854625702,0.24659603834152222,-0.14134033024311066
1758804827349163500,14.74416357421875,-0.16025733947753906,0.29899266362190247,-0.14193181693553925
1758804827359119400,14.754119384765625,-0.19126081466674805,0.3260638415813446,-0.14071498811244965
1758804827369075500,14.764075439453125,-0.21031226217746735,0.3327403962612152,-0.13484245538711548
1758804827379031300,14.77403125,-0.194344624876976,0.34890085458755493,-0.1296522468328476
1758804827388987600,14.783987548828126,-0.16412892937660217,0.370082288980484,-0.12144944816827774
1758804827399564500,14.794564453125,-0.07495930045843124,0.5353758931159973,-0.13070766627788544
1758804827409520400,14.804520263671876,-0.007209282834082842,0.8243504166603088,-0.07864313572645187
1758804827419476500,14.8144765625,-0.0021545931231230497,0.9446876049041748,0.05389944836497307
1758804827429432300,14.824432373046875,-0.031749237328767776,0.8540892601013184,0.1249760240316391
1758804827439389400,14.834389404296875,-0.05080898106098175,0.7754642367362976,0.11326263099908829
1758804827449345300,14.84434521484375,-0.07770796865224838,0.7257576584815979,0.08048871159553528
1758804827459301400,14.85430126953125,-0.11432330310344696,0.6490411162376404,0.06919582933187485
1758804827469257500,14.864257568359376,-0.13369381427764893,0.5025914907455444,0.07688118517398834
1758804827479213600,14.874213623046876,-0.12605437636375427,0.32375064492225647,0.06679791212081909
1758804827489169400,14.88416943359375,-0.10900375247001648,0.18109150230884552,0.029057994484901428
1758804827499125500,14.89412548828125,-0.10066378116607666,0.05075683444738388,-0.01564314402639866
1758804827509081300,14.904081298828125,-0.07993745803833008,-0.11386886984109879,-0.02846040576696396
1758804827519037400,14.914037353515624,-0.03513798490166664,-0.21261005103588104,-0.04526336491107941
1758804827528993300,14.9239931640625,0.018048003315925598,-0.2680152356624603,-0.05604330822825432
1758804827538949400,14.933949462890626,0.07537541538476944,-0.26442062854766846,-0.06435661017894745
1758804827548905500,14.943905517578125,0.13896611332893372,-0.2062460035085678,-0.05778179690241814
1758804827558861600,14.953861572265625,0.1608916074037552,-0.18568749725818634,-0.029597556218504906
1758804827568817400,14.9638173828125,0.12777653336524963,-0.17385293543338776,-0.004102848004549742
1758804827578773500,14.9737734375,0.06371110677719116,-0.13589495420455933,0.007502901367843151
1758804827588729300,14.983729248046876,-0.01114075817167759,-0.11473162472248077,0.013745350763201714
1758804827598685400,14.993685546875,-0.0514942891895771,-0.1391768753528595,0.02062271535396576
1758804827608641300,15.003641357421875,-0.07558950781822205,-0.23987285792827606,0.028765862807631493
1758804827618597600,15.01359765625,-0.09151566028594971,-0.3308829069137573,0.039238475263118744
1758804827628553500,15.023553466796875,-0.11653366684913635,-0.3721131682395935,0.03415210172533989
1758804827638509600,15.033509521484374,-0.1460314840078354,-0.37728428840637207,0.03327939659357071
1758804827648465400,15.04346533203125,-0.17289532721042633,-0.29808881878852844,0.07936246693134308
1758804827658422500,15.053422607421876,-0.18800394237041473,-0.10408712923526764,0.13616584241390228
1758804827668378400,15.06337841796875,-0.1462186872959137,-0.10443946719169617,0.12781444191932678
1758804827678334500,15.07333447265625,-0.1173509731888771,-0.20221856236457825,0.09872261434793472
1758804827688290300,15.083290283203125,-0.111072838306427,-0.3343779444694519,0.10309019684791565
1758804827698246400,15.093246337890625,-0.11584871262311935,-0.3696978688240051,0.08879242837429047
1758804827708202200,15.1032021484375,-0.09769900888204575,-0.33496811985969543,0.0628601610660553
1758804827718158600,15.11315869140625,-0.05350649729371071,-0.3328129053115845,0.05304935947060585
1758804827728114400,15.123114501953125,-0.007219425868242979,-0.34300297498703003,0.053379327058792114
1758804827738070500,15.133070556640625,0.011578856036067009,-0.3133184611797333,0.03713887184858322
1758804827748026400,15.1430263671875,0.006101000122725964,-0.21873068809509277,0.008138909935951233
1758804827757982500,15.152982421875,-0.018108392134308815,-0.0971507877111435,0.002548147924244404
1758804827767938600,15.1629384765625,-0.04382387548685074,0.020505275577306747,0.025493677705526352
1758804827777894700,15.172894775390626,-0.05339653789997101,0.0854855626821518,0.06660644710063934
1758804827787850500,15.1828505859375,-0.06050265207886696,0.10506272315979004,0.09050431847572327
1758804827797806800,15.192806884765625,-0.06695380061864853,0.041670091450214386,0.0697798877954483
1758804827807762700,15.2027626953125,-0.07061857730150223,-0.053356021642684937,0.0067591071128845215
1758804827817718800,15.21271875,-0.08958636969327927,-0.14013329148292542,-0.06525569409132004
1758804827827674600,15.222674560546874,-0.12995563447475433,-0.1961238533258438,-0.11192919313907623
1758804827837630700,15.232630615234376,-0.19162778556346893,-0.22304341197013855,-0.10220757126808167
1758804827847586600,15.242586669921875,-0.23839901387691498,-0.2039346992969513,-0.04568543657660484
1758804827857542700,15.252542724609375,-0.2628956139087677,-0.1963828057050705,-0.005467438604682684
1758804827867498800,15.262498779296875,-0.27742263674736023,-0.22866378724575043,-0.0016708358889445662
1758804827877455600,15.27245556640625,-0.2843598425388336,-0.2550603151321411,-0.035341694951057434
1758804827887411700,15.28241162109375,-0.28123754262924194,-0.274008184671402,-0.06752572953701019
1758804827897367800,15.292367919921874,-0.27014389634132385,-0.26466795802116394,-0.07127013057470322
1758804827907324000,15.302323974609376,-0.264973908662796,-0.21350835263729095,-0.04269414767622948
1758804827917279700,15.31227978515625,-0.2724875807762146,-0.1493561863899231,-0.008894124999642372
1758804827927235600,15.322235595703125,-0.2956954538822174,-0.11631675064563751,0.008690194226801395
1758804827937191700,15.332191650390625,-0.3265817165374756,-0.10629940778017044,0.005389977712184191
1758804827947147500,15.3421474609375,-0.3565486669540405,-0.10658702999353409,0.011441212147474289
1758804827957103600,15.352103515625,-0.37241828441619873,-0.0770326480269432,0.0035582652781158686
1758804827967059700,15.362059814453126,-0.3608308732509613,-0.017388489097356796,-0.007713564205914736
1758804827977015800,15.372015869140625,-0.3290357291698456,0.03529119864106178,-0.007862693630158901
1758804827986971600,15.3819716796875,-0.2593280076980591,0.04257414489984512,0.003077305853366852
1758804827996927700,15.391927734375,-0.1932823359966278,0.031117234379053116,0.024339448660612106
1758804828006883600,15.401883544921875,-0.1630285531282425,0.08575039356946945,0.027702756226062775
1758804828016839700,15.411839599609374,-0.16215962171554565,0.1661546379327774,0.02859998121857643
1758804828026795500,15.42179541015625,-0.17851302027702332,0.2357984334230423,0.04373738914728165
1758804828036752000,15.431751953125,-0.2130797952413559,0.3393482565879822,0.0657966211438179
1758804828046707700,15.441707763671875,-0.22910216450691223,0.5082086324691772,0.07067260146141052
1758804828056663800,15.451663818359375,-0.19576291739940643,0.6784530878067017,0.0565011240541935
1758804828066619600,15.46161962890625,-0.13391287624835968,0.7605692744255066,0.06234809383749962
1758804828076575700,15.47157568359375,-0.06507882475852966,0.8108417987823486,0.08667100220918655
1758804828086531600,15.481531494140626,-0.003488699672743678,0.8592061400413513,0.09496541321277618
1758804828096488700,15.49148876953125,0.08288118243217468,0.7551469206809998,0.11998078227043152
1758804828106444800,15.50144482421875,0.11640745401382446,0.4147651493549347,0.13024142384529114
1758804828116400600,15.511400634765625,0.09519047290086746,0.17799849808216095,0.07454484701156616
1758804828126356500,15.5213564453125,0.06516439467668533,0.13144192099571228,-0.013923503458499908
1758804828136312800,15.531312744140624,0.031569987535476685,0.14303122460842133,-0.0635022446513176
1758804828146268700,15.5412685546875,0.013634396716952324,0.09800862520933151,-0.0572800375521183
1758804828156224800,15.551224853515626,0.009652435779571533,0.058649707585573196,-0.03782909736037254
1758804828166180600,15.5611806640625,-0.009697825647890568,0.09077542275190353,-0.03656942397356033
1758804828176136700,15.57113671875,-0.03516069054603577,0.1854148507118225,-0.05498358607292175
1758804828186092500,15.581092529296875,-0.033823251724243164,0.22648346424102783,-0.06940034031867981
1758804828196048600,15.591048583984374,-0.022183256223797798,0.15981940925121307,-0.06629161536693573
1758804828206004700,15.601004638671874,-0.005533972289413214,0.020351260900497437,-0.05991654098033905
1758804828215960800,15.6109609375,-0.010506551712751389,-0.09124311059713364,-0.07529737800359726
1758804828225916700,15.620916748046875,-0.025220783427357674,-0.12664078176021576,-0.10919995605945587
1758804828235872800,15.630872802734375,-0.03733302652835846,-0.15321658551692963,-0.128980815410614
1758804828245828600,15.64082861328125,-0.05417219549417496,-0.21698464453220367,-0.14783093333244324
1758804828255784700,15.65078466796875,-0.06924040615558624,-0.26384228467941284,-0.1617444008588791
1758804828265740500,15.660740478515624,-0.06696313619613647,-0.26500287652015686,-0.1610538363456726
1758804828275696600,15.670696533203126,-0.03910243511199951,-0.2895793616771698,-0.13917168974876404
1758804828285652700,15.68065283203125,0.003487370442599058,-0.3636775612831116,-0.12191548198461533
1758804828295608800,15.69060888671875,0.04950021579861641,-0.41934093832969666,-0.12326594442129135
1758804828305564700,15.700564697265625,0.07566310465335846,-0.4024120271205902,-0.1443967968225479
1758804828315520800,15.710520751953124,0.07189102470874786,-0.35657617449760437,-0.15739963948726654
1758804828325476600,15.7204765625,0.05898560956120491,-0.2809551954269409,-0.1430116444826126
1758804828335432700,15.7304326171875,0.044238682836294174,-0.19623912870883942,-0.08222050219774246
1758804828345388500,15.740388427734375,0.0149748045951128,-0.1189078539609909,-0.02000214159488678
1758804828355345000,15.750344970703125,0.0069167884066700935,-0.14136670529842377,0.01608213782310486
1758804828365300700,15.76030078125,0.043060146272182465,-0.24766598641872406,-0.012553502805531025
1758804828375257900,15.7702578125,0.07398952543735504,-0.25571537017822266,-0.06089147925376892
1758804828385213700,15.780213623046874,0.062087055295705795,-0.1897328794002533,-0.09487714618444443
1758804828395169800,15.790169677734376,0.03195101022720337,-0.17271701991558075,-0.09785033762454987
1758804828405125600,15.800125732421876,-0.013401292264461517,-0.16509504616260529,-0.08494172990322113
1758804828415081700,15.810081787109375,-0.0478534996509552,-0.09831123799085617,-0.05689224600791931
1758804828425037600,15.82003759765625,-0.06530759483575821,-0.0731707289814949,-0.02150842361152172
1758804828434993700,15.82999365234375,-0.06505504995584488,-0.08443962037563324,0.0008440186502411962
1758804828444949500,15.839949462890624,-0.04062347486615181,-0.08070454001426697,-0.007080483250319958
1758804828454905900,15.84990576171875,-0.02334427461028099,-0.05635664239525795,-0.002316607628017664
1758804828464861700,15.85986181640625,-0.004125039558857679,0.009406128898262978,-0.0034266130533069372
1758804828474817800,15.86981787109375,0.03139308840036392,0.04661150649189949,0.011403745040297508
1758804828484773600,15.879773681640625,0.04894997924566269,0.08311119675636292,0.04173927754163742
1758804828494729700,15.889729736328125,0.05315064266324043,0.1565919816493988,0.07104039937257767
1758804828504685600,15.899685546875,0.0458407998085022,0.221075639128685,0.08146534115076065
1758804828514641700,15.9096416015625,0.03269277885556221,0.2288287729024887,0.06588268280029297
1758804828524597800,15.91959765625,0.04988907650113106,0.14850357174873352,0.03140087053179741
1758804828543889000,15.938888916015625,0.10935426503419876,-0.06499719619750977,-0.0167072843760252
1758804828553844700,15.9488447265625,0.11366778612136841,-0.07416858524084091,-0.034851670265197754
1758804828563800800,15.95880078125,0.08811506628990173,-0.05287110432982445,-0.044423844665288925
1758804828573756700,15.968756591796875,0.057012543082237244,-0.013709851540625095,-0.039429355412721634
1758804828583712800,15.978712646484375,0.030352087691426277,0.0489269457757473,-0.031879302114248276
1758804828593668600,15.988668701171875,0.010944301262497902,0.12295030802488327,-0.025362815707921982
1758804828603624700,15.998624755859375,0.0009250794537365437,0.16877524554729462,-0.02025698311626911
1758804828613580800,16.008580810546874,-0.0019375525880604982,0.18301676213741302,-0.015938134863972664
1758804828623537000,16.018536865234374,-0.008685367181897163,0.18134838342666626,-0.0006833085208199918
1758804828633492700,16.02849267578125,-0.0162386242300272,0.21612980961799622,0.026960836723446846
1758804828643448800,16.03844873046875,-0.01800346188247204,0.25207260251045227,0.04758303239941597
1758804828653404700,16.04840478515625,-0.01464441604912281,0.25351575016975403,0.05762288346886635
1758804828663361800,16.05836181640625,-0.009165946394205093,0.244277223944664,0.061242129653692245
1758804828673317600,16.068317626953124,0.0035820736084133387,0.2306136190891266,0.06046794727444649
1758804828683273700,16.078273681640624,0.0035804244689643383,0.2109825313091278,0.05065423622727394
1758804828693229600,16.0882294921875,0.0011609424836933613,0.20829486846923828,0.04252973198890686
1758804828703186000,16.09818603515625,-0.005235849879682064,0.24313026666641235,0.04798037186264992
1758804828713141800,16.108141845703123,-0.010730217210948467,0.2957332730293274,0.054467298090457916
1758804828723097900,16.118097900390627,-0.007385314907878637,0.3285191059112549,0.056150171905756
1758804828733053700,16.1280537109375,-0.00035723275505006313,0.3167458176612854,0.060536131262779236
1758804828743009800,16.138009765625,0.0030045611783862114,0.2731015980243683,0.06498788297176361
1758804828752965600,16.147965576171874,0.0011446094140410423,0.21881332993507385,0.061892494559288025
1758804828762921700,16.157921630859374,-0.008727374486625195,0.1719541698694229,0.052962664514780045
1758804828772877600,16.167877685546873,-0.013086702674627304,0.15030907094478607,0.046651504933834076
1758804828782834200,16.177834228515625,-0.0026498802471905947,0.12093695253133774,0.036791637539863586
1758804828792790300,16.187790283203125,0.016378406435251236,0.06821461766958237,0.03191405534744263
1758804828802746000,16.19774609375,0.02363368682563305,0.04641275107860565,0.03174100071191788
1758804828812702200,16.2077021484375,0.027396466583013535,0.016630887985229492,0.02689458057284355
1758804828822658000,16.217657958984375,0.03639475628733635,-0.003225375432521105,0.02242819406092167
1758804828832614100,16.2276142578125,0.034138791263103485,-0.014727834612131119,0.027320154011249542
1758804828842570000,16.237570068359375,0.01572064682841301,-0.043225113302469254,0.036620933562517166
1758804828852526000,16.247526123046875,-0.00744805671274662,-0.06659702211618423,0.03325949236750603
1758804828862482200,16.257482177734374,-0.02760917693376541,-0.08041349053382874,0.03019898757338524
1758804828872438300,16.267438232421874,-0.044707201421260834,-0.08849272131919861,0.0333084911108017
1758804828882394000,16.27739404296875,-0.04780524969100952,-0.0737130343914032,0.03360864892601967
1758804828892350200,16.28735009765625,-0.041579313576221466,-0.03195280209183693,0.0322355218231678
1758804828902306000,16.29730615234375,-0.031182685866951942,0.018331512808799744,0.027477223426103592
1758804828912262100,16.30726220703125,-0.011145062744617462,0.03194931894540787,0.02247820422053337
1758804828922218000,16.317218017578124,0.009871053509414196,0.016683733090758324,0.022717110812664032
1758804828932174000,16.327174072265624,0.006917341612279415,0.010849013924598694,0.026780029758810997
1758804828942130200,16.337130126953124,-0.010845368728041649,0.025279594585299492,0.022448137402534485
1758804828952086300,16.347086181640623,-0.02191799134016037,0.01810530573129654,0.016729000955820084
1758804828962042000,16.3570419921875,-0.02933451347053051,0.014454894699156284,0.021317897364497185
1758804828971998000,16.366998046875,-0.03655647486448288,0.01355447992682457,0.02886982262134552
1758804828981954000,16.3769541015625,-0.03951061889529228,0.028055278584361076,0.02450299635529518
1758804828991910000,16.386909912109374,-0.03890208899974823,0.07219051569700241,0.021705344319343567
1758804829001866000,16.396865966796874,-0.03557191789150238,0.12390699237585068,0.020952997729182243
1758804829011823000,16.406822998046874,-0.017484795302152634,0.13824331760406494,0.025961872190237045
1758804829021779000,16.416779052734373,-0.005424503702670336,0.12969307601451874,0.02807486429810524
1758804829031735300,16.4267353515625,-0.0012997998856008053,0.11415407061576843,0.026948880404233932
1758804829041691100,16.436691162109376,-0.017356006428599358,0.09560494124889374,0.027458326891064644
1758804829051647200,16.446647216796876,-0.03471049293875694,0.07924008369445801,0.029703639447689056
1758804829061603000,16.45660302734375,-0.060012318193912506,0.0769069567322731,0.03124106489121914
1758804829071559200,16.46655908203125,-0.0728016197681427,0.07774638384580612,0.03551197797060013
1758804829081515000,16.476514892578123,-0.06207513064146042,0.04335092753171921,0.036888014525175095
1758804829091471000,16.48647119140625,-0.05075988918542862,-0.014568297192454338,0.03330472856760025
1758804829101427200,16.49642724609375,-0.04036640003323555,-0.04497189447283745,0.01956605352461338
1758804829111383300,16.50638330078125,-0.03875678405165672,-0.049162376672029495,0.006994070019572973
1758804829121339100,16.516339111328126,-0.03384413197636604,-0.029463544487953186,0.004233380313962698
1758804829131295200,16.526295166015625,-0.014124489389359951,0.006291788537055254,0.0123549560084939
1758804829141251000,16.5362509765625,0.0017468438018113375,0.01879730634391308,0.02077670767903328
1758804829151207200,16.546207275390625,0.00849476084113121,0.013475777581334114,0.022127196192741394
1758804829161163000,16.5561630859375,0.0061612240970134735,0.019487589597702026,0.02284172549843788
1758804829171118800,16.566118896484376,-0.0036858143284916878,0.034704092890024185,0.03130578249692917
1758804829181075200,16.5760751953125,-0.011629302985966206,0.022140948101878166,0.023131463676691055
1758804829191031000,16.586031005859375,-0.01560273952782154,0.02198036015033722,0.031068483367562294
1758804829200987100,16.595987060546875,-0.013658631592988968,0.012269673869013786,0.037812672555446625
1758804829210943000,16.60594287109375,-0.021032126620411873,0.004061278887093067,0.039077676832675934
1758804829220899000,16.615899169921875,-0.030416077002882957,0.0005967395845800638,0.027730219066143036
1758804829230855000,16.62585498046875,-0.02748766541481018,-0.05752462148666382,0.009382104501128197
1758804829240811000,16.63581103515625,-0.03494805842638016,-0.09435528516769409,0.0023404275998473167
1758804829250767000,16.64576708984375,-0.03447454422712326,-0.052319422364234924,-0.017717435956001282
1758804829260723200,16.65572314453125,-0.03423885256052017,-0.011711866594851017,-0.014410573989152908
1758804829270679000,16.665678955078125,-0.020100131630897522,0.028832096606492996,-0.014833750203251839
1758804829280635100,16.67563525390625,-0.01931139826774597,0.08197946846485138,-0.004739098250865936
1758804829290591000,16.685591064453124,-0.014788818545639515,0.11574301868677139,0.0035878075286746025
1758804829300547000,16.695547119140624,-0.003862381912767887,0.11765117198228836,0.009268391877412796
1758804829310504200,16.705504150390624,0.01697791926562786,0.10202374309301376,0.006970083806663752
1758804829320460000,16.7154599609375,0.03306390717625618,0.07477229088544846,0.003290625289082527
1758804829330416000,16.725416015625,0.043814290314912796,0.04948984459042549,-0.00701287854462862
1758804829340372000,16.7353720703125,0.052158135920763016,0.02578778937458992,-0.01701066829264164
1758804829350328300,16.745328369140626,0.06534530967473984,0.016506139189004898,-0.011937879025936127
1758804829360284200,16.7552841796875,0.07363895326852798,-0.03354699909687042,-0.025364186614751816
1758804829370240300,16.765240234375,0.06999281793832779,-0.08380457758903503,-0.023570815101265907
1758804829380196000,16.775196044921874,0.05180380865931511,-0.08076438307762146,-0.034633833914995193
1758804829390152000,16.78515185546875,0.03717239946126938,-0.036943934857845306,-0.03823336213827133
1758804829400108000,16.79510791015625,0.030982179567217827,0.033913977444171906,-0.03162718191742897
1758804829410064000,16.80506396484375,0.04269156605005264,0.015436165034770966,-0.04490436986088753
1758804829420020200,16.815020263671876,0.04963706061244011,-0.022671256214380264,-0.014361584559082985
1758804829429976000,16.82497607421875,0.05624569579958916,-0.030186964198946953,-0.01861678436398506
1758804829439932200,16.83493212890625,0.03746834024786949,-0.03177904710173607,-0.026295524090528488
1758804829449888000,16.844887939453123,0.02175888419151306,-0.021210292354226112,-0.02406992018222809
1758804829459844000,16.854843994140627,0.012560497038066387,-0.010290401056408882,-0.02713119611144066
1758804829469800000,16.864800048828126,0.0064629241824150085,0.01418351661413908,-0.036127086728811264
1758804829479756000,16.874756103515626,0.0024646432138979435,0.05626517906785011,-0.04681488499045372
1758804829489711900,16.8847119140625,0.007445287425071001,0.08646143227815628,-0.048832762986421585
1758804829499668200,16.894668212890625,0.006411275826394558,0.06901173293590546,-0.042945340275764465
1758804829509624000,16.9046240234375,-0.002375025302171707,0.03450676053762436,-0.03616493195295334
1758804829519580200,16.914580078125,-0.015545438975095749,0.04314139857888222,-0.04959096387028694
1758804829529536000,16.924535888671876,-0.0341004803776741,0.0893552303314209,-0.07202490419149399
1758804829539492000,16.9344921875,-0.020476996898651123,0.1523292064666748,-0.08119764178991318
1758804829549448000,16.944447998046876,0.016643473878502846,0.13974550366401672,-0.07334078848361969
1758804829559405000,16.954405029296876,0.03650170937180519,0.068085677921772,-0.07370669394731522
1758804829569361200,16.964361083984375,0.022529704496264458,0.08761090785264969,-0.11097311228513718
1758804829579317000,16.97431689453125,-0.016508296132087708,0.12967726588249207,-0.13223394751548767
1758804829589273000,16.984273193359375,-0.04522676020860672,0.19553324580192566,-0.14376996457576752
1758804829599229200,16.994229248046874,-0.07953794300556183,0.2433665245771408,-0.11638094484806061
1758804829609185000,17.00418505859375,-0.10112418979406357,0.2741795778274536,-0.05822443589568138
1758804829619141000,17.01414111328125,-0.09584338963031769,0.3018859326839447,-0.02669418603181839
1758804829629097000,17.024096923828125,-0.0797208845615387,0.30347344279289246,-0.03054138831794262
1758804829639053000,17.034052978515625,-0.07312590628862381,0.2848823368549347,-0.047853562980890274
1758804829649009000,17.0440087890625,-0.07514271885156631,0.28856387734413147,-0.056948523968458176
1758804829658965000,17.053965087890624,-0.07596684247255325,0.3026505708694458,-0.03599501773715019
1758804829668921000,17.063921142578124,-0.07542542368173599,0.3158300220966339,-0.008996956050395966
1758804829678877200,17.073877197265624,-0.08555754274129868,0.3179115056991577,0.008017988875508308
1758804829688833000,17.0838330078125,-0.06736628711223602,0.2382049560546875,0.012797830626368523
1758804829698789000,17.0937890625,-0.0553283616900444,0.09585285931825638,-0.003793442388996482
1758804829708745000,17.103744873046875,-0.05381675064563751,-0.03139724209904671,-0.029222635552287102
1758804829718701000,17.113701171875,-0.07580213993787766,-0.12690182030200958,-0.058119237422943115
1758804829728657000,17.123656982421874,-0.10314375162124634,-0.1802808940410614,-0.08636339008808136
1758804829738613200,17.13361328125,-0.1437961608171463,-0.2491310089826584,-0.08941271901130676
1758804829748569000,17.143569091796873,-0.20415671169757843,-0.3786482512950897,-0.08025757223367691
1758804829758525200,17.153525146484377,-0.28951865434646606,-0.43258559703826904,-0.12033519893884659
1758804829768481000,17.16348095703125,-0.3780730068683624,-0.3927393853664398,-0.1726684421300888
1758804829778436900,17.173436767578124,-0.3953995406627655,-0.49732083082199097,-0.2061859369277954
1758804829788394000,17.18339404296875,-0.39042526483535767,-0.6896079778671265,-0.21630728244781494
1758804829798349800,17.193349853515624,-0.3865281641483307,-0.8588520884513855,-0.22236013412475586
1758804829808306000,17.203305908203124,-0.3798292279243469,-1.003021478652954,-0.24497996270656586
1758804829818261800,17.21326171875,-0.36413323879241943,-1.1840835809707642,-0.27887824177742004
1758804829828217900,17.2232177734375,-0.3502773344516754,-1.3371047973632812,-0.3023713231086731
1758804829838174000,17.233174072265626,-0.3450566232204437,-1.3821007013320923,-0.3167145848274231
1758804829848130000,17.243130126953126,-0.2833351790904999,-1.3710535764694214,-0.30853548645973206
1758804829858086000,17.2530859375,-0.1942729353904724,-1.3404220342636108,-0.2896592617034912
1758804829868042000,17.2630419921875,-0.11592273414134979,-1.3604825735092163,-0.28358936309814453
1758804829877997800,17.272997802734373,-0.08582264930009842,-1.4433029890060425,-0.29003313183784485
1758804829887954000,17.282953857421877,-0.11764795333147049,-1.3899550437927246,-0.30336037278175354
1758804829897909800,17.29290966796875,-0.16513951122760773,-1.2299318313598633,-0.2908041775226593
1758804829907866000,17.3028662109375,-0.19880187511444092,-1.203631043434143,-0.2429564893245697
1758804829917822000,17.312822021484376,-0.22116126120090485,-1.269602656364441,-0.18648254871368408
1758804829927778000,17.322778076171875,-0.2538827359676361,-1.2690191268920898,-0.15359702706336975
1758804829937734000,17.33273388671875,-0.2924220561981201,-1.1943836212158203,-0.13084781169891357
1758804829947690000,17.34268994140625,-0.34886378049850464,-1.1388671398162842,-0.0774863213300705
1758804829957645800,17.352645751953126,-0.40477100014686584,-1.1204030513763428,-0.006424932740628719
1758804829967602000,17.362601806640626,-0.4442177414894104,-1.0421079397201538,0.03959369286894798
1758804829977558800,17.372558837890626,-0.4713521897792816,-0.8734513521194458,0.06733375042676926
1758804829987515000,17.382514892578126,-0.4879266619682312,-0.6919150948524475,0.07564813643693924
1758804829997471000,17.392470947265625,-0.4956417381763458,-0.5893527269363403,0.0676458552479744
1758804830007427000,17.402427001953125,-0.4852527379989624,-0.4952552020549774,0.061454541981220245
1758804830017383000,17.4123828125,-0.44702044129371643,-0.34925588965415955,0.060775429010391235
1758804830027339000,17.422339111328125,-0.3731533885002136,-0.16856521368026733,0.037963856011629105
1758804830037294800,17.432294921875,-0.2947714924812317,0.08016374707221985,-0.010835124179720879
1758804830047251000,17.4422509765625,-0.2024458348751068,0.3823760747909546,-0.011942465789616108
1758804830057206800,17.452206787109375,-0.10620531439781189,0.5682844519615173,0.029762104153633118
1758804830067163000,17.462162841796875,-0.010839645750820637,0.6579506993293762,0.05069534853100777
1758804830077119000,17.472118896484375,-0.014187665656208992,0.885870099067688,0.08713964372873306
1758804830087075000,17.482074951171874,0.06109989434480667,0.8742679953575134,0.06115198880434036
1758804830097031000,17.492031005859374,0.20127655565738678,0.6677137613296509,0.03050832636654377
1758804830106987000,17.501987060546874,0.31065550446510315,0.6123330593109131,0.08364851027727127
1758804830116942800,17.51194287109375,0.2805441617965698,0.6546393632888794,0.09851345419883728
1758804830126899000,17.52189892578125,0.1591746211051941,0.8697503209114075,0.10942602157592773
1758804830136854800,17.531854736328125,-0.013796686194837093,0.8437197208404541,0.0376109778881073
1758804830146811100,17.54181103515625,-0.08238427340984344,0.7204209566116333,-0.003398238681256771
1758804830156767000,17.55176708984375,-0.10577651858329773,0.6395226120948792,-0.009618054144084454
1758804830166723800,17.561723876953124,-0.10962238907814026,0.5796118974685669,0.0027011961210519075
1758804830176680000,17.571679931640624,-0.0996209904551506,0.383506715297699,0.000018872844520956278
1758804830186636000,17.581635986328124,-0.07230255007743835,0.11590512841939926,-0.013501728884875774
1758804830196591900,17.591591796875,-0.09524837881326675,0.03990103304386139,-0.0344373919069767
1758804830206548000,17.6015478515625,-0.1391335427761078,0.03150515258312225,-0.03581371530890465
1758804830216503800,17.61150390625,-0.21316054463386536,0.11577670276165009,-0.04562556743621826
1758804830226460000,17.6214599609375,-0.30457940697669983,0.20093686878681183,-0.06590873003005981
1758804830236415700,17.631415771484374,-0.4249281883239746,0.184749573469162,-0.07462423294782639
1758804830246372000,17.6413720703125,-0.529206395149231,-0.0340283066034317,-0.05903381481766701
1758804830256328000,17.651327880859377,-0.6169577836990356,-0.20060288906097412,-0.04063563421368599
1758804830266284000,17.661283935546876,-0.7433196902275085,-0.02405742183327675,-0.021048884838819504
1758804830276240000,17.671239990234376,-0.8476293683052063,0.4507273733615875,-0.02393253892660141
1758804830286196000,17.681196044921876,-0.7633070349693298,0.6493917107582092,-0.05144805088639259
1758804830296151800,17.69115185546875,-0.6341183185577393,0.8331244587898254,-0.030968062579631805
1758804830306108000,17.70110791015625,-0.46662306785583496,0.7031672596931458,0.0034239988308399916
1758804830316064000,17.71106396484375,-0.2465599626302719,0.5213404893875122,0.010510625317692757
1758804830326020000,17.72102001953125,-0.09203643351793289,0.32173365354537964,0.018438590690493584
1758804830335977000,17.73097705078125,0.0038428138941526413,0.21255426108837128,-0.0020959589164704084
1758804830345933000,17.74093310546875,0.08294109255075455,0.14357732236385345,-0.015685537829995155
1758804830355889200,17.75088916015625,0.12849950790405273,-0.05188145115971565,0.0015358047094196081
1758804830365845000,17.760844970703126,0.16619496047496796,-0.23520253598690033,0.014486224390566349
1758804830375801000,17.770801025390625,0.14919732511043549,-0.28535640239715576,0.018015963956713676
1758804830385757000,17.7807568359375,0.11386595666408539,-0.23152726888656616,0.02423417754471302
1758804830395712800,17.790712646484376,0.1097743958234787,-0.2620379626750946,0.03760962560772896
1758804830405668900,17.8006689453125,0.17042095959186554,-0.44750553369522095,0.06704314798116684
1758804830415625000,17.810625,0.3411118984222412,-0.5436756610870361,0.08833193778991699
1758804830425581000,17.8205810546875,0.6310745477676392,-0.3222779631614685,0.011168180964887142
1758804830435537000,17.830536865234375,0.7865613698959351,-0.08470889180898666,-0.057660408318042755
1758804830445493000,17.840492919921875,0.7774152755737305,0.07573430985212326,-0.061633579432964325
1758804830455448800,17.85044873046875,0.4974029064178467,0.04305481165647507,0.019057782366871834
1758804830465405000,17.860405029296874,0.199797585606575,0.06925152242183685,0.09153278917074203
1758804830475360800,17.87036083984375,0.1025952622294426,0.08647427707910538,0.09644150733947754
1758804830485316900,17.88031689453125,0.18611599504947662,0.12836019694805145,0.05793379619717598
1758804830495273000,17.89027294921875,0.3283792734146118,0.13138920068740845,0.030857717618346214
1758804830505229800,17.900229736328125,0.46159565448760986,0.05795972794294357,0.041627541184425354
1758804830515186200,17.910186279296877,0.5324834585189819,0.01295686699450016,0.08958817273378372
1758804830525142000,17.92014208984375,0.5155049562454224,0.07110512256622314,0.11258270591497421
1758804830535098000,17.93009814453125,0.48780620098114014,0.13818484544754028,0.09851083159446716
1758804830545054000,17.940053955078124,0.48252248764038086,0.1872863471508026,0.07120863348245621
1758804830555010000,17.950010009765624,0.4809035062789917,0.09986676275730133,0.059719983488321304
1758804830564966000,17.9599658203125,0.47514471411705017,-0.05630872771143913,0.0411396399140358
1758804830574922000,17.969921875,0.4237453043460846,-0.20620830357074738,0.02879403717815876
1758804830584878000,17.979878173828126,0.2867264747619629,-0.232668936252594,0.01897442899644375
1758804830594834000,17.989833984375,0.16281484067440033,-0.13603416085243225,0.0021221996285021305
1758804830604790000,17.9997900390625,0.08797416090965271,-0.08458562940359116,-0.01938655413687229
1758804830614745900,18.009745849609374,0.04888443276286125,-0.13859888911247253,-0.0357854925096035
1758804830624702000,18.019701904296873,-0.01658938080072403,-0.19318756461143494,-0.02650783583521843
1758804830634657800,18.02965771484375,-0.060347624123096466,-0.18936175107955933,-0.006178318522870541
1758804830644614000,18.03961376953125,-0.06723029911518097,-0.1424024999141693,0.008551092818379402
1758804830654570000,18.049570068359376,-0.039208006113767624,-0.10632717609405518,0.018751513212919235
1758804830664526800,18.05952685546875,0.001551143592223525,-0.08518753945827484,0.0009663916425779462
1758804830674483000,18.06948291015625,0.018231749534606934,-0.08906587213277817,-0.012445024214684963
1758804830684439000,18.07943896484375,0.04932921379804611,-0.1055966466665268,-0.019928505644202232
1758804830694395100,18.08939501953125,0.0635678768157959,-0.12563729286193848,-0.021171923726797104
1758804830704351000,18.09935107421875,0.0509926974773407,-0.06605412811040878,-0.019299989566206932
1758804830714307000,18.10930712890625,0.029239334166049957,0.02591579407453537,-0.021662484854459763
1758804830724263000,18.119262939453126,-0.01127027440816164,0.09992930293083191,-0.0027591015677899122
1758804830734219000,18.129218994140626,-0.005503465421497822,0.1800379902124405,0.001980792498216033
1758804830744174800,18.1391748046875,0.01234983280301094,0.21516640484333038,0.001284375786781311
1758804830754131200,18.149131103515625,0.019109468907117844,0.24511711299419403,0.0057030925527215
1758804830764087000,18.159087158203125,0.03196534514427185,0.30954140424728394,0.0021368535235524178
1758804830774043100,18.169043212890625,0.048473749309778214,0.3642866611480713,-0.01033073477447033
1758804830783998000,18.178998046875,0.07195058465003967,0.3713879883289337,-0.021184712648391724
1758804830793954000,18.1889541015625,0.09234318137168884,0.3752938210964203,-0.021632928401231766
1758804830803910100,18.19891015625,0.1268841177225113,0.3666190803050995,-0.021226264536380768
1758804830813867000,18.208866943359375,0.14292636513710022,0.28379330039024353,-0.02548414096236229
1758804830823822800,18.21882275390625,0.14290159940719604,0.19657477736473083,-0.025170154869556427
1758804830833779200,18.228779296875,0.11927389353513718,0.1910964995622635,-0.030050909146666527
1758804830843735000,18.238735107421874,0.09816034883260727,0.19695092737674713,-0.043096140027046204
1758804830853691100,18.248691162109374,0.06883063167333603,0.21332132816314697,-0.04661842808127403
1758804830863647000,18.25864697265625,0.022965403273701668,0.23471875488758087,-0.028510265052318573
1758804830873603000,18.26860302734375,-0.013475128449499607,0.23901425302028656,-0.001488245208747685
1758804830883559000,18.278558837890625,-0.003365503391250968,0.198037251830101,0.01902421936392784
1758804830893515000,18.288514892578124,0.02962946519255638,0.09934210032224655,0.036372847855091095
1758804830903471000,18.29847119140625,0.06133093684911728,0.02052345685660839,0.041903700679540634
1758804830913427200,18.30842724609375,0.0891563892364502,0.03620128333568573,0.0322265662252903
1758804830923383000,18.318383056640624,0.10096590965986252,0.06945830583572388,0.024201929569244385
1758804830933339100,18.328339111328123,0.09397561103105545,0.1299113631248474,0.02164372056722641
1758804830943295000,18.338294921875,0.0746687576174736,0.15958669781684875,0.026010239496827126
1758804830953251000,18.3482509765625,0.053575728088617325,0.1599351465702057,0.030594857409596443
1758804830963208200,18.358208251953126,0.05072294920682907,0.11655117571353912,0.026138324290513992
1758804830973164000,18.3681640625,0.06396767497062683,0.05830621346831322,0.010184927843511105
1758804830983120100,18.3781201171875,0.06764869391918182,0.0173350777477026,-0.011878562159836292
1758804830993076000,18.388075927734373,0.05285906419157982,0.044821757823228836,-0.03643183410167694
1758804831003032300,18.3980322265625,0.026551829650998116,0.08187565207481384,-0.04309346526861191
1758804831012988200,18.40798828125,-0.011322899721562862,0.13540925085544586,-0.050502121448516846
1758804831022944300,18.4179443359375,-0.030252117663621902,0.185550719499588,-0.0422375313937664
1758804831032900000,18.427900146484376,-0.029850708320736885,0.20787960290908813,-0.019483502954244614
1758804831042856000,18.43785595703125,-0.005362409166991711,0.23686039447784424,-0.013749184086918831
1758804831052812000,18.44781201171875,0.02440841868519783,0.249271422624588,-0.004896560218185186
1758804831062767900,18.457767822265627,0.04887780919671059,0.25923803448677063,-0.003951936960220337
1758804831072724200,18.46772412109375,0.059287235140800476,0.28368914127349854,-0.012330519035458565
1758804831082680000,18.47768017578125,0.03903709352016449,0.2850542962551117,-0.022387413308024406
1758804831092636200,18.48763623046875,-0.02330419421195984,0.3152109682559967,-0.029596839100122452
1758804831102592000,18.497592041015626,-0.05663099139928818,0.35735177993774414,-0.024799685925245285
1758804831112549000,18.507549072265626,-0.06588722765445709,0.2843407690525055,-0.02840188890695572
1758804831122505200,18.517505126953125,-0.08782847970724106,0.21616116166114807,-0.024160007014870644
1758804831132461000,18.5274609375,-0.1150209903717041,0.12827226519584656,-0.004064081236720085
1758804831142417200,18.537417236328125,-0.12120166420936584,0.01840115897357464,0.010737234726548195
1758804831152373000,18.547373046875,-0.11406438797712326,-0.03719859570264816,-0.002723963465541601
1758804831162329000,18.5573291015625,-0.09412316977977753,-0.01308953296393156,-0.040250834077596664
1758804831172285200,18.56728515625,-0.08444344997406006,0.0537966750562191,-0.06289993226528168
1758804831182241300,18.5772412109375,-0.0755239874124527,0.13181158900260925,-0.0739043802022934
1758804831192197000,18.587197021484375,-0.08056020736694336,0.14989323914051056,-0.07949143648147583
1758804831202153200,18.5971533203125,-0.08582687377929688,0.1769232600927353,-0.0779649168252945
1758804831212109000,18.607109130859374,-0.08001695573329926,0.16057297587394714,-0.07975295186042786
1758804831222065200,18.617065185546874,-0.05577553063631058,0.12045590579509735,-0.07293020188808441
1758804831232021000,18.62702099609375,-0.04019925370812416,0.14992327988147736,-0.06677990406751633
1758804831241977000,18.63697705078125,-0.02045937441289425,0.159006267786026,-0.06837940216064453
1758804831251934000,18.646933837890625,0.006308628246188164,0.08319598436355591,-0.05569157376885414
1758804831261890000,18.65689013671875,0.01808219589293003,0.04280649125576019,-0.040799178183078766
1758804831271846100,18.66684619140625,0.013973144814372063,0.04808337613940239,-0.03192633390426636
1758804831281802200,18.67680224609375,0.0024648262187838554,0.12451662868261337,-0.0366465225815773
1758804831291758000,18.686758056640624,-0.0029497481882572174,0.15148793160915375,-0.036269668489694595
1758804831301714200,18.696714111328124,0.0013469960540533066,0.14985541999340057,-0.031092751771211624
1758804831311670000,18.706669921875,0.0026271187234669924,0.16356559097766876,-0.029829876497387886
1758804831321626000,18.716626220703127,-0.011664735153317451,0.1573369950056076,-0.036198027431964874
1758804831331582000,18.72658203125,-0.037753719836473465,0.15120431780815125,-0.035741835832595825
1758804831341538300,18.736538330078126,-0.06636858731508255,0.14968925714492798,-0.03029353730380535
1758804831351494100,18.746494140625,-0.0895305946469307,0.12807564437389374,-0.03420599550008774
1758804831361450200,18.7564501953125,-0.11648018658161163,0.06928503513336182,-0.02542795240879059
1758804831371406000,18.766406005859373,-0.12703216075897217,0.08254064619541168,-0.019192427396774292
1758804831381362200,18.776362060546877,-0.12800154089927673,0.11430589109659195,-0.03964708745479584
1758804831391319000,18.786319091796877,-0.11470622569322586,0.08920717239379883,-0.04622002691030502
1758804831401896000,18.79689599609375,-0.10660861432552338,0.08125869929790497,-0.022725090384483337
1758804831411852000,18.80685205078125,-0.08243177086114883,0.13341450691223145,-0.0053668939508497715
1758804831421808000,18.81680810546875,-0.052952177822589874,0.2028292715549469,0.0009722283575683832
1758804831431764200,18.82676416015625,-0.03578910604119301,0.23941195011138916,0.006072192452847958
1758804831441720000,18.836719970703125,-0.01924661360681057,0.2504936456680298,0.01283049676567316
1758804831451676200,18.84667626953125,-0.012667356058955193,0.2544693350791931,0.020594662055373192
1758804831461632000,18.856632080078125,-0.015227719210088253,0.2543862462043762,0.02419525571167469
1758804831471588000,18.866588134765625,-0.020695818588137627,0.22311103343963623,0.023432835936546326
1758804831481544000,18.8765439453125,-0.02852737531065941,0.1849018633365631,0.03268572688102722
1758804831491500000,18.8865,-0.05020065978169441,0.16414523124694824,0.022919906303286552
1758804831501456100,18.8964560546875,-0.0776064544916153,0.1865280270576477,0.0045736562460660934
1758804831511412200,18.906412109375,-0.09891503304243088,0.24252566695213318,-0.0057655805721879005
1758804831521369000,18.916369140625,-0.09275327622890472,0.21578779816627502,0.0010079029016196728
1758804831531325200,18.9263251953125,-0.07471027970314026,0.14079876244068146,0.0015144649660214782
1758804831541281000,18.936281005859374,-0.053212445229291916,0.10662082582712173,-0.00990197341889143
1758804831551237000,18.946237060546874,-0.05089307576417923,0.08413571864366531,-0.015545741654932499
1758804831561193000,18.95619287109375,-0.04954977706074715,0.037815362215042114,-0.01666560024023056
1758804831571149000,18.966149169921874,-0.042263906449079514,0.006240553688257933,-0.010554163716733456
1758804831581105000,18.97610498046875,-0.026144061237573624,0.007848038338124752,0.008469861000776291
1758804831591061000,18.98606103515625,-0.01810673624277115,0.011328915134072304,0.01305767148733139
1758804831601017000,18.99601708984375,-0.020326215773820877,0.006428165826946497,-0.004567394964396954
1758804831610973200,19.00597314453125,-0.018434328958392143,-0.001350895268842578,-0.01493881270289421
1758804831620929000,19.015928955078124,-0.002402631565928459,0.01532928179949522,-0.00987880676984787
1758804831630885000,19.025885009765624,0.016049901023507118,0.035466477274894714,-0.0012336496729403734
1758804831640841000,19.035841064453123,0.029614178463816643,0.0300298985093832,-0.0018224746454507113
1758804831650797000,19.045797119140627,0.03302740305662155,-0.03648485988378525,-0.002654722426086664
1758804831660754200,19.055754150390626,0.04252290353178978,-0.12036058306694031,-0.01633617840707302
1758804831670710000,19.0657099609375,0.06379824876785278,-0.275922030210495,-0.044439442455768585
1758804831680666000,19.075666015625,0.07168813049793243,-0.44953110814094543,-0.0526566281914711
1758804831690622200,19.085622314453126,0.049705639481544495,-0.5816126465797424,-0.006466237362474203
1758804831700578300,19.095578369140625,0.04292868822813034,-0.5927931666374207,0.03548760339617729
1758804831710534100,19.1055341796875,0.04340260848402977,-0.4607127904891968,0.0088698361068964
1758804831720490000,19.115489990234376,0.030153648927807808,-0.24769000709056854,-0.020588720217347145
