time,seconds_elapsed,z,y,x
1758804812659801900,0.0548017578125,0.00866006687283516,0.022760706022381783,0.009179383516311646
1758804812669758200,0.06475830078125,0.012776249088346958,0.023578563705086708,0.013171995058655739
1758804812679714000,0.074714111328125,0.01299542747437954,0.02786571905016899,0.011325092054903507
1758804812689670100,0.084670166015625,0.006913566030561924,0.028737638145685196,0.007056844420731068
1758804812699625000,0.094625,0.003954527899622917,0.01818219944834709,-0.0014618091518059373
1758804812709580800,0.104580810546875,0.0011579424608498812,-0.0018748653819784522,-0.006445382256060839
1758804812719537000,0.114536865234375,-0.0023467775899916887,-0.02178439125418663,-0.01076769270002842
1758804812729493000,0.124492919921875,-0.0024383901618421078,-0.037632863968610764,-0.01341940276324749
1758804812739449000,0.134448974609375,-0.0012743226252496243,-0.04935077205300331,-0.012973855249583721
1758804812749405000,0.144405029296875,-0.0005627259379252791,-0.05554475262761116,-0.009661415591835976
1758804812759360500,0.154360595703125,0.0035414716694504023,-0.04851480573415756,-0.005285309627652168
1758804812769316400,0.16431640625,0.00410552928224206,-0.030014358460903168,-0.002843989757820964
1758804812779271400,0.174271484375,0.003029079409316182,-0.013825268484652042,0.002457298804074526
1758804812789227500,0.1842275390625,0.0009121326729655266,-0.0019385149935260415,0.005064799915999174
1758804812799183400,0.194183349609375,-0.003050118451938033,0.0007182545377872884,0.00549330236390233
1758804812809139500,0.204139404296875,0.0025624935515224934,0.0009973538108170033,0.0015853798249736428
1758804812819095300,0.21409521484375,0.003469299990683794,-0.003572896821424365,0.000642620783764869
1758804812829051400,0.224051513671875,0.005146292503923178,-0.011984757147729397,-0.0038093857001513243
1758804812839007500,0.234007568359375,0.008244614116847515,-0.019533753395080566,-0.005795038305222988
1758804812848963600,0.243963623046875,0.008590558543801308,-0.029878802597522736,-0.009250489994883537
1758804812858918400,0.25391845703125,0.008387626148760319,-0.032158467918634415,-0.00526720006018877
1758804812868874500,0.26387451171875,0.0054458980448544025,-0.020018182694911957,0.0026879284996539354
1758804812878830300,0.273830322265625,0.007591607049107552,0.007907457649707794,0.007488809060305357
1758804812888786400,0.283786376953125,0.009241967462003231,0.042933616787195206,0.007268299348652363
1758804812898742500,0.293742431640625,0.004914863966405392,0.0800761952996254,0.010613761842250824
1758804812908698600,0.30369873046875,0.00926114246249199,0.10767586529254913,0.010941597633063793
1758804812918654500,0.313654541015625,0.015137939713895321,0.11438995599746704,0.005545500200241804
1758804812928609300,0.323609375,0.019828565418720245,0.09198638051748276,-0.002210956299677491
1758804812938565400,0.3335654296875,0.02213805913925171,0.05139155313372612,-0.00878097489476204
1758804812948521500,0.343521484375,0.016325177624821663,0.012294217012822628,-0.013874003663659096
1758804812958477600,0.3534775390625,0.006897054612636566,-0.025904834270477295,-0.02550456114113331
1758804812968433400,0.363433349609375,-0.0035483958199620247,-0.053156960755586624,-0.029834061861038208
1758804812978389500,0.373389404296875,0.0030684941448271275,-0.05372155085206032,-0.02581055834889412
1758804812988345300,0.383345458984375,0.017315873876214027,-0.003935352899134159,-0.016213323920965195
1758804812998301400,0.393301513671875,0.021952437236905098,0.07631740719079971,-0.009002016857266426
1758804813008256500,0.403256591796875,0.017479125410318375,0.12175440043210983,-0.00529676117002964
1758804813018212600,0.413212646484375,0.010438792407512665,0.10525664687156677,-0.005564408842474222
1758804813028168400,0.42316845703125,0.011138138361275196,0.03677985072135925,-0.01330169104039669
1758804813038124500,0.43312451171875,0.018066085875034332,-0.07218391448259354,-0.027298465371131897
1758804813048080400,0.443080322265625,0.029886793345212936,-0.1975034922361374,-0.04543645679950714
1758804813058036500,0.453036376953125,0.03545333072543144,-0.2874442934989929,-0.056823067367076874
1758804813067992600,0.46299267578125,0.026510968804359436,-0.3210192918777466,-0.054125551134347916
1758804813077947400,0.472947509765625,0.01968022808432579,-0.28920304775238037,-0.044312071055173874
1758804813087903500,0.482903564453125,0.011460913345217705,-0.21356900036334991,-0.027056118473410606
1758804813097859300,0.492859375,0.007798002101480961,-0.12433260679244995,-0.014668957330286503
1758804813107815400,0.5028154296875,0.008076834492385387,-0.04332510381937027,-0.0034115093294531107
1758804813117771300,0.512771240234375,0.014402109198272228,0.015625830739736557,0.011990083381533623
1758804813127727600,0.5227275390625,0.02521773800253868,0.04944877699017525,0.026089390739798546
1758804813137683500,0.532683349609375,0.030717965215444565,0.0762588158249855,0.03767680376768112
1758804813147638500,0.542638427734375,0.03537769615650177,0.09252513945102692,0.04321564733982086
1758804813157594400,0.552594482421875,0.028745893388986588,0.10513573884963989,0.04755020886659622
1758804813167550500,0.562550537109375,0.016163257881999016,0.11256862431764603,0.04971269518136978
1758804813177506600,0.572506591796875,0.0080323601141572,0.12215307354927063,0.05554155632853508
1758804813187462700,0.582462646484375,0.0008860336965881288,0.12677259743213654,0.05992378666996956
1758804813197418500,0.59241845703125,0.0011747203534469008,0.13638846576213837,0.06569299101829529
1758804813207374600,0.60237451171875,0.008463526144623756,0.14397607743740082,0.07877524197101593
1758804813217330400,0.612330322265625,0.028746692463755608,0.03521764278411865,0.10244088619947433
1758804813227285500,0.622285400390625,0.035167042165994644,-0.04637974873185158,0.07124461978673935
1758804813237241600,0.63224169921875,0.023564182221889496,-0.09531613439321518,0.031061779707670212
1758804813247197400,0.642197509765625,0.00563897704705596,-0.1521216183900833,0.007131146267056465
1758804813257153500,0.652153564453125,-0.010191917419433594,-0.14368712902069092,0.00007723167072981596
1758804813267109400,0.662109375,-0.018443455919623375,-0.096722811460495,0.0049465554766356945
1758804813277065500,0.6720654296875,-0.013283581472933292,-0.06173820048570633,0.021929800510406494
1758804813287021300,0.682021240234375,-0.003947869874536991,-0.052259743213653564,0.025561818853020668
1758804813296976600,0.6919765625,0.007248059380799532,-0.07844047993421555,0.015537414699792862
1758804813306932500,0.701932373046875,0.018395252525806427,-0.1191793903708458,-0.001416269107721746
1758804813316888600,0.711888671875,0.026488332077860832,-0.14486850798130035,-0.011868909932672977
1758804813326844400,0.721844482421875,0.034745462238788605,-0.1270303875207901,-0.012224442325532436
1758804813336800500,0.731800537109375,0.03635800629854202,-0.08956930041313171,-0.0010892328573390841
1758804813346756400,0.74175634765625,0.0313616506755352,-0.0680307149887085,0.01022893562912941
1758804813356712700,0.751712646484375,0.024871261790394783,-0.05068501457571983,0.014976552687585354
1758804813366667500,0.76166748046875,0.02107066474854946,-0.034696195274591446,0.016877783462405205
1758804813376623400,0.771623291015625,0.020313527435064316,-0.018191520124673843,0.019705794751644135
1758804813386579500,0.781579345703125,0.020296482369303703,-0.020985709503293037,0.02485901117324829
1758804813396535300,0.791535400390625,0.017661817371845245,-0.03994289040565491,0.020016584545373917
1758804813406491400,0.801491455078125,0.013853764161467552,-0.06594572961330414,0.013522200286388397
1758804813416447500,0.811447509765625,0.009080846793949604,-0.07147178798913956,0.007229683455079794
1758804813426403600,0.821403564453125,0.007667240686714649,-0.0638708546757698,0.004512459971010685
1758804813436358400,0.8313583984375,0.004474643152207136,-0.049616821110248566,0.007990015670657158
1758804813446314500,0.841314453125,0.0028607675340026617,-0.03298431634902954,0.012384497560560703
1758804813456270300,0.851270263671875,0.004233094397932291,-0.016859140247106552,0.01637151651084423
1758804813466226700,0.861226806640625,0.009209743700921535,-0.0078046596609056,0.02203552797436714
1758804813476182500,0.8711826171875,0.011128551326692104,-0.01170139666646719,0.023696009069681168
1758804813486138600,0.881138671875,0.01327026542276144,-0.01683969981968403,0.02575543150305748
1758804813496094500,0.891094482421875,0.014698784798383713,-0.02490987628698349,0.028672924265265465
1758804813506049300,0.90104931640625,0.014406103640794754,-0.029375199228525162,0.026316825300455093
1758804813516005600,0.911005615234375,0.01510092243552208,-0.02936907485127449,0.020854681730270386
1758804813525961500,0.92096142578125,0.018134262412786484,-0.021587850525975227,0.01623702608048916
1758804813535917600,0.93091748046875,0.02244538813829422,-0.014643923379480839,0.014991465955972672
1758804813545873400,0.940873291015625,0.02365552820265293,-0.0034320156555622816,0.015384016558527946
1758804813555829500,0.95082958984375,0.024709340184926987,0.0049401638098061085,0.01642158441245556
1758804813565785300,0.960785400390625,0.024441160261631012,0.004315652418881655,0.012868660502135754
1758804813575740700,0.97074072265625,0.024357536807656288,-0.005922603886574507,0.008577508851885796
1758804813585696500,0.980696533203125,0.028370387852191925,-0.010958375409245491,0.0027806065045297146
1758804813595652600,0.990652587890625,0.02586408704519272,-0.01549107488244772,-0.0005257080192677677
1758804813605608400,1.0006083984375,0.026686737313866615,-0.02785693109035492,-0.0005747101386077702
1758804813615564500,1.010564453125,0.03032488189637661,-0.03652392327785492,-0.00748987402766943
1758804813625520400,1.020520263671875,0.034509506076574326,-0.034141458570957184,-0.01290381420403719
1758804813635476200,1.030476318359375,0.03260747715830803,-0.02755386382341385,-0.013401825912296772
1758804813645431600,1.040431640625,0.029396770521998405,-0.018072742968797684,-0.010994061827659607
1758804813655387400,1.050387451171875,0.0181124247610569,0.0012796488590538502,-0.002290318487212062
1758804813665343500,1.060343505859375,0.01341540738940239,0.014028999954462051,0.00481259822845459
1758804813675299300,1.07029931640625,0.015269500203430653,0.021708223968744278,0.005505552981048822
1758804813685255400,1.08025537109375,0.02191142365336418,0.01955958642065525,0.00811811350286007
1758804813695211500,1.09021142578125,0.024459270760416985,0.014372813515365124,0.009951434098184109
1758804813705167600,1.100167724609375,0.02575729414820671,0.013796239160001278,0.011453723534941673
1758804813715122400,1.110122314453125,0.02593306265771389,0.02677488885819912,0.011982627213001251
1758804813725078500,1.12007861328125,0.025187645107507706,0.012661732733249664,0.011064901947975159
1758804813735034400,1.130034423828125,0.024095216765999794,-0.021456023678183556,0.007084008306264877
1758804813744990500,1.139990478515625,0.02612108364701271,-0.037156954407691956,0.004346278961747885
1758804813754946600,1.149946533203125,0.025124261155724525,-0.03743339329957962,0.0034296188969165087
1758804813764903200,1.159903076171875,0.022608906030654907,-0.027667580172419548,0.007453921716660261
1758804813774858000,1.16985791015625,0.0204597357660532,-0.0123631926253438,0.013658820651471615
1758804813784813800,1.179813720703125,0.019223229959607124,0.0013723268639296293,0.023146331310272217
1758804813794770000,1.18977001953125,0.018614962697029114,0.01979314535856247,0.03581392392516136
1758804813804725800,1.199725830078125,0.01961418054997921,0.04035807400941849,0.05061550810933113
1758804813814682000,1.20968212890625,0.019708989188075066,0.06478938460350037,0.06166336312890053
1758804813824638000,1.219637939453125,0.022418223321437836,0.08912934362888336,0.07217912375926971
1758804813834594000,1.229593994140625,0.021340975537896156,0.10368112474679947,0.07860639691352844
1758804813844548900,1.239548828125,0.021167336031794548,0.10402520000934601,0.08638069778680801
1758804813854505000,1.2495048828125,0.01894972287118435,0.09445193409919739,0.08794370293617249
1758804813864461000,1.2594609375,0.01852388307452202,0.09754866361618042,0.0908697172999382
1758804813874417200,1.269417236328125,0.02111434005200863,0.10746520757675171,0.09761497378349304
1758804813884373000,1.279373046875,0.021091969683766365,0.1267978996038437,0.10391388088464737
1758804813894329000,1.2893291015625,0.01745435781776905,0.15399089455604553,0.11605310440063477
1758804813904285000,1.299284912109375,0.01618855632841587,0.1862311214208603,0.12693770229816437
1758804813914240000,1.309239990234375,0.012803412973880768,0.21748970448970795,0.13953553140163422
1758804813924196000,1.319196044921875,0.008735435083508492,0.24696318805217743,0.14925312995910645
1758804813934152000,1.32915185546875,-0.0009494169498793781,0.27726754546165466,0.1625146120786667
1758804813944108000,1.33910791015625,-0.0171480942517519,0.2990327775478363,0.17875510454177856
1758804813954064000,1.34906396484375,-0.047502804547548294,0.30007460713386536,0.20635662972927094
1758804813964020000,1.35902001953125,-0.0572691485285759,0.324758380651474,0.2327839732170105
1758804813973975800,1.368975830078125,-0.04962827265262604,0.37499916553497314,0.26519066095352173
1758804813983931100,1.37893115234375,-0.023304257541894913,0.44624993205070496,0.29769614338874817
1758804813993887000,1.388886962890625,0.002724680118262768,0.5195584893226624,0.3252257704734802
1758804814003843000,1.398843017578125,0.020967865362763405,0.5767821073532104,0.3468514382839203
1758804814013799000,1.408798828125,0.03863341361284256,0.6252031326293945,0.36573269963264465
1758804814023755000,1.418755126953125,0.055142614990472794,0.6499308943748474,0.3793151080608368
1758804814033710800,1.4287109375,0.06257283687591553,0.6664904356002808,0.3899688124656677
1758804814043666000,1.438666015625,0.07167764753103256,0.7080045938491821,0.40595149993896484
1758804814053622000,1.4486220703125,0.08493167161941528,0.7430935502052307,0.41556844115257263
1758804814063577900,1.458577880859375,0.08425948768854141,0.7413002252578735,0.4073243737220764
1758804814073534000,1.468533935546875,0.06639207154512405,0.7200812101364136,0.4036063253879547
1758804814083489800,1.47848974609375,0.029950175434350967,0.7240583896636963,0.41403311491012573
1758804814093446100,1.488446044921875,-0.019390475004911423,0.7300592660903931,0.419685959815979
1758804814103402000,1.498402099609375,-0.06420375406742096,0.7018819451332092,0.41672852635383606
1758804814113357000,1.508357177734375,-0.11010972410440445,0.6432833671569824,0.40625429153442383
1758804814123313000,1.51831298828125,-0.149567648768425,0.5975244045257568,0.3868443965911865
1758804814133269000,1.52826904296875,-0.1691378951072693,0.5725489854812622,0.3553064465522766
1758804814143224800,1.538224853515625,-0.18382441997528076,0.5626137852668762,0.32838428020477295
1758804814153181200,1.54818115234375,-0.20706236362457275,0.5559308528900146,0.31187427043914795
1758804814163137000,1.558136962890625,-0.23572596907615662,0.5631570816040039,0.29343506693840027
1758804814173093000,1.568093017578125,-0.24860209226608276,0.550442099571228,0.2655523121356964
1758804814183048000,1.5780478515625,-0.22779828310012817,0.4897984564304352,0.24994565546512604
1758804814193003800,1.588003662109375,-0.2507041096687317,0.38450878858566284,0.2929253578186035
1758804814202960100,1.597960205078125,-0.3011324107646942,0.34396031498908997,0.33053797483444214
1758804814212916000,1.607916015625,-0.32321879267692566,0.35708969831466675,0.3426593542098999
1758804814222872000,1.6178720703125,-0.32413893938064575,0.41019073128700256,0.3314487636089325
1758804814232828000,1.627827880859375,-0.2642329931259155,0.4737156331539154,0.3006516993045807
1758804814242783000,1.637782958984375,-0.16880951821804047,0.5001158118247986,0.2639522850513458
1758804814252739000,1.647739013671875,-0.061582669615745544,0.45682135224342346,0.2350335568189621
1758804814262695200,1.657695068359375,0.042264364659786224,0.38068822026252747,0.2098006308078766
1758804814272651000,1.667651123046875,0.11926354467868805,0.33153530955314636,0.19489625096321106
1758804814282607000,1.677607177734375,0.17990638315677643,0.3206179738044739,0.1838609129190445
1758804814292563000,1.68756298828125,0.22258087992668152,0.2700338661670685,0.1738644689321518
1758804814302519000,1.69751904296875,0.24369388818740845,0.2240045964717865,0.14478088915348053
1758804814312474000,1.70747412109375,0.24871793389320374,0.18243291974067688,0.11603818833827972
1758804814322430000,1.717429931640625,0.24054230749607086,0.18069495260715485,0.09042949974536896
1758804814332386000,1.727385986328125,0.2205054759979248,0.2004401534795761,0.07073169201612473
1758804814342342000,1.737341796875,0.18832942843437195,0.2067398577928543,0.05770564079284668
1758804814352298000,1.747298095703125,0.1527075171470642,0.20960941910743713,0.05036729946732521
1758804814362253800,1.75725390625,0.11917193233966827,0.21657145023345947,0.04265105724334717
1758804814372210000,1.7672099609375,0.0953558161854744,0.23234829306602478,0.03175633028149605
1758804814382165000,1.7771650390625,0.08193507790565491,0.2540506422519684,0.016351809725165367
1758804814392121000,1.78712109375,0.0795198604464531,0.27279236912727356,-0.0013310478534549475
1758804814402077000,1.797076904296875,0.07880160212516785,0.29827165603637695,-0.01918940618634224
1758804814412033000,1.807032958984375,0.08331752568483353,0.2999798059463501,-0.017793910577893257
1758804814421988900,1.81698876953125,0.08471435308456421,0.2715415060520172,-0.007474428042769432
1758804814431945000,1.826945068359375,0.0962357223033905,0.2550030052661896,-0.009924003854393959
1758804814441900000,1.836900146484375,0.10457301139831543,0.2356167882680893,-0.025847043842077255
1758804814451856000,1.84685595703125,0.11848616600036621,0.23937636613845825,-0.03724377602338791
1758804814461812000,1.85681201171875,0.12788499891757965,0.2789120674133301,-0.03888534754514694
1758804814471767800,1.866767822265625,0.12871935963630676,0.3228704631328583,-0.03936977684497833
1758804814481724000,1.876723876953125,0.12637019157409668,0.3507140874862671,-0.035888493061065674
1758804814491680000,1.886679931640625,0.12951697409152985,0.3551357388496399,-0.03341494873166084
1758804814501636000,1.896635986328125,0.13232554495334625,0.3462471663951874,-0.03718811646103859
1758804814511591000,1.9065908203125,0.13961142301559448,0.3336924910545349,-0.046184539794921875
1758804814521547000,1.916547119140625,0.13768595457077026,0.3250183165073395,-0.049798980355262756
1758804814531502800,1.9265029296875,0.13036119937896729,0.3270726501941681,-0.04682715982198715
1758804814541459200,1.936459228515625,0.12213922291994095,0.32526278495788574,-0.04531528428196907
1758804814551415000,1.9464150390625,0.10776215046644211,0.31509271264076233,-0.046776026487350464
1758804814561371000,1.956370849609375,0.10332159698009491,0.3195313811302185,-0.044433243572711945
1758804814571327000,1.966326904296875,0.10186751186847687,0.3193630874156952,-0.0387955978512764
1758804814581281800,1.97628173828125,0.10975871980190277,0.3135688304901123,-0.03587091714143753
1758804814591238100,1.986238037109375,0.1227637380361557,0.31355926394462585,-0.03394544869661331
1758804814601194000,1.996194091796875,0.13192927837371826,0.3060707151889801,-0.026686204597353935
1758804814611150000,2.006150146484375,0.13750885426998138,0.2888121008872986,-0.018425878137350082
1758804814621106000,2.01610595703125,0.14156405627727509,0.2597804367542267,-0.020798223093152046
1758804814631062000,2.02606201171875,0.14055578410625458,0.2370421141386032,-0.027210049331188202
1758804814641017000,2.03601708984375,0.13645264506340027,0.2288944274187088,-0.02851339988410473
1758804814650973200,2.04597314453125,0.1269291788339615,0.22768215835094452,-0.031000792980194092
1758804814660929000,2.055928955078125,0.12144866585731506,0.23402687907218933,-0.028427911922335625
1758804814670885000,2.065885009765625,0.12219754606485367,0.2198101282119751,-0.015568306669592857
1758804814680841000,2.075841064453125,0.12262525409460068,0.19195932149887085,-0.006483998149633408
1758804814690796800,2.085796875,0.13127067685127258,0.15140096843242645,-0.007493069861084223
1758804814700753000,2.0957529296875,0.14425811171531677,0.11023276299238205,-0.0137815922498703
1758804814710708000,2.1057080078125,0.15508918464183807,0.0941464751958847,-0.01823839172720909
1758804814720664000,2.1156640625,0.16156280040740967,0.09650310128927231,-0.02516048029065132
1758804814730620000,2.125619873046875,0.15251177549362183,0.10201158374547958,-0.030474020168185234
1758804814740576000,2.135575927734375,0.13592800498008728,0.08837087452411652,-0.02239159122109413
1758804814750531800,2.14553173828125,0.11339393258094788,0.0940798968076706,-0.013292369432747364
1758804814760488000,2.155488037109375,0.09235869348049164,0.09638086706399918,-0.0008056062506511807
1758804814770443000,2.165443115234375,0.08477853983640671,0.0942268967628479,0.009824134409427643
1758804814780399000,2.175399169921875,0.08092600852251053,0.07052503526210785,0.019151857122778893
1758804814790355000,2.18535498046875,0.08173081278800964,0.054854728281497955,0.02900635078549385
1758804814800310800,2.195310791015625,0.08229966461658478,0.06162900850176811,0.036369457840919495
1758804814810267000,2.205266845703125,0.07241001725196838,0.09229903668165207,0.03750982508063316
1758804814820223000,2.215222900390625,0.05300676077604294,0.14588290452957153,0.03651992604136467
1758804814830179000,2.225178955078125,0.04379408434033394,0.2017349898815155,0.029694246128201485
1758804814840134000,2.2351337890625,0.03806908801198006,0.19362059235572815,0.014285994693636894
1758804814850090000,2.245090087890625,0.03491830453276634,0.14717240631580353,-0.0002767024270724505
1758804814860045800,2.2550458984375,0.032941438257694244,0.11314093321561813,-0.021517276763916016
1758804814870002000,2.265001953125,0.021085044369101524,0.10647957026958466,-0.06890156865119934
1758804814879958000,2.2749580078125,0.006695985794067383,0.10247950255870819,-0.12684103846549988
1758804814889914000,2.2849140625,0.0026972496416419744,0.059591956436634064,-0.16499614715576172
1758804814899869000,2.294868896484375,0.017852766439318657,0.008222510106861591,-0.17897693812847137
1758804814909825000,2.304824951171875,0.03452042490243912,-0.013859623111784458,-0.17926296591758728
1758804814919780900,2.31478076171875,0.043597012758255005,-0.008779376745223999,-0.16956932842731476
1758804814929737000,2.324737060546875,0.05817382410168648,0.013714213855564594,-0.1519423872232437
1758804814939693000,2.334693115234375,0.06704375147819519,0.03542936220765114,-0.14550234377384186
1758804814949649000,2.34464892578125,0.06408125162124634,0.0902811586856842,-0.16103948652744293
1758804814959605000,2.35460498046875,0.05128422752022743,0.16382941603660583,-0.1824563592672348
1758804814969559800,2.364559814453125,0.05109647288918495,0.14648877084255219,-0.17268335819244385
1758804814979516000,2.374515869140625,0.08347784727811813,0.026030534878373146,-0.12688417732715607
1758804814989472000,2.384471923828125,0.14074993133544922,-0.1338435560464859,-0.08704302459955215
1758804814999428000,2.394427978515625,0.18370990455150604,-0.28927308320999146,-0.06284527480602264
1758804815009384000,2.404384033203125,0.20032936334609985,-0.43426570296287537,-0.05284350737929344
1758804815019340000,2.414340087890625,0.19685953855514526,-0.5674887299537659,-0.04935023933649063
1758804815029294800,2.424294921875,0.16797089576721191,-0.6698244214057922,-0.03868481144309044
1758804815039251000,2.4342509765625,0.12074266374111176,-0.7092431783676147,-0.011998339556157589
1758804815049207000,2.44420703125,0.06347671151161194,-0.6879027485847473,0.03142929449677467
1758804815059163000,2.454162841796875,0.01865757443010807,-0.6129558086395264,0.07774672657251358
1758804815069119000,2.464118896484375,-0.04723888635635376,-0.354087233543396,0.16232526302337646
1758804815079074800,2.47407470703125,-0.0753813087940216,-0.344443678855896,0.2239185869693756
1758804815089031000,2.484031005859375,-0.13911820948123932,-0.117558054625988,0.30789443850517273
1758804815098986000,2.493986083984375,-0.10527102649211884,-0.16918210685253143,0.26111680269241333
1758804815108942000,2.503942138671875,-0.04887459799647331,-0.23283404111862183,0.17955830693244934
1758804815118898000,2.51389794921875,-0.03990427404642105,-0.24047784507274628,0.13493119180202484
1758804815128854000,2.52385400390625,-0.021312212571501732,-0.23759764432907104,0.12249954789876938
1758804815138809900,2.533809814453125,0.007779359817504883,-0.2436656504869461,0.126554474234581
1758804815148766000,2.543765869140625,0.035765718668699265,-0.27623450756073,0.11762116849422455
1758804815158722000,2.55372216796875,0.06297124177217484,-0.31061458587646484,0.09631561487913132
1758804815168676900,2.5636767578125,0.08267037570476532,-0.3699074685573578,0.09182446449995041
1758804815178633000,2.573633056640625,0.10365156084299088,-0.40503376722335815,0.11652794480323792
1758804815188588800,2.5835888671875,0.13548912107944489,-0.4364745318889618,0.14987151324748993
1758804815198545000,2.593544921875,0.15862107276916504,-0.48938754200935364,0.17163008451461792
1758804815208500700,2.603500732421875,0.18183770775794983,-0.5315755009651184,0.19168901443481445
1758804815218457000,2.61345703125,0.1964978724718094,-0.5510671734809875,0.22557027637958527
1758804815228412000,2.623411865234375,0.211953803896904,-0.5341816544532776,0.26669400930404663
1758804815238368000,2.633367919921875,0.2158883512020111,-0.48829856514930725,0.30447813868522644
1758804815248323800,2.64332373046875,0.21295754611492157,-0.4293026328086853,0.3406582474708557
1758804815258280000,2.653280029296875,0.20434381067752838,-0.3514552414417267,0.37149524688720703
1758804815268236000,2.663236083984375,0.1911582350730896,-0.28631165623664856,0.39794549345970154
1758804815278192000,2.673192138671875,0.16869448125362396,-0.22455693781375885,0.41573116183280945
1758804815288148000,2.68314794921875,0.14934608340263367,-0.17272064089775085,0.43358364701271057
1758804815298102800,2.693102783203125,0.14235422015190125,-0.13422943651676178,0.45092031359672546
1758804815308059000,2.703058837890625,0.14414438605308533,-0.11636362969875336,0.47013527154922485
1758804815318015000,2.713014892578125,0.1411062628030777,-0.10526490211486816,0.4788464903831482
1758804815327971000,2.72297119140625,0.13248613476753235,-0.08388291299343109,0.471915602684021
1758804815337927000,2.732927001953125,0.1204925924539566,-0.05512530356645584,0.4571113586425781
1758804815347883000,2.742883056640625,0.1118178740143776,-0.05907770246267319,0.4344893991947174
1758804815357837800,2.752837890625,0.10771634429693222,-0.10500790923833847,0.40542471408843994
1758804815367794000,2.7627939453125,0.10646678507328033,-0.15896275639533997,0.37826260924339294
1758804815377750000,2.77275,0.10986658185720444,-0.2162364274263382,0.35230985283851624
1758804815387706000,2.7827060546875,0.11915568262338638,-0.27810564637184143,0.3373330235481262
1758804815397662000,2.792661865234375,0.12371448427438736,-0.296550989151001,0.33811360597610474
1758804815407618000,2.8026181640625,0.12117675691843033,-0.276309072971344,0.36030200123786926
1758804815417574000,2.812573974609375,0.11660091578960419,-0.22311563789844513,0.3947316110134125
1758804815427529000,2.822529052734375,0.11006765067577362,-0.16490186750888824,0.42998120188713074
1758804815437485000,2.832485107421875,0.10908254235982895,-0.13310877978801727,0.45710575580596924
1758804815447441000,2.84244091796875,0.11541926860809326,-0.13856400549411774,0.47275182604789734
1758804815457397000,2.85239697265625,0.11593858897686005,-0.14124473929405212,0.4802475571632385
1758804815467352800,2.862352783203125,0.10891582816839218,-0.11478383839130402,0.47797855734825134
1758804815477309000,2.872308837890625,0.09362529218196869,-0.09081778675317764,0.46855229139328003
1758804815487264800,2.8822646484375,0.08936716616153717,-0.10616958141326904,0.4471045434474945
1758804815497220000,2.89222021484375,0.10340815037488937,-0.15366998314857483,0.4198790490627289
1758804815507176000,2.902176025390625,0.12148328870534897,-0.23067103326320648,0.3762876093387604
1758804815517132000,2.912132080078125,0.13890941441059113,-0.31080713868141174,0.32635414600372314
1758804815527087900,2.922087890625,0.14654016494750977,-0.3727070093154907,0.266437292098999
1758804815537044000,2.9320439453125,0.13379162549972534,-0.41091617941856384,0.21793605387210846
1758804815546999800,2.941999755859375,0.10482894629240036,-0.4354119300842285,0.17291425168514252
1758804815556955000,2.951954833984375,0.06625492125749588,-0.44178885221481323,0.13572107255458832
1758804815566911000,2.961910888671875,0.02984844334423542,-0.42791298031806946,0.11438249796628952
1758804815576866800,2.97186669921875,-0.005255748517811298,-0.38214975595474243,0.1296490728855133
1758804815586823000,2.981822998046875,-0.03370949253439903,-0.3147057294845581,0.1794312745332718
1758804815596778800,2.99177880859375,-0.054254449903964996,-0.24622762203216553,0.24092473089694977
1758804815606735000,3.001735107421875,-0.06549379229545593,-0.16379691660404205,0.30242884159088135
1758804815616691000,3.01169091796875,-0.06890583038330078,-0.05272233486175537,0.3666062355041504
1758804815626646000,3.02164599609375,-0.056041963398456573,0.06216244027018547,0.42730793356895447
1758804815636601900,3.031601806640625,-0.025553030893206596,0.15441779792308807,0.4735662341117859
1758804815646558000,3.041557861328125,0.007571367081254721,0.21074791252613068,0.4980374872684479
1758804815656514000,3.05151416015625,0.033895913511514664,0.22099655866622925,0.5096943974494934
1758804815666470100,3.06147021484375,0.054191067814826965,0.1831783503293991,0.5094286203384399
1758804815676426000,3.071426025390625,0.059541888535022736,0.13750459253787994,0.4958358407020569
1758804815686382000,3.081382080078125,0.05847049877047539,0.09789034724235535,0.4768672287464142
1758804815696337000,3.0913369140625,0.055209990590810776,0.05688485503196716,0.461637943983078
1758804815706293000,3.10129296875,0.05551572144031525,0.04508572071790695,0.4580061733722687
1758804815716249000,3.1112490234375,0.06367059051990509,0.037146035581827164,0.45873376727104187
1758804815726205000,3.121204833984375,0.09239944070577621,0.004497013986110687,0.4600376486778259
1758804815736161000,3.1311611328125,0.12714596092700958,-0.03526824340224266,0.4670222997665405
1758804815746116900,3.141116943359375,0.1461489498615265,-0.048227183520793915,0.4821075201034546
1758804815756072000,3.151072021484375,0.15843917429447174,-0.03749703988432884,0.5026266574859619
1758804815766027800,3.16102783203125,0.1698438972234726,-0.01528494618833065,0.5095274448394775
1758804815775983900,3.17098388671875,0.18207019567489624,-0.01077035628259182,0.49787449836730957
1758804815785939700,3.180939697265625,0.1897779256105423,-0.01702319271862507,0.4705829620361328
1758804815795895800,3.190895751953125,0.18313999474048615,-0.009181780740618706,0.44348394870758057
1758804815805851600,3.2008515625,0.1559922695159912,0.013802630826830864,0.4180379807949066
1758804815815807700,3.210807861328125,0.12158075720071793,0.03527703136205673,0.40126994252204895
1758804815825762800,3.2207626953125,0.09960009157657623,0.0346360057592392,0.38141152262687683
1758804815835719000,3.230718994140625,0.08928859978914261,0.011751198209822178,0.3601456582546234
1758804815845674800,3.2406748046875,0.08240166306495667,-0.007754858583211899,0.3378906846046448
1758804815855630800,3.250630859375,0.07422948628664017,-0.023127689957618713,0.3132393956184387
1758804815865586700,3.260586669921875,0.05956852063536644,-0.030188795179128647,0.28344929218292236
1758804815875542800,3.270542724609375,0.04236263781785965,-0.02779541164636612,0.2491230070590973
1758804815885499000,3.280498779296875,0.023191338405013084,-0.031204259023070335,0.2105439156293869
1758804815895453700,3.29045361328125,0.0025334651581943035,-0.031190942972898483,0.16474021971225739
1758804815905409800,3.300409912109375,-0.02599831111729145,-0.029774939641356468,0.12209155410528183
1758804815915365600,3.31036572265625,-0.046482279896736145,-0.03695908188819885,0.0800948366522789
1758804815925321700,3.32032177734375,-0.06619073450565338,-0.05272606015205383,0.03551378473639488
1758804815935277800,3.33027783203125,-0.08934452384710312,-0.061819158494472504,-0.012309130281209946
1758804815945234000,3.34023388671875,-0.1035037562251091,-0.06980437785387039,-0.05416416749358177
1758804815955189800,3.350189697265625,-0.11726750433444977,-0.06967921555042267,-0.07291655242443085
1758804815965144800,3.360144775390625,-0.12505458295345306,-0.07227765768766403,-0.07587825506925583
1758804815975100700,3.3701005859375,-0.13226190209388733,-0.0669606551527977,-0.06332571059465408
1758804815985056800,3.380056884765625,-0.13417617976665497,-0.06100769340991974,-0.055082693696022034
1758804815995012900,3.390012939453125,-0.13629525899887085,-0.054134875535964966,-0.061050835996866226
1758804816004968700,3.39996875,-0.1399563103914261,-0.04779015854001045,-0.07779359817504883
1758804816014924800,3.4099248046875,-0.135798841714859,-0.04803170636296272,-0.09367136657238007
1758804816024879600,3.419879638671875,-0.1262788474559784,-0.06537634134292603,-0.10056495666503906
1758804816034835700,3.429835693359375,-0.1123017743229866,-0.08178061991930008,-0.09853855520486832
1758804816044791800,3.439791748046875,-0.0999191403388977,-0.09713879972696304,-0.09364313632249832
1758804816054748000,3.449747802734375,-0.08917488157749176,-0.11564777046442032,-0.09411637485027313
1758804816064703700,3.459703857421875,-0.0843132808804512,-0.14046309888362885,-0.10579061508178711
1758804816074659800,3.469659912109375,-0.0836658701300621,-0.16654956340789795,-0.13033057749271393
1758804816084615700,3.47961572265625,-0.08918340504169464,-0.19010043144226074,-0.1546982377767563
1758804816094570800,3.48957080078125,-0.080629862844944,-0.2203102707862854,-0.1720162332057953
1758804816104526800,3.49952685546875,-0.056043561547994614,-0.24919864535331726,-0.17405009269714355
1758804816114482700,3.509482666015625,-0.022543391212821007,-0.24813763797283173,-0.16132737696170807
1758804816124438800,3.519438720703125,0.017102288082242012,-0.21798506379127502,-0.1244061067700386
1758804816134394600,3.52939453125,0.056062471121549606,-0.19661132991313934,-0.08166982978582382
1758804816144350700,3.539350830078125,0.09013362228870392,-0.1769193857908249,-0.03994874656200409
1758804816154306600,3.549306640625,0.11340485513210297,-0.1686878204345703,-0.02051539532840252
1758804816164262000,3.559261962890625,0.12944108247756958,-0.19701212644577026,-0.020606741309165955
1758804816174217700,3.5692177734375,0.12829911708831787,-0.23922643065452576,-0.04150936007499695
1758804816184173800,3.579173828125,0.10832061618566513,-0.2567202150821686,-0.055640626698732376
1758804816194129700,3.589129638671875,0.07852783054113388,-0.2643381655216217,-0.04886767268180847
1758804816204085800,3.599085693359375,0.0449373796582222,-0.2761407792568207,-0.03719157725572586
1758804816214041600,3.60904150390625,0.015230085700750351,-0.2590848207473755,-0.02383449301123619
1758804816223998000,3.618998046875,-0.012819658033549786,-0.23481117188930511,-0.004875182639807463
1758804816233952800,3.628952880859375,-0.044546160846948624,-0.20414941012859344,0.003318032482638955
1758804816243908600,3.63890869140625,-0.06799263507127762,-0.1466379165649414,0.01107661984860897
1758804816253864700,3.64886474609375,-0.08208394795656204,-0.09324126690626144,0.008248874917626381
1758804816263820500,3.658820556640625,-0.08603528141975403,-0.0583256259560585,-0.0062757390551269054
1758804816273777000,3.66877685546875,-0.0798863098025322,-0.033600304275751114,-0.03129693493247032
1758804816283732700,3.678732666015625,-0.05710563063621521,-0.026584472507238388,-0.05968250334262848
1758804816293688800,3.688688720703125,-0.03158322721719742,-0.03909973055124283,-0.09431158751249313
1758804816303643600,3.6986435546875,-0.009400958195328712,-0.07698719203472137,-0.13325606286525726
1758804816313599700,3.708599853515625,0.00044661210267804563,-0.1032334417104721,-0.17214486002922058
1758804816323555600,3.7185556640625,-0.015719573944807053,-0.07147684693336487,-0.1978158801794052
1758804816333512000,3.728511962890625,-0.04988580197095871,0.023917850106954575,-0.2010553479194641
1758804816343467800,3.7384677734375,-0.09702561795711517,0.15553845465183258,-0.17873433232307434
1758804816353424000,3.748423828125,-0.14065352082252502,0.2915783226490021,-0.13644146919250488
1758804816363379700,3.758379638671875,-0.17283861339092255,0.3964458703994751,-0.08653728663921356
1758804816373334500,3.76833447265625,-0.18865007162094116,0.45015543699264526,-0.04667589068412781
1758804816383291000,3.778290771484375,-0.17952822148799896,0.4507511854171753,-0.02346990630030632
1758804816393246700,3.788246826171875,-0.14842303097248077,0.4054422974586487,-0.01780562847852707
1758804816403202800,3.798202880859375,-0.10453946143388748,0.32554346323013306,-0.015914252027869225
1758804816413158700,3.80815869140625,-0.04964371770620346,0.23473607003688812,-0.011708054691553116
1758804816423114800,3.81811474609375,-0.0009169263648800552,0.1588306576013565,-0.005859753116965294
1758804816433070600,3.828070556640625,0.039861395955085754,0.10460124164819717,-0.0003861583536490798
1758804816443026000,3.83802587890625,0.08414816856384277,0.03206605836749077,-0.011770905926823616
1758804816452981800,3.847981689453125,0.12292485684156418,-0.021921543404459953,-0.037267476320266724
1758804816462937900,3.857937744140625,0.142280712723732,-0.04493924602866173,-0.0586734339594841
1758804816472893700,3.867893798828125,0.14478887617588043,-0.04561462253332138,-0.07836351543664932
1758804816482849800,3.877849853515625,0.14501364529132843,-0.05956106632947922,-0.10403905063867569
1758804816492805600,3.8878056640625,0.143625870347023,-0.07941360026597977,-0.1325386017560959
1758804816502761700,3.89776171875,0.1411091834306717,-0.08636631071567535,-0.15780001878738403
1758804816512716800,3.907716796875,0.13432744145393372,-0.0883391797542572,-0.18087764084339142
1758804816522672600,3.917672607421875,0.12468733638525009,-0.09701736271381378,-0.20179890096187592
1758804816533252600,3.928252685546875,0.12369078397750854,-0.12921391427516937,-0.22584564983844757
1758804816543209000,3.938208984375,0.12398479878902435,-0.16038674116134644,-0.25593963265419006
1758804816553163800,3.948163818359375,0.11461179703474045,-0.16265176236629486,-0.2900696396827698
1758804816563119600,3.95811962890625,0.10158334672451019,-0.13990864157676697,-0.3242422640323639
1758804816573075700,3.96807568359375,0.08146876096725464,-0.0946149230003357,-0.360103040933609
1758804816583031600,3.978031494140625,0.05546592175960541,-0.05084799975156784,-0.39391639828681946
1758804816592987600,3.987987548828125,0.026271019130945206,0.008200405165553093,-0.41433992981910706
1758804816602943700,3.99794384765625,-0.0002639192680362612,0.07242439687252045,-0.421178936958313
1758804816612899800,4.00789990234375,-0.01709509640932083,0.10696666687726974,-0.4112812876701355
1758804816622854700,4.017854736328125,-0.026789003983139992,0.11066685616970062,-0.3876641094684601
1758804816632810800,4.027810791015625,-0.03021569363772869,0.1225900948047638,-0.36429646611213684
1758804816642766600,4.0377666015625,-0.0294289942830801,0.12244229018688202,-0.3482019305229187
1758804816652723000,4.047722900390625,-0.023790284991264343,0.10051275789737701,-0.33124396204948425
1758804816662678800,4.0576787109375,-0.016170714050531387,0.07338899374008179,-0.3047012984752655
1758804816672635000,4.067634765625,-0.006193980108946562,0.02828356996178627,-0.28332677483558655
1758804816682589700,4.077589599609375,0.01338744442909956,-0.050344131886959076,-0.2765916585922241
1758804816692545500,4.087545654296875,0.032593097537755966,-0.15856941044330597,-0.2752925455570221
1758804816702502000,4.097501953125,0.04102493077516556,-0.25781530141830444,-0.2883162200450897
1758804816712457700,4.107457763671875,0.025363679975271225,-0.3182820975780487,-0.294914186000824
1758804816722413800,4.117413818359375,-0.0006564692012034357,-0.341571182012558,-0.27802574634552
1758804816732369700,4.12736962890625,-0.020507140085101128,-0.3523543179035187,-0.2384762167930603
1758804816742325800,4.13732568359375,-0.015810655429959297,-0.40422630310058594,-0.20804721117019653
1758804816752281600,4.147281494140625,-0.007727161981165409,-0.4614379405975342,-0.18622340261936188
1758804816762237000,4.15723681640625,0.004145210143178701,-0.49049142003059387,-0.16752640902996063
1758804816772193000,4.167193115234375,0.01390090212225914,-0.5142334699630737,-0.15148992836475372
1758804816782148900,4.17714892578125,0.020367322489619255,-0.5223037004470825,-0.13485954701900482
1758804816792105000,4.18710498046875,0.01306147314608097,-0.5312007665634155,-0.12722931802272797
1758804816802060800,4.197060791015625,-0.00012410330236889422,-0.5775946378707886,-0.12764504551887512
1758804816812017000,4.207016845703125,-0.02840474247932434,-0.6240425705909729,-0.1278008371591568
1758804816821972700,4.21697265625,-0.0736747533082962,-0.615379810333252,-0.10824710875749588
1758804816831927800,4.226927734375,-0.11550795286893845,-0.5834285616874695,-0.06904857605695724
1758804816841884000,4.2368837890625,-0.1409672349691391,-0.5240238308906555,-0.027215110138058662
1758804816851839700,4.24683984375,-0.14737214148044586,-0.4428804814815521,0.01852628029882908
1758804816861795800,4.2567958984375,-0.1417137235403061,-0.3667348623275757,0.06849303841590881
1758804816871751700,4.266751708984375,-0.1184435561299324,-0.3079085648059845,0.11397077888250351
1758804816881708000,4.2767080078125,-0.07178257405757904,-0.2745399475097656,0.12687459588050842
1758804816891664000,4.286663818359375,-0.013374661095440388,-0.2798617482185364,0.10200972110033035
1758804816901619000,4.296618896484375,0.03640194982290268,-0.2923825979232788,0.05589548870921135
1758804816911574800,4.30657470703125,0.06500669568777084,-0.2977840304374695,0.00830773077905178
1758804816921531000,4.31653076171875,0.0742393434047699,-0.30197983980178833,-0.025922143831849098
1758804816931486700,4.32648681640625,0.06274087727069855,-0.3251309394836426,-0.044621795415878296
1758804816941443000,4.336443115234375,0.0459083691239357,-0.3551620841026306,-0.05391143634915352
1758804816951399000,4.34639892578125,0.018026670441031456,-0.3418566584587097,-0.06255552172660828
1758804816961355000,4.35635498046875,-0.023558322340250015,-0.27130046486854553,-0.06503226608037949
1758804816971309800,4.366309814453125,-0.05914188176393509,-0.1828630268573761,-0.060803163796663284
1758804816981265700,4.376265625,-0.09159223735332489,-0.09240343421697617,-0.03358512371778488
1758804816991222000,4.386221923828125,-0.11667255312204361,0.004699414130300283,0.013485714793205261
1758804817001177900,4.396177734375,-0.12962722778320312,0.09998039156198502,0.07719172537326813
1758804817011134000,4.406134033203125,-0.12136691063642502,0.17728184163570404,0.14446130394935608
1758804817021089800,4.41608984375,-0.09428495913743973,0.21966764330863953,0.19902043044567108
1758804817031046000,4.4260458984375,-0.051354002207517624,0.25323280692100525,0.2423844039440155
1758804817041001700,4.436001708984375,0.01034638099372387,0.27858102321624756,0.27194976806640625
1758804817050957000,4.44595703125,0.06680726259946823,0.27131378650665283,0.2826812267303467
1758804817060913000,4.455912841796875,0.10568941384553909,0.24958772957324982,0.2878224551677704
1758804817070869000,4.465868896484375,0.11791491508483887,0.21737758815288544,0.2902861535549164
1758804817080824800,4.475824951171875,0.10367552936077118,0.17416781187057495,0.28551724553108215
1758804817090781000,4.485781005859375,0.07525001466274261,0.13978585600852966,0.2794340252876282
1758804817100736800,4.49573681640625,0.04015354439616203,0.12573662400245667,0.2724035680294037
1758804817110692900,4.50569287109375,0.006363356951624155,0.11986382305622101,0.2734898626804352
1758804817120649000,4.51564892578125,-0.02251409739255905,0.11678653955459595,0.27616366744041443
1758804817130603800,4.525603759765625,-0.03706907108426094,0.09804321080446243,0.2738989293575287
1758804817140560000,4.535559814453125,-0.043411124497652054,0.06915456801652908,0.27497270703315735
1758804817150515700,4.545515625,-0.04091041535139084,0.050888482481241226,0.2784896790981293
1758804817160471800,4.555471923828125,-0.03129081055521965,0.009942378848791122,0.27973151206970215
1758804817170428000,4.565427978515625,-0.01437893882393837,-0.06863845139741898,0.2674998939037323
1758804817180384000,4.575384033203125,-0.004989964887499809,-0.14998337626457214,0.24330532550811768
1758804817190339800,4.58533984375,-0.010860104113817215,-0.19554392993450165,0.22349913418293
1758804817200296000,4.5952958984375,-0.02267388626933098,-0.2167528122663498,0.2110736221075058
1758804817210250800,4.605250732421875,-0.029697975143790245,-0.24807238578796387,0.20282875001430511
1758804817220206800,4.615206787109375,-0.036367062479257584,-0.26801973581314087,0.19564779102802277
1758804817230163000,4.625162841796875,-0.04291391000151634,-0.2668820321559906,0.17776253819465637
1758804817240119000,4.635119140625,-0.044193558394908905,-0.2750435471534729,0.14786376059055328
1758804817250075000,4.645074951171875,-0.04826579988002777,-0.27612611651420593,0.10821595042943954
1758804817260031000,4.655031005859375,-0.05425764620304108,-0.2667461931705475,0.0712110623717308
1758804817269986800,4.66498681640625,-0.063547283411026,-0.2635834515094757,0.03212011978030205
1758804817279943000,4.67494287109375,-0.0755394995212555,-0.2590488791465759,-0.012359730899333954
1758804817289898000,4.68489794921875,-0.08675220608711243,-0.23421569168567657,-0.06115203723311424
1758804817299853800,4.694853759765625,-0.09063828736543655,-0.22536468505859375,-0.11501234024763107
1758804817309810000,4.704809814453125,-0.08314894884824753,-0.217407688498497,-0.1788770705461502
1758804817319765800,4.714765869140625,-0.08000748604536057,-0.21253995597362518,-0.24521268904209137
1758804817329721900,4.724721923828125,-0.07922717928886414,-0.2079971432685852,-0.30281686782836914
1758804817339677700,4.734677734375,-0.08503632992506027,-0.16239796578884125,-0.3418438732624054
1758804817349634000,4.744634033203125,-0.10820716619491577,-0.06566396355628967,-0.33095288276672363
1758804817359590000,4.75458984375,-0.13064536452293396,0.054790545254945755,-0.2617304027080536
1758804817369546000,4.7645458984375,-0.14902916550636292,0.16639962792396545,-0.14903607964515686
1758804817379500800,4.774500732421875,-0.14993064105510712,0.2513904273509979,-0.026546921581029892
1758804817389457000,4.784456787109375,-0.1292828917503357,0.311423659324646,0.060815148055553436
1758804817399413000,4.7944130859375,-0.0921538919210434,0.35602283477783203,0.09778940677642822
1758804817409369000,4.804369140625,-0.04531048983335495,0.37981629371643066,0.11674392968416214
1758804817419325000,4.814324951171875,-0.0006881608278490603,0.35557276010513306,0.13077612221240997
1758804817429281000,4.824281005859375,0.03587890416383743,0.2852727472782135,0.1459851711988449
1758804817439236900,4.83423681640625,0.037820082157850266,0.22157153487205505,0.14570607244968414
1758804817449193000,4.84419287109375,0.012123242020606995,0.19641318917274475,0.12515924870967865
1758804817459148800,4.854148681640625,-0.022609705105423927,0.20036877691745758,0.09792176634073257
1758804817469103900,4.864103759765625,-0.044388771057128906,0.2010881006717682,0.0748971477150917
1758804817479060000,4.87406005859375,-0.05136944726109505,0.20014001429080963,0.029648972675204277
1758804817489015800,4.884015869140625,-0.04096980392932892,0.19961191713809967,-0.03368952125310898
1758804817498972000,4.893971923828125,-0.016877783462405205,0.1916024535894394,-0.09250357002019882
1758804817508927700,4.903927734375,0.006970025133341551,0.19391994178295135,-0.12138395011425018
1758804817518883800,4.9138837890625,0.01685701124370098,0.23161911964416504,-0.1127379983663559
1758804817528840000,4.92383984375,0.006660033017396927,0.3043726682662964,-0.07237033545970917
1758804817538796000,4.933796142578125,-0.0007097324123606086,0.3726491928100586,-0.017176324501633644
1758804817548752000,4.943751953125,0.01010935939848423,0.41547495126724243,0.03840331360697746
1758804817558707000,4.95370703125,0.04313149303197861,0.44075047969818115,0.09100660681724548
1758804817568662800,4.963662841796875,0.09631109237670898,0.45230862498283386,0.13490454852581024
1758804817578619000,4.973618896484375,0.15824928879737854,0.4595625400543213,0.1695253849029541
1758804817588575000,4.983574951171875,0.21541883051395416,0.4612767994403839,0.19641637802124023
1758804817598530800,4.99353076171875,0.2630752921104431,0.44959938526153564,0.21027706563472748
1758804817608487000,5.00348681640625,0.29826605319976807,0.42575129866600037,0.20724879205226898
1758804817618442800,5.01344287109375,0.3149086833000183,0.40495336055755615,0.19497747719287872
1758804817628398800,5.02339892578125,0.3150109350681305,0.38248398900032043,0.1743459701538086
1758804817638354700,5.033354736328125,0.30225226283073425,0.3631044328212738,0.15043237805366516
1758804817648310800,5.043310791015625,0.280561625957489,0.359020471572876,0.12881310284137726
1758804817658265900,5.053265869140625,0.256802499294281,0.36260563135147095,0.11397583782672882
1758804817668222000,5.063221923828125,0.24631842970848083,0.36230549216270447,0.1034395694732666
1758804817678177800,5.073177734375,0.24449975788593292,0.35248056054115295,0.09201487898826599
1758804817688134000,5.0831337890625,0.24844762682914734,0.3222411572933197,0.0849284753203392
1758804817698089700,5.09308984375,0.25151026248931885,0.2619844675064087,0.08185864984989166
1758804817708046000,5.103046142578125,0.2558687925338745,0.1983831226825714,0.08177688717842102
1758804817718002000,5.113001953125,0.25230681896209717,0.1598128378391266,0.08221524208784103
1758804817727958000,5.1229580078125,0.2412794679403305,0.13397803902626038,0.09009580314159393
1758804817737913900,5.132913818359375,0.227214515209198,0.0887857973575592,0.09383008629083633
1758804817747870000,5.142869873046875,0.20142419636249542,0.06884404271841049,0.08774103969335556
1758804817757825000,5.152824951171875,0.1698119342327118,0.09959503263235092,0.07358314096927643
1758804817767780400,5.1627802734375,0.13032418489456177,0.13734693825244904,0.05932830274105072
1758804817777736400,5.172736328125,0.08486109226942062,0.1718926727771759,0.058336012065410614
1758804817787692300,5.1826923828125,0.04092000424861908,0.21413493156433105,0.06692390888929367
1758804817797648400,5.1926484375,0.00015579492901451886,0.24499110877513885,0.06913672387599945
1758804817807604200,5.202604248046875,-0.03328658267855644,0.25733113288879395,0.04767404496669769
1758804817817560300,5.212560302734375,-0.05319264903664589,0.2859979271888733,0.021268004551529884
1758804817827516400,5.222516357421875,-0.06318003684282303,0.311349093914032,-0.017943046987056732
1758804817837472500,5.232472412109375,-0.06387245655059814,0.2961919903755188,-0.05380411073565483
1758804817847428400,5.242428466796875,-0.06877613812685013,0.2538386583328247,-0.07588864117860794
1758804817857384400,5.252384521484375,-0.0852736160159111,0.22457905113697052,-0.0891362652182579
1758804817867339300,5.26233935546875,-0.10123927146196365,0.17783470451831818,-0.10780396312475204
1758804817877295600,5.272295654296875,-0.10741274058818817,0.0878201350569725,-0.13378575444221497
1758804817887251500,5.28225146484375,-0.11740013211965561,-0.02425500564277172,-0.15818829834461212
1758804817897207600,5.29220751953125,-0.1348198652267456,-0.11712183058261871,-0.17487195134162903
1758804817907163400,5.302163330078125,-0.16275349259376526,-0.19044451415538788,-0.16967745125293732
1758804817917119500,5.312119384765625,-0.18914808332920074,-0.26342764496803284,-0.1443779468536377
1758804817927075300,5.322075439453125,-0.20469774305820465,-0.36841344833374023,-0.12069019675254822
1758804817937031200,5.33203125,-0.21253836154937744,-0.488057017326355,-0.11092571914196014
1758804817946987300,5.3419873046875,-0.21865910291671753,-0.581604540348053,-0.08415216207504272
1758804817956943400,5.351943359375,-0.2127612680196762,-0.6225807666778564,-0.03299896419048309
1758804817966899500,5.3618994140625,-0.1708548367023468,-0.6585595011711121,0.01618003472685814
1758804817976854300,5.371854248046875,-0.09553398191928864,-0.7187528014183044,0.03930399566888809
1758804817986810400,5.381810302734375,-0.004800347611308098,-0.7882895469665527,0.0443594753742218
1758804817996766200,5.39176611328125,0.07910973578691483,-0.844674289226532,0.0390470027923584
1758804818006722600,5.40172265625,0.1390894502401352,-0.8834296464920044,0.018619224429130554
1758804818016678400,5.411678466796875,0.16587285697460175,-0.9084154367446899,-0.02412983775138855
1758804818026634500,5.421634521484375,0.16642360389232635,-0.9077983498573303,-0.07884527742862701
1758804818036590300,5.43159033203125,0.14565786719322205,-0.9129622578620911,-0.13016092777252197
1758804818046546400,5.44154638671875,0.11767150461673737,-0.9085416793823242,-0.16480599343776703
1758804818056502300,5.451502197265625,0.07202093303203583,-0.8823939561843872,-0.17869757115840912
1758804818066458400,5.461458251953125,0.01284842099994421,-0.8155949711799622,-0.1733992099761963
1758804818076414500,5.47141455078125,-0.043122969567775726,-0.7208881378173828,-0.15137380361557007
1758804818086370600,5.48137060546875,-0.09080766886472702,-0.6137638092041016,-0.11611701548099518
1758804818096325400,5.491325439453125,-0.1184917613863945,-0.5150817036628723,-0.06145590543746948
1758804818106281200,5.50128125,-0.13294686377048492,-0.43442946672439575,0.006647782865911722
1758804818116237300,5.5112373046875,-0.1367165744304657,-0.3528784215450287,0.08055396378040314
1758804818126193400,5.521193359375,-0.14023274183273315,-0.2675025463104248,0.15068991482257843
1758804818136149500,5.5311494140625,-0.1290607750415802,-0.201119527220726,0.21577464044094086
1758804818146105300,5.541105224609375,-0.10161291062831879,-0.14723792672157288,0.2712426781654358
1758804818156061400,5.5510615234375,-0.07044700533151627,-0.10860397666692734,0.31154483556747437
1758804818166017300,5.561017333984375,-0.04162334278225899,-0.09665463864803314,0.33162400126457214
1758804818175973400,5.570973388671875,-0.024205470457673073,-0.11339553445577621,0.33805713057518005
1758804818185929200,5.58092919921875,-0.0190754234790802,-0.1411595195531845,0.3365447223186493
1758804818195885300,5.59088525390625,-0.022658441215753555,-0.18540288507938385,0.3242127001285553
1758804818205841400,5.60084130859375,-0.03664003685116768,-0.2225143015384674,0.3090888559818268
1758804818215796500,5.61079638671875,-0.06511322408914566,-0.24214871227741241,0.2893678843975067
1758804818225752300,5.62075244140625,-0.09766504168510437,-0.2487746626138687,0.26210644841194153
1758804818235708400,5.63070849609375,-0.1280927211046219,-0.24640418589115143,0.22610902786254883
1758804818245664300,5.640664306640625,-0.14990854263305664,-0.2504391372203827,0.18109308183193207
1758804818255620400,5.650620361328125,-0.16126692295074463,-0.28315314650535583,0.1387813240289688
1758804818265576400,5.660576416015625,-0.16380837559700012,-0.3351987600326538,0.10556211322546005
1758804818275532500,5.670532470703125,-0.15799443423748016,-0.38176652789115906,0.08914745599031448
1758804818285488400,5.68048828125,-0.152589812874794,-0.40558505058288574,0.08490689843893051
1758804818295444500,5.690444580078125,-0.1467316597700119,-0.410981684923172,0.08153294026851654
1758804818305400300,5.700400390625,-0.1443590372800827,-0.4103321433067322,0.08105889707803726
1758804818315356400,5.7103564453125,-0.14454573392868042,-0.41507068276405334,0.07259830087423325
1758804818325312300,5.720312255859375,-0.1525551825761795,-0.42787089943885803,0.06048757955431938
1758804818335268600,5.7302685546875,-0.15954731404781342,-0.4444323182106018,0.058999404311180115
1758804818345224400,5.740224365234375,-0.16871072351932526,-0.47004765272140503,0.06745227426290512
1758804818355179300,5.75017919921875,-0.17888399958610535,-0.49554476141929626,0.07747109234333038
1758804818365135400,5.76013525390625,-0.19721080362796783,-0.49969184398651123,0.09097784012556076
1758804818375091200,5.77009130859375,-0.21753577888011932,-0.5001301765441895,0.10432161390781403
1758804818385047600,5.780047607421875,-0.24519138038158417,-0.4911974370479584,0.11228712648153305
1758804818395003400,5.79000341796875,-0.26984691619873047,-0.4674904942512512,0.11252202093601227
1758804818404959500,5.79995947265625,-0.29229843616485596,-0.427346795797348,0.11166287958621979
1758804818414915300,5.809915283203125,-0.3149765729904175,-0.3731807768344879,0.10262571275234222
1758804818424871400,5.819871337890625,-0.341086745262146,-0.3152037560939789,0.08921349793672562
1758804818434827300,5.8298271484375,-0.3568342924118042,-0.2486281841993332,0.07318046689033508
1758804818444783400,5.839783447265625,-0.3479505181312561,-0.1834864765405655,0.06040368974208832
1758804818454739500,5.849739501953125,-0.3217791020870209,-0.11109615862369537,0.04785194620490074
1758804818464695600,5.859695556640625,-0.28350308537483215,-0.03502349928021431,0.03774631395936012
1758804818474651400,5.8696513671875,-0.23291607201099396,0.035710860043764114,0.025422003120183945
1758804818484607500,5.879607421875,-0.1713120937347412,0.10399111360311508,0.006854976527392864
1758804818494562300,5.889562255859375,-0.11412044614553452,0.171403169631958,-0.014708904549479485
1758804818504518100,5.89951806640625,-0.06612709164619446,0.23988209664821625,-0.023255255073308945
1758804818514474500,5.909474609375,-0.025411883369088173,0.28984513878822327,0.008158859796822071
1758804818524430300,5.919430419921875,0.013134710490703583,0.3247394561767578,0.07585295289754868
1758804818534386400,5.929386474609375,0.0511942133307457,0.35924604535102844,0.15107713639736176
1758804818544342300,5.93934228515625,0.08969606459140778,0.3826834559440613,0.18543830513954163
1758804818554298400,5.94929833984375,0.13045334815979004,0.39131343364715576,0.17403890192508698
1758804818564254200,5.959254150390625,0.1679874062538147,0.3656029999256134,0.1411145180463791
1758804818574210300,5.969210205078125,0.2069835364818573,0.3041071593761444,0.11951121687889099
1758804818584166400,5.97916650390625,0.23417335748672485,0.23115891218185425,0.09689752012491226
1758804818594122500,5.98912255859375,0.2391100525856018,0.16896452009677887,0.06658834964036942
1758804818604078300,5.999078369140625,0.22268792986869812,0.14086976647377014,0.020594224333763123
1758804818614034400,6.009034423828125,0.19463393092155457,0.13535675406455994,-0.04536508396267891
1758804818623990300,6.018990234375,0.17367751896381378,0.15006007254123688,-0.12077728658914566
1758804818633945300,6.0289453125,0.1566186398267746,0.1751534342765808,-0.18890707194805145
1758804818643901400,6.0389013671875,0.13412931561470032,0.22269725799560547,-0.2424350082874298
1758804818653857500,6.048857421875,0.0983382910490036,0.2962646782398224,-0.2770691514015198
1758804818663813400,6.0588134765625,0.05595221370458603,0.3676352798938751,-0.29563483595848083
1758804818673769500,6.06876953125,0.00845766719430685,0.45505034923553467,-0.29401376843452454
1758804818683725300,6.078725341796875,-0.030779484659433365,0.5450729131698608,-0.27455538511276245
1758804818693681400,6.088681396484375,-0.05425577983260155,0.6173348426818848,-0.2383025884628296
1758804818703637200,6.09863720703125,-0.06233527883887291,0.6933742165565491,-0.18337488174438477
1758804818713593600,6.108593505859375,-0.0456596314907074,0.765403151512146,-0.11319419741630554
1758804818723549400,6.118549560546875,-0.004118045791983604,0.8087809681892395,-0.03975646570324898
1758804818733505500,6.128505615234375,0.048225853592157364,0.8385231494903564,0.030172815546393394
1758804818743461400,6.13846142578125,0.1022198423743248,0.8593575954437256,0.09116719663143158
1758804818753417500,6.14841748046875,0.14949068427085876,0.8557016253471375,0.13303154706954956
1758804818763373300,6.158373291015625,0.1888868361711502,0.8216765522956848,0.1616211235523224
1758804818773330700,6.16833056640625,0.22109615802764893,0.7605252861976624,0.1739502251148224
1758804818783286800,6.178286865234375,0.2485078126192093,0.6895424723625183,0.1751459836959839
1758804818793241900,6.188241943359375,0.26727059483528137,0.620830237865448,0.16826331615447998
1758804818803198000,6.198197998046875,0.2770558297634125,0.5578568577766418,0.15344761312007904
1758804818813153800,6.20815380859375,0.2816876173019409,0.5048136115074158,0.12777021527290344
1758804818823110000,6.21810986328125,0.27796369791030884,0.45139941573143005,0.0970945879817009
1758804818833065700,6.228065673828125,0.2725819945335388,0.3962743580341339,0.06121622025966644
1758804818843021800,6.238021728515625,0.26492565870285034,0.3381021320819855,0.02130741998553276
1758804818852977700,6.247977783203125,0.2568983733654022,0.28921955823898315,-0.02448670007288456
1758804818862933800,6.257933837890625,0.24483612179756165,0.2443556785583496,-0.06997668743133545
1758804818872889900,6.267889892578125,0.2257644236087799,0.2117905467748642,-0.11021359264850616
1758804818882846000,6.277845947265625,0.2010553479194641,0.19547894597053528,-0.14230947196483612
1758804818892801800,6.2878017578125,0.17648129165172577,0.17687250673770905,-0.1742013543844223
1758804818902757600,6.297757568359375,0.15079723298549652,0.144241064786911,-0.20604504644870758
1758804818912713700,6.307713623046875,0.1234859824180603,0.13660764694213867,-0.23327825963497162
1758804818922669600,6.317669677734375,0.09904269129037857,0.15743303298950195,-0.24933978915214539
1758804818932625700,6.327625732421875,0.078658327460289,0.1729411482810974,-0.2506740391254425
1758804818942581800,6.337581787109375,0.06334381550550461,0.18885406851768494,-0.23575474321842194
1758804818952537900,6.347537841796875,0.04543672502040863,0.21215194463729858,-0.22001998126506805
1758804818962492700,6.35749267578125,0.02930302731692791,0.24111434817314148,-0.20061352849006653
1758804818972448800,6.36744873046875,0.017707090824842453,0.25339818000793457,-0.18204064667224884
1758804818982404600,6.377404541015625,0.01703277975320816,0.23928821086883545,-0.1709882616996765
1758804818992360700,6.387360595703125,0.009187373332679272,0.2162976861000061,-0.17138133943080902
1758804819002316800,6.39731689453125,-0.014948856085538864,0.18320125341415405,-0.1886277049779892
1758804819012273000,6.40727294921875,-0.04043078050017357,0.126723051071167,-0.21220333874225616
1758804819022228700,6.417228759765625,-0.07034873217344284,0.05896691232919693,-0.23472222685813904
1758804819032184800,6.427184814453125,-0.10550165921449661,-0.01576458103954792,-0.2519369125366211
1758804819042140700,6.437140625,-0.14228923618793488,-0.08443072438240051,-0.2603445053100586
1758804819052096800,6.4470966796875,-0.17338483035564423,-0.1451987326145172,-0.2579372823238373
1758804819062052600,6.457052490234375,-0.19965985417366028,-0.17711326479911804,-0.24218520522117615
1758804819072009000,6.467009033203125,-0.2200484722852707,-0.18840347230434418,-0.20633558928966522
1758804819081964800,6.47696484375,-0.23123934864997864,-0.20480135083198547,-0.14638757705688477
1758804819091921000,6.4869208984375,-0.23041057586669922,-0.25683391094207764,-0.08186663687229156
1758804819101876700,6.496876708984375,-0.21353864669799805,-0.324721097946167,-0.02563026174902916
1758804819111832800,6.506832763671875,-0.19620519876480103,-0.36533138155937195,0.030104106292128563
1758804819121788700,6.51678857421875,-0.16768433153629303,-0.37049657106399536,0.08700014650821686
1758804819131744800,6.526744873046875,-0.12445857375860214,-0.37988847494125366,0.12533767521381378
1758804819141699800,6.536699951171875,-0.06923286616802216,-0.41878047585487366,0.13948732614517212
1758804819151655700,6.54665576171875,-0.002058357233181596,-0.47059521079063416,0.14181625843048096
1758804819161611800,6.55661181640625,0.06149798259139061,-0.5150367021560669,0.1404077112674713
1758804819171567600,6.566567626953125,0.1166997179389,-0.5555378198623657,0.12418000400066376
1758804819181523700,6.576523681640625,0.1453087329864502,-0.596538782119751,0.0840778574347496
1758804819191479800,6.586479736328125,0.1510036289691925,-0.6233240365982056,0.026279540732502937
1758804819201436000,6.596435791015625,0.13642069697380066,-0.6112865209579468,-0.01782000996172428
1758804819211391700,6.606391845703125,0.10368165373802185,-0.556793749332428,-0.034807249903678894
1758804819221347800,6.616347900390625,0.053876280784606934,-0.46570858359336853,-0.02328508161008358
1758804819231303700,6.6263037109375,-0.004820321686565876,-0.36979803442955017,-0.00012090751260984689
1758804819241259800,6.636259765625,-0.05627072975039482,-0.2772257328033447,0.03845391422510147
1758804819251215600,6.646215576171875,-0.09237653762102127,-0.18428435921669006,0.08317238092422485
1758804819261171700,6.656171630859375,-0.11020107567310333,-0.1249520555138588,0.13470721244812012
1758804819271127800,6.6661279296875,-0.11193399131298065,-0.10538501292467117,0.18829800188541412
1758804819281084000,6.676083984375,-0.1050150990486145,-0.09625755995512009,0.24358975887298584
1758804819291039700,6.686039794921875,-0.09354566037654877,-0.08744435757398605,0.2960210144519806
1758804819300995800,6.695995849609375,-0.07544948160648346,-0.09984830021858215,0.3345681428909302
1758804819310951700,6.70595166015625,-0.054609447717666626,-0.14136937260627747,0.35619086027145386
1758804819320907800,6.71590771484375,-0.03653350844979286,-0.19174359738826752,0.35985538363456726
1758804819330863600,6.725863525390625,-0.02738874778151512,-0.25432148575782776,0.34574782848358154
1758804819340818700,6.735818603515625,-0.036368660628795624,-0.31021326780319214,0.3232017457485199
1758804819350774800,6.74577490234375,-0.053411293774843216,-0.3622865676879883,0.29780131578445435
1758804819360730600,6.755730712890625,-0.07343000918626785,-0.40247899293899536,0.2725297808647156
1758804819370686700,6.765686767578125,-0.09675290435552597,-0.4090269207954407,0.24519963562488556
1758804819380642600,6.775642578125,-0.11382962763309479,-0.40123265981674194,0.2176806628704071
1758804819390598700,6.7855986328125,-0.11848323792219162,-0.40288805961608887,0.19379183650016785
1758804819400554800,6.7955546875,-0.11150655150413513,-0.40546414256095886,0.1786581575870514
1758804819410510800,6.8055107421875,-0.0956524908542633,-0.398165762424469,0.16984416544437408
1758804819420466700,6.815466796875,-0.08561503887176514,-0.38432422280311584,0.1618722528219223
1758804819430422800,6.8254228515625,-0.07449793815612793,-0.3771885633468628,0.15824076533317566
1758804819440378600,6.835378662109375,-0.07162172347307205,-0.3791571855545044,0.15176449716091156
1758804819450334700,6.845334716796875,-0.0767456442117691,-0.3821508288383484,0.14615507423877716
1758804819460290600,6.85529052734375,-0.08350474387407303,-0.3981923758983612,0.13092473149299622
1758804819470247000,6.865246826171875,-0.09742375463247299,-0.42352384328842163,0.1091318130493164
1758804819480824800,6.875824951171875,-0.12023453414440155,-0.4506334960460663,0.08199845999479294
1758804819490781000,6.885781005859375,-0.144952654838562,-0.4835440218448639,0.054980162531137466
1758804819500736800,6.89573681640625,-0.17407938838005066,-0.5132297277450562,0.0251008253544569
1758804819510692900,6.90569287109375,-0.20697075128555298,-0.5305091142654419,-0.005105812568217516
1758804819520648700,6.915648681640625,-0.23576219379901886,-0.5417418479919434,-0.032812539488077164
1758804819530604800,6.925604736328125,-0.2606731355190277,-0.5440680980682373,-0.05125466361641884
1758804819540560600,6.935560546875,-0.2711004614830017,-0.5092278122901917,-0.05447655916213989
1758804819550516700,6.945516845703125,-0.27425259351730347,-0.4491349160671234,-0.04084143787622452
1758804819560472800,6.955472900390625,-0.25988298654556274,-0.3748228847980499,-0.015402392484247684
1758804819570429000,6.965428955078125,-0.2407875806093216,-0.2831597924232483,0.016894826665520668
1758804819580384800,6.975384765625,-0.21426542103290558,-0.1910937875509262,0.04843437671661377
1758804819590340900,6.9853408203125,-0.18769985437393188,-0.12756994366645813,0.08209620416164398
1758804819600296700,6.995296630859375,-0.17045296728610992,-0.0841420441865921,0.10591551661491394
1758804819610252800,7.005252685546875,-0.16150234639644623,-0.026641463860869408,0.11881719529628754
1758804819620208600,7.015208740234375,-0.1443191021680832,0.023933295160531998,0.1184571385383606
1758804819630164700,7.025164794921875,-0.12802506983280182,0.06863605231046677,0.10658875852823257
1758804819640120800,7.035120849609375,-0.09436538070440292,0.11567600071430206,0.09408095479011536
1758804819650077000,7.045076904296875,-0.03621606156229973,0.15157514810562134,0.0825800970196724
1758804819660032800,7.05503271484375,0.01811535470187664,0.15139564871788025,0.05669736862182617
1758804819669987600,7.064987548828125,0.05185014754533768,0.1260162591934204,0.01258103922009468
1758804819679943700,7.074943603515625,0.05976799130439758,0.10155458748340607,-0.01125025749206543
1758804819689899800,7.084899658203125,0.044616736471652985,0.10286246240139008,-0.0031076427549123764
1758804819699856000,7.09485595703125,0.02760899066925049,0.11925102770328522,0.03502562642097473
1758804819709811700,7.104811767578125,0.022247781977057457,0.14695748686790466,0.08008737862110138
1758804819719767800,7.114767822265625,0.04295678809285164,0.16691628098487854,0.11362989246845245
1758804819729723600,7.1247236328125,0.0835108757019043,0.16070951521396637,0.13730140030384064
1758804819739679700,7.1346796875,0.14737214148044586,0.1281217485666275,0.1534223109483719
1758804819749635600,7.144635498046875,0.2165221869945526,0.09087877720594406,0.1784842610359192
1758804819759592000,7.154592041015625,0.26756298542022705,0.0908912867307663,0.2075105756521225
1758804819769547000,7.164547119140625,0.29502180218696594,0.12802854180335999,0.223011776804924
1758804819779503000,7.174503173828125,0.31300851702690125,0.17140477895736694,0.2081689089536667
1758804819789459000,7.184458984375,0.3099845051765442,0.2043643295764923,0.16815757751464844
1758804819799415000,7.1944150390625,0.29998165369033813,0.22744381427764893,0.1096511259675026
1758804819809371000,7.204370849609375,0.28119784593582153,0.2590020000934601,0.03586851805448532
1758804819819327200,7.2143271484375,0.24257083237171173,0.27685290575027466,-0.049746252596378326
1758804819829283000,7.224282958984375,0.18496878445148468,0.2929988503456116,-0.1424868404865265
1758804819839239200,7.2342392578125,0.09596115350723267,0.32751208543777466,-0.2282608598470688
1758804819849195000,7.244195068359375,-0.015857793390750885,0.39347031712532043,-0.2840231955051422
1758804819859151000,7.254151123046875,-0.10839039087295532,0.46980130672454834,-0.2760915160179138
1758804819869107000,7.26410693359375,-0.14878948032855988,0.5274438261985779,-0.20909090340137482
1758804819879063000,7.27406298828125,-0.14971625804901123,0.5879186391830444,-0.08852081000804901
1758804819889019100,7.28401904296875,-0.11492525041103363,0.6634719967842102,0.048537176102399826
1758804819898974000,7.293973876953125,-0.04760906472802162,0.7121681571006775,0.15685433149337769
1758804819908930000,7.303929931640625,0.05486085265874863,0.705414891242981,0.2214261293411255
1758804819918886000,7.313885986328125,0.16805025935173035,0.6412215232849121,0.2429170459508896
1758804819928842000,7.323842041015625,0.2729335427284241,0.5525489449501038,0.23831883072853088
1758804819938797800,7.3337978515625,0.3476567566394806,0.471468985080719,0.22624298930168152
1758804819948754200,7.343754150390625,0.38739752769470215,0.41833412647247314,0.21015696227550507
1758804819958710000,7.3537099609375,0.3980967700481415,0.39416301250457764,0.19151030480861664
1758804819968666000,7.363666015625,0.3901709318161011,0.3815223276615143,0.16846570372581482
1758804819978622000,7.3736220703125,0.3642890155315399,0.37190619111061096,0.1439659595489502
1758804819988578000,7.383578125,0.32919466495513916,0.3527226448059082,0.12210593372583389
1758804819998534000,7.393533935546875,0.29406705498695374,0.3414098024368286,0.10020649433135986
1758804820008490000,7.403489990234375,0.25845205783843994,0.33792585134506226,0.0829758420586586
1758804820018446000,7.413446044921875,0.2285519540309906,0.3260582685470581,0.06520776450634003
1758804820028402200,7.423402099609375,0.2043323665857315,0.31599685549736023,0.04525509476661682
1758804820038358000,7.43335791015625,0.18110907077789307,0.29833129048347473,0.023076556622982025
1758804820048314000,7.443314208984375,0.15799443423748016,0.2869020700454712,0.002040514023974538
1758804820058270000,7.45327001953125,0.1266556829214096,0.29156607389450073,-0.011412710882723331
1758804820068226000,7.46322607421875,0.08697617799043655,0.30661025643348694,-0.023937290534377098
1758804820078182000,7.473181884765625,0.05032335966825485,0.3138013482093811,-0.03554627671837807
1758804820088138000,7.483137939453125,0.020300744101405144,0.3076278567314148,-0.04766472429037094
1758804820098094000,7.493093994140625,-0.0057156761176884174,0.3007720708847046,-0.05553915724158287
1758804820108050200,7.50305029296875,-0.025780197232961655,0.2991129457950592,-0.06360773742198944
1758804820118006000,7.513006103515625,-0.03837002441287041,0.2952151298522949,-0.07467370480298996
1758804820127962000,7.522962158203125,-0.03850371763110161,0.27215030789375305,-0.08799190819263458
1758804820137917000,7.5329169921875,-0.035838425159454346,0.23532544076442719,-0.10873926430940628
1758804820147873000,7.542873046875,-0.03837268799543381,0.18542632460594177,-0.13738608360290527
1758804820157829000,7.5528291015625,-0.043583162128925323,0.11932586133480072,-0.1686055213212967
1758804820167785000,7.562784912109375,-0.0623970665037632,0.06060422584414482,-0.1884697824716568
1758804820177741000,7.572740966796875,-0.08816900849342346,0.006909305229783058,-0.1904088258743286
1758804820187697000,7.58269677734375,-0.11873623728752136,-0.03476064279675484,-0.18335624039173126
1758804820197653000,7.592653076171875,-0.1295100599527359,-0.08489678055047989,-0.17411081492900848
1758804820207608800,7.60260888671875,-0.13147281110286713,-0.13991129398345947,-0.16723985970020294
1758804820217565200,7.612565185546875,-0.12666286528110504,-0.1790003776550293,-0.14184847474098206
1758804820227521000,7.62252099609375,-0.11483896523714066,-0.20406657457351685,-0.09640243649482727
1758804820237477000,7.63247705078125,-0.09298000484704971,-0.2466782182455063,-0.05700283125042915
1758804820247433000,7.642432861328125,-0.07289444655179977,-0.30217716097831726,-0.03557796776294708
1758804820257389000,7.65238916015625,-0.051956407725811005,-0.3377913534641266,-0.013309946283698082
1758804820267345000,7.662344970703125,-0.024575117975473404,-0.3547370433807373,0.020427776500582695
1758804820277301000,7.672301025390625,0.021804364398121834,-0.400188148021698,0.03881504014134407
1758804820287256800,7.6822568359375,0.09660323709249496,-0.478712260723114,0.023085078224539757
1758804820297213200,7.692213134765625,0.18860773742198944,-0.5659395456314087,-0.021462414413690567
1758804820307169000,7.7021689453125,0.28249746561050415,-0.6870060563087463,-0.06703629344701767
1758804820317125000,7.712125,0.3439030349254608,-0.8005595207214355,-0.0962865874171257
1758804820327081000,7.7220810546875,0.3416611850261688,-0.8611152768135071,-0.11585389822721481
1758804820337037000,7.732037109375,0.3000394403934479,-0.849316418170929,-0.13738475739955902
1758804820346992000,7.7419921875,0.2336668223142624,-0.788637638092041,-0.1504795253276825
1758804820356948000,7.751947998046875,0.1491767019033432,-0.7017738223075867,-0.14903156459331512
1758804820366904000,7.761904052734375,0.058818843215703964,-0.5949656367301941,-0.12949220836162567
1758804820376860000,7.77185986328125,-0.019757725298404694,-0.47458356618881226,-0.09254457801580429
1758804820386816000,7.78181591796875,-0.0632210448384285,-0.3939523696899414,-0.05084666982293129
1758804820396771800,7.791771728515625,-0.0704730972647667,-0.3511292636394501,-0.005176652688533068
1758804820406728000,7.80172802734375,-0.06220718100667,-0.3166101574897766,0.04318768531084061
1758804820416684000,7.81168408203125,-0.051482632756233215,-0.26853424310684204,0.10431628674268723
1758804820426640100,7.82164013671875,-0.04516987502574921,-0.24545396864414215,0.16434846818447113
1758804820436596000,7.831595947265625,-0.031677503138780594,-0.2379438579082489,0.21215513348579407
1758804820446552000,7.841552001953125,-0.012731507420539856,-0.23071816563606262,0.24753868579864502
1758804820456508000,7.8515078125,0.0125424237921834,-0.2321930229663849,0.2719990313053131
1758804820466464000,7.861464111328125,0.03373665735125542,-0.2512117326259613,0.28419655561447144
1758804820476419800,7.871419921875,0.03647198900580406,-0.2723095417022705,0.28061196208000183
1758804820486376000,7.8813759765625,0.0140196792781353,-0.2719963490962982,0.2707390785217285
1758804820496332000,7.89133203125,-0.029162945225834846,-0.25218749046325684,0.25867682695388794
1758804820506288000,7.9012880859375,-0.07673046737909317,-0.23487137258052826,0.2422294169664383
1758804820516244000,7.911243896484375,-0.11603499203920364,-0.22226129472255707,0.2319331020116806
1758804820526200000,7.921199951171875,-0.14112116396427155,-0.21164993941783905,0.22157339751720428
1758804820536777000,7.93177685546875,-0.1597507894039154,-0.20570309460163116,0.21118760108947754
1758804820546732800,7.94173291015625,-0.16948330402374268,-0.18666228652000427,0.20386257767677307
1758804820556689000,7.95168896484375,-0.16957251727581024,-0.16982951760292053,0.20098210871219635
1758804820566645000,7.96164501953125,-0.16194389760494232,-0.1676473170518875,0.1992073804140091
1758804820576601000,7.97160107421875,-0.15038737654685974,-0.17523892223834991,0.1941114217042923
1758804820586557000,7.981556884765625,-0.14105725288391113,-0.20199570059776306,0.1783130168914795
1758804820596513000,7.991512939453125,-0.138358935713768,-0.23066623508930206,0.15245158970355988
1758804820606468900,8.00146875,-0.14479607343673706,-0.271860808134079,0.11669492721557617
1758804820616425000,8.011425048828125,-0.15774382650852203,-0.3187564015388489,0.07880426943302155
1758804820626380800,8.021380859375,-0.17475822567939758,-0.36056244373321533,0.0400688573718071
1758804820636337200,8.031337158203126,-0.19930937886238098,-0.3912942707538605,0.003209908027201891
1758804820646293000,8.04129296875,-0.22232787311077118,-0.4178800582885742,-0.028483306989073753
1758804820656249000,8.0512490234375,-0.24476979672908783,-0.4134778678417206,-0.05115319788455963
1758804820666205000,8.061204833984375,-0.26409661769866943,-0.39342451095581055,-0.06973566859960556
1758804820676161000,8.0711611328125,-0.27128928899765015,-0.3734281659126282,-0.08138806372880936
1758804820686116900,8.081116943359374,-0.27108901739120483,-0.3565085828304291,-0.08767685294151306
1758804820696073000,8.091072998046876,-0.25687652826309204,-0.3375844359397888,-0.09414487332105637
1758804820706029000,8.101029052734376,-0.2415873259305954,-0.3053250312805176,-0.11372390389442444
1758804820715985200,8.110985107421875,-0.21810543537139893,-0.26743197441101074,-0.14385676383972168
1758804820725940000,8.12093994140625,-0.1922631859779358,-0.24487605690956116,-0.18258072435855865
1758804820735896000,8.13089599609375,-0.16456763446331024,-0.23941364884376526,-0.22234278917312622
1758804820745852000,8.140851806640624,-0.14019039273262024,-0.23034745454788208,-0.26453205943107605
1758804820755808000,8.15080810546875,-0.12417174875736237,-0.20070381462574005,-0.3075719475746155
1758804820765764000,8.16076416015625,-0.11241921782493591,-0.13049302995204926,-0.3502994179725647
1758804820775719700,8.1707197265625,-0.10482627898454666,-0.033610690385103226,-0.3800988793373108
1758804820785675800,8.18067578125,-0.09927918016910553,0.08988088369369507,-0.3738657236099243
1758804820795631600,8.190631591796874,-0.09888769686222076,0.23059193789958954,-0.3187665343284607
1758804820805587700,8.200587646484376,-0.0972093716263771,0.3585781157016754,-0.22813169658184052
1758804820815543600,8.21054345703125,-0.07553736865520477,0.44946569204330444,-0.10668729990720749
1758804820825499600,8.220499755859375,-0.03338059410452843,0.5127514600753784,0.006138053722679615
1758804820835455700,8.230455810546875,0.022818762809038162,0.5560645461082458,0.08009590208530426
1758804820845411800,8.240411865234375,0.09404553472995758,0.5529590845108032,0.10672084987163544
1758804820855367700,8.25036767578125,0.16278359293937683,0.48668256402015686,0.10013805329799652
1758804820865323800,8.26032373046875,0.2196149080991745,0.39499393105506897,0.08471115678548813
1758804820875279600,8.270279541015626,0.26080575585365295,0.3193303346633911,0.07628171890974045
1758804820885235700,8.280235595703125,0.2880517542362213,0.2666623294353485,0.05626673623919487
1758804820895191600,8.290191650390625,0.30765795707702637,0.23172803223133087,0.01878300867974758
1758804820905147000,8.30014697265625,0.330846905708313,0.2304675579071045,-0.032892435789108276
1758804820915102700,8.310102783203124,0.35828545689582825,0.2548735737800598,-0.08679614961147308
1758804820925058600,8.32005859375,0.38407203555107117,0.2991400957107544,-0.12823545932769775
1758804820935014700,8.3300146484375,0.3894478976726532,0.3414763808250427,-0.15980111062526703
1758804820944970500,8.339970458984375,0.38818609714508057,0.41681480407714844,-0.18506360054016113
1758804820954926800,8.3499267578125,0.36472710967063904,0.47929441928863525,-0.20494168996810913
1758804820964882700,8.359882568359374,0.3338208496570587,0.5209880471229553,-0.22478170692920685
1758804820974838800,8.3698388671875,0.28786852955818176,0.5453136563301086,-0.24225391447544098
1758804820984794600,8.379794677734376,0.20716729760169983,0.576291561126709,-0.23308305442333221
1758804820994750700,8.389750732421875,0.102147676050663,0.6348273158073425,-0.19548800587654114
1758804821004706600,8.39970654296875,0.03822115436196327,0.7125335335731506,-0.14345675706863403
1758804821014662700,8.40966259765625,0.009267001412808895,0.7528623342514038,-0.08952855318784714
1758804821024618800,8.41961865234375,0.009643039666116238,0.7948883175849915,-0.05247492715716362
1758804821034574800,8.429574951171874,0.024807877838611603,0.8434337377548218,-0.02917519584298134
1758804821044530700,8.43953076171875,0.057012420147657394,0.8832914233207703,-0.010125071741640568
1758804821054486800,8.44948681640625,0.0943552628159523,0.9208553433418274,0.009309612214565277
1758804821064442600,8.459442626953125,0.13992168009281158,0.9389131665229797,0.022775087505578995
1758804821074398700,8.469398681640625,0.1829138845205307,0.948469340801239,0.033196836709976196
1758804821084354600,8.4793544921875,0.20625196397304535,0.9588364958763123,0.04308302327990532
1758804821094310000,8.489309814453126,0.23008379340171814,0.9603462815284729,0.05002082139253616
1758804821104265700,8.499265625,0.2406243234872818,0.9586107134819031,0.057981543242931366
1758804821114221800,8.509221923828125,0.23684370517730713,0.9440426826477051,0.0680653378367424
1758804821124177700,8.519177734375,0.22021040320396423,0.9141294956207275,0.07058655470609665
1758804821134133800,8.5291337890625,0.1964653879404068,0.8822842240333557,0.06579738855361938
1758804821144089600,8.539089599609374,0.16825957596302032,0.8469089269638062,0.04877925664186478
1758804821154045700,8.549045654296876,0.14458701014518738,0.7888381481170654,0.02569098211824894
1758804821164001800,8.559001708984376,0.11878737062215805,0.7105156779289246,-0.011972772888839245
1758804821173958000,8.5689580078125,0.0985710471868515,0.6230350732803345,-0.06381812691688538
1758804821183913700,8.578913818359375,0.08739429712295532,0.5266206860542297,-0.11037897318601608
1758804821193869800,8.588869873046875,0.08976051211357117,0.4359341561794281,-0.14249403774738312
1758804821203825700,8.59882568359375,0.11079495400190353,0.3354584276676178,-0.17127294838428497
1758804821213781800,8.60878173828125,0.14221332967281342,0.2056463658809662,-0.20263992249965668
1758804821223737600,8.618737548828125,0.16120433807373047,0.09366603940725327,-0.251570463180542
1758804821233693700,8.628693603515625,0.16226480901241302,0.025399100035429,-0.3195907771587372
1758804821243649800,8.63864990234375,0.1551017016172409,-0.019583821296691895,-0.37392139434814453
1758804821253605600,8.648605712890625,0.1419086754322052,-0.027102457359433174,-0.39898228645324707
1758804821263561700,8.658561767578124,0.10797813534736633,-0.013173325918614864,-0.3889418840408325
1758804821273517600,8.668517578125,0.0658852756023407,0.0058094197884202,-0.35424357652664185
1758804821283473700,8.6784736328125,0.02533704787492752,0.01495151873677969,-0.3029031455516815
1758804821293429500,8.688429443359375,0.004800347611308098,-0.021097561344504356,-0.2501656413078308
1758804821303385900,8.6983857421875,0.0039012646302580833,-0.09869914501905441,-0.2105063647031784
1758804821313340700,8.708340576171874,0.014172278344631195,-0.18395811319351196,-0.18822316825389862
1758804821323296800,8.718296875,0.020724719390273094,-0.2362479567527771,-0.16728299856185913
1758804821333252600,8.728252685546876,0.016979249194264412,-0.2522522211074829,-0.1376422792673111
1758804821343208700,8.738208740234375,0.0002812298189383,-0.24019582569599152,-0.09539869427680969
1758804821353164800,8.748164794921875,-0.028180506080389023,-0.19791680574417114,-0.04920669272542
1758804821363121000,8.758120849609375,-0.05909581109881401,-0.1651487499475479,0.011445201002061367
1758804821373076700,8.76807666015625,-0.0811861976981163,-0.17173314094543457,0.060683052986860275
1758804821383032800,8.77803271484375,-0.09975908696651459,-0.23812974989414215,0.08245546370744705
1758804821392988700,8.78798876953125,-0.10627291351556778,-0.32493308186531067,0.1005559042096138
1758804821402944800,8.79794482421875,-0.09335817396640778,-0.46991023421287537,0.12650388479232788
1758804821412900600,8.807900634765625,-0.04037032648921013,-0.7304829955101013,0.12915025651454926
1758804821422856700,8.817856689453125,0.02352556586265564,-1.0286818742752075,0.09825120121240616
1758804821432812800,8.827812744140624,0.06334275007247925,-1.189150094985962,0.05630747973918915
1758804821442769000,8.837768798828124,0.06395341455936432,-1.1752103567123413,0.02618260122835636
1758804821452724700,8.847724853515626,0.050566237419843674,-1.1222385168075562,0.003638144349679351
1758804821462680800,8.857680908203125,0.045341648161411285,-1.0885330438613892,-0.024633174762129784
1758804821472636700,8.86763671875,0.020417124032974243,-1.0510202646255493,-0.0609765350818634
1758804821482592800,8.8775927734375,-0.025131985545158386,-0.9832190871238708,-0.08941429853439331
1758804821492548600,8.887548583984374,-0.07880879193544388,-0.8868643045425415,-0.10373598337173462
1758804821502504700,8.897504638671874,-0.12522876262664795,-0.8018019199371338,-0.10066855698823929
1758804821512460800,8.907460693359376,-0.17169931530952454,-0.7125918865203857,-0.07484041899442673
1758804821522417000,8.9174169921875,-0.20723120868206024,-0.59654700756073,-0.027415646240115166
1758804821532372700,8.927372802734375,-0.22482086718082428,-0.4811304211616516,0.033975012600421906
1758804821542328800,8.937328857421875,-0.22339341044425964,-0.37442392110824585,0.098290354013443
1758804821552284700,8.94728466796875,-0.1954784244298935,-0.27226293087005615,0.16279131174087524
1758804821562240500,8.957240478515626,-0.16524222493171692,-0.2076123207807541,0.2161322981119156
1758804821572195800,8.96719580078125,-0.12473314255475998,-0.16224749386310577,0.26421621441841125
1758804821582151700,8.977151611328125,-0.08990192413330078,-0.12408173084259033,0.3069301247596741
1758804821592107800,8.987107666015625,-0.06071368232369423,-0.07995075732469559,0.34390944242477417
1758804821602063600,8.997063720703125,-0.0345931313931942,-0.055752210319042206,0.36612287163734436
1758804821612019700,9.007019775390624,-0.00869335699826479,-0.07318846136331558,0.3625907003879547
1758804821621975600,9.0169755859375,0.005043760873377323,-0.14328552782535553,0.33801478147506714
1758804821631932000,9.026931884765625,0.0016298545524477959,-0.22766751050949097,0.29687508940696716
1758804821641887700,9.0368876953125,-0.005273858085274696,-0.32129228115081787,0.25872182846069336
1758804821651843800,9.04684375,-0.02117426134645939,-0.3844882845878601,0.22035767138004303
1758804821661799700,9.056799560546875,-0.022289060056209564,-0.4172033667564392,0.18813475966453552
1758804821671755800,9.066755859375,-0.003961718175560236,-0.4229848086833954,0.1639644354581833
1758804821681711600,9.076711669921876,0.017665812745690346,-0.40884795784950256,0.14694923162460327
1758804821691667700,9.086667724609375,0.03826776146888733,-0.37538135051727295,0.13658128678798676
1758804821701623600,9.09662353515625,0.04782504588365555,-0.3465084135532379,0.12948955595493317
1758804821711580000,9.106579833984375,0.04301990568637848,-0.3467124104499817,0.116062693297863
1758804821721535700,9.11653564453125,0.030131004750728607,-0.3808509409427643,0.08892986923456192
1758804821731491800,9.126491943359374,-0.005666141398251057,-0.43338632583618164,0.050333477556705475
1758804821741447700,9.13644775390625,-0.06484557688236237,-0.4646611511707306,0.003835750976577401
1758804821751403800,9.14640380859375,-0.12801948189735413,-0.4448549449443817,-0.03621206805109978
1758804821761359600,9.156359619140625,-0.17166709899902344,-0.4204854369163513,-0.06575131416320801
1758804821771315500,9.1663154296875,-0.1949031800031662,-0.41472741961479187,-0.08361659944057465
1758804821781271600,9.176271484375,-0.20691563189029694,-0.4044997990131378,-0.09407563507556915
1758804821791227400,9.186227294921874,-0.2195129096508026,-0.3694518208503723,-0.09925627708435059
1758804821801183500,9.19618359375,-0.23181724548339844,-0.3217918872833252,-0.09643492847681046
1758804821811139300,9.206139404296875,-0.24611496925354004,-0.262709379196167,-0.09787915647029877
1758804821821095200,9.21609521484375,-0.2574882507324219,-0.2172284573316574,-0.10023925453424454
1758804821831051300,9.22605126953125,-0.26803332567214966,-0.18797603249549866,-0.10075031220912933
1758804821841007400,9.23600732421875,-0.274954617023468,-0.1676875352859497,-0.10855257511138916
1758804821850963500,9.24596337890625,-0.2617591619491577,-0.15768124163150787,-0.123199962079525
1758804821860919300,9.255919189453126,-0.23153814673423767,-0.13851873576641083,-0.14011768996715546
1758804821870874400,9.265874267578125,-0.2057049572467804,-0.11078882962465286,-0.16257134079933167
1758804821880830200,9.275830322265625,-0.16872510313987732,-0.06580165028572083,-0.18456585705280304
1758804821890786300,9.285786376953125,-0.13487233221530914,-0.00436039362102747,-0.208612859249115
1758804821900742400,9.295742431640624,-0.09667221456766129,0.08281712234020233,-0.22024528682231903
1758804821910698500,9.305698486328126,-0.08236757665872574,0.1775020807981491,-0.207807257771492
1758804821920654300,9.315654296875,-0.06996097415685654,0.28155097365379333,-0.14834792912006378
1758804821930610400,9.3256103515625,-0.0634056031703949,0.3609270453453064,-0.05601426586508751
1758804821940566300,9.335566162109375,-0.05601133778691292,0.4137798547744751,0.04884530231356621
1758804821950522400,9.3455224609375,-0.04288914427161217,0.4624536633491516,0.13003362715244293
1758804821960478200,9.355478271484374,-0.026851853355765343,0.5162758827209473,0.18210428953170776
1758804821970434300,9.365434326171876,-0.01641998626291752,0.5479653477668762,0.2165277749300003
1758804821980390400,9.375390380859375,0.008129299618303776,0.5401660203933716,0.24174737930297852
1758804821990346500,9.385346435546875,0.023927703499794006,0.5107482075691223,0.25664857029914856
1758804822000302300,9.39530224609375,0.03280854597687721,0.4814622402191162,0.25608396530151367
1758804822010258400,9.405258544921875,0.041673678904771805,0.44122934341430664,0.2447250634431839
1758804822020214300,9.41521435546875,0.049861032515764236,0.384499728679657,0.21608595550060272
1758804822030170400,9.42517041015625,0.061942197382450104,0.3163473308086395,0.1570250391960144
1758804822040126200,9.435126220703125,0.07194875925779343,0.2673347592353821,0.07085446268320084
1758804822050082600,9.44508251953125,0.08583208173513412,0.25307008624076843,-0.015221030451357365
1758804822060038400,9.455038330078125,0.0934780165553093,0.25411295890808105,-0.09264657646417618
1758804822069994500,9.464994384765625,0.0963936448097229,0.2614121735095978,-0.1545453667640686
1758804822079950300,9.474950439453124,0.08267410844564438,0.26868951320648193,-0.19558919966220856
1758804822089906400,9.484906494140626,0.06192781776189804,0.30885183811187744,-0.20714892446994781
1758804822099862300,9.4948623046875,0.020780112594366074,0.36197444796562195,-0.1893582046031952
1758804822109818400,9.504818359375,-0.02877066098153591,0.4178134799003601,-0.1410956084728241
1758804822119774500,9.5147744140625,-0.06476355344057083,0.47855618596076965,-0.07738693058490753
1758804822129730300,9.524730224609375,-0.07602472603321075,0.5078358054161072,-0.007809720002114773
1758804822139686400,9.534686279296874,-0.06519205123186111,0.5218600034713745,0.0514938160777092
1758804822149642200,9.544642333984376,-0.035717517137527466,0.5413663387298584,0.09200689196586609
1758804822159598300,9.554598388671875,0.008865130133926868,0.5664887428283691,0.12781575322151184
1758804822169554200,9.56455419921875,0.06208920478820801,0.5897996425628662,0.16556739807128906
1758804822179510300,9.57451025390625,0.11467092484235764,0.605729877948761,0.19939087331295013
1758804822189466000,9.584466064453125,0.15646018087863922,0.5985414385795593,0.21819224953651428
1758804822199422500,9.59442236328125,0.18635442852973938,0.5746632814407349,0.22342084348201752
1758804822209378300,9.60437841796875,0.19811893999576569,0.5428252220153809,0.21057401597499847
1758804822219334400,9.61433447265625,0.19556470215320587,0.4953058958053589,0.19466029107570648
1758804822229290200,9.624290283203125,0.18084195256233215,0.45192405581474304,0.174541175365448
1758804822239246300,9.634246337890625,0.16343232989311218,0.412960410118103,0.1569153070449829
1758804822249202200,9.6442021484375,0.1604250967502594,0.380868524312973,0.13879063725471497
1758804822259158300,9.654158203125,0.16679483652114868,0.3608889579772949,0.12080897390842438
1758804822269114400,9.6641142578125,0.17141249775886536,0.3614111840724945,0.10190506279468536
1758804822279070500,9.674070556640626,0.1711355298757553,0.37395229935646057,0.08139179646968842
1758804822289026300,9.6840263671875,0.16210821270942688,0.392564594745636,0.05861937254667282
1758804822298981400,9.6939814453125,0.153357595205307,0.4130229949951172,0.03431190177798271
1758804822308937200,9.703937255859374,0.14383360743522644,0.4294227361679077,0.014718758873641491
1758804822318893300,9.713893310546876,0.12875904142856598,0.4468965232372284,-0.0027174896094948053
1758804822328849400,9.723849365234376,0.11704219877719879,0.4653596878051758,-0.02027118392288685
1758804822338805500,9.733805419921875,0.10034924000501633,0.47260695695877075,-0.04128778353333473
1758804822348761300,9.74376123046875,0.08288343250751495,0.47749972343444824,-0.06018983572721481
1758804822358717400,9.753717529296875,0.0681937038898468,0.4805431663990021,-0.07805752009153366
1758804822368673300,9.76367333984375,0.05150553584098816,0.4911489486694336,-0.09011924266815186
1758804822378629400,9.77362939453125,0.03984728083014488,0.5057244300842285,-0.09602879732847214
1758804822388585200,9.783585205078126,0.02961408533155918,0.5079936981201172,-0.09756676852703094
1758804822398541600,9.79354150390625,0.018909774720668793,0.49716582894325256,-0.0907682552933693
1758804822408497400,9.803497314453125,0.0037004624027758837,0.4717600643634796,-0.07846710830926895
1758804822418453500,9.81345361328125,-0.010598582215607166,0.4193565249443054,-0.06155124679207802
1758804822428409300,9.823409423828124,-0.03548901900649071,0.35208266973495483,-0.047795217484235764
1758804822438365400,9.833365478515624,-0.05794106423854828,0.3214627206325531,-0.032405078411102295
1758804822448321300,9.8433212890625,-0.05416683107614517,0.3037777245044708,-0.018453309312462807
1758804822458277000,9.853277099609375,-0.044917941093444824,0.25351482629776,-0.01098633836954832
1758804822468233500,9.8632333984375,-0.004814994987100363,0.18145661056041718,-0.009730124846100807
1758804822478189300,9.873189208984375,0.03206659108400345,0.09765411913394928,-0.01726527325809002
1758804822488145400,9.8831455078125,0.06396220624446869,0.02076093852519989,-0.030824491754174232
1758804822498101200,9.893101318359374,0.08472101390361786,-0.04759681224822998,-0.03597477823495865
1758804822508057300,9.903057373046876,0.0914313793182373,-0.08272363990545273,-0.03003006987273693
1758804822518013200,9.91301318359375,0.09429614245891571,-0.10062061995267868,-0.024448884651064873
1758804822527969300,9.92296923828125,0.09790099412202835,-0.12583516538143158,-0.036182504147291183
1758804822537925000,9.932925048828125,0.10513573884963989,-0.13805720210075378,-0.04848604276776314
1758804822547881500,9.942881591796874,0.11187539994716644,-0.11577879637479782,-0.040642235428094864
1758804822557837300,9.95283740234375,0.1303609311580658,-0.07681861519813538,-0.028547221794724464
1758804822567793400,9.96279345703125,0.17034856975078583,-0.06983953714370728,-0.01743997633457184
1758804822577749200,9.972749267578125,0.216586634516716,-0.11966381967067719,-0.026519758626818657
1758804822587705300,9.982705322265625,0.2589804232120514,-0.19858074188232422,-0.0482783168554306
1758804822597661200,9.9926611328125,0.2854490578174591,-0.27421265840530396,-0.0782250314950943
1758804822607617300,10.0026171875,0.28739821910858154,-0.33157607913017273,-0.1160416528582573
1758804822617573400,10.012573486328124,0.27194416522979736,-0.3745488226413727,-0.15493498742580414
1758804822627529500,10.022529541015626,0.24374182522296906,-0.4074247479438782,-0.1858161985874176
1758804822637485300,10.0324853515625,0.20871272683143616,-0.40652862191200256,-0.1957777589559555
1758804822647441400,10.04244140625,0.16828913986682892,-0.3929440975189209,-0.18694192171096802
1758804822657397200,10.052397216796875,0.1272927075624466,-0.3743445873260498,-0.16592079401016235
1758804822667353300,10.062353271484374,0.0711362287402153,-0.36180534958839417,-0.14310762286186218
1758804822677309200,10.07230908203125,0.006809703074395657,-0.34565114974975586,-0.1185157299041748
1758804822687265300,10.082265380859376,-0.062493469566106796,-0.321735680103302,-0.09164922684431076
1758804822697221400,10.092221435546875,-0.12141644209623337,-0.2978663146495819,-0.05585740506649017
1758804822707177500,10.102177490234375,-0.16741828620433807,-0.28111663460731506,0.0006072007236070931
1758804822717133300,10.11213330078125,-0.19651785492897034,-0.26050108671188354,0.06866241991519928
1758804822727089400,10.12208935546875,-0.2087305784225464,-0.24526701867580414,0.13405659794807434
1758804822737045200,10.132045166015626,-0.20187853276729584,-0.25223997235298157,0.18309925496578217
1758804822747001300,10.14200146484375,-0.181001216173172,-0.2714674472808838,0.2124938815832138
1758804822756957200,10.151957275390625,-0.1443134993314743,-0.2907026708126068,0.24025894701480865
1758804822766913500,10.16191357421875,-0.11133025586605072,-0.30661478638648987,0.2714488208293915
1758804822776870000,10.171869873046875,-0.08706539124250412,-0.3145345151424408,0.29649585485458374
1758804822786825700,10.18182568359375,-0.07355251163244247,-0.31989145278930664,0.3101924955844879
1758804822796781800,10.19178173828125,-0.07330510765314102,-0.3282090425491333,0.3133467435836792
1758804822806737700,10.201737548828126,-0.07609742879867554,-0.33030176162719727,0.3168104290962219
1758804822816693800,10.21169384765625,-0.08484884351491928,-0.3200850486755371,0.31675317883491516
1758804822826649600,10.221649658203125,-0.09322874993085861,-0.30134227871894836,0.32109972834587097
1758804822836605700,10.231605712890625,-0.1002243384718895,-0.27908915281295776,0.3207060992717743
1758804822846561800,10.241561767578125,-0.09149342775344849,-0.2717723846435547,0.31091660261154175
1758804822856518000,10.251517822265624,-0.0747581273317337,-0.2940545380115509,0.2984367609024048
1758804822866473700,10.2614736328125,-0.05410264804959297,-0.32949134707450867,0.27945348620414734
1758804822876429800,10.271429931640625,-0.04083877429366112,-0.36565467715263367,0.25557130575180054
1758804822886385700,10.2813857421875,-0.036667466163635254,-0.39750394225120544,0.2285815179347992
1758804822896341800,10.291341796875,-0.04722902923822403,-0.4368867874145508,0.20000259578227997
1758804822906297600,10.301297607421875,-0.06288176029920578,-0.4577755630016327,0.161163330078125
1758804822916253700,10.311253662109374,-0.0868544727563858,-0.47488290071487427,0.12698164582252502
1758804822926209800,10.321209716796876,-0.11640437692403793,-0.4911995530128479,0.09760671854019165
1758804822936166000,10.331165771484375,-0.14630474150180817,-0.49713414907455444,0.06596037745475769
1758804822946121700,10.341121826171875,-0.17094245553016663,-0.5039068460464478,0.046054042875766754
1758804822956076500,10.35107666015625,-0.19978848099708557,-0.4902338981628418,0.03725602477788925
1758804822966033700,10.36103369140625,-0.22587653994560242,-0.4452429711818695,0.03470391780138016
1758804822975988700,10.37098876953125,-0.23993003368377686,-0.3928399682044983,0.0369470976293087
1758804822985944800,10.38094482421875,-0.23844292759895325,-0.3378014862537384,0.04649879410862923
1758804822995900700,10.390900634765625,-0.2380242794752121,-0.2691478431224823,0.05378014221787453
1758804823005856800,10.400856689453125,-0.2293327897787094,-0.20759740471839905,0.04980484023690224
1758804823015812600,10.4108125,-0.2070208191871643,-0.1579291820526123,0.036984916776418686
1758804823025768700,10.420768798828124,-0.17917534708976746,-0.13470348715782166,0.0249069482088089
1758804823035724500,10.430724609375,-0.13685078918933868,-0.13528192043304443,0.0027206854429095984
1758804823045680600,10.4406806640625,-0.09041671454906464,-0.13971449434757233,-0.0331619493663311
1758804823055636700,10.45063671875,-0.045998651534318924,-0.1504310518503189,-0.07825671881437302
1758804823065592800,10.4605927734375,-0.012440957129001617,-0.1583329141139984,-0.12958675622940063
1758804823075548700,10.470548583984375,0.0013078784104436636,-0.15654779970645905,-0.18917019665241241
1758804823085504800,10.4805048828125,0.0019174759509041905,-0.1364302784204483,-0.2475099265575409
1758804823095460600,10.490460693359376,-0.007948736660182476,-0.0804346576333046,-0.28418511152267456
1758804823105416700,10.500416748046876,-0.027286747470498085,-0.0005044027348048985,-0.2767604887485504
1758804823115372500,10.51037255859375,-0.04272615909576416,0.08037792891263962,-0.22853250801563263
1758804823125329000,10.520328857421875,-0.03945606201887131,0.11943931132555008,-0.14968137443065643
1758804823135284700,10.53028466796875,-0.025664882734417915,0.14461363852024078,-0.07822902500629425
1758804823145240800,10.54024072265625,-0.007481618318706751,0.17935937643051147,-0.03331481292843819
1758804823155196700,10.55019677734375,0.028062527999281883,0.2098802626132965,-0.007441937457770109
1758804823165152800,10.56015283203125,0.09105906635522842,0.18077723681926727,0.009103217162191868
1758804823175108600,10.570108642578125,0.1567872166633606,0.11879349499940872,0.02002537250518799
1758804823185064700,10.580064697265625,0.20375898480415344,0.07410938292741776,0.03524986654520035
1758804823195020800,10.590020751953125,0.21103820204734802,0.05271141603589058,0.04033277556300163
1758804823204977000,10.599976806640624,0.1950128972530365,0.04309394210577011,0.027361849322915077
1758804823214932700,10.6099326171875,0.16560228168964386,0.04391179606318474,-0.006118878722190857
1758804823224888800,10.619888916015626,0.13998107612133026,0.054722633212804794,-0.06307670474052429
1758804823234844700,10.6298447265625,0.11954690515995026,0.08038751780986786,-0.13812750577926636
1758804823244800800,10.63980078125,0.1000235378742218,0.11097338795661926,-0.2069648951292038
1758804823254756600,10.649756591796875,0.06735347211360931,0.14739371836185455,-0.2648037075996399
1758804823264712700,10.659712646484374,0.026186596602201462,0.20447804033756256,-0.30158835649490356
1758804823274668800,10.669668701171876,-0.0266563780605793,0.26301538944244385,-0.307162344455719
1758804823284625000,10.679625,-0.07195089012384415,0.33451327681541443,-0.2911072075366974
1758804823294580700,10.689580810546875,-0.09761683642864227,0.41711440682411194,-0.25872236490249634
1758804823304536800,10.699536865234375,-0.09407350420951843,0.5054559707641602,-0.2178013026714325
1758804823314492700,10.70949267578125,-0.06710606813430786,0.5904558300971985,-0.1695176661014557
1758804823324448800,10.71944873046875,-0.028053738176822662,0.6564492583274841,-0.12772972881793976
1758804823334404600,10.729404541015626,0.014336595311760902,0.6960490942001343,-0.08849870413541794
1758804823344360700,10.739360595703126,0.05092070624232292,0.7144632935523987,-0.047689225524663925
1758804823354316800,10.74931689453125,0.07541246712207794,0.7317679524421692,-0.010102701373398304
1758804823364273000,10.75927294921875,0.09214803576469421,0.746658205986023,0.02274446003139019
1758804823374228700,10.769228759765625,0.10617490857839584,0.7469930052757263,0.047687891870737076
1758804823384184800,10.779184814453124,0.12187717109918594,0.7245244383811951,0.06687863171100616
1758804823394140700,10.789140625,0.13775652647018433,0.6956453919410706,0.08365467935800552
1758804823404718600,10.799718505859374,0.1581108123064041,0.6540113687515259,0.09737608581781387
1758804823414674700,10.8096748046875,0.17675000429153442,0.605816662311554,0.10417193919420242
1758804823424630500,10.819630615234376,0.19164159893989563,0.5554797649383545,0.10653549432754517
1758804823434587000,10.8295869140625,0.20422478020191193,0.5015310049057007,0.10190559178590775
1758804823444542700,10.839542724609375,0.2127189189195633,0.43730437755584717,0.0927986428141594
1758804823454498800,10.849498779296875,0.2104073017835617,0.36684831976890564,0.07953344285488129
1758804823464454700,10.85945458984375,0.20046785473823547,0.30616793036460876,0.05541878566145897
1758804823474410800,10.86941064453125,0.19327491521835327,0.2565598785877228,0.026568759232759476
1758804823484366600,10.87936669921875,0.190679132938385,0.22367224097251892,-0.0019837887957692146
1758804823494322700,10.88932275390625,0.19512581825256348,0.20189344882965088,-0.023753000423312187
1758804823504278800,10.89927880859375,0.20292328298091888,0.19204267859458923,-0.042148519307374954
1758804823514235000,10.90923486328125,0.20085054636001587,0.19484326243400574,-0.06059437245130539
1758804823524190700,10.919190673828124,0.2003147155046463,0.19151003658771515,-0.07467104494571686
1758804823534146800,10.929146728515626,0.18886739015579224,0.19058538973331451,-0.0860174372792244
1758804823544102700,10.9391025390625,0.16812562942504883,0.19948408007621765,-0.09509003162384033
1758804823554058800,10.949058837890625,0.14527356624603271,0.19864358007907867,-0.10190266370773315
1758804823564014600,10.9590146484375,0.122873455286026,0.18391337990760803,-0.10901117324829102
1758804823573970700,10.968970703125,0.1022787019610405,0.1688113957643509,-0.12048806250095367
1758804823583926800,10.9789267578125,0.08800149708986282,0.16235242784023285,-0.1405683010816574
1758804823593883000,10.9888828125,0.07521246373653412,0.14615267515182495,-0.16958875954151154
1758804823603838700,10.998838623046876,0.0678379014134407,0.12331447750329971,-0.21313118934631348
1758804823613794800,11.008794921875,0.06511801481246948,0.08989393711090088,-0.25920093059539795
1758804823623750700,11.018750732421875,0.05639589950442314,0.05769871547818184,-0.28815507888793945
1758804823633706800,11.028706787109375,0.03044339269399643,0.04020387679338455,-0.3191191256046295
1758804823643662600,11.03866259765625,0.0014506238512694836,0.03179255127906799,-0.35380733013153076
1758804823653618700,11.04861865234375,-0.02912033535540104,0.000993891735561192,-0.37760454416275024
1758804823663574800,11.05857470703125,-0.055747952312231064,-0.024770326912403107,-0.3869287967681885
1758804823673531000,11.06853076171875,-0.09310304373502731,-0.03190706670284271,-0.3869759440422058
1758804823683486700,11.07848681640625,-0.1278996467590332,-0.04777098447084427,-0.38674238324165344
1758804823693442800,11.08844287109375,-0.15228115022182465,-0.08822653442621231,-0.38803988695144653
1758804823703398700,11.098398681640624,-0.1631268709897995,-0.12968476116657257,-0.3761765658855438
1758804823713354800,11.108354736328126,-0.17539525032043457,-0.14892396330833435,-0.3393181562423706
1758804823723310600,11.118310546875,-0.18617306649684906,-0.16271008551120758,-0.28786641359329224
1758804823733267000,11.128266845703125,-0.19324935972690582,-0.2142648845911026,-0.24776479601860046
1758804823743222800,11.138222900390625,-0.1767321676015854,-0.26486921310424805,-0.20125001668930054
1758804823753179000,11.148178955078125,-0.15127527713775635,-0.2784217596054077,-0.13899463415145874
1758804823763134700,11.158134765625,-0.1001705452799797,-0.27826517820358276,-0.07591420412063599
1758804823773091300,11.16809130859375,-0.031366977840662,-0.29870253801345825,-0.029994916170835495
1758804823783047200,11.178047119140626,0.043168507516384125,-0.3417759835720062,-0.001990979304537177
1758804823793003300,11.188003173828125,0.10537648946046829,-0.36264529824256897,0.013361611403524876
1758804823802959000,11.197958984375,0.14486370980739594,-0.37163135409355164,0.01212697010487318
1758804823812915200,11.207915283203125,0.1580684632062912,-0.3845279812812805,-0.006603308022022247
1758804823822871300,11.217871337890625,0.1492118537425995,-0.3889821171760559,-0.04066194221377373
1758804823832827400,11.227827392578124,0.1282445192337036,-0.3801742196083069,-0.07151439785957336
1758804823842783200,11.237783203125,0.09089848399162292,-0.37010428309440613,-0.09819500893354416
1758804823852739300,11.2477392578125,0.040954623371362686,-0.36257660388946533,-0.11754979938268661
1758804823862695200,11.257695068359375,-0.012396748177707195,-0.3491896986961365,-0.1194251999258995
1758804823872651300,11.2676513671875,-0.06119464710354805,-0.3339545428752899,-0.10251758992671967
1758804823882607000,11.277607177734374,-0.10527236014604568,-0.3263450860977173,-0.06193554028868675
1758804823892563500,11.2875634765625,-0.13871553540229797,-0.30745580792427063,-0.004280232358723879
1758804823902519300,11.297519287109376,-0.1577771157026291,-0.2731204926967621,0.05781456455588341
1758804823912475400,11.307475341796875,-0.1723691076040268,-0.22540675103664398,0.11886806041002274
1758804823922431200,11.31743115234375,-0.17494943737983704,-0.16824492812156677,0.17789995670318604
1758804823932387300,11.32738720703125,-0.156867116689682,-0.11625950038433075,0.23475311696529388
1758804823942343200,11.33734326171875,-0.12879154086112976,-0.09424234926700592,0.29035326838493347
1758804823952299300,11.34729931640625,-0.09664371609687805,-0.08945903927087784,0.33909711241722107
1758804823962255400,11.35725537109375,-0.06765281409025192,-0.09772203117609024,0.37534618377685547
1758804823972211500,11.36721142578125,-0.05296627804636955,-0.10294289141893387,0.4035203158855438
1758804823982167300,11.377167236328125,-0.05100832134485245,-0.10653389990329742,0.4211861193180084
1758804823992123400,11.387123291015625,-0.049439720809459686,-0.11610769480466843,0.43010663986206055
1758804824002079200,11.397079345703125,-0.053884804248809814,-0.13521455228328705,0.42668819427490234
1758804824012035300,11.407035400390624,-0.04626603052020073,-0.13919997215270996,0.4226180911064148
1758804824021990400,11.416990478515626,-0.04643834009766579,-0.14350256323814392,0.4164925515651703
1758804824031946200,11.4269462890625,-0.040877923369407654,-0.1334155797958374,0.40240657329559326
1758804824041902300,11.43690234375,-0.03399844840168953,-0.11040054261684418,0.38776105642318726
1758804824051858200,11.446858154296875,-0.027346935123205185,-0.10107575356960297,0.3704901933670044
1758804824061814300,11.456814208984374,-0.022422218695282936,-0.10734296590089798,0.34830498695373535
1758804824071770000,11.46677001953125,-0.009039035066962242,-0.09760724753141403,0.32480764389038086
1758804824081726200,11.476726318359376,0.0037207023706287146,-0.1110045462846756,0.29957127571105957
1758804824091682300,11.486682373046875,0.015720106661319733,-0.14677399396896362,0.2717055380344391
1758804824101638400,11.496638427734375,0.01642264984548092,-0.17878678441047668,0.23710282146930695
1758804824111594200,11.50659423828125,0.004456533584743738,-0.21318525075912476,0.1997125744819641
1758804824121550300,11.51655029296875,-0.014249775558710098,-0.2647522985935211,0.1597619652748108
1758804824131506200,11.526506103515626,-0.03663737326860428,-0.333459734916687,0.11735458672046661
1758804824141462300,11.536462158203125,-0.05278438329696655,-0.39575985074043274,0.07550247758626938
1758804824151418000,11.546418212890625,-0.06790421903133392,-0.4631415605545044,0.031446605920791626
1758804824161374200,11.556374267578125,-0.0717729926109314,-0.5078160762786865,-0.006141782272607088
1758804824171330300,11.566330322265625,-0.08456308394670486,-0.5148462653160095,-0.04045021906495094
1758804824181286400,11.576286376953124,-0.09496912360191345,-0.49211329221725464,-0.06400001794099808
1758804824191242200,11.5862421875,-0.10854005813598633,-0.4611865282058716,-0.07665083557367325
1758804824201198300,11.5961982421875,-0.11441925168037415,-0.4052385687828064,-0.07665695995092392
1758804824211154200,11.606154296875,-0.11419954150915146,-0.3317033648490906,-0.06731139868497849
1758804824221110300,11.6161103515625,-0.10825057327747345,-0.2506069242954254,-0.054055243730545044
1758804824231066000,11.626066162109375,-0.09472890198230743,-0.1730000078678131,-0.03936045616865158
1758804824241022500,11.6360224609375,-0.07379379868507385,-0.09579816460609436,-0.0263032428920269
1758804824250978300,11.645978271484376,-0.03931678086519241,-0.031563252210617065,-0.01582903042435646
1758804824260934400,11.655934326171876,-0.005203017964959145,0.012790895998477936,-0.010843859054148197
1758804824270890200,11.66589013671875,0.023797208443284035,0.028118720278143883,-0.014348845928907394
1758804824280846300,11.675846435546875,0.040341563522815704,0.020734306424856186,-0.033671941608190536
1758804824290802200,11.68580224609375,0.03959667682647705,0.013287309557199478,-0.06773004680871964
1758804824300758300,11.69575830078125,0.031377095729112625,0.006947122048586607,-0.1141023337841034
1758804824310714400,11.70571435546875,0.033310286700725555,0.015590943396091461,-0.16815651953220367
1758804824320670500,11.71567041015625,0.04957261309027672,0.032887108623981476,-0.21405796706676483
1758804824330626300,11.725626220703125,0.05916665121912956,0.04747990146279335,-0.21294395625591278
1758804824340582400,11.73558251953125,0.055319979786872864,0.10261186212301254,-0.15581569075584412
1758804824350538200,11.745538330078125,0.0463818795979023,0.14467889070510864,-0.0625549927353859
1758804824360494300,11.755494384765624,0.0472324937582016,0.1707427203655243,0.03478008508682251
1758804824370450200,11.7654501953125,0.06353449821472168,0.2072373479604721,0.10113354027271271
1758804824380406000,11.775406005859375,0.08555325120687485,0.19913360476493835,0.1302213817834854
1758804824390362400,11.7853623046875,0.11356464773416519,0.14607705175876617,0.1280980408191681
1758804824400318200,11.795318115234375,0.14798174798488617,0.07654537260532379,0.12099992483854294
1758804824410274300,11.8052744140625,0.16430558264255524,0.018690863624215126,0.12442261725664139
1758804824420230100,11.815230224609374,0.16333939135074615,-0.011314972303807735,0.13806386291980743
1758804824430186200,11.825186279296876,0.15743009746074677,-0.02046159841120243,0.14115819334983826
1758804824440142000,11.83514208984375,0.16254177689552307,-0.01703011617064476,0.12850737571716309
1758804824450098200,11.84509814453125,0.1982278674840927,-0.0006540723843500018,0.09112618118524551
1758804824460054300,11.85505419921875,0.2650681436061859,0.011769574135541916,0.028379444032907486
1758804824470010400,11.86501025390625,0.34813374280929565,0.029756298288702965,-0.04107899218797684
1758804824479966200,11.87496630859375,0.42078903317451477,0.07178764045238495,-0.09614783525466919
1758804824489922300,11.88492236328125,0.4407781958580017,0.14516091346740723,-0.121321901679039
1758804824499877000,11.894877197265625,0.3810237944126129,0.2654851973056793,-0.10921596735715866
1758804824509833200,11.904833251953125,0.3099570572376251,0.35314396023750305,-0.08254121243953705
1758804824519789300,11.914789306640625,0.18457970023155212,0.3671785295009613,-0.0643845796585083
1758804824531612200,11.926612060546875,-0.008567389100790024,0.43562230467796326,-0.05862469598650932
1758804824541568300,11.936568359375,-0.1417640596628189,0.5590624809265137,-0.05528562515974045
1758804824551524000,11.946524169921876,-0.21937070786952972,0.6204012036323547,-0.04544364660978317
1758804824561480200,11.956480224609376,-0.2466457337141037,0.6607773900032043,-0.02635703794658184
1758804824571436300,11.966436279296875,-0.23265881836414337,0.6893198490142822,0.0011291803093627095
1758804824581392400,11.976392333984375,-0.1815173327922821,0.7002182602882385,0.032827720046043396
1758804824591348200,11.98634814453125,-0.1039370521903038,0.6856347918510437,0.06554625183343887
1758804824601304300,11.99630419921875,-0.015220231376588345,0.6512882709503174,0.089015893638134
1758804824611260200,12.00626025390625,0.05727554112672806,0.5964231491088867,0.0999913141131401
1758804824621216300,12.01621630859375,0.10955312848091125,0.5418331623077393,0.10653682798147202
1758804824631172000,12.026172119140625,0.13237428665161133,0.4972792863845825,0.12172643095254898
1758804824641128200,12.036128173828125,0.13504649698734283,0.46390455961227417,0.14027747511863708
1758804824651084300,12.046084228515625,0.13036119937896729,0.4290435016155243,0.15076634287834167
1758804824661040400,12.056040283203124,0.12268490344285965,0.3871373236179352,0.15241511166095734
1758804824670996200,12.065996337890626,0.11779134720563889,0.3446553945541382,0.14415477216243744
1758804824680952300,12.075952392578126,0.11919829249382019,0.31599605083465576,0.1289028525352478
1758804824690908200,12.085908203125,0.12730735540390015,0.2973152995109558,0.10989826917648315
1758804824700864300,12.0958642578125,0.13071247935295105,0.284561425447464,0.09002789109945297
1758804824710820000,12.105820068359375,0.12209368497133255,0.2807682752609253,0.06424076855182648
1758804824720776200,12.115776123046874,0.09695397317409515,0.29527878761291504,0.02997014857828617
1758804824730732300,12.125732177734376,0.0701814815402031,0.3324812650680542,0.0031547807157039642
1758804824740688400,12.1356884765625,0.04198979586362839,0.370444118976593,-0.015458318404853344
1758804824750644200,12.145644287109375,0.01764051243662834,0.4146254062652588,-0.02293381094932556
1758804824760600300,12.155600341796875,-0.002918558195233345,0.4614139497280121,-0.02298654243350029
1758804824770556200,12.16555615234375,-0.014849519357085228,0.5091040134429932,-0.017781659960746765
1758804824780512300,12.17551220703125,-0.02256336621940136,0.5517110824584961,-0.0041004689410328865
1758804824790468000,12.185468017578126,-0.018551047891378403,0.5948122143745422,0.011718708090484142
1758804824800424400,12.195424560546876,-0.006944192573428154,0.6326661109924316,0.02034734934568405
1758804824810380300,12.20538037109375,0.008106395602226257,0.6536997556686401,0.017229320481419563
1758804824820336000,12.215336181640625,0.02786465361714363,0.6514387726783752,0.004868524614721537
1758804824830292200,12.225292236328125,0.048169393092393875,0.6549935340881348,-0.021205419674515724
1758804824840248000,12.235248046875,0.05652453005313873,0.6568545699119568,-0.054431281983852386
1758804824850204200,12.2452041015625,0.05661241337656975,0.6527775526046753,-0.09323007613420486
1758804824860160000,12.255159912109375,0.04646630212664604,0.6395650506019592,-0.1346166729927063
1758804824870116400,12.265116455078125,0.02310425415635109,0.6054563522338867,-0.17476008832454681
1758804824880072200,12.275072265625,0.007556453347206116,0.5804111957550049,-0.20358134806156158
1758804824890028300,12.2850283203125,0.003163036424666643,0.5816279649734497,-0.20498989522457123
1758804824899984100,12.294984130859374,0.039570312947034836,0.5796934366226196,-0.1730111986398697
1758804824909940200,12.304940185546876,0.1066923588514328,0.5417146682739258,-0.13045787811279297
1758804824919896000,12.31489599609375,0.1963287740945816,0.45104601979255676,-0.08749016374349594
1758804824929852200,12.32485205078125,0.28960758447647095,0.30590933561325073,-0.04590357467532158
1758804824939808300,12.334808349609375,0.34807834029197693,0.16474473476409912,-0.0065292720682919025
1758804824949763300,12.344763427734375,0.36980706453323364,0.039742354303598404,0.050330813974142075
1758804824959719200,12.35471923828125,0.3428391218185425,-0.08089884370565414,0.09780405461788177
1758804824969675300,12.36467529296875,0.27585235238075256,-0.18419353663921356,0.12225427478551865
1758804824979631000,12.374631103515625,0.18761730194091797,-0.26142415404319763,0.12045557051897049
1758804824989587200,12.384587158203125,0.08219260722398758,-0.2878677248954773,0.09722615033388138
1758804824999543300,12.394543212890625,-0.02027198113501072,-0.2891439199447632,0.06634306907653809
1758804825009499400,12.40449951171875,-0.08537987619638443,-0.26868313550949097,0.03994927927851677
1758804825019455200,12.414455322265624,-0.11105674505233765,-0.2449445128440857,0.02899756282567978
1758804825029411300,12.424411376953126,-0.1035892441868782,-0.21037134528160095,0.029466278851032257
1758804825039367200,12.4343671875,-0.05916957929730415,-0.19126583635807037,0.030823159962892532
1758804825049323300,12.4443232421875,0.005537777207791805,-0.20460587739944458,0.026977822184562683
1758804825059279000,12.454279052734375,0.06719794869422913,-0.24059103429317474,0.011700332164764404
1758804825069235200,12.464235107421874,0.10390376299619675,-0.3019025921821594,-0.008270712569355965
1758804825079191300,12.47419140625,0.13064536452293396,-0.39972662925720215,-0.043666254729032516
1758804825089147400,12.4841474609375,0.1300693154335022,-0.5173041224479675,-0.09243858605623245
1758804825099103200,12.494103271484375,0.10004004836082458,-0.5860075354576111,-0.13438524305820465
1758804825109059300,12.504059326171875,0.06101568415760994,-0.6130002737045288,-0.14867974817752838
1758804825119015200,12.51401513671875,0.009865679778158665,-0.6133078932762146,-0.1461697220802307
1758804825128971000,12.523970947265624,-0.03648184612393379,-0.5868640542030334,-0.13436366617679596
1758804825138927000,12.533927001953124,-0.08351299911737442,-0.5536996722221375,-0.11957033723592758
1758804825148883200,12.54388330078125,-0.12287852168083191,-0.5263631343841553,-0.10782979428768158
1758804825158839300,12.55383935546875,-0.1507868468761444,-0.5085793137550354,-0.09087930619716644
1758804825168795100,12.563795166015625,-0.17717450857162476,-0.48179060220718384,-0.07406464219093323
1758804825178751200,12.573751220703125,-0.20559950172901154,-0.4260983169078827,-0.054116230458021164
1758804825188707000,12.58370703125,-0.21384650468826294,-0.38284245133399963,-0.030064690858125687
1758804825198663200,12.5936630859375,-0.20293952524662018,-0.36879533529281616,-0.0070371367037296295
1758804825208619000,12.603618896484376,-0.1764834225177765,-0.36648985743522644,0.00797536876052618
1758804825218575400,12.613575439453125,-0.14357660710811615,-0.3868071138858795,0.011769041419029236
1758804825228531200,12.62353125,-0.10871262848377228,-0.42074456810951233,0.01847195066511631
1758804825238487300,12.6334873046875,-0.08444271236658096,-0.4477247893810272,0.03093208372592926
1758804825248443100,12.643443115234374,-0.07037562876939774,-0.4568117558956146,0.041960764676332474
1758804825258399200,12.653399169921874,-0.06604612618684769,-0.4586069881916046,0.05201073735952377
1758804825268355000,12.66335498046875,-0.08199553191661835,-0.44845181703567505,0.060264937579631805
1758804825278311200,12.673311279296875,-0.09598831087350845,-0.423872172832489,0.06774628907442093
1758804825288267000,12.68326708984375,-0.11535535752773285,-0.41544273495674133,0.07255542278289795
1758804825298223400,12.693223388671875,-0.12747487425804138,-0.39703604578971863,0.07715018093585968
1758804825308179200,12.70317919921875,-0.1361173540353775,-0.4011237323284149,0.07318739593029022
1758804825318135300,12.71313525390625,-0.13529017567634583,-0.39748504757881165,0.06745734065771103
1758804825328091100,12.723091064453126,-0.1255113184452057,-0.38566914200782776,0.06057626008987427
1758804825338047200,12.733047119140625,-0.10834591090679169,-0.38190340995788574,0.04905116558074951
1758804825348003000,12.743003173828125,-0.08718843013048172,-0.37550678849220276,0.03380536660552025
1758804825357959200,12.752959228515625,-0.06581869721412659,-0.37406226992607117,0.01684928685426712
1758804825367915300,12.762915283203125,-0.052141230553388596,-0.3719003200531006,-0.0011744539951905608
1758804825377871400,12.772871337890624,-0.038176413625478745,-0.37091362476348877,-0.01613635942339897
1758804825387827200,12.7828271484375,-0.041968222707509995,-0.34577205777168274,-0.02316790260374546
1758804825397783300,12.792783203125,-0.06517447531223297,-0.36024340987205505,-0.0339323990046978
1758804825407739100,12.8027392578125,-0.0745951384305954,-0.37634938955307007,-0.046539273113012314
1758804825417695200,12.8126953125,-0.09211821109056473,-0.3821694850921631,-0.05745237320661545
1758804825427651000,12.822651123046874,-0.11848163604736328,-0.3697466254234314,-0.0682738646864891
1758804825437607200,12.832607177734374,-0.13989531993865967,-0.3363436460494995,-0.07268671691417694
1758804825447563300,12.842563232421876,-0.15120656788349152,-0.29824209213256836,-0.06528925895690918
1758804825457519400,12.852519287109375,-0.15490302443504333,-0.24357271194458008,-0.04820587858557701
1758804825467475200,12.86247509765625,-0.15962587296962738,-0.1823735386133194,-0.019359050318598747
1758804825477431300,12.872431396484375,-0.16745556890964508,-0.13542413711547852,0.011066499166190624
1758804825487387100,12.88238720703125,-0.1841149777173996,-0.10068826377391815,0.02262594923377037
1758804825497343200,12.89234326171875,-0.2075691670179367,-0.05402062460780144,0.020618192851543427
1758804825507299000,12.902299072265626,-0.2286534160375595,0.004475175868719816,0.016645556315779686
1758804825517255400,12.91225537109375,-0.2533736824989319,0.0611799992620945,0.0222640261054039
1758804825527211300,12.922211181640625,-0.2891353964805603,0.13205523788928986,0.028802886605262756
1758804825537167400,12.93216748046875,-0.3239929974079132,0.24684679508209229,0.03365116938948631
1758804825547123200,12.942123291015625,-0.34755104780197144,0.3568268418312073,0.04414908587932587
1758804825557079300,12.952079345703124,-0.3400294780731201,0.4461902678012848,0.05781589448451996
1758804825567035100,12.96203515625,-0.2895740270614624,0.5296475887298584,0.07672380656003952
1758804825576991200,12.9719912109375,-0.2232690304517746,0.5759751796722412,0.0906209796667099
1758804825586947300,12.981947265625,-0.1302219182252884,0.5622947812080383,0.08792559057474136
1758804825596903400,12.9919033203125,-0.040097616612911224,0.5017738938331604,0.06472600251436234
1758804825606859300,13.001859375,0.010333864018321037,0.4283987581729889,0.03237338736653328
1758804825616815400,13.0118154296875,0.018379006534814835,0.37991562485694885,0.011786085553467274
1758804825626771200,13.021771240234376,0.0065348646603524685,0.36903584003448486,0.015506255440413952
1758804825636727300,13.031727294921875,0.0011416971683502197,0.3519687056541443,0.03682193160057068
1758804825646683100,13.04168310546875,0.018881546333432198,0.3347313702106476,0.06805015355348587
1758804825656639200,13.05163916015625,0.05836743488907814,0.3086947202682495,0.10202357172966003
1758804825666595300,13.06159521484375,0.10075510293245316,0.27662360668182373,0.12592624127864838
1758804825676551200,13.07155126953125,0.13712163269519806,0.25088921189308167,0.1409912109375
1758804825686507300,13.08150732421875,0.16813388466835022,0.20383994281291962,0.1531812995672226
1758804825696463000,13.091463134765625,0.19157849252223969,0.15024569630622864,0.16066691279411316
1758804825706419200,13.101419189453125,0.2059164196252823,0.10658503323793411,0.16340942680835724
1758804825716375000,13.111375,0.21427235007286072,0.07177139073610306,0.14245355129241943
1758804825726331100,13.1213310546875,0.19632184505462646,0.0635206550359726,0.09248785674571991
1758804825736287200,13.131287353515624,0.1657269150018692,0.08830536156892776,0.0173848494887352
1758804825746243300,13.141243408203126,0.13600844144821167,0.12478294223546982,-0.06332091242074966
1758804825756199200,13.15119921875,0.10048479586839676,0.17333130538463593,-0.1506454348564148
1758804825766155300,13.1611552734375,0.04809802025556564,0.24142754077911377,-0.23649562895298004
1758804825776111000,13.171111083984375,-0.020555874332785606,0.3245762288570404,-0.313556045293808
1758804825786067000,13.18106689453125,-0.09792523086071014,0.4238945543766022,-0.37342578172683716
1758804825796023000,13.19102294921875,-0.17868240177631378,0.514198362827301,-0.41344964504241943
1758804825805979100,13.200979248046876,-0.24788489937782288,0.5956332683563232,-0.4238135814666748
1758804825815935200,13.210935302734375,-0.2705281674861908,0.6719906330108643,-0.4060322046279907
1758804825825891000,13.22089111328125,-0.2475448101758957,0.7095295190811157,-0.35115429759025574
1758804825835847200,13.23084716796875,-0.18806657195091248,0.7294983863830566,-0.26730066537857056
1758804825845803000,13.240802978515624,-0.10522788763046265,0.7446014881134033,-0.1825021654367447
1758804825855759000,13.250759033203124,-0.015006113797426224,0.7561148405075073,-0.11026152968406677
1758804825865716000,13.260716064453124,0.06457047164440155,0.7394000291824341,-0.05826250836253166
1758804825875672000,13.270672119140626,0.13333675265312195,0.6957873106002808,-0.02684279903769493
1758804825885628000,13.2806279296875,0.17288576066493988,0.6322690844535828,-0.011067031882703304
1758804825895584000,13.290583984375,0.18233677744865417,0.5640207529067993,-0.003406715579330921
1758804825905540000,13.3005400390625,0.16199982166290283,0.4901057779788971,-0.00814794097095728
1758804825915496200,13.31049609375,0.1269124150276184,0.41496390104293823,-0.023688551038503647
1758804825925452000,13.3204521484375,0.08848831802606583,0.350050151348114,-0.053707703948020935
1758804825935408000,13.330408203125,0.05416842922568321,0.30110204219818115,-0.09418162703514099
1758804825945364000,13.340364013671875,0.03633110970258713,0.25603577494621277,-0.12699443101882935
1758804825955320000,13.350320068359375,0.031256191432476044,0.2301141619682312,-0.15662476420402527
1758804825965276000,13.36027587890625,0.03856630250811577,0.21518820524215698,-0.1774972826242447
1758804825975232000,13.37023193359375,0.04212268441915512,0.1997421383857727,-0.1950179636478424
1758804825985188000,13.38018798828125,0.038473889231681824,0.19503900408744812,-0.20449082553386688
1758804825995144200,13.390144287109376,0.024815067648887634,0.18773022294044495,-0.21576903760433197
1758804826005100000,13.40010009765625,-0.0037997981999069452,0.18938004970550537,-0.23140472173690796
1758804826015056100,13.41005615234375,-0.0384611040353775,0.19368956983089447,-0.25036829710006714
1758804826025012000,13.420011962890625,-0.07848575711250305,0.18909774720668793,-0.27649497985839844
1758804826034968000,13.429968017578124,-0.12048780173063278,0.1808648556470871,-0.30337560176849365
1758804826044924000,13.439923828125,-0.16549628973007202,0.18428142368793488,-0.3300743103027344
1758804826054880300,13.44988037109375,-0.20425193011760712,0.1934213936328888,-0.351097047328949
1758804826064836000,13.459836181640625,-0.23170407116413116,0.201344296336174,-0.36302000284194946
1758804826074792200,13.469792236328125,-0.24500815570354462,0.20314140617847443,-0.3634074926376343
1758804826084748000,13.479748046875,-0.2418975830078125,0.21107469499111176,-0.3485100567340851
1758804826094704000,13.4897041015625,-0.22527307271957397,0.22213798761367798,-0.3285640478134155
1758804826104660000,13.499659912109376,-0.19295667111873627,0.2224692851305008,-0.2963549792766571
1758804826114616000,13.509615966796876,-0.160960391163826,0.22361046075820923,-0.2500860095024109
1758804826124572200,13.519572265625,-0.13958320021629333,0.23180580139160156,-0.19948647916316986
1758804826134528300,13.5295283203125,-0.13054150342941284,0.23188409209251404,-0.15014022588729858
1758804826144484000,13.539484130859375,-0.13192367553710938,0.2147786170244217,-0.11437291651964188
1758804826154440200,13.549440185546874,-0.13913339376449585,0.1841333508491516,-0.09578964114189148
1758804826164396000,13.55939599609375,-0.14784325659275055,0.12616166472434998,-0.10111090540885925
1758804826174352100,13.56935205078125,-0.13425341248512268,0.04506414756178856,-0.12393072992563248
1758804826184308000,13.579307861328125,-0.11232174932956696,-0.01672065630555153,-0.14771755039691925
1758804826194264000,13.58926416015625,-0.10122169554233551,-0.05323232710361481,-0.16544462740421295
1758804826204220200,13.59922021484375,-0.09887118637561798,-0.09879821538925171,-0.17871782183647156
1758804826214176300,13.60917626953125,-0.09716916084289551,-0.1276271939277649,-0.19065730273723602
1758804826224132000,13.619132080078124,-0.12474273145198822,-0.2089257836341858,-0.21122728288173676
1758804826234088200,13.629088134765626,-0.14319923520088196,-0.26547908782958984,-0.23504820466041565
1758804826244044000,13.6390439453125,-0.18123263120651245,-0.29150986671447754,-0.25188151001930237
1758804826254000000,13.649000244140625,-0.20571215450763702,-0.31129077076911926,-0.2615021765232086
1758804826263956000,13.6589560546875,-0.20881153643131256,-0.32175618410110474,-0.2694548964500427
1758804826273912000,13.668912109375,-0.20114749670028687,-0.3424513638019562,-0.2792300283908844
1758804826283868200,13.6788681640625,-0.187504380941391,-0.33717989921569824,-0.2978077232837677
1758804826293824300,13.68882421875,-0.17490123212337494,-0.27056679129600525,-0.30793651938438416
1758804826303780000,13.698780029296875,-0.15180310606956482,-0.18776457011699677,-0.31883203983306885
1758804826313737200,13.7087373046875,-0.09954656660556793,-0.13534876704216003,-0.32723912596702576
1758804826323693000,13.718693115234375,-0.004817392211407423,-0.10416368395090103,-0.3412500023841858
1758804826333649200,13.728649169921875,0.08294867724180222,-0.0869562029838562,-0.3604617714881897
1758804826343605000,13.73860498046875,0.13457459211349487,-0.09406151622533798,-0.37962427735328674
1758804826353561000,13.74856103515625,0.15127341449260712,-0.09278266876935959,-0.40224170684814453
1758804826363517000,13.758516845703125,0.14755164086818695,-0.07973557710647583,-0.43248724937438965
1758804826373473300,13.768473388671875,0.1130402684211731,-0.07072849571704865,-0.45968928933143616
1758804826383429000,13.77842919921875,0.09235017001628876,-0.03720143064856529,-0.49381372332572937
1758804826393385200,13.78838525390625,0.10138361155986786,-0.016686035320162773,-0.5284404158592224
1758804826403341000,13.798341064453124,0.12683144211769104,0.01227690652012825,-0.545428454875946
1758804826413297200,13.808297119140626,0.14884087443351746,0.057675015181303024,-0.5520578622817993
1758804826423253000,13.8182529296875,0.1692366898059845,0.10380709171295166,-0.5599173903465271
1758804826433209000,13.828208984375,0.18534642457962036,0.1372460126876831,-0.5748124122619629
1758804826443165200,13.838165283203125,0.1881624460220337,0.15440182387828827,-0.5984410643577576
1758804826453121300,13.848121337890625,0.17228814959526062,0.148518368601799,-0.633004903793335
1758804826463077000,13.8580771484375,0.14584854245185852,0.1514371931552887,-0.6743502020835876
1758804826473033200,13.868033203125,0.09685543924570084,0.1681935340166092,-0.6989623308181763
1758804826482989000,13.877989013671876,0.03555666282773018,0.2067665010690689,-0.7012380361557007
1758804826492945200,13.887945068359375,-0.0028634308837354183,0.261881947517395,-0.6937587857246399
1758804826502901000,13.89790087890625,-0.02370559610426426,0.2633437514305115,-0.6677695512771606
1758804826512857000,13.907857177734375,-0.01732546091079712,0.25805070996284485,-0.6409397721290588
1758804826522813200,13.917813232421874,0.008616657927632332,0.24851660430431366,-0.6098921298980713
1758804826532769300,13.927769287109374,0.0337987095117569,0.23193229734897614,-0.5841571688652039
1758804826542725000,13.93772509765625,0.05416310206055641,0.2368847131729126,-0.5628466010093689
1758804826552681200,13.94768115234375,0.06644932925701141,0.25678253173828125,-0.525924801826477
1758804826562637000,13.957636962890625,0.06077706441283226,0.3026115298271179,-0.47065699100494385
1758804826572593200,13.96759326171875,0.03923448920249939,0.37609586119651794,-0.3946754038333893
1758804826582549000,13.977549072265624,0.005290103144943714,0.46207308769226074,-0.3214661777019501
1758804826592505000,13.987505126953126,-0.03888614475727081,0.5827579498291016,-0.2574818730354309
1758804826602461200,13.997461181640626,-0.08744888752698898,0.6703975200653076,-0.20936094224452972
1758804826612417000,14.0074169921875,-0.12317998707294464,0.7367405891418457,-0.17483705282211304
1758804826622373000,14.017373046875,-0.14684563875198364,0.7756933569908142,-0.15348783135414124
1758804826632329000,14.027328857421875,-0.15110722184181213,0.7957155108451843,-0.14247725903987885
1758804826642285000,14.03728515625,-0.13514530658721924,0.8260459899902344,-0.13084323704242706
1758804826652242200,14.0472421875,-0.12280528247356415,0.8106273412704468,-0.1247674971818924
1758804826662198000,14.057197998046876,-0.0999244675040245,0.7810103297233582,-0.12373552471399307
1758804826672154000,14.067154052734375,-0.07728254050016403,0.709517240524292,-0.14035791158676147
1758804826682110000,14.07710986328125,-0.05578496679663658,0.6378036141395569,-0.16829873621463776
1758804826692066300,14.08706640625,-0.03752953186631203,0.5655049681663513,-0.20402051508426666
1758804826702022100,14.097022216796875,-0.026584206148982048,0.4944515526294708,-0.24478285014629364
1758804826711978200,14.106978271484374,-0.02708514779806137,0.42999985814094543,-0.29994145035743713
1758804826721934000,14.11693408203125,-0.018934542313218117,0.36499446630477905,-0.3535594046115875
1758804826731890200,14.12689013671875,-0.018759306520223618,0.29544469714164734,-0.39937669038772583
1758804826741846000,14.136845947265625,-0.034437067806720734,0.23589082062244415,-0.43882182240486145
1758804826751802000,14.146802001953125,-0.05860019475221634,0.19863267242908478,-0.45734119415283203
1758804826761758200,14.15675830078125,-0.09138104319572449,0.18558265268802643,-0.4558809697628021
1758804826771714300,14.16671435546875,-0.12365616112947464,0.19422513246536255,-0.4453279376029968
1758804826781669400,14.17666943359375,-0.15676963329315186,0.2125181257724762,-0.4358329772949219
1758804826791625500,14.18662548828125,-0.17926882207393646,0.20560722053050995,-0.4262397289276123
1758804826801581300,14.196581298828125,-0.19742199778556824,0.21777600049972534,-0.4094756543636322
1758804826811537400,14.206537353515625,-0.21034365892410278,0.2190316766500473,-0.3901062309741974
1758804826821493500,14.216493408203124,-0.20961953699588776,0.21574561297893524,-0.3609243631362915
1758804826831449600,14.22644970703125,-0.21641406416893005,0.1967194527387619,-0.3389897644519806
1758804826841405400,14.236405517578126,-0.20770712196826935,0.20858968794345856,-0.3240169584751129
1758804826851361500,14.246361572265625,-0.18999949097633362,0.24414636194705963,-0.30329036712646484
1758804826861317400,14.2563173828125,-0.17262770235538483,0.2849459946155548,-0.2802090048789978
1758804826871273500,14.2662734375,-0.16397002339363098,0.3150588870048523,-0.26041293144226074
1758804826881229300,14.276229248046874,-0.1376875638961792,0.3610468804836273,-0.24628354609012604
1758804826891185400,14.286185302734374,-0.09080447256565094,0.4044739902019501,-0.2252110093832016
1758804826901141500,14.2961416015625,-0.05240568518638611,0.3958565294742584,-0.194076269865036
1758804826911097600,14.30609765625,-0.03170759603381157,0.40606626868247986,-0.15951348841190338
1758804826921053400,14.316053466796875,-0.018333999440073967,0.4265308082103729,-0.13379187881946564
1758804826931010600,14.326010498046875,-0.013174924068152905,0.444640576839447,-0.1066334992647171
1758804826940966400,14.33596630859375,-0.009440373629331589,0.4640808403491974,-0.08093666285276413
1758804826950922500,14.345922607421874,-0.0037561224307864904,0.45844027400016785,-0.05489147827029228
1758804826960878300,14.35587841796875,0.015156049281358719,0.43873661756515503,-0.044973600655794144
1758804826970834400,14.36583447265625,0.04975290969014168,0.405417263507843,-0.045878540724515915
1758804826980790300,14.375790283203125,0.0821332186460495,0.34425511956214905,-0.07067204266786575
1758804826990746600,14.38574658203125,0.11232388019561768,0.2847909927368164,-0.12000949680805206
1758804827000702500,14.395702392578125,0.13187946379184723,0.20173685252666473,-0.17787200212478638
1758804827010658600,14.405658447265624,0.1417858898639679,0.11967872828245163,-0.23574382066726685
1758804827020614400,14.415614501953126,0.1386422961950302,0.05949927866458893,-0.28691592812538147
1758804827030570500,14.425570556640626,0.11802597343921661,0.037103161215782166,-0.3312583565711975
1758804827040526300,14.4355263671875,0.09799899905920029,0.06524211913347244,-0.3604452610015869
1758804827050482400,14.445482421875,0.09000126272439957,0.11876340210437775,-0.38175854086875916
1758804827060438300,14.455438232421875,0.06736546009778976,0.15708015859127045,-0.39266127347946167
1758804827070394600,14.46539453125,0.048530783504247665,0.20813030004501343,-0.39011260867118835
1758804827080350500,14.4753505859375,0.03178456053137779,0.2552986145019531,-0.3791712820529938
1758804827090306600,14.485306640625,0.018330803140997887,0.3066651225090027,-0.35103365778923035
1758804827100262400,14.495262451171875,0.013087838888168335,0.3761310279369354,-0.31424716114997864
1758804827110218500,14.505218505859375,-0.004148405976593494,0.4460592269897461,-0.26957741379737854
1758804827120174300,14.51517431640625,-0.009304818697273731,0.5296220183372498,-0.2116725742816925
1758804827130130400,14.52513037109375,0.0015164038632065058,0.585625946521759,-0.14635002613067627
1758804827140086500,14.53508642578125,0.002698048483580351,0.6588729619979858,-0.07894488424062729
1758804827150042600,14.545042724609376,-0.003733219113200903,0.7143407464027405,-0.032033566385507584
1758804827159998500,14.55499853515625,0.0016679377295076847,0.7381424903869629,0.004188353195786476
1758804827169954600,14.56495458984375,0.004584631882607937,0.6962072849273682,0.03239735588431358
1758804827179910400,14.574910400390625,0.00301736150868237,0.6255030035972595,0.04988819733262062
1758804827189866500,14.584866455078124,0.001820803270675242,0.5670897960662842,0.05644064024090767
1758804827199823400,14.5948232421875,-0.007400658447295427,0.5304580330848694,0.054907456040382385
1758804827209779500,14.604779541015626,-0.01938301883637905,0.4691203534603119,0.040950361639261246
1758804827219735300,14.6147353515625,-0.029447104781866074,0.40596455335617065,0.01667112112045288
1758804827229691400,14.62469140625,-0.0316024012863636,0.32531043887138367,-0.013672403059899807
1758804827239647500,14.6346474609375,-0.031687889248132706,0.2636699974536896,-0.03826616331934929
1758804827249603600,14.644603515625,-0.031866054981946945,0.21162250638008118,-0.07121532410383224
1758804827259559400,14.654559326171874,-0.0419599674642086,0.17653535306453705,-0.10418499261140823
1758804827269515500,14.664515625,-0.060442570596933365,0.133145272731781,-0.13284353911876678
1758804827279471400,14.674471435546875,-0.0658746212720871,0.10082301497459412,-0.15351125597953796
1758804827289427500,14.684427490234375,-0.07425186038017273,0.10252797603607178,-0.17285913228988647
1758804827299383300,14.69438330078125,-0.08592609316110611,0.1260378211736679,-0.17187988758087158
1758804827309339600,14.704339599609375,-0.0948796421289444,0.1524457335472107,-0.16265442967414856
1758804827319295500,14.71429541015625,-0.09806638211011887,0.17946642637252808,-0.15006832778453827
1758804827329251600,14.72425146484375,-0.10635493695735931,0.21138015389442444,-0.14402347803115845
1758804827339207400,14.73420751953125,-0.12494779378175735,0.24720552563667297,-0.1418527364730835
1758804827349163500,14.74416357421875,-0.1565677672624588,0.2996021509170532,-0.14244422316551208
1758804827359119400,14.754119384765625,-0.18757016956806183,0.3266734480857849,-0.14122742414474487
1758804827369075500,14.764075439453125,-0.20662161707878113,0.3333500027656555,-0.1353548914194107
1758804827379031300,14.77403125,-0.1906549036502838,0.3495103418827057,-0.13016465306282043
1758804827388987600,14.783987548828126,-0.16043920814990997,0.37069177627563477,-0.12196185439825058
1758804827399564500,14.794564453125,-0.07126965373754501,0.5359854102134705,-0.13122007250785828
1758804827409520400,14.804520263671876,-0.003519633784890175,0.824959933757782,-0.07915554195642471
1758804827419476500,14.8144765625,0.0015345134306699038,0.9452970027923584,0.05338705703616142
1758804827429432300,14.824432373046875,-0.028060130774974823,0.854698657989502,0.12446363270282745
1758804827439389400,14.834389404296875,-0.0471201092004776,0.7760736346244812,0.11275024712085724
1758804827449345300,14.84434521484375,-0.07401909679174423,0.7263670563697815,0.07997632771730423
1758804827459301400,14.85430126953125,-0.11063490062952042,0.6496504545211792,0.0686834529042244
1758804827469257500,14.864257568359376,-0.13000540435314178,0.5032008290290833,0.07636880874633789
1758804827479213600,14.874213623046876,-0.12236612290143967,0.3243599832057953,0.06628554314374924
1758804827489169400,14.88416943359375,-0.10531550645828247,0.18170082569122314,0.028545623645186424
1758804827499125500,14.89412548828125,-0.09697475284337997,0.05136625096201897,-0.016155533492565155
1758804827509081300,14.904081298828125,-0.07624842971563339,-0.1132594496011734,-0.028972795233130455
1758804827519037400,14.914037353515624,-0.031449269503355026,-0.21200066804885864,-0.04577574506402016
1758804827528993300,14.9239931640625,0.021736720576882362,-0.2674058675765991,-0.05655568838119507
1758804827538949400,14.933949462890626,0.0790649875998497,-0.2638111412525177,-0.06486900895833969
1758804827548905500,14.943905517578125,0.14265568554401398,-0.20563651621341705,-0.05829419940710068
1758804827558861600,14.953861572265625,0.16458149254322052,-0.1850779801607132,-0.030109966173768044
1758804827568817400,14.9638173828125,0.13146641850471497,-0.1732434183359146,-0.0046152579598128796
1758804827578773500,14.9737734375,0.0673992782831192,-0.1352856457233429,0.006990531459450722
1758804827588729300,14.983729248046876,-0.007452589925378561,-0.11412230879068375,0.013232980854809284
1758804827598685400,14.993685546875,-0.047805339097976685,-0.1385674625635147,0.020110327750444412
1758804827608641300,15.003641357421875,-0.07190055400133133,-0.23926344513893127,0.028253475204110146
1758804827618597600,15.01359765625,-0.08782678842544556,-0.33027350902557373,0.038726091384887695
1758804827628553500,15.023553466796875,-0.1128447949886322,-0.3715037703514099,0.03363971784710884
1758804827638509600,15.033509521484374,-0.1423422247171402,-0.3766748309135437,0.032767001539468765
1758804827648465400,15.04346533203125,-0.16920606791973114,-0.2974793612957001,0.07885007560253143
1758804827658422500,15.053422607421876,-0.18431444466114044,-0.10347765684127808,0.13565343618392944
1758804827668378400,15.06337841796875,-0.1425291895866394,-0.1038299947977066,0.12730203568935394
1758804827678334500,15.07333447265625,-0.1136607825756073,-0.20160901546478271,0.09821019321680069
1758804827688290300,15.083290283203125,-0.1073826476931572,-0.33376839756965637,0.10257777571678162
1758804827698246400,15.093246337890625,-0.11216062307357788,-0.3690885603427887,0.08828005939722061
1758804827708202200,15.1032021484375,-0.09401091933250427,-0.334358811378479,0.06234779581427574
1758804827718158600,15.11315869140625,-0.04981762543320656,-0.3322035074234009,0.0525369755923748
1758804827728114400,15.123114501953125,-0.0035305526107549667,-0.34239357709884644,0.052866943180561066
1758804827738070500,15.133070556640625,0.015268967486917973,-0.31270891427993774,0.03662645444273949
1758804827748026400,15.1430263671875,0.009791111573576927,-0.21812114119529724,0.007626494392752647
1758804827757982500,15.152982421875,-0.014417821541428566,-0.09654118865728378,0.0020357202738523483
1758804827767938600,15.1629384765625,-0.04013330489397049,0.02111487276852131,0.024981249123811722
1758804827777894700,15.172894775390626,-0.04970790073275566,0.0860949382185936,0.0660940632224083
1758804827787850500,15.1828505859375,-0.05681401491165161,0.10567209869623184,0.08999194204807281
1758804827797806800,15.192806884765625,-0.06326445937156677,0.04227954521775246,0.06926748901605606
1758804827807762700,15.2027626953125,-0.06692923605442047,-0.052746567875146866,0.006246710661798716
1758804827817718800,15.21271875,-0.085896797478199,-0.13952380418777466,-0.06576809287071228
1758804827827674600,15.222674560546874,-0.12626606225967407,-0.19551436603069305,-0.11244159191846848
1758804827837630700,15.232630615234376,-0.1879376769065857,-0.22243386507034302,-0.1027199849486351
1758804827847586600,15.242586669921875,-0.23470890522003174,-0.20332515239715576,-0.04619785398244858
1758804827857542700,15.252542724609375,-0.2592051923274994,-0.19577322900295258,-0.005979862064123154
1758804827867498800,15.262498779296875,-0.2737322151660919,-0.2280542105436325,-0.002183259464800358
1758804827877455600,15.27245556640625,-0.2806686758995056,-0.25445064902305603,-0.03585413843393326
1758804827887411700,15.28241162109375,-0.27754637598991394,-0.2733985185623169,-0.06803817301988602
1758804827897367800,15.292367919921874,-0.26645272970199585,-0.26405829191207886,-0.07178257405757904
1758804827907324000,15.302323974609376,-0.261282742023468,-0.21289868652820587,-0.0432065911591053
1758804827917279700,15.31227978515625,-0.2687970995903015,-0.14874659478664398,-0.009406550787389278
1758804827927235600,15.322235595703125,-0.2920049726963043,-0.1157071590423584,0.00817776843905449
1758804827937191700,15.332191650390625,-0.32289230823516846,-0.10568994283676147,0.004877579398453236
1758804827947147500,15.3421474609375,-0.3528592586517334,-0.10597756505012512,0.010928814299404621
1758804827957103600,15.352103515625,-0.36872848868370056,-0.07642313838005066,0.0030458574183285236
1758804827967059700,15.362059814453126,-0.35714107751846313,-0.01677897945046425,-0.008225971832871437
1758804827977015800,15.372015869140625,-0.32534560561180115,0.03590074181556702,-0.008375109173357487
1758804827986971600,15.3819716796875,-0.25563788414001465,0.04318368807435036,0.0025648903101682663
1758804827996927700,15.391927734375,-0.18959230184555054,0.03172677010297775,0.02382703498005867
1758804828006883600,15.401883544921875,-0.15933851897716522,0.08635992556810379,0.02719034254550934
1758804828016839700,15.411839599609374,-0.1584692746400833,0.16676421463489532,0.028087560087442398
1758804828026795500,15.42179541015625,-0.17482267320156097,0.23640801012516022,0.043224968016147614
1758804828036752000,15.431751953125,-0.20938944816589355,0.3399578332901001,0.06528420001268387
1758804828046707700,15.441707763671875,-0.2254118174314499,0.5088182091712952,0.07016018033027649
1758804828056663800,15.451663818359375,-0.19207249581813812,0.6790626645088196,0.055988699197769165
1758804828066619600,15.46161962890625,-0.13022245466709137,0.7611788511276245,0.06183566898107529
1758804828076575700,15.47157568359375,-0.06138879060745239,0.8114513158798218,0.08615858852863312
1758804828086531600,15.481531494140626,0.00020133497309871018,0.8598156571388245,0.09445299953222275
1758804828096488700,15.49148876953125,0.08657243847846985,0.7557566165924072,0.1194683387875557
1758804828106444800,15.50144482421875,0.12009871006011963,0.4153748154640198,0.12972897291183472
1758804828116400600,15.511400634765625,0.09888104349374771,0.17860808968544006,0.07403241842985153
1758804828126356500,15.5213564453125,0.06885496526956558,0.1320515125989914,-0.014435931108891964
1758804828136312800,15.531312744140624,0.03526025265455246,0.14364078640937805,-0.06401466578245163
1758804828146268700,15.5412685546875,0.0173246618360281,0.09861818701028824,-0.057792458683252335
1758804828156224800,15.551224853515626,0.013343235477805138,0.0592593289911747,-0.03834152966737747
1758804828166180600,15.5611806640625,-0.006007025949656963,0.09138504415750504,-0.03708185628056526
1758804828176136700,15.57113671875,-0.03147004172205925,0.18602445721626282,-0.05549601465463638
1758804828186092500,15.581092529296875,-0.030132602900266647,0.22709307074546814,-0.06991276890039444
1758804828196048600,15.591048583984374,-0.018491925671696663,0.16042909026145935,-0.06680406630039215
1758804828206004700,15.601004638671874,-0.0018426411552354693,0.020960941910743713,-0.06042898818850517
1758804828215960800,15.6109609375,-0.006815827917307615,-0.09063349664211273,-0.07580980658531189
1758804828225916700,15.620916748046875,-0.021530060097575188,-0.12603117525577545,-0.1097123846411705
1758804828235872800,15.630872802734375,-0.03364131599664688,-0.15260685980319977,-0.12949328124523163
1758804828245828600,15.64082861328125,-0.05048048496246338,-0.21637491881847382,-0.14834339916706085
1758804828255784700,15.65078466796875,-0.06554998457431793,-0.2632327079772949,-0.16225682199001312
1758804828265740500,15.660740478515624,-0.06327271461486816,-0.26439329981803894,-0.16156625747680664
1758804828275696600,15.670696533203126,-0.035411786288022995,-0.2889697551727295,-0.13968412578105927
1758804828285652700,15.68065283203125,0.007178017869591713,-0.36306795477867126,-0.12242791056632996
1758804828295608800,15.69060888671875,0.05319184809923172,-0.4187312126159668,-0.12377840280532837
1758804828305564700,15.700564697265625,0.07935474067926407,-0.40180230140686035,-0.14490924775600433
1758804828315520800,15.710520751953124,0.07558370381593704,-0.35596635937690735,-0.15791213512420654
1758804828325476600,15.7204765625,0.06267829239368439,-0.2803453803062439,-0.1435241401195526
1758804828335432700,15.7304326171875,0.047930240631103516,-0.19562941789627075,-0.08273296058177948
1758804828345388500,15.740388427734375,0.018666362389922142,-0.11829815059900284,-0.0205145962536335
1758804828355345000,15.750344970703125,0.010609767399728298,-0.14075684547424316,0.015569638460874557
1758804828365300700,15.76030078125,0.04675312340259552,-0.24705612659454346,-0.013066001236438751
1758804828375257900,15.7702578125,0.07768227905035019,-0.25510552525520325,-0.061403971165418625
1758804828385213700,15.780213623046874,0.06577981263399124,-0.18912304937839508,-0.09538963437080383
1758804828395169800,15.790169677734376,0.035642415285110474,-0.17210732400417328,-0.09836278855800629
1758804828405125600,15.800125732421876,-0.009709885343909264,-0.16448535025119781,-0.08545418083667755
1758804828415081700,15.810081787109375,-0.04416186735033989,-0.0977015271782875,-0.05740470439195633
1758804828425037600,15.82003759765625,-0.0616159588098526,-0.07256101816892624,-0.02202088013291359
1758804828434993700,15.82999365234375,-0.06136349216103554,-0.08382991701364517,0.00033156355493701994
1758804828444949500,15.839949462890624,-0.03693191707134247,-0.0800948366522789,-0.007592938374727964
1758804828454905900,15.84990576171875,-0.019652264192700386,-0.055746886879205704,-0.002829076023772359
1758804828464861700,15.85986181640625,-0.00043302998528815806,0.010015882551670074,-0.003939081449061632
1758804828474817800,15.86981787109375,0.03508554771542549,0.04722130671143532,0.010891263373196125
1758804828484773600,15.879773681640625,0.05264243856072426,0.08372099697589874,0.04122679680585861
1758804828494729700,15.889729736328125,0.056841444224119186,0.1572016030550003,0.07052796334028244
1758804828504685600,15.899685546875,0.04953160136938095,0.2216852605342865,0.08095290511846542
1758804828514641700,15.9096416015625,0.03638463839888573,0.22943851351737976,0.06537021696567535
1758804828524597800,15.91959765625,0.053580936044454575,0.14911331236362457,0.030888406559824944
1758804828536422000,15.931421875,0.08658096194267273,0.0039044604636728764,0.005361742340028286
1758804828546377700,15.941377685546875,0.11632474511861801,-0.0726209431886673,-0.023243803530931473
1758804828556333800,15.951333740234375,0.11312788724899292,-0.06873458623886108,-0.03779052197933197
1758804828566289700,15.96128955078125,0.08366693556308746,-0.04496321454644203,-0.044623661786317825
1758804828576245800,15.971245849609375,0.05174415558576584,0.001442900625988841,-0.03748905286192894
1758804828586201600,15.98120166015625,0.028180506080389023,0.0684560239315033,-0.03147190436720848
1758804828596157700,15.99115771484375,0.009664079174399376,0.13786466419696808,-0.024293888360261917
1758804828606113800,16.00111376953125,0.003231213428080082,0.17715640366077423,-0.019720973446965218
1758804828616070000,16.01106982421875,0.0009890979854390025,0.18225955963134766,-0.013805560767650604
1758804828626025700,16.021025634765625,-0.00618199585005641,0.18593817949295044,0.004529770463705063
1758804828635981800,16.03098193359375,-0.011436413042247295,0.22769547998905182,0.03310628607869148
1758804828645937700,16.040937744140624,-0.012937636114656925,0.2558445632457733,0.05047968402504921
1758804828655893800,16.050893798828124,-0.010083526372909546,0.2499760091304779,0.05837782099843025
1758804828665850600,16.0608505859375,-0.0023044333793222904,0.24370746314525604,0.06147534400224686
1758804828675806700,16.070806640625,0.008442486636340618,0.2267809510231018,0.05739112198352814
1758804828685762600,16.080762451171875,0.007794539909809828,0.2083425521850586,0.047377634793519974
1758804828695718700,16.09071875,0.0035167040769010782,0.2139652818441391,0.04071547091007233
1758804828705674800,16.1006748046875,-0.003852528752759099,0.2575700283050537,0.04988367110490799
1758804828715630800,16.110630859375,-0.005943110212683678,0.30823373794555664,0.05405764281749725
1758804828725586700,16.120586669921874,-0.002214152133092284,0.33062878251075745,0.05722200870513916
1758804828735542800,16.130542724609374,0.004850149154663086,0.308133602142334,0.06204419583082199
1758804828745498600,16.14049853515625,0.006570817437022924,0.26124677062034607,0.06413584202528
1758804828755454700,16.150454833984377,0.0029140308033674955,0.20650257170200348,0.059725914150476456
1758804828765410600,16.16041064453125,-0.008449943736195564,0.16534261405467987,0.05048208311200142
1758804828775366700,16.17036669921875,-0.008809204213321209,0.14548556506633759,0.04393576458096504
1758804828785323300,16.1803232421875,0.006311425473541021,0.10958508402109146,0.033972349017858505
1758804828795279000,16.190279052734375,0.0221516415476799,0.06090116873383522,0.03327513113617897
1758804828805235200,16.200235107421875,0.0267754215747118,0.04150243476033211,0.031258318573236465
1758804828815191000,16.21019091796875,0.03349724039435387,0.010387660004198551,0.024718662723898888
1758804828825147100,16.220147216796875,0.04096128046512604,-0.004918325692415237,0.020807277411222458
1758804828835103000,16.23010302734375,0.03362507000565529,-0.019591011106967926,0.028022313490509987
1758804828845059000,16.24005908203125,0.014707573689520359,-0.04987381771206856,0.036365997046232224
1758804828855015000,16.250014892578125,-0.008540225215256214,-0.06992102414369583,0.03194088861346245
1758804828864971300,16.25997119140625,-0.028609007596969604,-0.08303043991327286,0.030111828818917274
1758804828874927000,16.269927001953125,-0.04337357357144356,-0.08668749034404755,0.03327326849102974
1758804828884883200,16.27988330078125,-0.04302816092967987,-0.06392358988523483,0.032529447227716446
1758804828894839000,16.289839111328124,-0.03561897948384285,-0.018001370131969452,0.029686523601412773
1758804828904795100,16.299795166015624,-0.0243103988468647,0.027239078655838966,0.024941569194197655
1758804828914751000,16.3097509765625,-0.0002460760879330337,0.030781880021095276,0.02165922336280346
1758804828924707000,16.31970703125,0.014671354554593563,0.01315122190862894,0.022895729169249535
1758804828934663200,16.3296630859375,0.006876814644783735,0.016680443659424782,0.025770876556634903
1758804828944619300,16.339619384765626,-0.009784986265003681,0.025602832436561584,0.01986478455364704
1758804828954575000,16.3495751953125,-0.019876502454280853,0.015929430723190308,0.015096927061676979
1758804828964531200,16.35953125,-0.0280942190438509,0.015419436618685722,0.023389745503664017
1758804828974487000,16.369487060546874,-0.03386528789997101,0.013950170017778873,0.027901139110326767
1758804828984443100,16.379443115234373,-0.0380198210477829,0.03800969943404198,0.023385750129818916
1758804828994399000,16.38939892578125,-0.035902608186006546,0.08652903139591217,0.019347598776221275
1758804829004356000,16.399356201171877,-0.02810540422797203,0.13212475180625916,0.022374814376235008
1758804829014312000,16.40931201171875,-0.008221444673836231,0.13800686597824097,0.025856098160147667
1758804829024268000,16.41926806640625,-0.0005816344055347145,0.1276674121618271,0.027284085750579834
1758804829034224000,16.42922412109375,-0.0006205165409483016,0.10998695343732834,0.025946911424398422
1758804829044180200,16.43918017578125,-0.018975555896759033,0.0922367200255394,0.026219353079795837
1758804829054136000,16.449135986328123,-0.036129508167505264,0.07683219760656357,0.02887585572898388
1758804829064092200,16.459092041015627,-0.060084909200668335,0.07963170856237411,0.03123248741030693
1758804829074048000,16.469048095703126,-0.06866587698459625,0.07237965613603592,0.03485838323831558
1758804829084004000,16.479004150390626,-0.05586353316903114,0.0312894806265831,0.03706241399049759
1758804829093960000,16.4889599609375,-0.04397624731063843,-0.025248365476727486,0.02960103563964367
1758804829103916300,16.498916259765625,-0.036314066499471664,-0.046374157071113586,0.015669241547584534
1758804829113872100,16.5088720703125,-0.036506880074739456,-0.0466226302087307,0.004808337427675724
1758804829123828200,16.518828125,-0.025618011131882668,-0.01912655681371689,0.004687163513153791
1758804829133784000,16.5287841796875,-0.005351355765014887,0.011626295745372772,0.014062555506825447
1758804829143740200,16.538740234375,0.007297327741980553,0.01834811456501484,0.02075854130089283
1758804829153696000,16.548696044921876,0.012595686130225658,0.01661519519984722,0.0213558878749609
1758804829163652000,16.558652099609375,0.008075503632426262,0.02653973177075386,0.0247905682772398
1758804829173608200,16.568608154296875,-0.0012186624808236957,0.029327262192964554,0.026869164779782295
1758804829183564300,16.578564208984375,-0.009855293668806553,0.022052304819226265,0.023967916145920753
1758804829193520000,16.58852001953125,-0.010951717384159565,0.021993182599544525,0.03238217532634735
1758804829203476200,16.598476318359374,-0.011942679062485695,0.00888110976666212,0.040525589138269424
1758804829213432000,16.60843212890625,-0.020292488858103752,0.005106611177325249,0.03712766245007515
1758804829223388200,16.61838818359375,-0.02786571905016899,-0.0012506204657256603,0.024217987433075905
1758804829233344000,16.628343994140625,-0.022403575479984283,-0.06664374470710754,0.00926114246249199
1758804829243300000,16.638300048828125,-0.03435158357024193,-0.09623225778341293,-0.0030040456913411617
1758804829253256200,16.648256103515624,-0.03221119940280914,-0.03319443762302399,-0.019290873780846596
1758804829263212300,16.65821240234375,-0.0270710326731205,-0.005381982307881117,-0.015050854533910751
1758804829273168100,16.668168212890624,-0.01450171135365963,0.04559837654232979,-0.013124058023095131
1758804829283124200,16.678124267578124,-0.01576138660311699,0.0909152552485466,-0.0032631712965667248
1758804829293080000,16.688080078125,-0.009160208515822887,0.11963878571987152,0.004947354551404715
1758804829303036000,16.698035888671875,0.005075186025351286,0.11750426143407822,0.009154349565505981
1758804829312993000,16.707992919921875,0.02653839997947216,0.0942830890417099,0.006741259712725878
1758804829322949000,16.71794921875,0.039445944130420685,0.07186593115329742,0.00043809000635519624
1758804829332905000,16.727905029296874,0.04933878779411316,0.04328542202711105,-0.00999324582517147
1758804829342861000,16.737861083984374,0.058929894119501114,0.026994599029421806,-0.014128335751593113
1758804829352817200,16.747817138671873,0.07096552103757858,0.0065170214511454105,-0.016453808173537254
1758804829362773200,16.757773193359377,0.0775882676243782,-0.048041027039289474,-0.025350630283355713
1758804829372729000,16.76772900390625,0.07140440493822098,-0.08845556527376175,-0.025163942947983742
1758804829382685200,16.777685302734376,0.050147321075201035,-0.07160574197769165,-0.03840544447302818
1758804829392641000,16.78764111328125,0.040586307644844055,-0.017428258433938026,-0.036607012152671814
1758804829402597000,16.79759716796875,0.03823074325919151,0.02816639095544815,-0.038967106491327286
1758804829412553000,16.807552978515623,0.04596243053674698,0.0057156761176884174,-0.03716840595006943
1758804829422509300,16.81750927734375,0.05734078586101532,-0.02768196165561676,-0.013874003663659096
1758804829432465200,16.827465087890626,0.05685369670391083,-0.029981866478919983,-0.021637383848428726
1758804829442421200,16.837421142578126,0.035472240298986435,-0.031095335260033607,-0.026644660159945488
1758804829452377000,16.847377197265626,0.0222626943141222,-0.017957162111997604,-0.023749271407723427
1758804829462333200,16.857333251953126,0.015767777338624,-0.0061535001732409,-0.02918558195233345
1758804829472289000,16.8672890625,0.008553273975849152,0.025498168542981148,-0.03906590864062309
1758804829482245000,16.8772451171875,0.006705839652568102,0.06700033694505692,-0.04719547554850578
1758804829492201200,16.887201171875,0.012240421026945114,0.08873812109231949,-0.04903065785765648
1758804829502157300,16.8971572265625,0.009579656645655632,0.05930912867188454,-0.04055355116724968
1758804829512113200,16.907113037109376,-0.000696150294970721,0.033368874341249466,-0.037687722593545914
1758804829522069000,16.917069091796876,-0.016802415251731873,0.05248264968395233,-0.05516871437430382
1758804829532025000,16.927025146484375,-0.02991235814988613,0.10434345155954361,-0.07677546888589859
1758804829541981000,16.93698095703125,-0.00881932396441698,0.16165946424007416,-0.08161363750696182
1758804829551937000,16.94693701171875,0.027271036058664322,0.12053573876619339,-0.07103049755096436
1758804829561894100,16.95689404296875,0.04170030727982521,0.06761020421981812,-0.08212416619062424
1758804829571850000,16.96685009765625,0.016017848625779152,0.09638139605522156,-0.12050457298755646
1758804829581806000,16.97680615234375,-0.0202163215726614,0.14556439220905304,-0.13718874752521515
1758804829591762200,16.98676220703125,-0.04844476282596588,0.20958198606967926,-0.141868457198143
1758804829601718300,16.99671826171875,-0.08482221513986588,0.25269004702568054,-0.10413705557584763
1758804829611674000,17.006674072265625,-0.09970875084400177,0.28331851959228516,-0.047754473984241486
1758804829621630200,17.016630126953125,-0.08834557235240936,0.3087506592273712,-0.024932779371738434
1758804829631586000,17.0265859375,-0.07301349192857742,0.29972705245018005,-0.03550313413143158
1758804829641542100,17.036542236328124,-0.06862060725688934,0.28580886125564575,-0.05397481843829155
1758804829651498000,17.046498046875,-0.07116445899009705,0.29402896761894226,-0.05548722669482231
1758804829661454000,17.0564541015625,-0.07233518362045288,0.3070451617240906,-0.028623655438423157
1758804829671410200,17.06641015625,-0.07444866746664047,0.31898704171180725,-0.005179582163691521
1758804829681366300,17.0763662109375,-0.08071748167276382,0.3083743453025818,0.01173442043364048
1758804829691322000,17.086322021484374,-0.058509115129709244,0.20320291817188263,0.009230249561369419
1758804829701278200,17.0962783203125,-0.04886554181575775,0.06307058036327362,-0.011431352235376835
1758804829711234000,17.106234130859374,-0.05373593419790268,-0.05742760747671127,-0.03537290543317795
1758804829721190000,17.11618994140625,-0.07815977931022644,-0.14271719753742218,-0.0672789067029953
1758804829731146000,17.12614599609375,-0.10937309265136719,-0.19023731350898743,-0.09038102626800537
1758804829741102000,17.13610205078125,-0.15198899805545807,-0.27788302302360535,-0.08644727617502213
1758804829751058200,17.14605810546875,-0.21849346160888672,-0.40355706214904785,-0.08509811758995056
1758804829761014000,17.156013916015624,-0.31295526027679443,-0.4236926734447479,-0.1353152096271515
1758804829770970000,17.16597021484375,-0.382925808429718,-0.3996211588382721,-0.18346916139125824
1758804829780927000,17.175927001953124,-0.3923960030078888,-0.5427991151809692,-0.21087655425071716
1758804829790883000,17.185883056640623,-0.3855695426464081,-0.7336891293525696,-0.2189192920923233
1758804829800839000,17.1958388671875,-0.38327735662460327,-0.8963901996612549,-0.22671596705913544
1758804829810795000,17.205794921875,-0.3727581202983856,-1.0421940088272095,-0.2534189522266388
1758804829820750800,17.215750732421874,-0.3550417125225067,-1.2300009727478027,-0.2867811620235443
1758804829830707200,17.225707275390626,-0.34680402278900146,-1.3584505319595337,-0.3080507814884186
1758804829840663000,17.2356630859375,-0.33268848061561584,-1.3811179399490356,-0.3182176649570465
1758804829850619100,17.245619140625,-0.2580682933330536,-1.3645217418670654,-0.30459824204444885
1758804829860575000,17.255574951171877,-0.16927717626094818,-1.335955262184143,-0.28898707032203674
1758804829870531000,17.265531005859376,-0.09921926259994507,-1.3823177814483643,-0.2850562334060669
1758804829880487000,17.27548681640625,-0.08736393600702286,-1.4482080936431885,-0.2942926287651062
1758804829890443000,17.285443115234376,-0.12664742767810822,-1.3511455059051514,-0.3035508394241333
1758804829900398800,17.29539892578125,-0.17274487018585205,-1.202368974685669,-0.28129613399505615
1758804829910355000,17.30535498046875,-0.20086225867271423,-1.220200538635254,-0.22847844660282135
1758804829920311000,17.31531103515625,-0.2242240458726883,-1.2797179222106934,-0.1773686558008194
1758804829930267000,17.325266845703126,-0.2595767080783844,-1.2540758848190308,-0.14969788491725922
1758804829940223000,17.335222900390626,-0.2999017536640167,-1.1730071306228638,-0.12232910841703415
1758804829950178800,17.3451787109375,-0.3602133095264435,-1.135554552078247,-0.05962790921330452
1758804829960135000,17.355135009765625,-0.4142933189868927,-1.1084904670715332,0.007784686051309109
1758804829970090800,17.3650908203125,-0.4464738965034485,-1.0046415328979492,0.046846069395542145
1758804829980048000,17.3750478515625,-0.47169697284698486,-0.8254193663597107,0.071029432117939
1758804829990004000,17.38500390625,-0.48812758922576904,-0.6592687368392944,0.07333173602819443
1758804829999960000,17.3949599609375,-0.4909500181674957,-0.5683305859565735,0.0647377148270607
1758804830009916200,17.404916259765624,-0.4770051836967468,-0.4653357267379761,0.06012086197733879
1758804830019872000,17.4148720703125,-0.42588233947753906,-0.30756527185440063,0.059306200593709946
1758804830029828000,17.424828125,-0.3520118296146393,-0.11351990699768066,0.023918915539979935
1758804830039784000,17.434783935546875,-0.26936301589012146,0.15825168788433075,-0.017766213044524193
1758804830049740000,17.444739990234375,-0.17507541179656982,0.44336944818496704,-0.00475400872528553
1758804830059695900,17.45469580078125,-0.0802900418639183,0.5958971977233887,0.03773565962910652
1758804830069652000,17.46465185546875,-0.00222001108340919,0.6825202703475952,0.05572371557354927
1758804830079608000,17.474608154296874,-0.005259210709482431,0.9106754064559937,0.08314468711614609
1758804830089564200,17.484564208984374,0.10241798311471939,0.8382760286331177,0.04941628500819206
1758804830099520000,17.49452001953125,0.22988618910312653,0.6177588105201721,0.033426400274038315
1758804830109475800,17.504475830078125,0.33270978927612305,0.6480565667152405,0.09899848699569702
1758804830119432000,17.514431884765624,0.25710421800613403,0.6791476011276245,0.09571827203035355
1758804830129387800,17.5243876953125,0.12027980387210846,0.9115797877311707,0.0993039533495903
1758804830139344000,17.53434375,-0.03759318217635155,0.8074395656585693,0.02309786155819893
1758804830149300000,17.544300048828124,-0.08662943542003632,0.6949276328086853,-0.009192699566483498
1758804830159256000,17.554256103515623,-0.10631072521209717,0.6262537837028503,-0.006129531655460596
1758804830169213200,17.564213134765627,-0.10602656751871109,0.5502916574478149,0.0005012069013901055
1758804830179169000,17.5741689453125,-0.08880683779716492,0.3106931447982788,-0.003991812001913786
1758804830189125000,17.584125,-0.06586077064275742,0.08457613736391068,-0.018091918900609016
1758804830199081000,17.5940810546875,-0.10192796587944031,0.023559654131531715,-0.036866139620542526
1758804830209037000,17.604037109375,-0.15058603882789612,0.05332394316792488,-0.037458427250385284
1758804830218993000,17.613992919921873,-0.2306811511516571,0.13503797352313995,-0.0519912950694561
1758804830228949000,17.623948974609377,-0.3283461928367615,0.21681912243366241,-0.0706225037574768
1758804830238904800,17.63390478515625,-0.4495258629322052,0.1484600454568863,-0.07212958484888077
1758804830248861200,17.643861083984376,-0.5492863059043884,-0.10146963596343994,-0.05554049089550972
1758804830258817000,17.653817138671876,-0.6386649012565613,-0.19261711835861206,-0.03717692941427231
1758804830268773000,17.663773193359376,-0.7829227447509766,0.10389124602079391,-0.011996741406619549
1758804830278729000,17.67372900390625,-0.841393232345581,0.5185768604278564,-0.034094054251909256
1758804830288685000,17.68368505859375,-0.7181655764579773,0.7089345455169678,-0.05428773909807205
1758804830298641000,17.693640869140626,-0.6011396646499634,0.8228837251663208,-0.01985120214521885
1758804830308597000,17.703596923828126,-0.40613287687301636,0.6593707203865051,0.004857605788856745
1758804830318553000,17.713552978515626,-0.19599133729934692,0.4679730534553528,0.012259596027433872
1758804830328509000,17.723509033203126,-0.06022365763783455,0.28452759981155396,0.014631140977144241
1758804830338466000,17.733466064453125,0.029691848903894424,0.19657963514328003,-0.007196660153567791
1758804830348422100,17.743422119140625,0.10144619643688202,0.11065247654914856,-0.017373397946357727
1758804830358378000,17.7533779296875,0.14265409111976624,-0.10418125987052917,0.007958324626088142
1758804830368334000,17.763333984375,0.172464981675148,-0.26143479347229004,0.0136036928743124
1758804830378290000,17.7732900390625,0.14363892376422882,-0.27520042657852173,0.020360931754112244
1758804830388246000,17.78324609375,0.11276622861623764,-0.2218138873577118,0.0246113371104002
1758804830398201900,17.793201904296875,0.12101803719997406,-0.29718559980392456,0.043542418628931046
1758804830408158000,17.803157958984375,0.20084123313426971,-0.5012255311012268,0.07401084154844284
1758804830418114000,17.813114013671875,0.41829419136047363,-0.5051212310791016,0.07891585677862167
1758804830428070100,17.823070068359375,0.6897757649421692,-0.2670671045780182,-0.016502011567354202
1758804830438026000,17.83302587890625,0.8120092749595642,-0.0068243504501879215,-0.057792726904153824
1758804830447982000,17.842982177734374,0.7320281267166138,0.07480473071336746,-0.05186878889799118
1758804830457938000,17.85293798828125,0.4172116219997406,0.04649106785655022,0.04628307744860649
1758804830467894000,17.86289404296875,0.1559658944606781,0.07863382250070572,0.09763175249099731
1758804830477849900,17.872849853515625,0.11448130756616592,0.0910811722278595,0.0878925696015358
1758804830487806200,17.88280615234375,0.22305145859718323,0.13932646811008453,0.04740612953901291
1758804830497762000,17.892761962890624,0.36757615208625793,0.11727948486804962,0.03001781925559044
1758804830507719000,17.902718994140624,0.4911143183708191,0.0369577519595623,0.05119287967681885
1758804830517675000,17.912675048828124,0.5400168895721436,0.024628646671772003,0.10032660514116287
1758804830527631000,17.922631103515624,0.5102616548538208,0.08201097697019577,0.10983861982822418
1758804830537587000,17.9325869140625,0.48611849546432495,0.160304456949234,0.09172353148460388
1758804830547543000,17.94254296875,0.48514699935913086,0.176352396607399,0.06761020421981812
1758804830557499000,17.952498779296874,0.4816734194755554,0.0638761818408966,0.055154331028461456
1758804830567455000,17.962455078125,0.47401097416877747,-0.09760724753141403,0.034279145300388336
1758804830577410800,17.972410888671874,0.3964219093322754,-0.22940629720687866,0.027541080489754677
1758804830587367200,17.9823671875,0.2564863860607147,-0.2110440582036972,0.016209596768021584
1758804830597323000,17.992322998046873,0.14269722998142242,-0.11452018469572067,-0.0030980552546679974
1758804830607279000,18.002279052734377,0.08590185642242432,-0.08670054376125336,-0.025597771629691124
1758804830617235000,18.01223486328125,0.031623706221580505,-0.154871866106987,-0.034562770277261734
1758804830627191000,18.02219091796875,-0.024276310577988625,-0.19375188648700714,-0.021997177973389626
1758804830637147000,18.03214697265625,-0.06250812113285065,-0.17867787182331085,-0.0011851066956296563
1758804830647103000,18.04210302734375,-0.06210784614086151,-0.13037905097007751,0.013744307681918144
1758804830657059800,18.052059814453123,-0.025313079357147217,-0.09961926937103271,0.015414375811815262
1758804830667016000,18.062015869140627,0.010743457823991776,-0.08179446309804916,-0.003001915058121085
1758804830676972000,18.071971923828126,0.02876267209649086,-0.09162472188472748,-0.016438094899058342
1758804830686928100,18.08192822265625,0.06203274428844452,-0.11217900365591049,-0.020800087600946426
1758804830696884000,18.091884033203126,0.06306365132331848,-0.1183364987373352,-0.020912205800414085
1758804830706840000,18.101840087890626,0.053938865661621094,-0.04104011133313179,-0.022245118394494057
1758804830716796000,18.1117958984375,0.02112605795264244,0.04681278020143509,-0.019150525331497192
1758804830726752000,18.121751953125,-0.008165517821907997,0.12115731835365295,-0.00035659727291204035
1758804830736707800,18.131707763671876,0.00079735042527318,0.19432073831558228,0.0009616674506105483
1758804830746664000,18.141663818359376,0.018612831830978394,0.21949321031570435,0.0014122743159532547
1758804830756620000,18.1516201171875,0.025648638606071472,0.26153600215911865,0.006053098943084478
1758804830766576000,18.161576171875,0.04045794531702995,0.3251253664493561,-0.0008495483780279756
1758804830776532000,18.171531982421875,0.05692213773727417,0.3727796971797943,-0.014159761369228363
1758804830786487000,18.181487060546875,0.08307331800460815,0.3725131154060364,-0.022245384752750397
1758804830796443000,18.19144287109375,0.10001075267791748,0.37945252656936646,-0.021947376430034637
1758804830806399200,18.201399169921874,0.1373828947544098,0.3517085015773773,-0.02178812026977539
1758804830816356000,18.211356201171874,0.1513945758342743,0.2552970051765442,-0.026670759543776512
1758804830826312200,18.221312255859374,0.13849475979804993,0.19116783142089844,-0.025527464225888252
1758804830836268300,18.231268310546874,0.11723954230546951,0.19370634853839874,-0.034394990652799606
1758804830846224100,18.24122412109375,0.09740964323282242,0.19912882149219513,-0.04625670984387398
1758804830856180200,18.25118017578125,0.05970966815948486,0.22026818990707397,-0.045340318232774734
1758804830866136000,18.261135986328124,0.017647702246904373,0.2389550507068634,-0.02178199402987957
1758804830876092200,18.271092041015624,-0.01073733251541853,0.23410889506340027,0.003960120491683483
1758804830886048000,18.281048095703124,0.007535680662840605,0.17985312640666962,0.022292522713541985
1758804830896004000,18.291004150390624,0.0412297286093235,0.07290936261415482,0.039379362016916275
1758804830905960200,18.300960205078123,0.07050319761037827,0.01895851083099842,0.04069336876273155
1758804830915916300,18.310916259765627,0.0988091379404068,0.044568002223968506,0.029566414654254913
1758804830925872000,18.3208720703125,0.10283716768026352,0.08344775438308716,0.02287442237138748
1758804830935828200,18.330828125,0.09593451768159866,0.1425350457429886,0.02225816808640957
1758804830945784000,18.3407841796875,0.07201506942510605,0.1649300903081894,0.02466832846403122
1758804830955740000,18.350739990234374,0.0540350042283535,0.15264573693275452,0.030108101665973663
1758804830965697000,18.360697021484373,0.05711708217859268,0.10329949110746384,0.021947110071778297
1758804830975653000,18.370653076171877,0.06913646310567856,0.04574165493249893,0.004002464935183525
1758804830985609000,18.38060888671875,0.06902327388525009,0.018619224429130554,-0.0191944669932127
1758804830995565000,18.39056494140625,0.052448295056819916,0.05669310688972473,-0.0401223860681057
1758804831005521200,18.400521240234376,0.019632823765277863,0.09188970923423767,-0.04489157348871231
1758804831015477200,18.410477294921876,-0.012930712662637234,0.15104064345359802,-0.05188982933759689
1758804831025433000,18.42043310546875,-0.026884345337748528,0.1928003430366516,-0.03682059794664383
1758804831035389200,18.43038916015625,-0.02172313816845417,0.21465185284614563,-0.01883334293961525
1758804831045345000,18.440344970703126,0.006999053526669741,0.24229146540164948,-0.010862767696380615
1758804831055301000,18.450301025390626,0.03557850047945976,0.2528056204319,-0.004778509959578514
1758804831065257000,18.460257080078126,0.05844679847359657,0.2620691657066345,-0.006359894759953022
1758804831075213300,18.47021337890625,0.061884406954050064,0.2899881601333618,-0.01486656442284584
1758804831085169200,18.480169189453125,0.029575468972325325,0.2850631773471832,-0.025414014235138893
1758804831095125200,18.490125244140625,-0.032107334583997726,0.3343992829322815,-0.02955629490315914
1758804831105081000,18.5000810546875,-0.05603503808379173,0.3471110761165619,-0.025415077805519104
1758804831115038200,18.5100380859375,-0.06503333151340485,0.2681286633014679,-0.03194941207766533
1758804831124994000,18.519994140625,-0.093116894364357,0.19603422284126282,-0.018995795398950577
1758804831134950100,18.5299501953125,-0.11299233138561249,0.10378845036029816,0.0006745787104591727
1758804831144906000,18.539906005859375,-0.11659052968025208,-0.002263686852529645,0.011672368273139
1758804831154862000,18.549862060546875,-0.10441082715988159,-0.03521417826414108,-0.011394068598747253
1758804831164818200,18.559818115234375,-0.08756793290376663,0.0005006743012927473,-0.04940430074930191
1758804831174774300,18.569774169921875,-0.07723379880189896,0.0809212177991867,-0.06354089081287384
1758804831184730000,18.579730224609374,-0.07424440234899521,0.13816559314727783,-0.07777788490056992
1758804831194686200,18.589686279296874,-0.07820452004671097,0.158138245344162,-0.07991800457239151
1758804831204642000,18.59964208984375,-0.08230578899383545,0.1783423125743866,-0.07834567129611969
1758804831214598100,18.60959814453125,-0.07113969326019287,0.14690075814723969,-0.07912331074476242
1758804831224554000,18.619553955078125,-0.04676191136240959,0.12228862941265106,-0.07011596858501434
1758804831234510000,18.629510009765625,-0.032047148793935776,0.1607779562473297,-0.06746319681406021
1758804831244466200,18.639466064453124,-0.010202303528785706,0.14366155862808228,-0.06653375178575516
1758804831254423000,18.649423095703124,0.01347532868385315,0.06977827847003937,-0.0518815740942955
1758804831264379100,18.659379150390624,0.02467844821512699,0.03844752535223961,-0.03849306330084801
1758804831274335200,18.669335205078124,0.015182947739958763,0.06546475738286972,-0.03202637657523155
1758804831284291000,18.679291015625,0.003631486324593425,0.14007028937339783,-0.03843207657337189
1758804831294247200,18.6892470703125,0.0016056197928264737,0.15203826129436493,-0.03483228385448456
1758804831304203000,18.699203125,0.006040581967681646,0.15217968821525574,-0.030059631913900375
1758804831314159000,18.7091591796875,0.004261324182152748,0.16666993498802185,-0.034026943147182465
1758804831324115000,18.719114990234374,-0.0133301867172122,0.1548748016357422,-0.037514086812734604
1758804831334071000,18.729071044921874,-0.04231470078229904,0.15265239775180817,-0.036074645817279816
1758804831344027100,18.739027099609373,-0.06984539330005646,0.14473748207092285,-0.0307504553347826
1758804831353983200,18.748983154296877,-0.08998661488294601,0.11637694388628006,-0.03339603915810585
1758804831363939000,18.75893896484375,-0.11643340438604355,0.06283781677484512,-0.021676532924175262
1758804831373895200,18.768895263671876,-0.12492355704307556,0.09687967598438263,-0.025420671328902245
1758804831383851000,18.77885107421875,-0.1210758239030838,0.11121467500925064,-0.04506681114435196
1758804831394430200,18.78943017578125,-0.10962609946727753,0.08134545385837555,-0.04296504333615303
1758804831404386000,18.799385986328126,-0.098747618496418,0.08917967975139618,-0.016933443024754524
1758804831414342100,18.809342041015626,-0.07066377997398376,0.15123718976974487,-0.004416053649038076
1758804831424298000,18.819298095703125,-0.04316478222608566,0.21689556539058685,0.002080195117741823
1758804831434254000,18.829254150390625,-0.028619926422834396,0.24397778511047363,0.0067931911908090115
1758804831444210200,18.839210205078125,-0.011697135865688324,0.25387513637542725,0.013685984537005424
1758804831454166300,18.849166259765624,-0.00936074461787939,0.25399526953697205,0.022348714992403984
1758804831464122000,18.8591220703125,-0.011216968297958374,0.2512325048446655,0.021941252052783966
1758804831474078200,18.869078125,-0.01793372631072998,0.21182915568351746,0.025949575006961823
1758804831484034000,18.879033935546875,-0.029937658458948135,0.178050696849823,0.03214062750339508
1758804831493990100,18.888990234375,-0.05336255580186844,0.1636296808719635,0.01786048896610737
1758804831503946000,18.898946044921875,-0.07965780794620514,0.20086225867271423,0.00048070057528093457
1758804831513902000,18.908902099609374,-0.09558404982089996,0.24798423051834106,-0.00583791546523571
1758804831523859000,18.91885888671875,-0.08540251851081848,0.19739750027656555,0.0010428938549011946
1758804831533815000,18.92881494140625,-0.06347431242465973,0.12836596369743347,-0.0009829727932810783
1758804831543771100,18.938771240234374,-0.0468820221722126,0.10445716977119446,-0.012004198506474495
1758804831553727200,18.948727294921873,-0.048534780740737915,0.07334079593420029,-0.016884706914424896
1758804831563683000,18.95868310546875,-0.04169018939137459,0.029458289965987206,-0.016945160925388336
1758804831573639200,18.96863916015625,-0.03509513661265373,0.0037031255196779966,-0.006845655385404825
1758804831583595000,18.978594970703124,-0.020499415695667267,0.011157313361763954,0.01085744146257639
1758804831593551000,18.988551025390624,-0.012711534276604652,0.010146910324692726,0.009177785366773605
1758804831603507000,18.9985068359375,-0.017112674191594124,0.005549228750169277,-0.008417187258601189
1758804831613463000,19.008463134765623,-0.012515791691839695,0.00030413299100473523,-0.014430072158575058
1758804831623419100,19.018419189453127,0.00618039770051837,0.021824073046445847,-0.007464840542525053
1758804831633375200,19.028375244140626,0.025178324431180954,0.038905322551727295,-0.0014354437589645386
1758804831643331000,19.0383310546875,0.034748926758766174,0.02123231813311577,-0.003084473079070449
1758804831653287200,19.048287109375,0.039262715727090836,-0.057854510843753815,-0.004963333252817392
1758804831663244000,19.058244140625,0.0518253818154335,-0.15186277031898499,-0.0263674259185791
1758804831673200000,19.0682001953125,0.07335517555475235,-0.3209441900253296,-0.0492413155734539
1758804831683156000,19.078156005859373,0.06957215070724487,-0.4903353452682495,-0.05010417848825455
1758804831693112000,19.088112060546877,0.05008047819137573,-0.594907283782959,0.010282731615006924
1758804831703068000,19.09806787109375,0.04344867542386055,-0.5746654272079468,0.031679634004831314
1758804831713024300,19.108024169921876,0.04350273683667183,-0.40485721826553345,-0.0002271676348755136
1758804831722980000,19.11797998046875,0.03574654459953308,-0.20643386244773865,-0.02664785645902157
