time,seconds_elapsed,z,y,x
1759611381284036900,0.068036865234375,0.11835963279008865,0.24914704263210297,0.2545987069606781
1759611381294120000,0.078119873046875,0.11352091282606125,0.2732768654823303,0.2570042312145233
1759611381304204000,0.0882041015625,0.11647409945726395,0.2879714071750641,0.26604512333869934
1759611381314286800,0.098286865234375,0.12678468227386475,0.2831575870513916,0.27241039276123047
1759611381324371000,0.108370849609375,0.13399040699005127,0.2714463174343109,0.2852899730205536
1759611381334455000,0.118455078125,0.13102127611637115,0.2572266161441803,0.2904675602912903
1759611381344537900,0.128537841796875,0.13029129803180695,0.24390815198421478,0.2960316836833954
1759611381354622000,0.1386220703125,0.12401718646287918,0.23073932528495789,0.3072221577167511
1759611381364705800,0.148705810546875,0.11538534611463547,0.22588518261909485,0.3205656409263611
1759611381374789000,0.1587890625,0.10229098796844482,0.22600916028022766,0.33498474955558777
1759611381384873000,0.168873046875,0.08701828867197037,0.2361195832490921,0.3639378547668457
1759611381394955800,0.178955810546875,0.0771476998925209,0.2600322365760803,0.40139538049697876
1759611381405039900,0.189039794921875,0.07550692558288574,0.2914908230304718,0.44247862696647644
1759611381415124000,0.1991240234375,0.09512551128864288,0.3646719455718994,0.4867789149284363
1759611381425206800,0.209206787109375,0.1271665394306183,0.4530084729194641,0.5374495387077332
1759611381435291000,0.219290771484375,0.1616411805152893,0.535574734210968,0.5969484448432922
1759611381445374000,0.2293740234375,0.20297184586524963,0.5613911151885986,0.6848948001861572
1759611381455458000,0.2394580078125,0.25257760286331177,0.5268255472183228,0.7984291911125183
1759611381465542000,0.2495419921875,0.29632216691970825,0.48253077268600464,0.9154458045959473
1759611381475624700,0.259624755859375,0.3057725429534912,0.5470497012138367,1.0288488864898682
1759611381485709000,0.269708984375,0.27992337942123413,0.7500965595245361,1.113311529159546
1759611381495793000,0.27979296875,0.31638216972351074,1.0532710552215576,1.1929181814193726
1759611381505875700,0.289875732421875,0.38941773772239685,1.391646385192871,1.284630537033081
1759611381515960000,0.2999599609375,0.4858715534210205,1.7756249904632568,1.3695474863052368
1759611381526043000,0.31004296875,0.5879665017127991,2.2010068893432617,1.456284761428833
1759611381536127000,0.320126953125,0.6733881831169128,2.6672518253326416,1.5338150262832642
1759611381546211000,0.330211181640625,0.7464202642440796,3.1714894771575928,1.6146270036697388
1759611381556294000,0.3402939453125,0.8009828329086304,3.687134265899658,1.716679573059082
1759611381566378000,0.3503779296875,0.8534489274024963,4.196596622467041,1.8263951539993286
1759611381576461800,0.3604619140625,0.9140751361846924,4.6856560707092285,1.9370921850204468
1759611381586545000,0.370544921875,0.9978523254394531,5.148565292358398,2.0332071781158447
1759611381596629000,0.38062890625,1.1156959533691406,5.603765487670898,2.119417428970337
1759611381606711800,0.3907119140625,1.2681028842926025,6.048800945281982,2.1721792221069336
1759611381616796000,0.4007958984375,1.4535527229309082,6.478029727935791,2.2070724964141846
1759611381626880000,0.4108798828125,1.6728078126907349,6.869946002960205,2.2366881370544434
1759611381636962800,0.420962890625,1.9279232025146484,7.223098278045654,2.254295825958252
1759611381647047000,0.431046875,2.237992286682129,7.5176568031311035,2.22349214553833
1759611381657131000,0.441131103515625,2.5789849758148193,7.747426509857178,2.134075403213501
1759611381667213800,0.4512138671875,2.982086420059204,7.885815143585205,2.01420521736145
1759611381677298000,0.4612978515625,3.371018886566162,7.935605049133301,1.888460636138916
1759611381687380700,0.471380615234375,3.716745376586914,7.883832931518555,1.7578450441360474
1759611381697464800,0.48146484375,4.008788108825684,7.774059772491455,1.6046556234359741
1759611381707549000,0.491548828125,4.213904857635498,7.608958721160889,1.4437288045883179
1759611381717631700,0.5016318359375,4.323033332824707,7.3637166023254395,1.2622722387313843
1759611381727716000,0.511716064453125,4.376139163970947,7.01584529876709,1.0465548038482666
1759611381737800000,0.521800048828125,4.390834808349609,6.58432149887085,0.8236663937568665
1759611381747882800,0.5318828125,4.362058162689209,6.064110279083252,0.6391982436180115
1759611381757967000,0.541967041015625,4.2925896644592285,5.555051326751709,0.47838786244392395
1759611381768050000,0.5520498046875,4.185511589050293,5.100361347198486,0.30304667353630066
1759611381778133800,0.5621337890625,4.045085906982422,4.724042892456055,0.09238628298044205
1759611381788217900,0.5722177734375,3.896960735321045,4.376464366912842,-0.15206100046634674
1759611381798301000,0.582301025390625,3.7711360454559326,4.039841651916504,-0.3714269995689392
1759611381808384800,0.592384765625,3.6569156646728516,3.7543911933898926,-0.5681648254394531
1759611381818468900,0.60246875,3.5501773357391357,3.559774160385132,-0.7286614775657654
1759611381828552000,0.612552001953125,3.4466633796691895,3.4628543853759766,-0.838963508605957
1759611381838636000,0.622635986328125,3.3391807079315186,3.4099037647247314,-0.927345335483551
1759611381848718800,0.63271875,3.2081048488616943,3.3408403396606445,-1.0122658014297485
1759611381858802700,0.642802734375,3.0460336208343506,3.2057371139526367,-1.0915709733963013
1759611381868887000,0.652886962890625,2.873507499694824,3.02807879447937,-1.169994831085205
1759611381878969900,0.662969970703125,2.6897318363189697,2.7977066040039062,-1.2538068294525146
1759611381889053700,0.6730537109375,2.491032600402832,2.531027317047119,-1.3179131746292114
1759611381899136500,0.683136474609375,2.302351713180542,2.272404193878174,-1.367281436920166
1759611381909220600,0.693220703125,2.1339762210845947,2.033618211746216,-1.3991448879241943
1759611381919304700,0.7033046875,2.007171630859375,1.8367339372634888,-1.4068377017974854
1759611381929387500,0.713387451171875,1.9166799783706665,1.696237325668335,-1.3927972316741943
1759611381939471600,0.7234716796875,1.8505961894989014,1.600262999534607,-1.35578453540802
1759611381949555700,0.7335556640625,1.7998435497283936,1.5486059188842773,-1.2986775636672974
1759611381959638500,0.743638427734375,1.750441551208496,1.5440852642059326,-1.2243283987045288
1759611381969722600,0.75372265625,1.692023515701294,1.5738343000411987,-1.1392682790756226
1759611381979805700,0.7638056640625,1.616471290588379,1.6223810911178589,-1.0566073656082153
1759611381989889500,0.7738896484375,1.5431342124938965,1.6804561614990234,-0.9690828323364258
1759611381999973600,0.7839736328125,1.4732398986816406,1.7247854471206665,-0.8863487839698792
1759611382010056400,0.794056396484375,1.39446222782135,1.7444767951965332,-0.800588846206665
1759611382020140500,0.804140625,1.2902988195419312,1.7356138229370117,-0.7163484692573547
1759611382030224600,0.814224609375,1.165845513343811,1.7078863382339478,-0.6366938948631287
1759611382040307500,0.824307373046875,1.0157674551010132,1.6611113548278809,-0.5632743239402771
1759611382050391600,0.8343916015625,0.8482790589332581,1.5946165323257446,-0.5044461488723755
1759611382060474600,0.844474609375,0.6838199496269226,1.51267409324646,-0.4489052891731262
1759611382070558500,0.854558349609375,0.5235357284545898,1.4190727472305298,-0.3992930054664612
1759611382080642800,0.864642822265625,0.37928202748298645,1.3144447803497314,-0.35050249099731445
1759611382090725600,0.8747255859375,0.23960667848587036,1.193511724472046,-0.29935914278030396
1759611382100809500,0.8848095703125,0.10280699282884598,1.0445834398269653,-0.24566327035427094
1759611382110893600,0.8948935546875,-0.03343846648931503,0.8789165616035461,-0.1737624555826187
1759611382120976600,0.9049765625,-0.17040446400642395,0.6898093223571777,-0.0918886736035347
1759611382131060500,0.915060546875,-0.30122295022010803,0.47116565704345703,-0.002955075353384018
1759611382141143600,0.9251435546875,-0.4233110249042511,0.21119986474514008,0.08472231030464172
1759611382151227600,0.9352275390625,-0.5316649675369263,-0.08676017820835114,0.18777786195278168
1759611382161311700,0.945311767578125,-0.6444491744041443,-0.41928204894065857,0.2921733260154724
1759611382171394600,0.95539453125,-0.7469401359558105,-0.7705146670341492,0.3990584909915924
1759611382181478400,0.965478515625,-0.8565517067909241,-1.1107597351074219,0.5089530944824219
1759611382191561700,0.975561767578125,-0.9691134095191956,-1.4194695949554443,0.6112893223762512
1759611382201645600,0.9856455078125,-1.0923559665679932,-1.6881133317947388,0.7198227047920227
1759611382211729400,0.9957294921875,-1.238499641418457,-1.928364872932434,0.8260993361473083
1759611382221812500,1.0058125,-1.3934069871902466,-2.164043664932251,0.9174757599830627
1759611382231896600,1.015896484375,-1.5316828489303589,-2.414734125137329,0.9955229163169861
1759611382241980700,1.025980712890625,-1.6514703035354614,-2.6831510066986084,1.061711072921753
1759611382252063500,1.0360634765625,-1.7455462217330933,-2.9468910694122314,1.1230268478393555
1759611382262147600,1.046147705078125,-1.819801688194275,-3.181104898452759,1.1758184432983398
1759611382272230700,1.056230712890625,-1.8782540559768677,-3.3791918754577637,1.218980312347412
1759611382282314500,1.066314453125,-1.9400233030319214,-3.539612293243408,1.2531071901321411
1759611382292398600,1.076398681640625,-1.9924609661102295,-3.656325578689575,1.2730904817581177
1759611382302481700,1.086481689453125,-2.047858953475952,-3.7386677265167236,1.268391489982605
1759611382312565500,1.0965654296875,-2.097947359085083,-3.7914538383483887,1.243579626083374
1759611382322649600,1.106649658203125,-2.133566379547119,-3.8065669536590576,1.199196457862854
1759611382332732700,1.116732666015625,-2.1706509590148926,-3.771578311920166,1.147371768951416
1759611382342816500,1.12681640625,-2.2096056938171387,-3.6981375217437744,1.0898407697677612
1759611382352899600,1.136899658203125,-2.244847536087036,-3.6014702320098877,1.012603998184204
1759611382362983700,1.146983642578125,-2.2599289417266846,-3.5065126419067383,0.9169361591339111
1759611382373067500,1.157067626953125,-2.26310396194458,-3.404017686843872,0.8158894181251526
1759611382383150600,1.167150634765625,-2.2329068183898926,-3.279698371887207,0.7243402600288391
1759611382393234400,1.177234375,-2.172133207321167,-3.1110074520111084,0.6382708549499512
1759611382403318500,1.187318603515625,-2.0920212268829346,-2.894822597503662,0.5622674822807312
1759611382413401600,1.197401611328125,-2.0161468982696533,-2.6456151008605957,0.4975641071796417
1759611382423485400,1.2074853515625,-1.9449613094329834,-2.4020490646362305,0.41560789942741394
1759611382433568800,1.21756884765625,-1.8725688457489014,-2.164506435394287,0.33563023805618286
1759611382443652600,1.227652587890625,-1.8073104619979858,-1.9278310537338257,0.26868075132369995
1759611382453736400,1.237736328125,-1.7289011478424072,-1.6912416219711304,0.1956704556941986
1759611382463819500,1.247819580078125,-1.6311335563659668,-1.456585168838501,0.1272614449262619
1759611382473903600,1.257903564453125,-1.5183556079864502,-1.2228834629058838,0.06343692541122437
1759611382483986700,1.267986572265625,-1.3940987586975098,-1.0145578384399414,-0.008782213553786278
1759611382494070500,1.278070556640625,-1.2717137336730957,-0.8617249131202698,-0.07955519109964371
1759611382504154600,1.288154541015625,-1.1638864278793335,-0.7491583228111267,-0.14388379454612732
1759611382514237700,1.29823779296875,-1.070090413093567,-0.7048981785774231,-0.1994868665933609
1759611382524321500,1.308321533203125,-0.9926579594612122,-0.6586880087852478,-0.24105651676654816
1759611382534405600,1.318405517578125,-0.9215659499168396,-0.6449772715568542,-0.27257290482521057
1759611382544488700,1.32848876953125,-0.8536709547042847,-0.6267238259315491,-0.2763150930404663
1759611382554572500,1.338572509765625,-0.793731153011322,-0.5870214104652405,-0.2671796679496765
1759611382564655600,1.348655517578125,-0.7370407581329346,-0.534237802028656,-0.2422569990158081
1759611382574739700,1.35873974609375,-0.6735456585884094,-0.4718332886695862,-0.2246313989162445
1759611382584823600,1.368823486328125,-0.6187914609909058,-0.4148601293563843,-0.20682436227798462
1759611382594906600,1.37890673828125,-0.5491399765014648,-0.372519850730896,-0.19474320113658905
1759611382604990700,1.38899072265625,-0.4746110737323761,-0.32092782855033875,-0.18686573207378387
1759611382615074600,1.399074462890625,-0.387500137090683,-0.2785170078277588,-0.18370003998279572
1759611382625157600,1.40915771484375,-0.2879699766635895,-0.22513912618160248,-0.17802609503269196
1759611382635241500,1.419241455078125,-0.18692323565483093,-0.15464471280574799,-0.16175764799118042
1759611382645324800,1.42932470703125,-0.08783330768346786,-0.07185859978199005,-0.15088774263858795
1759611382655408600,1.43940869140625,0.02274273708462715,0.010481549426913261,-0.14135390520095825
1759611382665492500,1.449492431640625,0.13022734224796295,0.08874020725488663,-0.13610132038593292
1759611382675575600,1.459575439453125,0.23642034828662872,0.15382494032382965,-0.1385311782360077
1759611382685659600,1.46965966796875,0.34209319949150085,0.19890670478343964,-0.1352597326040268
1759611382695742700,1.47974267578125,0.45257362723350525,0.21874645352363586,-0.12754401564598083
1759611382705826600,1.48982666015625,0.5641689300537109,0.24094811081886292,-0.11413050442934036
1759611382715910700,1.49991064453125,0.6683655977249146,0.26027360558509827,-0.08589912950992584
1759611382725993700,1.50999365234375,0.7649428248405457,0.25691983103752136,-0.049071893095970154
1759611382736077600,1.52007763671875,0.8326169848442078,0.24257658421993256,0.004297053441405296
1759611382746161700,1.53016162109375,0.8598003387451172,0.2596930265426636,0.06780320405960083
1759611382756244700,1.54024462890625,0.8769316673278809,0.3201853930950165,0.13924570381641388
1759611382766328600,1.55032861328125,0.933975875377655,0.4158092737197876,0.218470960855484
1759611382776411600,1.56041162109375,1.0677006244659424,0.5379242897033691,0.30023452639579773
1759611382786495700,1.570495849609375,1.28168785572052,0.6739171743392944,0.37620022892951965
1759611382796579600,1.58057958984375,1.5414022207260132,0.793280839920044,0.4179149270057678
1759611382806662700,1.59066259765625,1.8009647130966187,0.870358943939209,0.41996651887893677
1759611382816746800,1.600746826171875,2.0257434844970703,0.9125868082046509,0.3797557055950165
1759611382826830600,1.61083056640625,2.1731815338134766,0.9073946475982666,0.30949312448501587
1759611382836913700,1.62091357421875,2.242064952850342,0.8509633541107178,0.22174620628356934
1759611382846997500,1.63099755859375,2.258657455444336,0.755672812461853,0.11757228523492813
1759611382857080600,1.64108056640625,2.2401232719421387,0.627234935760498,0.02585861086845398
1759611382867164700,1.65116455078125,2.194718837738037,0.48370280861854553,-0.05465620383620262
1759611382877248500,1.66124853515625,2.146183729171753,0.34870290756225586,-0.11660665273666382
1759611382887331300,1.671331298828125,2.1130378246307373,0.22678303718566895,-0.17605406045913696
1759611382897415400,1.68141552734375,2.1001503467559814,0.14863444864749908,-0.22740113735198975
1759611382907499300,1.691499267578125,2.0932507514953613,0.14216123521327972,-0.28194379806518555
1759611382917582300,1.701582275390625,2.0749382972717285,0.20597323775291443,-0.3400885760784149
1759611382927666400,1.71166650390625,2.026050090789795,0.353636234998703,-0.39995694160461426
1759611382937749500,1.72174951171875,1.9496649503707886,0.5952656269073486,-0.4498390257358551
1759611382947833300,1.731833251953125,1.8426897525787354,0.9197965860366821,-0.4912261664867401
1759611382957917400,1.74191748046875,1.724505066871643,1.2948111295700073,-0.49816423654556274
1759611382968000500,1.75200048828125,1.6065717935562134,1.6890993118286133,-0.4817787706851959
1759611382978084400,1.76208447265625,1.5085382461547852,2.0655853748321533,-0.4503247141838074
1759611382988167200,1.772167236328125,1.4394937753677368,2.3921263217926025,-0.41209903359413147
1759611382998251500,1.78225146484375,1.3925914764404297,2.6780433654785156,-0.38389909267425537
1759611383008335400,1.79233544921875,1.3572298288345337,2.9211912155151367,-0.3635352551937103
1759611383018418400,1.80241845703125,1.3293427228927612,3.119105339050293,-0.3589327931404114
1759611383028502500,1.81250244140625,1.293963074684143,3.2610275745391846,-0.3563094735145569
1759611383038586400,1.82258642578125,1.2669750452041626,3.3495383262634277,-0.36277803778648376
1759611383048669400,1.83266943359375,1.2432537078857422,3.3948421478271484,-0.37194737792015076
1759611383058753300,1.842753173828125,1.2254149913787842,3.4043068885803223,-0.37461480498313904
1759611383068836400,1.85283642578125,1.2139805555343628,3.3888282775878906,-0.3632107675075531
1759611383078920400,1.86292041015625,1.202520489692688,3.3404104709625244,-0.34515348076820374
1759611383089004300,1.87300439453125,1.1842454671859741,3.2612476348876953,-0.3289099335670471
1759611383099087400,1.88308740234375,1.1571593284606934,3.1337156295776367,-0.3242882788181305
1759611383109171500,1.89317138671875,1.1150879859924316,2.983384370803833,-0.32983505725860596
1759611383119254300,1.903254150390625,1.0637539625167847,2.8290603160858154,-0.3297668695449829
1759611383129338400,1.91333837890625,1.0220595598220825,2.691030263900757,-0.30683523416519165
1759611383139422500,1.92342236328125,0.9919361472129822,2.5570714473724365,-0.28265053033828735
1759611383149505300,1.93350537109375,0.9782063364982605,2.413985252380371,-0.2537386119365692
1759611383159589400,1.94358935546875,0.9734795093536377,2.262230634689331,-0.21929727494716644
1759611383169673500,1.953673583984375,0.9818912744522095,2.1053733825683594,-0.17775191366672516
1759611383179756300,1.96375634765625,1.0055665969848633,1.9453151226043701,-0.12821552157402039
1759611383189840400,1.97384033203125,1.0274587869644165,1.7751585245132446,-0.07732665538787842
1759611383199923200,1.983923095703125,1.0402169227600098,1.6024751663208008,-0.033014580607414246
1759611383210007600,1.994007568359375,1.0315476655960083,1.4241712093353271,-0.002830824814736843
1759611383220091400,2.00409130859375,1.0128496885299683,1.2551132440567017,0.023068416863679886
1759611383230174200,2.01417431640625,0.9858776926994324,1.1021450757980347,0.05229157581925392
1759611383240258600,2.024258544921875,0.941453218460083,0.9618736505508423,0.08582742512226105
1759611383250342400,2.03434228515625,0.8800326585769653,0.8242969512939453,0.11669787019491196
1759611383260425200,2.04442529296875,0.8143719434738159,0.6984562277793884,0.13157935440540314
1759611383270509300,2.05450927734375,0.7562875151634216,0.5915391445159912,0.13756579160690308
1759611383280592400,2.06459228515625,0.6927759051322937,0.49188315868377686,0.1385229378938675
1759611383290676500,2.074676513671875,0.6109892725944519,0.3950113356113434,0.14590167999267578
1759611383300760300,2.08476025390625,0.48340946435928345,0.27879658341407776,0.16035811603069305
1759611383310843400,2.094843505859375,0.3006230294704437,0.11747068166732788,0.1631433218717575
1759611383320927500,2.104927490234375,0.08821754157543182,-0.08473940938711166,0.15983541309833527
1759611383331010300,2.11501025390625,-0.13251951336860657,-0.3100075423717499,0.1513242870569229
1759611383341094100,2.12509423828125,-0.33278629183769226,-0.49984195828437805,0.16199104487895966
1759611383351178500,2.135178466796875,-0.49767932295799255,-0.5905033946037292,0.21696893870830536
1759611383361261300,2.14526123046875,-0.602739691734314,-0.5593516230583191,0.30972790718078613
1759611383371345400,2.155345458984375,-0.6445212364196777,-0.4293510913848877,0.41541552543640137
1759611383381429500,2.165429443359375,-0.6486682891845703,-0.27213162183761597,0.5305905938148499
1759611383391512300,2.17551220703125,-0.6477227210998535,-0.15744563937187195,0.6351567506790161
1759611383401596400,2.185596435546875,-0.6611250638961792,-0.16043131053447723,0.7181813716888428
1759611383411679200,2.19567919921875,-0.7183980941772461,-0.3086440861225128,0.7682749629020691
1759611383421763300,2.205763427734375,-0.8582563996315002,-0.5523542165756226,0.8097350597381592
1759611383431847400,2.215847412109375,-1.0577813386917114,-0.8155439496040344,0.8549367785453796
1759611383441930200,2.22593017578125,-1.2569282054901123,-1.0783945322036743,0.8869956135749817
1759611383452014300,2.236014404296875,-1.4017070531845093,-1.3245826959609985,0.8875674605369568
1759611383462097400,2.246097412109375,-1.500881552696228,-1.5099900960922241,0.8706936836242676
1759611383472181200,2.25618115234375,-1.5850331783294678,-1.6113141775131226,0.8284165859222412
1759611383482265600,2.266265625,-1.6796274185180664,-1.65602707862854,0.7023640871047974
1759611383492348400,2.276348388671875,-1.8058897256851196,-1.6222496032714844,0.5657652616500854
1759611383502432300,2.286432373046875,-1.9335683584213257,-1.4987486600875854,0.46633586287498474
1759611383512516400,2.296516357421875,-2.0557138919830322,-1.3345558643341064,0.41515615582466125
1759611383522599400,2.306599365234375,-2.153846025466919,-1.2003774642944336,0.39410465955734253
1759611383532683300,2.316683349609375,-2.2349693775177,-1.1345518827438354,0.37814685702323914
1759611383542766300,2.326766357421875,-2.3182036876678467,-1.1102923154830933,0.3559728264808655
1759611383552850200,2.33685009765625,-2.410052537918091,-1.0987796783447266,0.3353419005870819
1759611383562934300,2.346934326171875,-2.5082788467407227,-1.0441111326217651,0.3095414340496063
1759611383573017300,2.357017333984375,-2.5976381301879883,-0.9550415277481079,0.3079824447631836
1759611383583101200,2.36710107421875,-2.6465823650360107,-0.8780250549316406,0.30882078409194946
1759611383593185500,2.377185546875,-2.5951426029205322,-0.8276351690292358,0.2865141034126282
1759611383603268400,2.387268310546875,-2.4366979598999023,-0.7961968183517456,0.255446195602417
1759611383613352200,2.397352294921875,-2.1956048011779785,-0.7720025777816772,0.2639235258102417
1759611383623435300,2.407435302734375,-1.9123138189315796,-0.7494592070579529,0.30011242628097534
1759611383633519400,2.417519287109375,-1.635726809501648,-0.7560086250305176,0.3411104083061218
1759611383643603200,2.427603271484375,-1.4055365324020386,-0.8077221512794495,0.36622563004493713
1759611383653686300,2.437686279296875,-1.255805492401123,-0.8968549370765686,0.3719489872455597
1759611383663770400,2.447770263671875,-1.1807352304458618,-1.0425053834915161,0.3746632933616638
1759611383673853400,2.457853515625,-1.1619404554367065,-1.2282814979553223,0.39183446764945984
1759611383683937300,2.467937255859375,-1.195684790611267,-1.4375226497650146,0.425297349691391
1759611383694021400,2.478021484375,-1.2575082778930664,-1.6593927145004272,0.4533795714378357
1759611383704104400,2.4881044921875,-1.3342466354370117,-1.870882272720337,0.4558185040950775
1759611383714188300,2.498188232421875,-1.4171429872512817,-2.0624639987945557,0.4349517822265625
1759611383724271400,2.508271240234375,-1.494255542755127,-2.2025628089904785,0.3807138502597809
1759611383734355500,2.51835546875,-1.5614575147628784,-2.2572505474090576,0.3035258650779724
1759611383744439300,2.528439208984375,-1.6150609254837036,-2.2492144107818604,0.20809707045555115
1759611383754522400,2.5385224609375,-1.6489695310592651,-2.183725118637085,0.11189017444849014
1759611383764606200,2.548606201171875,-1.6581072807312012,-2.0642340183258057,0.02266574837267399
1759611383774690300,2.558690185546875,-1.6488209962844849,-1.8986915349960327,-0.050950437784194946
1759611383784773400,2.5687734375,-1.6149165630340576,-1.721290111541748,-0.10099603235721588
1759611383794857200,2.578857177734375,-1.5659613609313965,-1.5481044054031372,-0.1386277675628662
1759611383804940500,2.5889404296875,-1.505177617073059,-1.3961622714996338,-0.17016199231147766
1759611383815024400,2.5990244140625,-1.4397836923599243,-1.2779572010040283,-0.19237011671066284
1759611383825108200,2.609108154296875,-1.380783200263977,-1.186526894569397,-0.20691151916980743
1759611383835191300,2.61919140625,-1.3201887607574463,-1.1094850301742554,-0.21392260491847992
1759611383845275400,2.629275390625,-1.2701839208602905,-1.0208379030227661,-0.20758827030658722
1759611383855358500,2.6393583984375,-1.2407264709472656,-0.9245015382766724,-0.1952490508556366
1759611383865442300,2.6494423828125,-1.2213770151138306,-0.8139179944992065,-0.18270982801914215
1759611383875526400,2.6595263671875,-1.1972774267196655,-0.6798630952835083,-0.16807568073272705
1759611383885609500,2.669609375,-1.1568626165390015,-0.5050031542778015,-0.12371567636728287
1759611383895693300,2.679693359375,-1.086605191230774,-0.3143540620803833,-0.05555284023284912
1759611383905777200,2.689777099609375,-0.925792396068573,-0.12662996351718903,0.03784634917974472
1759611383915860200,2.699860107421875,-0.6171776652336121,-0.022860843688249588,0.1540495753288269
1759611383925944300,2.7099443359375,-0.22418884932994843,0.035184346139431,0.21325218677520752
1759611383936027400,2.72002734375,0.1831672191619873,0.03038797527551651,0.1912231594324112
1759611383946111200,2.730111328125,0.49055594205856323,-0.08016383647918701,0.13364163041114807
1759611383956195300,2.7401953125,0.6689449548721313,-0.27208971977233887,0.11023290455341339
1759611383966278400,2.7502783203125,0.7910410761833191,-0.5089278221130371,0.14510886371135712
1759611383976362200,2.7603623046875,0.914580225944519,-0.7863985300064087,0.2026401162147522
1759611383986445300,2.7704453125,1.0778446197509766,-1.0682709217071533,0.26386407017707825
1759611383996529400,2.780529296875,1.296965479850769,-1.285269856452942,0.33069607615470886
1759611384006613200,2.79061328125,1.542657494544983,-1.387494683265686,0.3833363950252533
1759611384016696300,2.8006962890625,1.7743327617645264,-1.306351900100708,0.4285604953765869
1759611384026780400,2.810780517578125,1.9892284870147705,-1.0507416725158691,0.4759482443332672
1759611384036863200,2.82086328125,2.190641403198242,-0.6592161655426025,0.5260754227638245
1759611384046947300,2.830947265625,2.386258602142334,-0.23582760989665985,0.5741087198257446
1759611384057031200,2.84103125,2.56575345993042,0.17444956302642822,0.6130557656288147
1759611384067114200,2.8511142578125,2.6969056129455566,0.5176939964294434,0.6700000166893005
1759611384077198300,2.8611982421875,2.7416164875030518,0.7878715991973877,0.7208731174468994
1759611384087282200,2.8712822265625,2.6712372303009033,0.9723119735717773,0.7520768046379089
1759611384097365500,2.881365478515625,2.5125391483306885,1.0892256498336792,0.7305836081504822
1759611384107449300,2.891449462890625,2.3377346992492676,1.138637900352478,0.6744468212127686
1759611384117532200,2.9015322265625,2.1717007160186768,1.136533498764038,0.6084724068641663
1759611384127616300,2.9116162109375,2.0371944904327393,1.1098324060440063,0.5637251734733582
1759611384137700400,2.921700439453125,1.9266188144683838,1.0827783346176147,0.5459295511245728
1759611384147783200,2.931783203125,1.8401196002960205,1.0854134559631348,0.5461457967758179
1759611384157867300,2.9418671875,1.774249792098999,1.1298248767852783,0.5430718064308167
1759611384167950000,2.9519501953125,1.7356640100479126,1.226077675819397,0.5122057795524597
1759611384178034400,2.962034423828125,1.7035152912139893,1.3387117385864258,0.4446636736392975
1759611384188118300,2.9721181640625,1.6596487760543823,1.440773367881775,0.34736934304237366
1759611384198201000,2.982201171875,1.5908550024032593,1.5262649059295654,0.24396869540214539
1759611384208285400,2.992285400390625,1.5070756673812866,1.6107711791992188,0.1509239673614502
1759611384218369300,3.002369384765625,1.4106881618499756,1.6965434551239014,0.0775332823395729
1759611384228452000,3.0124521484375,1.3236805200576782,1.7853353023529053,-0.0038326792418956757
1759611384238536400,3.022536376953125,1.2678996324539185,1.8479130268096924,-0.09763768315315247
1759611384248619300,3.032619384765625,1.258063793182373,1.8981794118881226,-0.20900683104991913
1759611384258703000,3.042703125,1.2832047939300537,1.9257292747497559,-0.34033286571502686
1759611384268787500,3.052787353515625,1.340132236480713,1.9765429496765137,-0.47485899925231934
1759611384278870300,3.062870361328125,1.4058120250701904,2.074214220046997,-0.6059176921844482
1759611384288954400,3.072954345703125,1.4753210544586182,2.223069906234741,-0.7113839387893677
1759611384299037200,3.083037109375,1.5340352058410645,2.408602237701416,-0.7931549549102783
1759611384309121300,3.093121337890625,1.5912779569625854,2.6009278297424316,-0.8462844491004944
1759611384319205400,3.103205322265625,1.6469230651855469,2.7947189807891846,-0.8691714406013489
1759611384329288200,3.1132880859375,1.702114224433899,2.956437349319458,-0.8808898329734802
1759611384339372000,3.1233720703125,1.7580527067184448,3.057495594024658,-0.894622802734375
1759611384349455400,3.133455322265625,1.8092197179794312,3.1148736476898193,-0.8894389271736145
1759611384359539200,3.143539306640625,1.8460116386413574,3.112987756729126,-0.8863368034362793
1759611384369623300,3.153623291015625,1.8523565530776978,3.053654193878174,-0.8758040070533752
1759611384379706400,3.163706298828125,1.8234050273895264,2.9399681091308594,-0.874899685382843
1759611384389790200,3.173790283203125,1.7566955089569092,2.7797868251800537,-0.8799266815185547
1759611384399874300,3.183874267578125,1.6422253847122192,2.578704595565796,-0.8935441970825195
1759611384409957000,3.19395703125,1.4854676723480225,2.3504538536071777,-0.8976331949234009
1759611384420041200,3.204041259765625,1.3096706867218018,2.124410629272461,-0.9264647364616394
1759611384430124300,3.214124267578125,1.1346355676651,1.9115962982177734,-0.9617894291877747
1759611384440208100,3.2242080078125,0.9720885753631592,1.7319473028182983,-0.985396683216095
1759611384450292200,3.234292236328125,0.8081933856010437,1.5961004495620728,-0.9775763154029846
1759611384460375300,3.244375244140625,0.6587803959846497,1.5034058094024658,-0.9119404554367065
1759611384470459100,3.254459228515625,0.5419403314590454,1.4498072862625122,-0.7916587591171265
1759611384480542200,3.264542236328125,0.46123427152633667,1.422768235206604,-0.6230102181434631
1759611384490626300,3.274626220703125,0.4180833399295807,1.4079762697219849,-0.4260633587837219
1759611384500710100,3.284710205078125,0.4178408980369568,1.3144927024841309,-0.21779106557369232
1759611384510793200,3.294793212890625,0.4374609589576721,1.093389630317688,-0.037815969437360764
1759611384520877300,3.304877197265625,0.42428869009017944,0.7337643504142761,0.10389695316553116
1759611384530960400,3.31496044921875,0.3547714054584503,0.2878928482532501,0.21964167058467865
1759611384541044200,3.325044189453125,0.2169555276632309,-0.14916682243347168,0.33592936396598816
1759611384551128300,3.33512841796875,0.028703052550554276,-0.5085305571556091,0.4696269631385803
1759611384561211400,3.34521142578125,-0.17043103277683258,-0.7870684862136841,0.6088818311691284
1759611384571295200,3.355295166015625,-0.35963210463523865,-0.9878343939781189,0.7343558669090271
1759611384581378300,3.36537841796875,-0.5222983360290527,-1.1300969123840332,0.8631797432899475
1759611384591462400,3.37546240234375,-0.6471492052078247,-1.2483832836151123,0.9831905364990234
1759611384601546200,3.385546142578125,-0.7510847449302673,-1.370365023612976,1.0846399068832397
1759611384611629300,3.39562939453125,-0.8687120079994202,-1.4868730306625366,1.161636471748352
1759611384621713200,3.405713134765625,-1.0345563888549805,-1.5804299116134644,1.2236419916152954
1759611384631797200,3.41579736328125,-1.2594598531723022,-1.6530381441116333,1.2705954313278198
1759611384641880300,3.42588037109375,-1.514027714729309,-1.743277907371521,1.299816608428955
1759611384651964200,3.435964111328125,-1.7806771993637085,-1.8938319683074951,1.3076587915420532
1759611384662047500,3.446047607421875,-2.0272812843322754,-2.1153993606567383,1.2753379344940186
1759611384672131300,3.45613134765625,-2.238318920135498,-2.3470544815063477,1.2058155536651611
1759611384682215200,3.466215087890625,-2.4081485271453857,-2.554990530014038,1.1182175874710083
1759611384692298200,3.47629833984375,-2.548333168029785,-2.6530182361602783,1.0175663232803345
1759611384702382300,3.48638232421875,-2.661241054534912,-2.6634137630462646,0.9317796230316162
1759611384712465400,3.49646533203125,-2.765298366546631,-2.584578037261963,0.8650988936424255
1759611384722549200,3.50654931640625,-2.869549036026001,-2.420397996902466,0.8283897042274475
1759611384732633300,3.51663330078125,-2.962858200073242,-2.2124133110046387,0.8039059042930603
1759611384742716400,3.52671630859375,-3.035113573074341,-2.0172278881073,0.773936927318573
1759611384752800300,3.53680029296875,-3.069079875946045,-1.8664928674697876,0.72872394323349
1759611384762883000,3.546883056640625,-3.069786548614502,-1.78609037399292,0.6812607049942017
1759611384772967400,3.556967529296875,-3.0459814071655273,-1.7646095752716064,0.6187379360198975
1759611384783051300,3.56705126953125,-3.0066022872924805,-1.8049315214157104,0.5434700846672058
1759611384793134300,3.57713427734375,-2.9416520595550537,-1.8574541807174683,0.4793770909309387
1759611384803218400,3.587218505859375,-2.856809616088867,-1.9218872785568237,0.4084896445274353
1759611384813302300,3.59730224609375,-2.757563829421997,-1.9403374195098877,0.3635759651660919
1759611384823385300,3.60738525390625,-2.6305017471313477,-1.9474303722381592,0.3190136253833771
1759611384833469400,3.617469482421875,-2.4837794303894043,-1.944597601890564,0.28562477231025696
1759611384843552300,3.62755224609375,-2.3317902088165283,-1.9435412883758545,0.2534036636352539
1759611384853636400,3.63763623046875,-2.1915342807769775,-1.954253911972046,0.22142094373703003
1759611384863720200,3.64772021484375,-2.064974308013916,-1.9930763244628906,0.18362028896808624
1759611384873803300,3.65780322265625,-1.9614427089691162,-2.0400283336639404,0.14304515719413757
1759611384883887400,3.667887451171875,-1.8895620107650757,-2.0928008556365967,0.10161472111940384
1759611384893970700,3.677970703125,-1.8362579345703125,-2.1224734783172607,0.06392966210842133
1759611384904054500,3.688054443359375,-1.7972173690795898,-2.162813901901245,0.016397176310420036
1759611384914139000,3.698138916015625,-1.7688387632369995,-2.1928985118865967,-0.03297623246908188
1759611384924221700,3.7082216796875,-1.7550491094589233,-2.206458806991577,-0.07536445558071136
1759611384934305800,3.718305908203125,-1.7419583797454834,-2.2065629959106445,-0.13700546324253082
1759611384944388600,3.728388671875,-1.7333730459213257,-2.1817922592163086,-0.19015385210514069
1759611384954472700,3.73847265625,-1.7294597625732422,-2.1246838569641113,-0.2594969570636749
1759611384964556800,3.748556884765625,-1.7502892017364502,-2.0117177963256836,-0.3298441469669342
1759611384974639600,3.7586396484375,-1.7838793992996216,-1.8373271226882935,-0.406515508890152
1759611384984723700,3.7687236328125,-1.839798927307129,-1.6053842306137085,-0.48537132143974304
1759611384994806800,3.778806884765625,-1.896598219871521,-1.3469688892364502,-0.5401901006698608
1759611385004890600,3.788890625,-1.9487414360046387,-1.062709093093872,-0.5643788576126099
1759611385014974700,3.798974609375,-1.9902570247650146,-0.769231379032135,-0.5586706399917603
1759611385025057800,3.809057861328125,-2.0132079124450684,-0.47582900524139404,-0.5416890978813171
1759611385035141600,3.8191416015625,-2.012845277786255,-0.19355154037475586,-0.5118808746337891
1759611385045224700,3.829224609375,-1.9745348691940308,0.0765940248966217,-0.4593386650085449
1759611385055308800,3.839308837890625,-1.8799183368682861,0.3395806550979614,-0.3788451552391052
1759611385065392600,3.849392578125,-1.7036406993865967,0.553790271282196,-0.2916000485420227
1759611385075475700,3.859475830078125,-1.43888521194458,0.7017203569412231,-0.21759851276874542
1759611385085559800,3.869559814453125,-1.1202088594436646,0.8115200996398926,-0.16543398797512054
1759611385095643000,3.879642822265625,-0.7866423726081848,0.8257999420166016,-0.07221084088087082
1759611385105726700,3.889726806640625,-0.44872573018074036,0.7727981209754944,0.08106092363595963
1759611385115810600,3.899810546875,-0.09433247148990631,0.679206907749176,0.2785777449607849
1759611385125894000,3.909893798828125,0.27975791692733765,0.5228555202484131,0.47919198870658875
1759611385135977700,3.919977783203125,0.6760000586509705,0.3069852590560913,0.6860573291778564
1759611385146060800,3.930060791015625,1.0764155387878418,0.11704882234334946,0.8881545662879944
1759611385156143600,3.9401435546875,1.4644111394882202,-0.04134934023022652,1.0200891494750977
1759611385166227700,3.950227783203125,1.8363680839538574,-0.18599669635295868,1.082169771194458
1759611385176310800,3.960310791015625,2.180999279022217,-0.29452264308929443,1.1231731176376343
1759611385186394600,3.97039453125,2.476522922515869,-0.3363523483276367,1.188126564025879
1759611385196478700,3.980478759765625,2.7017695903778076,-0.32281923294067383,1.2656877040863037
1759611385206561800,3.990561767578125,2.8496882915496826,-0.2764485478401184,1.3220582008361816
1759611385216645600,4.000645751953125,2.919778823852539,-0.20461800694465637,1.3358391523361206
1759611385226728700,4.010728759765625,2.9252851009368896,-0.14599765837192535,1.2894127368927002
1759611385236812800,4.020812744140625,2.875480890274048,-0.11200374364852905,1.172054409980774
1759611385246896600,4.030896728515625,2.761949062347412,-0.10598918795585632,0.998968780040741
1759611385256979700,4.040979736328125,2.601388931274414,-0.14781920611858368,0.8282787799835205
1759611385267063600,4.0510634765625,2.4012441635131836,-0.19823631644248962,0.6883774399757385
1759611385277147600,4.061147705078125,2.1796767711639404,-0.23761993646621704,0.5751597881317139
1759611385287230700,4.071230712890625,1.9585294723510742,-0.2515171468257904,0.47912994027137756
1759611385297314600,4.081314453125,1.7566267251968384,-0.21864068508148193,0.4269266426563263
1759611385307398000,4.09139794921875,1.5897183418273926,-0.11893881112337112,0.4118517339229584
1759611385317481700,4.101481689453125,1.4737552404403687,0.026796819642186165,0.428580641746521
1759611385327565600,4.111565673828125,1.4421758651733398,0.22095687687397003,0.4411675035953522
1759611385337648600,4.121648681640625,1.4930683374404907,0.43054845929145813,0.43083709478378296
1759611385347732700,4.131732666015625,1.6091554164886475,0.6404851675033569,0.38011160492897034
1759611385357815800,4.14181591796875,1.7568613290786743,0.8311366438865662,0.29437220096588135
1759611385367899600,4.151899658203125,1.8985973596572876,1.0090994834899902,0.17992766201496124
1759611385377983700,4.161983642578125,2.009204626083374,1.1759140491485596,0.053389426320791245
1759611385388066800,4.17206689453125,2.078587293624878,1.3654422760009766,-0.05320896953344345
1759611385398150700,4.182150634765625,2.1044740676879883,1.5976206064224243,-0.13059057295322418
1759611385408233700,4.192233642578125,2.0928897857666016,1.8627489805221558,-0.1698334962129593
1759611385418317800,4.20231787109375,2.0664989948272705,2.1519761085510254,-0.1853296309709549
1759611385428401700,4.212401611328125,2.036947011947632,2.4591012001037598,-0.18136364221572876
1759611385438484700,4.222484619140625,2.023294687271118,2.777954339981079,-0.18093754351139069
1759611385448568800,4.23256884765625,2.0375192165374756,3.088106393814087,-0.199379563331604
1759611385458652000,4.24265185546875,2.078761339187622,3.3379037380218506,-0.23478256165981293
1759611385468735700,4.25273583984375,2.115483283996582,3.4961628913879395,-0.27563366293907166
1759611385478819800,4.26281982421875,2.1441450119018555,3.5397238731384277,-0.32608407735824585
1759611385488903000,4.27290283203125,2.1636204719543457,3.507266044616699,-0.4009830951690674
1759611385498986800,4.28298681640625,2.1883890628814697,3.433673858642578,-0.4910983443260193
1759611385509069600,4.293069580078125,2.208385467529297,3.3249571323394775,-0.5708640813827515
1759611385519154000,4.30315380859375,2.2153444290161133,3.1759390830993652,-0.6205669045448303
1759611385529238800,4.31323876953125,2.190530300140381,2.95432710647583,-0.6455661058425903
1759611385539322600,4.323322509765625,2.116482734680176,2.634330987930298,-0.656726598739624
1759611385549405700,4.33340576171875,2.0098626613616943,2.2337214946746826,-0.68348628282547
1759611385559489800,4.34348974609375,1.8762965202331543,1.808658242225647,-0.7134205102920532
1759611385569572600,4.353572509765625,1.7199468612670898,1.4355454444885254,-0.7281537652015686
1759611385579657000,4.363656982421875,1.5481692552566528,1.1732325553894043,-0.7054502964019775
1759611385589740800,4.37374072265625,1.3424766063690186,1.0278745889663696,-0.6354727745056152
1759611385599823600,4.38382373046875,1.0866498947143555,1.0114034414291382,-0.5128581523895264
1759611385609907700,4.39390771484375,0.7978728413581848,1.0668712854385376,-0.3350697159767151
1759611385619990800,4.40399072265625,0.47324493527412415,1.1236059665679932,-0.1413729339838028
1759611385630074600,4.41407470703125,0.1475609540939331,1.1017292737960815,0.030340176075696945
1759611385640158700,4.42415869140625,-0.12128249555826187,0.9909884333610535,0.16640320420265198
1759611385650241500,4.434241455078125,-0.2865813970565796,0.8014338612556458,0.27722984552383423
1759611385660326000,4.444325927734375,-0.35929155349731445,0.5849926471710205,0.38237065076828003
1759611385670408700,4.45440869140625,-0.4038858711719513,0.34441784024238586,0.4781610667705536
1759611385680492500,4.464492431640625,-0.4611126482486725,0.07990734279155731,0.5570683479309082
1759611385690577000,4.474576904296875,-0.5627252459526062,-0.19781918823719025,0.6182134747505188
1759611385700659700,4.48465966796875,-0.6915029287338257,-0.5024150609970093,0.6662542223930359
1759611385710743600,4.49474365234375,-0.8186202645301819,-0.8696656227111816,0.6935566067695618
1759611385720826600,4.50482666015625,-0.9514635801315308,-1.2856467962265015,0.7179279923439026
1759611385730910700,4.51491064453125,-1.1139472723007202,-1.7356960773468018,0.735935389995575
1759611385740994800,4.524994873046875,-1.3231209516525269,-2.190352439880371,0.7432678937911987
1759611385751077600,4.53507763671875,-1.5797089338302612,-2.6441102027893066,0.7214796543121338
1759611385761161700,4.54516162109375,-1.85953688621521,-3.0645642280578613,0.672961413860321
1759611385771244800,4.555244873046875,-2.104165554046631,-3.4519007205963135,0.6251693367958069
1759611385781328600,4.56532861328125,-2.2811782360076904,-3.801279306411743,0.6248566508293152
1759611385791412700,4.575412841796875,-2.351823568344116,-4.043625354766846,0.6667879223823547
1759611385801495800,4.585495849609375,-2.317707061767578,-4.117514133453369,0.7128475308418274
1759611385811579600,4.59557958984375,-2.2231295108795166,-3.984184980392456,0.6941819787025452
1759611385821662700,4.605662841796875,-2.1097583770751953,-3.6850764751434326,0.5888637900352478
1759611385831746800,4.615746826171875,-2.027042865753174,-3.2810661792755127,0.4185860753059387
1759611385841830700,4.62583056640625,-2.0046627521514893,-2.8594939708709717,0.2405548393726349
1759611385851913700,4.635913818359375,-2.0409207344055176,-2.466085910797119,0.08796890079975128
1759611385861997800,4.645997802734375,-2.133486270904541,-2.1099517345428467,-0.010950753465294838
1759611385872081000,4.656080810546875,-2.2404799461364746,-1.800161600112915,-0.056136053055524826
1759611385882164700,4.666164794921875,-2.3370141983032227,-1.5458779335021973,-0.06050816550850868
1759611385892248300,4.676248291015625,-2.4034957885742188,-1.3405992984771729,-0.043484821915626526
1759611385902331400,4.686331298828125,-2.4310665130615234,-1.149088740348816,-0.0016835825517773628
1759611385912415200,4.696415283203125,-2.4377501010894775,-0.9813613891601562,0.04781121388077736
1759611385922498600,4.70649853515625,-2.4124133586883545,-0.8680936694145203,0.08561079204082489
1759611385932582400,4.71658251953125,-2.36852765083313,-0.817372739315033,0.09034456312656403
1759611385942666200,4.726666259765625,-2.3096635341644287,-0.8114000558853149,0.07639385759830475
1759611385952749300,4.736749267578125,-2.2435858249664307,-0.8607361912727356,0.059295542538166046
1759611385962833400,4.74683349609375,-2.1691315174102783,-0.9591522216796875,0.04073410853743553
1759611385972916500,4.75691650390625,-2.109555721282959,-1.1029943227767944,0.029089316725730896
1759611385983000300,4.767000244140625,-2.0522303581237793,-1.2893825769424438,0.018208971247076988
1759611385993084400,4.77708447265625,-2.0000131130218506,-1.4794132709503174,0.018431201577186584
1759611386003167500,4.78716748046875,-1.9446969032287598,-1.6238876581192017,0.03150439262390137
1759611386013251300,4.797251220703125,-1.8836561441421509,-1.7704774141311646,0.0286700576543808
1759611386023334100,4.807334228515625,-1.81215500831604,-1.869506597518921,0.016255734488368034
1759611386033418500,4.81741845703125,-1.7357174158096313,-1.9131585359573364,-0.015196368098258972
1759611386043502300,4.82750244140625,-1.6751224994659424,-1.9425559043884277,-0.06888382881879807
1759611386053585400,4.83758544921875,-1.6444835662841797,-1.9900563955307007,-0.12707331776618958
1759611386063669500,4.84766943359375,-1.6362913846969604,-2.039560556411743,-0.18319250643253326
1759611386073752300,4.85775244140625,-1.6431211233139038,-2.038867712020874,-0.2347419112920761
1759611386083836400,4.86783642578125,-1.6513137817382812,-1.9704780578613281,-0.2926400899887085
1759611386093920500,4.87792041015625,-1.6635128259658813,-1.8144620656967163,-0.36512961983680725
1759611386104003300,4.88800341796875,-1.692691445350647,-1.5798790454864502,-0.43522030115127563
1759611386114087400,4.89808740234375,-1.7388547658920288,-1.2894299030303955,-0.48723068833351135
1759611386124170200,4.908170166015625,-1.7908015251159668,-0.9774277806282043,-0.513375997543335
1759611386134254300,4.91825439453125,-1.8263182640075684,-0.6610115170478821,-0.5091140270233154
1759611386144338400,4.92833837890625,-1.8197813034057617,-0.29327455163002014,-0.4464043378829956
1759611386154421200,4.938421142578125,-1.7318408489227295,0.07545111328363419,-0.3589571714401245
1759611386164505300,4.94850537109375,-1.5171631574630737,0.39094647765159607,-0.269339919090271
1759611386174588400,4.95858837890625,-1.1733828783035278,0.5967949628829956,-0.22904308140277863
1759611386184672300,4.96867236328125,-0.7530441284179688,0.6553680300712585,-0.2871948182582855
1759611386194756400,4.97875634765625,-0.3557243049144745,0.6271308660507202,-0.3638461232185364
1759611386204839400,4.98883935546875,-0.006641961168497801,0.5829527974128723,-0.3423594534397125
1759611386214923300,4.99892333984375,0.2877870798110962,0.5660336017608643,-0.21142347157001495
1759611386225006300,5.00900634765625,0.5883892774581909,0.573747456073761,-0.0009413359803147614
1759611386235090200,5.019090087890625,0.921610414981842,0.5310052633285522,0.1921861469745636
1759611386245174500,5.029174560546875,1.2644730806350708,0.43654343485832214,0.33259865641593933
1759611386255257300,5.03925732421875,1.5664749145507812,0.35968098044395447,0.42406150698661804
1759611386265341200,5.049341064453125,1.7938246726989746,0.34088626503944397,0.48936036229133606
1759611386275424300,5.05942431640625,1.9340324401855469,0.39153042435646057,0.5440528988838196
1759611386285508400,5.06950830078125,1.9993083477020264,0.47566288709640503,0.59123694896698
1759611386295592200,5.07959228515625,2.006894111633301,0.5434351563453674,0.6290509104728699
1759611386305675300,5.08967529296875,1.9819518327713013,0.5241419076919556,0.6632006168365479
1759611386315759400,5.09975927734375,1.9543250799179077,0.36898818612098694,0.6800241470336914
1759611386325842400,5.109842529296875,1.923658847808838,0.05910516530275345,0.6907042264938354
1759611386335926300,5.11992626953125,1.8680647611618042,-0.3695732057094574,0.7049259543418884
1759611386346010400,5.13001025390625,1.776023507118225,-0.8666878938674927,0.717369794845581
1759611386356093400,5.140093505859375,1.6347198486328125,-1.3449409008026123,0.7177721261978149
1759611386366177300,5.15017724609375,1.437796950340271,-1.6983733177185059,0.7100936770439148
1759611386376260400,5.16026025390625,1.2211308479309082,-1.834763526916504,0.7137683629989624
1759611386386344400,5.170344482421875,1.0026147365570068,-1.7110005617141724,0.7447518706321716
1759611386396428300,5.18042822265625,0.7987621426582336,-1.3516260385513306,0.8020192384719849
1759611386406511400,5.190511474609375,0.6400209069252014,-0.7934985756874084,0.850735604763031
1759611386416595500,5.200595458984375,0.5569722056388855,-0.09643355756998062,0.8682329058647156
1759611386426678500,5.210678466796875,0.5709031820297241,0.6511213183403015,0.8324994444847107
1759611386436762400,5.220762451171875,0.6730074286460876,1.379285216331482,0.736842691898346
1759611386446846200,5.23084619140625,0.8313395380973816,2.030499219894409,0.5885298848152161
1759611386456929500,5.240929443359375,1.0185829401016235,2.5376670360565186,0.42733442783355713
1759611386467013400,5.251013427734375,1.2203937768936157,2.8409533500671387,0.28969481587409973
1759611386477096200,5.26109619140625,1.4174617528915405,2.929252862930298,0.19156214594841003
1759611386487180500,5.2711806640625,1.5779435634613037,2.8364057540893555,0.14315679669380188
1759611386497264400,5.281264404296875,1.6702046394348145,2.613571882247925,0.13308370113372803
1759611386507347500,5.291347412109375,1.6712816953659058,2.262657880783081,0.14214085042476654
1759611386517431300,5.301431396484375,1.5695469379425049,1.8357478380203247,0.13366031646728516
1759611386527514400,5.311514404296875,1.376842975616455,1.384415864944458,0.10911263525485992
1759611386537598500,5.321598388671875,1.1332921981811523,0.9505986571311951,0.07501295953989029
1759611386547682300,5.331682373046875,0.8814765214920044,0.5764841437339783,0.029456928372383118
1759611386557765000,5.34176513671875,0.6605531573295593,0.29050010442733765,-0.020878003910183907
1759611386567849500,5.351849365234375,0.49593037366867065,0.10491158813238144,-0.05663387104868889
1759611386577932300,5.361932373046875,0.376504510641098,-0.001227488275617361,-0.07715611904859543
1759611386588016400,5.372016357421875,0.3025810122489929,-0.03475615382194519,-0.10062975436449051
1759611386598100500,5.3821005859375,0.24560098350048065,-0.007104448042809963,-0.11740361899137497
1759611386608183300,5.392183349609375,0.20719580352306366,0.07267186790704727,-0.14465442299842834
1759611386618267400,5.402267333984375,0.1490652710199356,0.19436994194984436,-0.18913327157497406
1759611386628350200,5.41235009765625,0.04714369773864746,0.3478894531726837,-0.25168612599372864
1759611386638434300,5.422434326171875,-0.12716227769851685,0.5271592736244202,-0.31700313091278076
1759611386648518400,5.432518310546875,-0.368338942527771,0.7472309470176697,-0.3620978891849518
1759611386658601200,5.442601318359375,-0.6563027501106262,0.9850817322731018,-0.38321027159690857
1759611386668685300,5.452685302734375,-0.930972695350647,1.1813838481903076,-0.39465174078941345
1759611386678768400,5.462768310546875,-1.131656289100647,1.2565436363220215,-0.3841187655925751
1759611386688852200,5.472852294921875,-1.2442245483398438,1.200771450996399,-0.3500356376171112
1759611386698935300,5.482935302734375,-1.2819092273712158,1.0166001319885254,-0.24790950119495392
1759611386709019400,5.493019287109375,-1.2657994031906128,0.7186843156814575,-0.08762715756893158
1759611386719103200,5.503103271484375,-1.2299880981445312,0.3521360158920288,0.10384221374988556
1759611386729186300,5.513186279296875,-1.2145646810531616,-0.011853397823870182,0.2857566177845001
1759611386739270400,5.5232705078125,-1.2324028015136719,-0.33053502440452576,0.43413299322128296
1759611386749353500,5.533353515625,-1.2458908557891846,-0.5993108153343201,0.5277194380760193
1759611386759437300,5.543437255859375,-1.2077581882476807,-0.8748080134391785,0.5600698590278625
1759611386769521200,5.553521240234375,-1.1133280992507935,-1.165569543838501,0.550625205039978
1759611386779604500,5.5636044921875,-0.9920526146888733,-1.4401174783706665,0.5445787906646729
1759611386789688300,5.573688232421875,-0.8823117613792419,-1.697607159614563,0.5348206758499146
1759611386799771400,5.583771484375,-0.8030102849006653,-1.9473493099212646,0.4915107786655426
1759611386809855500,5.59385546875,-0.7723333239555359,-2.148639440536499,0.4048278033733368
1759611386819939300,5.603939208984375,-0.7893221974372864,-2.210202217102051,0.29404816031455994
1759611386830022400,5.6140224609375,-0.8423877954483032,-2.0713448524475098,0.17309057712554932
1759611386840106200,5.624106201171875,-0.9093672037124634,-1.7083204984664917,0.06478014588356018
1759611386850189600,5.634189453125,-0.9729309678077698,-1.140148401260376,0.013136658817529678
1759611386860273400,5.6442734375,-1.015249490737915,-0.46326884627342224,-0.004023292567580938
1759611386870357200,5.654357177734375,-1.0192193984985352,0.21400950849056244,-0.012932897545397282
1759611386880440600,5.664440673828125,-0.9778942465782166,0.8097018003463745,-0.035556089133024216
1759611386890525000,5.67452490234375,-0.8983016610145569,1.2772270441055298,-0.10746969282627106
1759611386900607700,5.684607666015625,-0.7867834568023682,1.6302438974380493,-0.20955875515937805
1759611386910691800,5.69469189453125,-0.6695979833602905,1.8871181011199951,-0.30765655636787415
1759611386920776000,5.70477587890625,-0.5513575673103333,2.0279290676116943,-0.37464919686317444
1759611386930858800,5.714858642578125,-0.44119060039520264,2.055323839187622,-0.4005044996738434
1759611386940942800,5.72494287109375,-0.34468746185302734,1.9582645893096924,-0.3809719383716583
1759611386951025700,5.735025634765625,-0.268801212310791,1.7261810302734375,-0.32781606912612915
1759611386961109800,5.74510986328125,-0.21134138107299805,1.3637216091156006,-0.24610069394111633
1759611386971193900,5.75519384765625,-0.1749759167432785,0.8991374373435974,-0.1637118011713028
1759611386981276700,5.765276611328125,-0.1576986163854599,0.37057316303253174,-0.08144572377204895
1759611386991360800,5.77536083984375,-0.16627825796604156,-0.15968193113803864,-0.018514426425099373
1759611387001443800,5.78544384765625,-0.2033894956111908,-0.6059831380844116,0.009168649092316628
1759611387011527700,5.795527587890625,-0.2521333396434784,-0.9472251534461975,0.0017280436586588621
1759611387021610800,5.80561083984375,-0.30597662925720215,-1.1552717685699463,-0.0491819866001606
1759611387031694800,5.81569482421875,-0.3533627986907959,-1.2479993104934692,-0.11727315187454224
1759611387041778700,5.82577880859375,-0.39429017901420593,-1.2565255165100098,-0.20370861887931824
1759611387051861800,5.83586181640625,-0.4291227459907532,-1.209067940711975,-0.2993352711200714
1759611387061945600,5.845945556640625,-0.4516039788722992,-1.1228069067001343,-0.3995499312877655
1759611387072029000,5.85602880859375,-0.46952998638153076,-0.9928340315818787,-0.5020270347595215
1759611387082112800,5.86611279296875,-0.4764772355556488,-0.8509294986724854,-0.6121406555175781
1759611387092196600,5.876196533203125,-0.4947265386581421,-0.7068895101547241,-0.7149472236633301
1759611387102279700,5.88627978515625,-0.5225304365158081,-0.5521532297134399,-0.8241501450538635
1759611387112363800,5.89636376953125,-0.5526321530342102,-0.38479936122894287,-0.9223036170005798
1759611387122446800,5.90644677734375,-0.591568648815155,-0.22239981591701508,-0.9965120553970337
1759611387132530700,5.91653076171875,-0.6352998614311218,-0.07809483259916306,-1.04270601272583
1759611387142614800,5.92661474609375,-0.6688433885574341,0.04626913368701935,-1.0546042919158936
1759611387152697900,5.93669775390625,-0.6839669346809387,0.1548275649547577,-1.0402485132217407
1759611387162781700,5.94678173828125,-0.6590691804885864,0.2480609267950058,-0.9926957488059998
1759611387172864800,5.95686474609375,-0.5811890363693237,0.3136202394962311,-0.9172089695930481
1759611387182948900,5.966948974609375,-0.44422364234924316,0.3581194579601288,-0.8452551960945129
1759611387193032700,5.97703271484375,-0.21171288192272186,0.3503590226173401,-0.7853623032569885
1759611387203115800,5.98711572265625,0.05839226394891739,0.34919077157974243,-0.718904972076416
1759611387213200000,5.997199951171875,0.3477116823196411,0.2873154282569885,-0.6650204658508301
1759611387223282700,6.00728271484375,0.6264124512672424,0.2154056429862976,-0.6001982092857361
1759611387233366800,6.01736669921875,0.8761586546897888,0.16514593362808228,-0.5200762152671814
1759611387243449600,6.02744970703125,1.080270767211914,0.14600317180156708,-0.4267371892929077
1759611387253534000,6.037533935546875,1.277226448059082,0.13507330417633057,-0.3386584520339966
1759611387263617800,6.04761767578125,1.4923237562179565,0.11736230552196503,-0.24337583780288696
1759611387273700600,6.05770068359375,1.7328341007232666,0.07085899263620377,-0.1577562838792801
1759611387283785000,6.067784912109375,1.9643583297729492,0.03470151126384735,-0.07870448380708694
1759611387293867800,6.07786767578125,2.1491637229919434,0.00860146526247263,0.010923401452600956
1759611387303951600,6.08795166015625,2.2697529792785645,0.00259100878611207,0.06818603724241257
1759611387314035700,6.09803564453125,2.342027425765991,0.04621997848153114,0.09193317592144012
1759611387324118800,6.108118896484375,2.4001624584198,0.1929209679365158,0.1180618405342102
1759611387334203000,6.118202880859375,2.4499495029449463,0.3936607539653778,0.15686756372451782
1759611387344285700,6.12828564453125,2.4568111896514893,0.5898455381393433,0.18540218472480774
1759611387354369800,6.138369873046875,2.388171911239624,0.6797916889190674,0.1552876979112625
1759611387364454000,6.148453857421875,2.248832941055298,0.6824197769165039,0.05919092521071434
1759611387374536700,6.15853662109375,2.051861047744751,0.7077261805534363,-0.05219685286283493
1759611387384620500,6.16862060546875,1.8630363941192627,0.7706212997436523,-0.11875525116920471
1759611387394704000,6.178703857421875,1.746984601020813,0.8309754133224487,-0.12448903918266296
1759611387404787700,6.18878759765625,1.7038307189941406,0.910233199596405,-0.08044035732746124
1759611387414871800,6.198871826171875,1.6925199031829834,0.9950690269470215,-0.0007535172626376152
1759611387424955000,6.208954833984375,1.7061175107955933,1.1041942834854126,0.08756651729345322
1759611387435038700,6.219038818359375,1.743927240371704,1.2666875123977661,0.1617821604013443
1759611387445121800,6.229121826171875,1.773114800453186,1.4974393844604492,0.21648046374320984
1759611387455205600,6.23920556640625,1.8070224523544312,1.7982250452041626,0.2505494952201843
1759611387465289700,6.249289794921875,1.8599175214767456,2.1379714012145996,0.25775808095932007
1759611387475372800,6.259372802734375,1.9391164779663086,2.4933955669403076,0.23346897959709167
1759611387485456600,6.26945654296875,2.0280115604400635,2.8511486053466797,0.17654982209205627
1759611387495539700,6.279539794921875,2.1011927127838135,3.1843113899230957,0.1059155985713005
1759611387505623800,6.289623779296875,2.147474765777588,3.4807584285736084,0.025402888655662537
1759611387515707000,6.299706787109375,2.1646413803100586,3.7161052227020264,-0.05798201262950897
1759611387525790700,6.309790771484375,2.171861171722412,3.8848981857299805,-0.13561727106571198
1759611387535874800,6.319874755859375,2.188230276107788,4.001234531402588,-0.21601997315883636
1759611387545958000,6.3299580078125,2.214202642440796,4.058050155639648,-0.29217979311943054
1759611387556041700,6.340041748046875,2.2435920238494873,4.064582347869873,-0.3669451177120209
1759611387566124800,6.350124755859375,2.2742393016815186,4.014716148376465,-0.43923431634902954
1759611387576209000,6.360208984375,2.30169677734375,3.9013962745666504,-0.5077606439590454
1759611387586292700,6.370292724609375,2.304610252380371,3.7000629901885986,-0.5709670186042786
1759611387596375800,6.380375732421875,2.280183792114258,3.4142777919769287,-0.6254331469535828
1759611387606460000,6.3904599609375,2.2073991298675537,3.046562910079956,-0.6729502081871033
1759611387616542700,6.400542724609375,2.0960750579833984,2.6309897899627686,-0.7187885046005249
1759611387626626800,6.410626708984375,1.9463015794754028,2.1845574378967285,-0.7776857614517212
1759611387636711000,6.4207109375,1.7674919366836548,1.7315537929534912,-0.8643742799758911
1759611387646793700,6.430793701171875,1.5683817863464355,1.2784391641616821,-0.9670523405075073
1759611387656877800,6.4408779296875,1.3573154211044312,0.8670179843902588,-1.0688215494155884
1759611387666960600,6.450960693359375,1.166712760925293,0.5035021305084229,-1.1627168655395508
1759611387677045000,6.461044921875,0.9948831796646118,0.23768140375614166,-1.227086067199707
1759611387687127800,6.4711279296875,0.8190049529075623,0.11825472861528397,-1.2169244289398193
1759611387697211600,6.481211669921875,0.6410695910453796,0.16431115567684174,-1.1068881750106812
1759611387707295700,6.491295654296875,0.4798763692378998,0.40523064136505127,-0.8980904221534729
1759611387717378800,6.50137890625,0.3477790653705597,0.7860280275344849,-0.6439468264579773
1759611387727462700,6.511462646484375,0.26502421498298645,1.211670994758606,-0.4047139585018158
1759611387737545700,6.521545654296875,0.2511536777019501,1.5886427164077759,-0.21604792773723602
1759611387747629800,6.5316298828125,0.28817018866539,1.7917879819869995,-0.076055608689785
1759611387757714000,6.5417138671875,0.35034409165382385,1.7549846172332764,0.06785229593515396
1759611387767796700,6.551796630859375,0.36947283148765564,1.5319989919662476,0.23838311433792114
1759611387777880600,6.561880615234375,0.3056770861148834,1.2180436849594116,0.42138782143592834
1759611387787964000,6.5719638671875,0.13556157052516937,0.8304389715194702,0.5608558654785156
1759611387798047700,6.5820478515625,-0.11121919006109238,0.33009225130081177,0.6615065932273865
1759611387808131600,6.592131591796875,-0.3898415267467499,-0.22330380976200104,0.7340565323829651
1759611387818214700,6.602214599609375,-0.634570837020874,-0.772892415523529,0.7668395042419434
1759611387828298800,6.612298828125,-0.8021074533462524,-1.2373132705688477,0.7517195343971252
1759611387838381800,6.6223818359375,-0.9017930030822754,-1.5743604898452759,0.7074868083000183
1759611387848465700,6.632465576171875,-0.9823736548423767,-1.7865303754806519,0.664339542388916
1759611387858549000,6.642549072265625,-1.1004844903945923,-1.8863112926483154,0.6342231631278992
1759611387868632800,6.6526328125,-1.2957066297531128,-1.870164155960083,0.6218613386154175
1759611387878716700,6.662716552734375,-1.5622307062149048,-1.8167937994003296,0.633472204208374
1759611387888800000,6.672800048828125,-1.8582767248153687,-1.7967418432235718,0.6686469912528992
1759611387898883800,6.6828837890625,-2.1395561695098877,-1.8301138877868652,0.7158211469650269
1759611387908966700,6.692966552734375,-2.3614466190338135,-1.8674957752227783,0.7543327212333679
1759611387919051000,6.703051025390625,-2.5011417865753174,-1.8654762506484985,0.7924982309341431
1759611387929134800,6.713134765625,-2.572446346282959,-1.7825322151184082,0.8261423110961914
1759611387939218000,6.723218017578125,-2.6071348190307617,-1.6032911539077759,0.8565452098846436
1759611387949302000,6.733302001953125,-2.637746572494507,-1.3577311038970947,0.8890527486801147
1759611387959384800,6.743384765625,-2.6783533096313477,-1.1167136430740356,0.9129146337509155
1759611387969469000,6.753468994140625,-2.7250235080718994,-0.9284412860870361,0.906230628490448
1759611387979552800,6.763552734375,-2.7573342323303223,-0.8315999507904053,0.8774362802505493
1759611387989635800,6.7736357421875,-2.772674798965454,-0.7940667271614075,0.8443136215209961
1759611387999720000,6.783719970703125,-2.7555384635925293,-0.7723396420478821,0.835427463054657
1759611388009802800,6.793802734375,-2.710902690887451,-0.7167253494262695,0.845960259437561
1759611388019886800,6.803886962890625,-2.643660306930542,-0.6372097730636597,0.8702155351638794
1759611388029970000,6.813969970703125,-2.562121868133545,-0.5316836833953857,0.9110442399978638
1759611388040053800,6.8240537109375,-2.4702680110931396,-0.42671066522598267,0.9519285559654236
1759611388050137900,6.834137939453125,-2.3808352947235107,-0.32644277811050415,0.9925631284713745
1759611388060221000,6.844220947265625,-2.2859222888946533,-0.24384430050849915,1.0439449548721313
1759611388070304800,6.8543046875,-2.1918601989746094,-0.1860247701406479,1.0833919048309326
1759611388080387800,6.864387939453125,-2.100789785385132,-0.16729342937469482,1.1065123081207275
1759611388090471700,6.8744716796875,-2.0380630493164062,-0.24605336785316467,1.11690092086792
1759611388100555800,6.8845556640625,-2.000732421875,-0.4065871238708496,1.1195017099380493
1759611388110638800,6.894638916015625,-1.9922451972961426,-0.6100519895553589,1.1138824224472046
1759611388120722700,6.90472265625,-2.0077157020568848,-0.7840957045555115,1.110841155052185
1759611388130806000,6.914805908203125,-2.0308897495269775,-0.9936360120773315,1.0718133449554443
1759611388140889900,6.924889892578125,-2.039322853088379,-1.179127812385559,1.0061845779418945
1759611388150973700,6.9349736328125,-2.027968645095825,-1.3212735652923584,0.897760808467865
1759611388161056800,6.945056884765625,-1.996482253074646,-1.399682641029358,0.7456695437431335
1759611388171140900,6.955140869140625,-1.943123459815979,-1.4184094667434692,0.574603796005249
1759611388181224000,6.965223876953125,-1.8683104515075684,-1.4102181196212769,0.4136365056037903
1759611388191307800,6.975307861328125,-1.7554620504379272,-1.4526580572128296,0.26033249497413635
1759611388201390800,6.985390869140625,-1.626896619796753,-1.5240142345428467,0.10401587188243866
1759611388211475000,6.995474853515625,-1.4915497303009033,-1.6015660762786865,-0.043815113604068756
1759611388221558800,7.005558837890625,-1.3578002452850342,-1.6037639379501343,-0.17280398309230804
1759611388231641900,7.015641845703125,-1.2418521642684937,-1.5011656284332275,-0.28128424286842346
1759611388241726000,7.025725830078125,-1.1413558721542358,-1.3197993040084839,-0.354284405708313
1759611388251808800,7.035808837890625,-1.0171784162521362,-1.0902482271194458,-0.38288551568984985
1759611388261892900,7.045892822265625,-0.8524584174156189,-0.8527035713195801,-0.3552384376525879
1759611388271977000,7.05597705078125,-0.6207638382911682,-0.6355170607566833,-0.3047080636024475
1759611388282060000,7.06606005859375,-0.3190777599811554,-0.49933499097824097,-0.2784881889820099
1759611388292143900,7.076143798828125,-0.002685835584998131,-0.4367865324020386,-0.32761701941490173
1759611388302226700,7.086226806640625,0.28790125250816345,-0.4350096583366394,-0.40397945046424866
1759611388312311000,7.09631103515625,0.5907012224197388,-0.5325562953948975,-0.421606183052063
1759611388322395000,7.106394775390625,0.9075260162353516,-0.6815590858459473,-0.3738176226615906
1759611388332477700,7.116477783203125,1.2088395357131958,-0.8548320531845093,-0.303370863199234
1759611388342562000,7.12656201171875,1.5101423263549805,-1.0093390941619873,-0.2155962735414505
1759611388352644900,7.136644775390625,1.8023593425750732,-1.0923240184783936,-0.09563751518726349
1759611388362729000,7.14672900390625,2.0666816234588623,-1.0753456354141235,0.03969208151102066
1759611388372811800,7.156811767578125,2.2769882678985596,-0.9756550788879395,0.16865213215351105
1759611388382895900,7.166895751953125,2.417907953262329,-0.8170025944709778,0.27484193444252014
1759611388392980000,7.17697998046875,2.4787299633026123,-0.624392569065094,0.3554939329624176
1759611388403062800,7.187062744140625,2.463318109512329,-0.4402128756046295,0.4001365005970001
1759611388413147000,7.19714697265625,2.38539457321167,-0.28843235969543457,0.4141680896282196
1759611388423230000,7.20722998046875,2.27742600440979,-0.16444969177246094,0.40504756569862366
1759611388433313800,7.217313720703125,2.1636970043182373,-0.03974094241857529,0.3960338532924652
1759611388443398000,7.22739794921875,2.0468082427978516,0.10304497182369232,0.40105924010276794
1759611388453481000,7.23748095703125,1.929538369178772,0.2581676244735718,0.4307219982147217
1759611388463564800,7.247564697265625,1.8185186386108398,0.41300806403160095,0.46364107728004456
1759611388473647900,7.25764794921875,1.7177882194519043,0.598558247089386,0.49142634868621826
1759611388483731700,7.267731689453125,1.655107855796814,0.8452609777450562,0.48961141705513
1759611388493815000,7.27781494140625,1.6425539255142212,1.1520475149154663,0.441220223903656
1759611388503899000,7.28789892578125,1.6822230815887451,1.5095298290252686,0.3509872555732727
1759611388513982700,7.297982666015625,1.77516508102417,1.881346344947815,0.21957547962665558
1759611388524066000,7.308066162109375,1.9047536849975586,2.238926649093628,0.07519514858722687
1759611388534150000,7.31814990234375,2.0584020614624023,2.569247245788574,-0.058195289224386215
1759611388544233000,7.32823291015625,2.212846040725708,2.877805709838867,-0.1599738597869873
1759611388554316800,7.33831689453125,2.3597331047058105,3.170252561569214,-0.23473118245601654
1759611388564401000,7.34840087890625,2.4866650104522705,3.4547622203826904,-0.2929883599281311
1759611388574484000,7.35848388671875,2.5765624046325684,3.7177486419677734,-0.3528186082839966
1759611388584567800,7.36856787109375,2.640850305557251,3.940950870513916,-0.4098864197731018
1759611388594650600,7.378650634765625,2.6906094551086426,4.110974311828613,-0.47436612844467163
1759611388604735000,7.38873486328125,2.7255306243896484,4.182021617889404,-0.5477407574653625
1759611388614818800,7.39881884765625,2.749279499053955,4.122854709625244,-0.6402175426483154
1759611388624902000,7.40890185546875,2.7619125843048096,3.9007673263549805,-0.7495930790901184
1759611388634986000,7.418986083984375,2.759434461593628,3.5444419384002686,-0.8553526401519775
1759611388645068800,7.42906884765625,2.7272489070892334,3.108262062072754,-0.9450076818466187
1759611388655153000,7.43915283203125,2.6676437854766846,2.62841796875,-1.0202664136886597
1759611388665235700,7.449235595703125,2.5755598545074463,2.149290084838867,-1.0518054962158203
1759611388675319800,7.45931982421875,2.4518373012542725,1.698783040046692,-1.0743982791900635
1759611388685404000,7.46940380859375,2.3197295665740967,1.2828534841537476,-1.0766040086746216
1759611388695486700,7.47948681640625,2.19441819190979,0.9075268507003784,-1.065041422843933
1759611388705570800,7.48957080078125,2.080977201461792,0.5638012290000916,-1.036492943763733
1759611388715654000,7.49965380859375,1.9587706327438354,0.27489426732063293,-0.9758004546165466
1759611388725737700,7.50973779296875,1.8154438734054565,0.07554440945386887,-0.8850804567337036
1759611388735822000,7.519822021484375,1.6238059997558594,-0.03907164931297302,-0.7489303946495056
1759611388745905000,7.52990478515625,1.3506841659545898,-0.04664168506860733,-0.5773820877075195
1759611388755988700,7.53998876953125,1.0131677389144897,0.059448666870594025,-0.3828340172767639
1759611388766071800,7.55007177734375,0.646788477897644,0.26976969838142395,-0.18147532641887665
1759611388776156000,7.560156005859375,0.3100631833076477,0.5247915387153625,0.01148651260882616
1759611388786239700,7.57023974609375,0.03690941259264946,0.7770997285842896,0.1917628049850464
1759611388796322800,7.58032275390625,-0.11989165097475052,0.9571331143379211,0.3595888316631317
1759611388806406700,7.59040673828125,-0.17837733030319214,0.9701306819915771,0.5148090124130249
1759611388816490000,7.600489990234375,-0.20345540344715118,0.831052303314209,0.6452731490135193
1759611388826573800,7.61057373046875,-0.2481328547000885,0.5369886755943298,0.7501052618026733
1759611388836657000,7.620656982421875,-0.3477534055709839,0.1084602028131485,0.83133465051651
1759611388846741000,7.630740966796875,-0.5040396451950073,-0.3625906705856323,0.881242036819458
1759611388856824800,7.640824951171875,-0.6945586204528809,-0.7754888534545898,0.9149235486984253
1759611388866908000,7.650907958984375,-0.9188013076782227,-1.067999005317688,0.9373213052749634
1759611388876991700,7.66099169921875,-1.1625521183013916,-1.2548576593399048,0.9372157454490662
1759611388887075000,7.671074951171875,-1.4210801124572754,-1.3845453262329102,0.911754846572876
1759611388897158100,7.681158203125,-1.6633918285369873,-1.5008668899536133,0.8843889236450195
1759611388907242200,7.6912421875,-1.876063585281372,-1.6255168914794922,0.8612854480743408
1759611388917325300,7.7013251953125,-2.0571587085723877,-1.7431968450546265,0.8480074405670166
1759611388927409200,7.7114091796875,-2.2083799839019775,-1.8338468074798584,0.8327581882476807
1759611388937492200,7.7214921875,-2.3344717025756836,-1.8715583086013794,0.8202078342437744
1759611388947576300,7.731576416015625,-2.445908784866333,-1.8346630334854126,0.8161947131156921
1759611388957660200,7.74166015625,-2.539968490600586,-1.7294467687606812,0.817080020904541
1759611388967743200,7.7517431640625,-2.609708309173584,-1.57538640499115,0.8033266663551331
1759611388977827300,7.761827392578125,-2.6308746337890625,-1.4276419878005981,0.7794832587242126
1759611388987910100,7.77191015625,-2.5939242839813232,-1.3208184242248535,0.7395288944244385
1759611388997994200,7.781994140625,-2.52327299118042,-1.2839452028274536,0.6995407938957214
1759611389008077000,7.7920771484375,-2.4476656913757324,-1.3081586360931396,0.665353536605835
1759611389018161400,7.802161376953125,-2.3899588584899902,-1.4152610301971436,0.6347610354423523
1759611389028245200,7.812245361328125,-2.3594024181365967,-1.576006293296814,0.594586968421936
1759611389038328000,7.822328125,-2.3531408309936523,-1.7567863464355469,0.5386542081832886
1759611389048412400,7.832412353515625,-2.363262414932251,-1.9334255456924438,0.46781519055366516
1759611389058495200,7.8424951171875,-2.374138593673706,-2.0869171619415283,0.3970796465873718
1759611389068579000,7.8525791015625,-2.381924867630005,-2.2088589668273926,0.34491416811943054
1759611389078663400,7.862663330078125,-2.369497299194336,-2.2965173721313477,0.298808217048645
1759611389088746200,7.872746337890625,-2.3538105487823486,-2.3598716259002686,0.2532157003879547
1759611389098830300,7.882830322265625,-2.3417165279388428,-2.4054114818573,0.19187059998512268
1759611389108913200,7.8929130859375,-2.3363003730773926,-2.4567627906799316,0.10838822275400162
1759611389118997200,7.902997314453125,-2.3474042415618896,-2.4905169010162354,-0.0008496763766743243
1759611389129081300,7.913081298828125,-2.366093158721924,-2.4975883960723877,-0.11721010506153107
1759611389139163100,7.9231630859375,-2.390671730041504,-2.444100856781006,-0.23642940819263458
1759611389149246200,7.93324609375,-2.4074220657348633,-2.3498682975769043,-0.33986949920654297
1759611389159330000,7.943330078125,-2.37841534614563,-2.251680612564087,-0.4487425982952118
1759611389169414400,7.953414306640625,-2.2922873497009277,-2.1727113723754883,-0.562543511390686
1759611389179497200,7.963497314453125,-2.174811601638794,-2.093019485473633,-0.7000929117202759
1759611389189581000,7.9735810546875,-2.0674538612365723,-1.9489907026290894,-0.8333236575126648
1759611389199664000,7.9836640625,-1.983587622642517,-1.800108551979065,-0.9690231084823608
1759611389209748200,7.993748291015625,-1.9173635244369507,-1.6140861511230469,-1.088003396987915
1759611389219832000,8.00383203125,-1.8633172512054443,-1.3931310176849365,-1.1720340251922607
1759611389229915100,8.0139150390625,-1.8305646181106567,-1.1280772686004639,-1.2207634449005127
1759611389239999200,8.023999267578125,-1.8010684251785278,-0.8455612659454346,-1.229751467704773
1759611389250082300,8.034082275390626,-1.7679225206375122,-0.5855984091758728,-1.2013094425201416
1759611389260166100,8.044166259765625,-1.7394521236419678,-0.361914724111557,-1.1269887685775757
1759611389270249200,8.054249267578125,-1.6960804462432861,-0.14820165932178497,-1.0232993364334106
1759611389280333300,8.064333251953125,-1.6246341466903687,0.07103262096643448,-0.8840246796607971
1759611389290417200,8.074417236328125,-1.5062215328216553,0.27468082308769226,-0.7182266116142273
1759611389300500200,8.084500244140624,-1.3216511011123657,0.44899776577949524,-0.5293635129928589
1759611389310584300,8.094584228515625,-1.0652257204055786,0.5762007236480713,-0.3396703004837036
1759611389320667400,8.10466748046875,-0.7421841025352478,0.669810950756073,-0.1881963163614273
1759611389330751200,8.114751220703125,-0.36059466004371643,0.7241359353065491,-0.0800730362534523
1759611389340835300,8.12483544921875,0.06255221366882324,0.7794097065925598,-0.011779802851378918
1759611389350918400,8.13491845703125,0.5072737336158752,0.8375057578086853,0.03402496874332428
1759611389361002200,8.145002197265624,0.9679090976715088,0.9089798927307129,0.09030431509017944
1759611389371085000,8.1550849609375,1.461264967918396,0.9658796191215515,0.16404272615909576
1759611389381169400,8.16516943359375,1.9761625528335571,0.910980761051178,0.24202637374401093
1759611389391253200,8.175253173828125,2.4636831283569336,0.6563559174537659,0.31145524978637695
1759611389401336300,8.18533642578125,2.8313510417938232,0.29999539256095886,0.37141481041908264
1759611389411420400,8.19542041015625,3.045185089111328,-0.08172135800123215,0.4285808801651001
1759611389421503200,8.205503173828125,3.170238494873047,-0.42155587673187256,0.48126301169395447
1759611389431587300,8.21558740234375,3.2338626384735107,-0.6670516729354858,0.5394243001937866
1759611389441670100,8.225670166015625,3.257831573486328,-0.834021806716919,0.5983951091766357
1759611389451754200,8.235754150390624,3.24226975440979,-0.9568611979484558,0.6657666563987732
1759611389461838300,8.24583837890625,3.1857683658599854,-1.0208690166473389,0.7385132312774658
1759611389471921200,8.255921142578124,3.0661866664886475,-0.9985573291778564,0.8047710657119751
1759611389482005000,8.2660048828125,2.8993749618530273,-0.8801212310791016,0.8653048872947693
1759611389492088300,8.27608837890625,2.697519063949585,-0.6926474571228027,0.9161571860313416
1759611389502172200,8.286172119140625,2.473073959350586,-0.45516809821128845,0.9557965397834778
1759611389512256300,8.29625634765625,2.2291805744171143,-0.15370331704616547,0.9735686182975769
1759611389522339300,8.30633935546875,1.9838453531265259,0.14231981337070465,0.9472888112068176
1759611389532423200,8.316423095703126,1.7621406316757202,0.35590505599975586,0.8868539333343506
1759611389542506200,8.32650634765625,1.5695428848266602,0.4910055696964264,0.8138126134872437
1759611389552590000,8.336590087890626,1.4268805980682373,0.6238616108894348,0.7363260984420776
1759611389562674200,8.346674072265625,1.3398962020874023,0.8067688941955566,0.6654572486877441
1759611389572757200,8.35675732421875,1.3015656471252441,1.049214482307434,0.6400086283683777
1759611389582841000,8.366841064453125,1.2954684495925903,1.3617464303970337,0.6414969563484192
1759611389592924200,8.376924072265625,1.302880048751831,1.727565884590149,0.639047384262085
1759611389603008300,8.38700830078125,1.3112353086471558,2.122694253921509,0.6111160516738892
1759611389613092000,8.397092041015625,1.3099945783615112,2.5145151615142822,0.5333376526832581
1759611389623175200,8.407175048828124,1.3013584613800049,2.852658748626709,0.42200618982315063
1759611389633259300,8.41725927734375,1.2855720520019531,3.1410934925079346,0.28444433212280273
1759611389643342300,8.42734228515625,1.26041841506958,3.3609585762023926,0.1379549503326416
1759611389653426200,8.43742626953125,1.2261238098144531,3.5254790782928467,-0.004562251269817352
1759611389663509200,8.44750927734375,1.182975172996521,3.6101534366607666,-0.13091295957565308
1759611389673593300,8.45759326171875,1.1340305805206299,3.6101491451263428,-0.23583431541919708
1759611389683677200,8.46767724609375,1.0872024297714233,3.517866373062134,-0.311987042427063
1759611389693760300,8.47776025390625,1.059819221496582,3.35153865814209,-0.3684138357639313
1759611389703844400,8.48784423828125,1.0448987483978271,3.1205132007598877,-0.42357540130615234
1759611389713927200,8.49792724609375,1.0454955101013184,2.8274130821228027,-0.47385722398757935
1759611389724011300,8.50801123046875,1.061424970626831,2.4809987545013428,-0.5303581357002258
1759611389734095400,8.518095458984375,1.0861185789108276,2.0983593463897705,-0.5957155823707581
1759611389744178200,8.52817822265625,1.122763991355896,1.6728715896606445,-0.6532450914382935
1759611389754262300,8.53826220703125,1.1613750457763672,1.2317777872085571,-0.7128732204437256
1759611389764345000,8.548344970703125,1.2073562145233154,0.8048982620239258,-0.7651747465133667
1759611389774429400,8.558429443359374,1.2472420930862427,0.39551258087158203,-0.8125092387199402
1759611389784513300,8.56851318359375,1.2851482629776,0.013360072858631611,-0.8460140228271484
1759611389794596000,8.57859619140625,1.3215177059173584,-0.332811176776886,-0.8606065511703491
1759611389804680400,8.588680419921875,1.3382266759872437,-0.6222207546234131,-0.8591936230659485
1759611389814763300,8.59876318359375,1.317297101020813,-0.8539764881134033,-0.8563253879547119
1759611389824847000,8.60884716796875,1.2565882205963135,-0.9966322779655457,-0.8530446887016296
1759611389834930200,8.61893017578125,1.140300989151001,-1.0603456497192383,-0.8539416790008545
1759611389845014300,8.62901416015625,0.956904947757721,-1.0467599630355835,-0.8527852296829224
1759611389855098400,8.639098388671876,0.69949871301651,-0.9598695635795593,-0.8550518155097961
1759611389865181200,8.64918115234375,0.3716079890727997,-0.7807192206382751,-0.8291171193122864
1759611389875265000,8.65926513671875,-0.0022944961674511433,-0.47658491134643555,-0.7241275310516357
1759611389885348400,8.669348388671875,-0.3805638551712036,-0.043266937136650085,-0.5748274922370911
1759611389895433000,8.679432861328126,-0.6870867609977722,0.4866315424442291,-0.43622487783432007
1759611389905516800,8.689516845703125,-0.8715441823005676,1.106293797492981,-0.3425125479698181
1759611389915600000,8.699599853515625,-0.9151211977005005,1.773810625076294,-0.2303553819656372
1759611389925684000,8.70968408203125,-0.8617059588432312,2.3939127922058105,-0.07854013890028
1759611389935767000,8.71976708984375,-0.777075469493866,2.862332344055176,0.06685780733823776
1759611389945851000,8.729850830078124,-0.7000083923339844,3.154601573944092,0.20205679535865784
1759611389955935000,8.73993505859375,-0.6478637456893921,3.311119556427002,0.33153676986694336
1759611389966018000,8.75001806640625,-0.5980793237686157,3.3660380840301514,0.47106289863586426
1759611389976102000,8.760101806640625,-0.542244553565979,3.293755531311035,0.6098064184188843
1759611389986185000,8.77018505859375,-0.463437020778656,3.081462860107422,0.7227225303649902
1759611389996269000,8.78026904296875,-0.3708091080188751,2.725099563598633,0.8239836692810059
1759611390006352000,8.790351806640626,-0.3074946105480194,2.247563123703003,0.9286601543426514
1759611390016436000,8.80043603515625,-0.30214884877204895,1.708628535270691,1.0492539405822754
1759611390026520000,8.81052001953125,-0.34262967109680176,1.1405823230743408,1.1600984334945679
1759611390036603000,8.820602783203125,-0.43234679102897644,0.5493832230567932,1.2455874681472778
1759611390046687000,8.83068701171875,-0.5572884678840637,-0.04016713798046112,1.291312575340271
1759611390056769800,8.840769775390624,-0.7162802219390869,-0.6027542948722839,1.2926841974258423
1759611390066854000,8.85085400390625,-0.8899937868118286,-1.119890809059143,1.2639135122299194
1759611390076938000,8.86093798828125,-1.058911919593811,-1.585437297821045,1.232311725616455
1759611390087020800,8.871020751953125,-1.2140283584594727,-1.9555912017822266,1.1953591108322144
1759611390097105000,8.88110498046875,-1.3558294773101807,-2.219254493713379,1.1693142652511597
1759611390107188000,8.89118798828125,-1.4891266822814941,-2.360382556915283,1.144708514213562
1759611390117271800,8.901271728515624,-1.618453860282898,-2.3934388160705566,1.1516660451889038
1759611390127356000,8.91135595703125,-1.768796443939209,-2.305621862411499,1.1806299686431885
1759611390137439000,8.92143896484375,-1.9347758293151855,-2.1079165935516357,1.2083673477172852
1759611390147522800,8.931522705078125,-2.091583490371704,-1.875884771347046,1.2319129705429077
1759611390157606000,8.94160595703125,-2.1989128589630127,-1.6660537719726562,1.229077696800232
1759611390167689700,8.951689697265625,-2.20820689201355,-1.5301399230957031,1.1820073127746582
1759611390177773000,8.96177294921875,-2.1239206790924072,-1.4625020027160645,1.1055641174316406
1759611390187857000,8.97185693359375,-1.9719324111938477,-1.4498851299285889,1.0469942092895508
1759611390197940700,8.981940673828126,-1.8243205547332764,-1.465878963470459,1.039484977722168
1759611390208023800,8.99202392578125,-1.7286919355392456,-1.5166666507720947,1.0639140605926514
1759611390218108000,9.00210791015625,-1.6987650394439697,-1.6658332347869873,1.101817011833191
1759611390228191000,9.01219091796875,-1.6989479064941406,-1.9565532207489014,1.127753496170044
1759611390238274800,9.02227490234375,-1.715653657913208,-2.359713554382324,1.1000425815582275
1759611390248359000,9.03235888671875,-1.722683072090149,-2.83160138130188,1.0201797485351562
1759611390258442000,9.04244189453125,-1.705575704574585,-3.335932970046997,0.8999530076980591
1759611390268525800,9.05252587890625,-1.674212098121643,-3.7497096061706543,0.7913240194320679
1759611390278609000,9.06260888671875,-1.6622695922851562,-4.012571334838867,0.7091761231422424
1759611390288693000,9.07269287109375,-1.6630456447601318,-4.1757330894470215,0.6253718137741089
1759611390298776800,9.08277685546875,-1.6583251953125,-4.250243186950684,0.5442788004875183
1759611390308860000,9.09285986328125,-1.6385982036590576,-4.212869167327881,0.44800305366516113
1759611390318944000,9.102944091796875,-1.5961357355117798,-4.01885461807251,0.33419153094291687
1759611390329026800,9.11302685546875,-1.5430102348327637,-3.670300006866455,0.19761691987514496
1759611390339111000,9.12311083984375,-1.4808640480041504,-3.207622766494751,0.04216821864247322
1759611390349193700,9.13319384765625,-1.4039145708084106,-2.6749825477600098,-0.1121019721031189
1759611390359278000,9.143278076171875,-1.3012670278549194,-2.0754599571228027,-0.24963639676570892
1759611390369362000,9.15336181640625,-1.1888854503631592,-1.406571388244629,-0.36282992362976074
1759611390379444700,9.16344482421875,-1.0927711725234985,-0.7681115865707397,-0.4365400969982147
1759611390389529000,9.173529052734375,-1.0177866220474243,-0.17454893887043,-0.47312304377555847
1759611390399612000,9.18361181640625,-0.9654751420021057,0.3799172043800354,-0.46153751015663147
1759611390409695700,9.19369580078125,-0.9508852362632751,0.8635181784629822,-0.4245401918888092
1759611390419780000,9.203780029296874,-0.9610114097595215,1.2619761228561401,-0.37300190329551697
1759611390429863000,9.21386279296875,-0.9766976833343506,1.5584559440612793,-0.3262062966823578
1759611390439947000,9.223947021484374,-0.9730212092399597,1.7367173433303833,-0.2839539051055908
1759611390450029800,9.23402978515625,-0.9313429594039917,1.8075305223464966,-0.24532264471054077
1759611390460114000,9.244114013671876,-0.8307330012321472,1.7388542890548706,-0.2049427330493927
1759611390470198000,9.254197998046875,-0.6559074521064758,1.5382317304611206,-0.18400838971138
1759611390480280800,9.26428076171875,-0.43479347229003906,1.2185238599777222,-0.17229607701301575
1759611390490364700,9.27436474609375,-0.20795735716819763,0.8282154202461243,-0.1486084759235382
1759611390500448000,9.284447998046875,-0.021672695875167847,0.44039174914360046,-0.11039876937866211
1759611390510531800,9.29453173828125,0.12392524629831314,0.04384998977184296,-0.055411942303180695
1759611390520615000,9.304614990234375,0.24917611479759216,-0.37831351161003113,0.018724339082837105
1759611390530699000,9.314698974609374,0.33856746554374695,-0.7909931540489197,0.10130537301301956
1759611390540782800,9.324782958984375,0.39513885974884033,-1.1442586183547974,0.1951698213815689
1759611390550866000,9.334865966796874,0.4647381603717804,-1.3816252946853638,0.29436659812927246
1759611390560949800,9.34494970703125,0.599814772605896,-1.4606692790985107,0.3974122703075409
1759611390571033000,9.355033203125,0.8106629252433777,-1.4202913045883179,0.48223352432250977
1759611390581117000,9.365116943359375,1.0674617290496826,-1.3189332485198975,0.5216009020805359
1759611390591200800,9.37520068359375,1.3401861190795898,-1.164991021156311,0.5428314805030823
1759611390601283800,9.385283935546875,1.6046340465545654,-0.9657941460609436,0.5715792179107666
1759611390611368000,9.395367919921876,1.844527244567871,-0.763170063495636,0.610008716583252
1759611390621451000,9.405450927734375,2.0333240032196045,-0.6051700711250305,0.6373966932296753
1759611390631534800,9.415534912109376,2.179858684539795,-0.5198212265968323,0.6522276997566223
1759611390641619000,9.425618896484375,2.293682098388672,-0.5199620723724365,0.6423588395118713
1759611390651702000,9.435701904296875,2.376936912536621,-0.5726295113563538,0.6114490032196045
1759611390661785900,9.445785888671875,2.4193685054779053,-0.6729481220245361,0.5794727206230164
1759611390671869000,9.455868896484375,2.424133777618408,-0.7974889874458313,0.5636377930641174
1759611390681953000,9.465953125,2.368792772293091,-0.9243651628494263,0.5532208681106567
1759611390692036900,9.476036865234375,2.2734622955322266,-1.0261645317077637,0.5288575887680054
1759611390702120000,9.486119873046874,2.1489837169647217,-1.0828282833099365,0.47062569856643677
1759611390712204000,9.4962041015625,1.9965451955795288,-1.0618541240692139,0.36643341183662415
1759611390722286800,9.506286865234374,1.8153791427612305,-0.9788116216659546,0.259900838136673
1759611390732371000,9.516370849609375,1.6010620594024658,-0.8386436700820923,0.18649476766586304
1759611390742453800,9.526453857421876,1.378077745437622,-0.6175344586372375,0.1196153312921524
1759611390752537900,9.536537841796875,1.1751350164413452,-0.29327380657196045,0.06423702836036682
1759611390762622000,9.5466220703125,1.0618654489517212,0.1532040685415268,0.012822308577597141
1759611390772704800,9.556704833984375,1.0844511985778809,0.6947224140167236,-0.048080749809741974
1759611390782788900,9.566788818359376,1.2308590412139893,1.279800534248352,-0.14952242374420166
1759611390792872000,9.576871826171875,1.422727108001709,1.825890064239502,-0.26351431012153625
1759611390802955800,9.586955810546876,1.590550184249878,2.2630527019500732,-0.3744003474712372
1759611390813039900,9.597039794921875,1.7000224590301514,2.5745604038238525,-0.4727858006954193
1759611390823123000,9.607123046875,1.7559552192687988,2.7621781826019287,-0.5682668089866638
1759611390833206800,9.617206787109374,1.763525366783142,2.836123466491699,-0.6675423979759216
1759611390843289900,9.627289794921875,1.7454971075057983,2.7822165489196777,-0.7789408564567566
1759611390853374000,9.6373740234375,1.7288280725479126,2.6420950889587402,-0.8980091214179993
1759611390863457800,9.647457763671875,1.7148542404174805,2.455972909927368,-0.9980054497718811
1759611390873540900,9.657540771484374,1.7129156589508057,2.2576048374176025,-1.0281981229782104
1759611390883624700,9.667624755859375,1.7156730890274048,2.0415773391723633,-0.998649001121521
1759611390893708000,9.6777080078125,1.7244621515274048,1.8276523351669312,-0.9353060126304626
1759611390903791400,9.687791259765625,1.7339131832122803,1.6157029867172241,-0.8732820749282837
1759611390913874400,9.69787451171875,1.7351112365722656,1.3911949396133423,-0.8187360167503357
1759611390923958500,9.70795849609375,1.730307936668396,1.1587084531784058,-0.7783284187316895
1759611390934042400,9.71804248046875,1.7083228826522827,0.9402585625648499,-0.753131628036499
1759611390944125400,9.72812548828125,1.683582067489624,0.7803122997283936,-0.7393742799758911
1759611390954209500,9.73820947265625,1.639868974685669,0.6690225005149841,-0.7235201001167297
1759611390964292600,9.748292724609374,1.5839643478393555,0.6162769794464111,-0.697195827960968
1759611390974376400,9.75837646484375,1.5188567638397217,0.613148033618927,-0.6677954792976379
1759611390984460500,9.76846044921875,1.4457621574401855,0.6519688963890076,-0.6322121620178223
1759611390994543600,9.778543701171875,1.3754863739013672,0.6988373398780823,-0.5948029160499573
1759611391004627500,9.78862744140625,1.3066284656524658,0.7346131801605225,-0.5524170994758606
1759611391014710500,9.79871044921875,1.2449828386306763,0.737984299659729,-0.5087378621101379
1759611391024794600,9.808794677734374,1.1844847202301025,0.708854615688324,-0.46193045377731323
1759611391034878500,9.81887841796875,1.1118121147155762,0.64811772108078,-0.42677542567253113
1759611391044961500,9.82896142578125,1.0278764963150024,0.5573734045028687,-0.4075535535812378
1759611391055045400,9.83904541015625,0.9439833760261536,0.4479213058948517,-0.3877169191837311
1759611391065128400,9.84912841796875,0.868486762046814,0.32251012325286865,-0.37720757722854614
1759611391075212500,9.859212646484375,0.8115383386611938,0.18333619832992554,-0.36594095826148987
1759611391085295400,9.86929541015625,0.7753651142120361,0.03446761146187782,-0.34375470876693726
1759611391095379700,9.879379638671875,0.7689597606658936,-0.11647725105285645,-0.29578906297683716
1759611391105463600,9.889463623046876,0.7838135361671448,-0.27537450194358826,-0.21511101722717285
1759611391115546400,9.89954638671875,0.7851307392120361,-0.4235846996307373,-0.1250106543302536
1759611391125630500,9.90963037109375,0.7639410495758057,-0.5633671283721924,-0.028758689761161804
1759611391135713500,9.919713623046874,0.7294235229492188,-0.6819866299629211,0.09342941641807556
1759611391145797400,9.92979736328125,0.716629147529602,-0.7721958756446838,0.22110268473625183
1759611391155881500,9.939881591796874,0.7340520024299622,-0.8063487410545349,0.3553340435028076
1759611391165964300,9.94996435546875,0.770983099937439,-0.7687100172042847,0.48285603523254395
1759611391176048600,9.960048583984374,0.7981866002082825,-0.6681877374649048,0.6018645763397217
1759611391186131500,9.97013134765625,0.698098361492157,-0.6183514595031738,0.7099404335021973
1759611391196215300,9.98021533203125,0.4883885085582733,-0.6471590995788574,0.8647270798683167
1759611391206298600,9.990298583984375,0.31411656737327576,-0.708310067653656,1.0451596975326538
1759611391216382500,10.000382568359376,0.24441543221473694,-0.7581809163093567,1.1802496910095215
1759611391226466300,10.01046630859375,0.28451409935951233,-0.8905088901519775,1.2623271942138672
1759611391236549400,10.02054931640625,0.4135836362838745,-1.183972954750061,1.3150564432144165
1759611391246633500,10.030633544921875,0.5514879822731018,-1.6104861497879028,1.3785624504089355
1759611391256716500,10.040716552734375,0.5860365629196167,-2.0095269680023193,1.4409905672073364
1759611391266800400,10.05080029296875,0.47117021679878235,-2.24573016166687,1.473085641860962
1759611391276884500,10.060884521484375,0.24232640862464905,-2.244011640548706,1.4689226150512695
1759611391286967600,10.070967529296874,-0.017147768288850784,-2.0121066570281982,1.439819574356079
1759611391297051400,10.081051513671875,-0.22866876423358917,-1.5600025653839111,1.4135197401046753
1759611391307134500,10.091134521484374,-0.33002546429634094,-0.9092196822166443,1.417348027229309
1759611391317218600,10.101218505859375,-0.32203927636146545,-0.1342000514268875,1.445644497871399
1759611391327302400,10.111302490234374,-0.2155921906232834,0.6919993758201599,1.4729362726211548
1759611391337385500,10.121385498046875,-0.06539085507392883,1.4539035558700562,1.4765028953552246
1759611391347469600,10.131469482421876,0.07373028248548508,2.028355836868286,1.4687384366989136
1759611391357552600,10.141552734375,0.15985414385795593,2.3559577465057373,1.4367341995239258
1759611391367636500,10.151636474609376,0.19746170938014984,2.4270095825195312,1.4094165563583374
1759611391377719300,10.16171923828125,0.20644327998161316,2.311969757080078,1.3961390256881714
1759611391387803600,10.1718037109375,0.20677536725997925,2.1116716861724854,1.3981183767318726
1759611391397887500,10.181887451171875,0.2197459191083908,1.91834557056427,1.387465476989746
1759611391407970300,10.19197021484375,0.23521170020103455,1.7773330211639404,1.3565512895584106
1759611391418054700,10.2020546875,0.2517012655735016,1.7033677101135254,1.3082224130630493
1759611391428137500,10.212137451171875,0.2703359127044678,1.6554590463638306,1.2395395040512085
1759611391438221600,10.2222216796875,0.2915211021900177,1.6198382377624512,1.1712452173233032
1759611391448305400,10.232305419921875,0.31339231133461,1.6074228286743164,1.0972764492034912
1759611391458388500,10.242388427734374,0.3233480453491211,1.6065911054611206,1.0327008962631226
1759611391468472600,10.25247265625,0.3143979609012604,1.5893898010253906,0.9951609373092651
1759611391478555400,10.262555419921876,0.2778036892414093,1.5260728597640991,0.9711862802505493
1759611391488639500,10.272639404296875,0.21768738329410553,1.3849116563796997,0.9555724859237671
1759611391498723600,10.2827236328125,0.1428159922361374,1.191417932510376,0.9231151342391968
1759611391508806400,10.292806396484375,0.06529989838600159,0.9818532466888428,0.8709491491317749
1759611391518890500,10.302890380859376,-0.008893518708646297,0.7862660884857178,0.8020111322402954
1759611391528973600,10.3129736328125,-0.07828857004642487,0.6445693969726562,0.7351498603820801
1759611391539057400,10.323057373046876,-0.14811137318611145,0.5850118398666382,0.6783174276351929
1759611391549140500,10.333140380859374,-0.2272235006093979,0.6218209862709045,0.6326524615287781
1759611391559224300,10.343224365234375,-0.32174181938171387,0.7302031517028809,0.5965748429298401
1759611391569308400,10.353308349609375,-0.43113648891448975,0.8909353017807007,0.5645591020584106
1759611391579391500,10.3633916015625,-0.550301194190979,1.0962519645690918,0.5287403464317322
1759611391589475300,10.373475341796874,-0.6721024513244629,1.3435115814208984,0.47499510645866394
1759611391599558700,10.38355859375,-0.7851521372795105,1.5893142223358154,0.4047679603099823
1759611391609642500,10.393642578125,-0.8858467936515808,1.796966314315796,0.335824579000473
1759611391619726300,10.403726318359375,-0.9631283283233643,1.9156596660614014,0.2795766592025757
1759611391629809400,10.413809326171876,-1.0234811305999756,1.941831350326538,0.23699352145195007
1759611391639893500,10.4238935546875,-1.064156174659729,1.8887419700622559,0.19896529614925385
1759611391649976600,10.4339765625,-1.094719648361206,1.7686909437179565,0.16312608122825623
1759611391660060400,10.444060302734375,-1.107405424118042,1.6172480583190918,0.1299251914024353
1759611391670144500,10.45414453125,-1.1118273735046387,1.4673242568969727,0.10470986366271973
1759611391680227600,10.4642275390625,-1.1154156923294067,1.3367513418197632,0.08922353386878967
1759611391690311400,10.4743115234375,-1.1065454483032227,1.2289832830429077,0.08724826574325562
1759611391700394500,10.48439453125,-1.0995794534683228,1.126279354095459,0.08327126502990723
1759611391710478600,10.494478515625,-1.0968750715255737,1.0174016952514648,0.0746612623333931
1759611391720561400,10.5045615234375,-1.103774070739746,0.8991410732269287,0.06267254054546356
1759611391730645500,10.5146455078125,-1.111634612083435,0.7714976072311401,0.049752749502658844
1759611391740729600,10.5247294921875,-1.1077735424041748,0.6393182873725891,0.04519646614789963
1759611391750812400,10.5348125,-1.1090043783187866,0.5011188387870789,0.05314600095152855
1759611391760896500,10.544896484375,-1.111356496810913,0.354679673910141,0.07645747065544128
1759611391770979300,10.554979248046875,-1.1147198677062988,0.20548991858959198,0.07294662296772003
1759611391781063700,10.565063720703124,-1.1425188779830933,0.042538341134786606,0.03981441259384155
1759611391791147500,10.5751474609375,-1.183933973312378,-0.11268213391304016,-0.016787078231573105
1759611391801230300,10.585230224609376,-1.2384964227676392,-0.2520190477371216,-0.08639536052942276
1759611391811314700,10.595314697265625,-1.306654691696167,-0.36600127816200256,-0.14795485138893127
1759611391821397500,10.6053974609375,-1.3749152421951294,-0.4554313123226166,-0.19714412093162537
1759611391831481300,10.6154814453125,-1.4475103616714478,-0.523792564868927,-0.2309257984161377
1759611391841564400,10.625564453125,-1.5091052055358887,-0.586803674697876,-0.25469970703125
1759611391851648500,10.6356484375,-1.556806206703186,-0.6460742354393005,-0.2819310426712036
1759611391861732600,10.645732666015626,-1.5813958644866943,-0.726327121257782,-0.3223862648010254
1759611391871815400,10.6558154296875,-1.5847471952438354,-0.8377783298492432,-0.3791891038417816
1759611391881899500,10.6658994140625,-1.562068223953247,-0.9739499688148499,-0.46428173780441284
1759611391891982600,10.675982666015624,-1.5318002700805664,-1.1134469509124756,-0.5611358880996704
1759611391902066700,10.686066650390625,-1.4782450199127197,-1.224350929260254,-0.641545295715332
1759611391912150500,10.696150634765624,-1.40807044506073,-1.3451969623565674,-0.7001409530639648
1759611391922233600,10.706233642578125,-1.3421720266342163,-1.478712558746338,-0.7274132966995239
1759611391932317400,10.7163173828125,-1.2913358211517334,-1.5752794742584229,-0.7326312065124512
1759611391942400800,10.72640087890625,-1.262017846107483,-1.5917072296142578,-0.7356176972389221
1759611391952484600,10.736484619140626,-1.2590489387512207,-1.5326391458511353,-0.7484919428825378
1759611391962567700,10.746567626953125,-1.266178011894226,-1.4470876455307007,-0.7740370631217957
1759611391972651800,10.75665185546875,-1.2792009115219116,-1.3737471103668213,-0.804416298866272
1759611391982735600,10.766735595703125,-1.286695957183838,-1.3274215459823608,-0.8406692743301392
1759611391992818700,10.776818603515625,-1.2926639318466187,-1.303443431854248,-0.8755952715873718
1759611392002902500,10.786902587890625,-1.2860960960388184,-1.2924724817276,-0.8970291614532471
1759611392012985600,10.796985595703125,-1.2774368524551392,-1.307795763015747,-0.9172300696372986
1759611392023069700,10.807069580078124,-1.2637550830841064,-1.3609484434127808,-0.9326314330101013
1759611392033153500,10.817153564453125,-1.2589974403381348,-1.4515424966812134,-0.9462668299674988
1759611392043236600,10.827236572265624,-1.268343448638916,-1.5690380334854126,-0.9432870745658875
1759611392053320700,10.83732080078125,-1.3099201917648315,-1.691740870475769,-0.942194938659668
1759611392063403500,10.847403564453124,-1.3662117719650269,-1.8070740699768066,-0.9330189228057861
1759611392073487600,10.857487548828125,-1.4257760047912598,-1.9073045253753662,-0.9190493226051331
1759611392083570700,10.86757080078125,-1.4695074558258057,-1.9881162643432617,-0.9129225611686707
1759611392093654500,10.877654541015625,-1.4857697486877441,-2.028754472732544,-0.9070145487785339
1759611392103738600,10.887738525390626,-1.4817605018615723,-2.008899688720703,-0.903217077255249
1759611392113821400,10.897821533203125,-1.474374771118164,-1.938448429107666,-0.9035637974739075
1759611392123905500,10.907905517578126,-1.4634898900985718,-1.8311151266098022,-0.9314231276512146
1759611392133988600,10.917988525390625,-1.455640435218811,-1.7146599292755127,-0.9818732738494873
1759611392144072400,10.928072509765625,-1.4429070949554443,-1.5965701341629028,-1.024096131324768
1759611392154156800,10.93815673828125,-1.4414031505584717,-1.4947572946548462,-1.0443534851074219
1759611392164239600,10.948239501953125,-1.4464631080627441,-1.4019083976745605,-1.0338319540023804
1759611392174323500,10.958323486328124,-1.475746989250183,-1.324850082397461,-0.994206964969635
1759611392184406500,10.968406494140625,-1.5310767889022827,-1.2849738597869873,-0.9361478686332703
1759611392194490600,10.97849072265625,-1.5982563495635986,-1.3123122453689575,-0.8626499772071838
1759611392204573700,10.98857373046875,-1.6449384689331055,-1.4555881023406982,-0.8167208433151245
1759611392214657500,10.998657470703124,-1.6486761569976807,-1.7492834329605103,-0.7971375584602356
1759611392224741600,11.00874169921875,-1.5989367961883545,-2.1061837673187256,-0.7765341997146606
1759611392234824700,11.01882470703125,-1.5096529722213745,-2.452094554901123,-0.7527108788490295
1759611392244908500,11.028908447265625,-1.3983585834503174,-2.7785491943359375,-0.7479619979858398
1759611392254991600,11.03899169921875,-1.3052160739898682,-3.0597565174102783,-0.7693290710449219
1759611392265075700,11.04907568359375,-1.2551085948944092,-3.299229860305786,-0.8097834587097168
1759611392275158500,11.059158447265625,-1.2415169477462769,-3.5200698375701904,-0.8747832179069519
1759611392285242600,11.06924267578125,-1.2430412769317627,-3.745518684387207,-0.9362568855285645
1759611392295326700,11.07932666015625,-1.2380623817443848,-3.9623348712921143,-0.9693793654441833
1759611392305409800,11.089409912109375,-1.2085362672805786,-4.15132474899292,-0.9837592840194702
1759611392315493600,11.09949365234375,-1.159132719039917,-4.301661491394043,-1.0078380107879639
1759611392325576400,11.109576416015624,-1.0879350900650024,-4.403703689575195,-1.0547856092453003
1759611392335660800,11.119660888671875,-1.0121912956237793,-4.445810794830322,-1.1202927827835083
1759611392345744600,11.12974462890625,-0.9486008882522583,-4.4186224937438965,-1.192874789237976
1759611392355827500,11.139827392578125,-0.9063895344734192,-4.334305763244629,-1.2499452829360962
1759611392365911800,11.149911865234374,-0.8940407633781433,-4.208014011383057,-1.2940785884857178
1759611392375994600,11.15999462890625,-0.9084111452102661,-4.045999050140381,-1.3073123693466187
1759611392386078700,11.17007861328125,-0.9213799834251404,-3.8281912803649902,-1.274506688117981
1759611392396161500,11.18016162109375,-0.9118144512176514,-3.560896635055542,-1.2079123258590698
1759611392406245600,11.19024560546875,-0.8634517788887024,-3.2506585121154785,-1.1134552955627441
1759611392416329700,11.200329833984375,-0.7845262885093689,-2.9187135696411133,-1.0095068216323853
1759611392426412500,11.21041259765625,-0.6810765862464905,-2.682541847229004,-0.9119396209716797
1759611392436496400,11.220496337890625,-0.55281662940979,-2.5634400844573975,-0.830852210521698
1759611392446579700,11.230579833984375,-0.42912203073501587,-2.4886767864227295,-0.7906462550163269
1759611392456663600,11.24066357421875,-0.3185209631919861,-2.376530408859253,-0.7961163520812988
1759611392466746600,11.25074658203125,-0.23039963841438293,-2.2142834663391113,-0.8075442314147949
1759611392476830700,11.260830810546874,-0.16885586082935333,-1.9561455249786377,-0.7866975665092468
1759611392486914600,11.27091455078125,-0.11412854492664337,-1.5773159265518188,-0.7419634461402893
1759611392496997600,11.28099755859375,-0.05629986524581909,-1.186371922492981,-0.7383687496185303
1759611392507081500,11.29108154296875,-0.005286191124469042,-0.8330413699150085,-0.8155075907707214
1759611392517164800,11.301164794921876,0.05054298788309097,-0.49319297075271606,-0.8697298169136047
1759611392527248600,11.31124853515625,0.11677896976470947,-0.13509021699428558,-0.7568747997283936
1759611392537332500,11.32133251953125,0.20555917918682098,0.08499927073717117,-0.6788889169692993
1759611392547415600,11.33141552734375,0.30310195684432983,0.07065685093402863,-0.6521071791648865
1759611392557499600,11.341499755859376,0.45416978001594543,-0.2623828947544098,-0.5966849327087402
1759611392567582700,11.351582763671875,0.5873684287071228,-0.44364625215530396,-0.5634369850158691
1759611392577666600,11.36166650390625,0.6393285393714905,-0.3098383843898773,-0.5850757360458374
1759611392587749600,11.37174951171875,0.5832632780075073,0.020114867016673088,-0.6196577548980713
1759611392597833700,11.381833740234375,0.4354461133480072,0.35068824887275696,-0.6130629777908325
1759611392607917600,11.39191748046875,0.25294145941734314,0.5323761105537415,-0.5598570704460144
1759611392618000400,11.40200048828125,0.10553658753633499,0.5787060856819153,-0.49530449509620667
1759611392628084700,11.412084716796874,0.03663605451583862,0.5605696439743042,-0.4349219501018524
1759611392638167600,11.42216748046875,0.03126951679587364,0.5237802267074585,-0.3918546438217163
1759611392648251600,11.432251708984374,0.07128126174211502,0.46815651655197144,-0.36066481471061707
1759611392658334500,11.44233447265625,0.110593780875206,0.37829160690307617,-0.33735284209251404
1759611392668418600,11.45241845703125,0.13430751860141754,0.24003265798091888,-0.30878281593322754
1759611392678502700,11.462502685546875,0.14154838025569916,0.06960952281951904,-0.27556198835372925
1759611392688585500,11.47258544921875,0.1248459741473198,-0.13248327374458313,-0.23463568091392517
1759611392698669600,11.482669677734375,0.08757130801677704,-0.3651372790336609,-0.19675327837467194
1759611392708752600,11.492752685546876,0.03831060230731964,-0.588596522808075,-0.16357749700546265
1759611392718836500,11.50283642578125,-0.00997916515916586,-0.7429791688919067,-0.14616894721984863
1759611392728919600,11.51291943359375,-0.04947543889284134,-0.8016336560249329,-0.1418684870004654
1759611392739003600,11.523003662109375,-0.07263828068971634,-0.7949749827384949,-0.15366601943969727
1759611392749087500,11.53308740234375,-0.09609916061162949,-0.7633456587791443,-0.18385998904705048
1759611392759170600,11.543170654296874,-0.11203019320964813,-0.718085527420044,-0.2129526287317276
1759611392769254700,11.553254638671875,-0.13016648590564728,-0.6772750616073608,-0.24566428363323212
1759611392779337700,11.563337646484374,-0.14987334609031677,-0.6601679921150208,-0.28143903613090515
1759611392789421600,11.573421630859375,-0.17091593146324158,-0.6594263911247253,-0.30734115839004517
1759611392799505700,11.583505615234374,-0.18548928201198578,-0.6709296703338623,-0.3333761990070343
1759611392809588700,11.593588623046875,-0.19174988567829132,-0.6680262088775635,-0.34735751152038574
1759611392819672600,11.603672607421874,-0.19691641628742218,-0.6637009978294373,-0.3482550084590912
1759611392829755600,11.613755615234375,-0.19254155457019806,-0.6516953110694885,-0.346427857875824
1759611392839839700,11.62383984375,-0.18015065789222717,-0.625747561454773,-0.33414536714553833
1759611392849922600,11.633922607421875,-0.17997503280639648,-0.5573103427886963,-0.2894872725009918
1759611392860006700,11.644006591796876,-0.20194505155086517,-0.46047964692115784,-0.2193068563938141
1759611392870090800,11.6540908203125,-0.20984138548374176,-0.364126980304718,-0.18803930282592773
1759611392880173600,11.664173583984375,-0.1665213406085968,-0.3052138686180115,-0.20818744599819183
1759611392890257700,11.674257568359375,-0.09700226038694382,-0.2719742953777313,-0.241258442401886
1759611392900340500,11.684340576171875,-0.06973788142204285,-0.22077849507331848,-0.2570246160030365
1759611392910424600,11.694424560546874,-0.10711167007684708,-0.16732004284858704,-0.2658414840698242
1759611392920507400,11.70450732421875,-0.16451476514339447,-0.11256890743970871,-0.263014018535614
1759611392930591500,11.714591552734374,-0.19861595332622528,-0.0583648644387722,-0.2564902603626251
1759611392940675600,11.724675537109375,-0.19902022182941437,-0.0004102182574570179,-0.24638329446315765
1759611392950758400,11.73475830078125,-0.1700965166091919,0.06133579462766647,-0.25066426396369934
1759611392960842500,11.744842529296875,-0.13685362040996552,0.13653653860092163,-0.2477363795042038
1759611392970925600,11.754925537109376,-0.11832299828529358,0.2169191986322403,-0.23651134967803955
1759611392981009400,11.765009521484375,-0.11705826222896576,0.287608802318573,-0.22445547580718994
1759611392991092500,11.775092529296876,-0.1039784625172615,0.33769816160202026,-0.22674712538719177
1759611393001176600,11.785176513671875,-0.07551832497119904,0.35339242219924927,-0.2327224612236023
1759611393011260400,11.795260498046876,-0.04233213886618614,0.33996209502220154,-0.2485584169626236
1759611393021343500,11.805343505859375,-0.010816557332873344,0.31510016322135925,-0.26495522260665894
1759611393031427600,11.815427490234375,0.0030979495495557785,0.2838767170906067,-0.2741107940673828
1759611393041510700,11.8255107421875,-0.008544857613742352,0.2485320121049881,-0.2596980035305023
1759611393051594500,11.835594482421875,-0.03593334183096886,0.21998664736747742,-0.2408132702112198
1759611393061677600,11.845677490234374,-0.061984118074178696,0.2061997354030609,-0.217933788895607
1759611393071761700,11.85576171875,-0.08338992297649384,0.20732344686985016,-0.198450967669487
1759611393081845500,11.865845458984374,-0.08453109115362167,0.22506169974803925,-0.18148663640022278
1759611393091928600,11.875928466796875,-0.07886209338903427,0.23957519233226776,-0.15465112030506134
1759611393102012700,11.8860126953125,-0.06537424772977829,0.2403930425643921,-0.12814919650554657
1759611393112095500,11.896095458984375,-0.05464093014597893,0.20919255912303925,-0.095305897295475
1759611393122179600,11.9061796875,-0.05341454595327377,0.08615931123495102,-0.005473213270306587
1759611393132263400,11.916263427734375,-0.014165072701871395,-0.0547182559967041,0.031776782125234604
1759611393142346500,11.926346435546876,-0.050363559275865555,-0.005495051387697458,0.0035198447294533253
1759611393152430600,11.9364306640625,-0.08510759472846985,0.057307254523038864,-0.007646842394024134
1759611393162513400,11.946513427734375,-0.13081301748752594,0.05462891608476639,-0.03113086149096489
1759611393172597500,11.956597412109375,-0.1583065390586853,0.015584399923682213,-0.03136517107486725
1759611393182680600,11.9666806640625,-0.1648520529270172,-0.05339866131544113,-0.0497705414891243
1759611393192764400,11.976764404296874,-0.14649301767349243,-0.08419705182313919,-0.0648895725607872
1759611393202848500,11.9868486328125,-0.125732883810997,-0.0677483081817627,-0.07538029551506042
1759611393212931600,11.996931640625,-0.09933170676231384,-0.06034892052412033,-0.06711553037166595
