time,seconds_elapsed,z,y,x
1759644125003868000,0.026867919921875,-0.00914209894835949,-0.07623858004808426,-0.037824612110853195
1759644125013825000,0.036824951171875,-0.009651828557252884,-0.09089422225952148,-0.006898119580000639
1759644125023782000,0.046781982421875,-0.00983532052487135,-0.09010086208581924,0.010479538701474667
1759644125033738000,0.056738037109375,-0.0055228634737432,-0.0740707665681839,0.012539227493107319
1759644125043694800,0.06669482421875,-0.008864331990480423,-0.03630421310663223,0.00826938170939684
1759644125053651700,0.076651611328125,0.0018394453218206763,-0.014190919697284698,-0.00857164990156889
1759644125063608800,0.08660888671875,0.0049468218348920345,-0.010068879462778568,-0.012830311432480812
1759644125073565000,0.09656494140625,-0.0032661007717251778,0.01798113062977791,0.0035782232880592346
1759644125083521800,0.106521728515625,-0.007001716643571854,0.042204443365335464,0.02345952019095421
1759644125093479000,0.11647900390625,-0.007246194873005152,0.020989172160625458,0.0337451808154583
1759644125103436000,0.12643603515625,0.0032703618053346872,-0.039086148142814636,0.02919064275920391
1759644125113391900,0.136391845703125,0.014149374328553677,-0.08105676621198654,0.029408488422632217
1759644125123349000,0.146348876953125,0.014584269374608994,-0.09003908187150955,0.03580540046095848
1759644125133306000,0.15630615234375,0.010341054759919643,-0.08165278285741806,0.0466199666261673
1759644125143263000,0.166262939453125,0.011606855317950249,-0.07741143554449081,0.04787804186344147
1759644125153219800,0.1762197265625,0.007921839132905006,-0.08480330556631088,0.04741332307457924
1759644125163176000,0.186176025390625,0.0054419031366705894,-0.09094695001840591,0.04922720044851303
1759644125173132300,0.19613232421875,0.0007797735743224621,-0.07854753732681274,0.05121125653386116
1759644125183089200,0.206089111328125,-0.001306014135479927,-0.06549565494060516,0.05505126714706421
1759644125193046300,0.21604638671875,0.0033715618774294853,-0.046474557369947433,0.04994625598192215
1759644125203002000,0.226002197265625,0.0038962047547101974,-0.043787162750959396,0.03904194012284279
1759644125212959200,0.235959228515625,0.0021848573815077543,-0.016707073897123337,0.0337478443980217
1759644125222916400,0.245916259765625,-0.0052376389503479,0.03525226190686226,0.028497422114014626
1759644125232873200,0.255873291015625,-0.020870927721261978,0.051465585827827454,0.02436632663011551
1759644125242829300,0.265829345703125,-0.021271200850605965,0.03055844083428383,0.021513814106583595
1759644125252786200,0.2757861328125,-0.02015293948352337,0.010964767076075077,0.020320450887084007
1759644125262743300,0.285743408203125,-0.017405888065695763,0.007398527581244707,0.0265921950340271
1759644125272700400,0.295700439453125,-0.00977566558867693,0.015799470245838165,0.03353159502148628
1759644125282657000,0.305656982421875,-0.0034091125708073378,0.005342300981283188,0.04126328229904175
1759644125292613400,0.31561328125,0.007849667221307755,-0.00845819991081953,0.04067738726735115
1759644125302570200,0.3255703125,0.009732788428664207,-0.005935653578490019,0.03603896126151085
1759644125312527000,0.335527099609375,0.012077435851097107,0.012760535813868046,0.02527046948671341
1759644125322484200,0.345484130859375,0.015924371778964996,0.00040000680019147694,0.01506949681788683
1759644125332440300,0.3554404296875,0.02002643793821335,-0.018625615164637566,0.01575579307973385
1759644125342397200,0.365397216796875,0.020012058317661285,-0.021707160398364067,0.027603665366768837
1759644125352354300,0.375354248046875,0.025201760232448578,-0.03062209114432335,0.038188133388757706
1759644125362311400,0.3853115234375,0.02311757020652294,-0.05206959322094917,0.036933783441782
1759644125372268300,0.395268310546875,0.021882129833102226,-0.06239813193678856,0.037626203149557114
1759644125382224400,0.405224365234375,0.018634937703609467,-0.03701261430978775,0.03819931671023369
1759644125392181200,0.41518115234375,0.013001818209886551,0.006311691831797361,0.03557344153523445
1759644125402138000,0.42513818359375,0.009388175792992115,0.02642468363046646,0.025544507429003716
1759644125412095200,0.43509521484375,0.010718158446252346,0.012831375934183598,0.016088156029582024
1759644125422052000,0.445052001953125,0.021495172753930092,0.0009488842915743589,0.010155165567994118
1759644125432008200,0.45500830078125,0.025418806821107864,-0.018860239535570145,0.0124207166954875
1759644125441965300,0.46496533203125,0.018397117033600807,-0.03504320606589317,0.025556491687893867
1759644125451922200,0.474922119140625,0.007979363203048706,-0.037572674453258514,0.046115562319755554
1759644125461879300,0.48487939453125,-0.0036762275267392397,-0.01872335374355316,0.06072300300002098
1759644125471836400,0.49483642578125,-0.008794290944933891,-0.025908296927809715,0.05861217901110649
1759644125481792300,0.504792236328125,-0.025779133662581444,-0.017614413052797318,0.04866553843021393
1759644125491749400,0.514749267578125,-0.03412467986345291,0.018310563638806343,0.03965846449136734
1759644125501706200,0.524706298828125,-0.03429805114865303,0.03253024443984032,0.02804548293352127
1759644125511663000,0.5346630859375,-0.025916552171111107,0.013513412326574326,0.019582755863666534
1759644125521620200,0.5446201171875,-0.02352290228009224,-0.016926253214478493,0.01756514422595501
1759644125531577300,0.554577392578125,-0.023490145802497864,-0.0346091091632843,0.02202913537621498
1759644125541533200,0.564533203125,-0.02219505049288273,-0.028081968426704407,0.03696361184120178
1759644125551490300,0.574490234375,-0.023061908781528473,-0.01142789050936699,0.04572860524058342
1759644125561447200,0.584447265625,-0.020620323717594147,0.011777563951909542,0.044082507491111755
1759644125571404300,0.594404296875,-0.016403740271925926,0.03165486454963684,0.03291400894522667
1759644125581361400,0.604361328125,-0.015475895255804062,0.05010870844125748,0.016390424221754074
1759644125591317200,0.614317138671875,-0.014238590374588966,0.0673055350780487,-0.0019358517602086067
1759644125601274400,0.6242744140625,-0.012350942008197308,0.060021791607141495,-0.012657471932470798
1759644125611231200,0.634231201171875,-0.005391569808125496,0.045641254633665085,-0.009155947715044022
1759644125621188000,0.64418798828125,-0.006036054342985153,0.026560770347714424,0.0004588626616168767
1759644125631145200,0.654145263671875,-0.0013696637470275164,0.0017608820926398039,0.007063235621899366
1759644125641102300,0.664102294921875,0.004478638060390949,-0.027110978960990906,0.010004697367548943
1759644125651058200,0.67405810546875,0.0035955337807536125,-0.046369362622499466,0.012385562993586063
1759644125661015300,0.684015380859375,0.006993727292865515,-0.050326552242040634,0.00917219277471304
1759644125670972400,0.693972412109375,0.008980978280305862,-0.036745231598615646,0.008159658871591091
1759644125680929300,0.70392919921875,0.006838465109467506,-0.023736754432320595,0.004144411068409681
1759644125690886100,0.71388623046875,0.0059963734820485115,-0.008165251463651657,0.00021198761533014476
1759644125700843300,0.72384326171875,0.002826412906870246,0.002413090318441391,-0.0054789213463664055
1759644125710799000,0.733799072265625,0.0038250982761383057,0.005309544038027525,-0.007590008899569511
1759644125720756200,0.743756103515625,0.007534615229815245,-0.005314338020980358,-0.0038402783684432507
1759644125730713300,0.75371337890625,0.006322610657662153,-0.010572216473519802,0.0052147358655929565
1759644125740670200,0.763670166015625,0.0006820355774834752,-0.005916744936257601,0.019148394465446472
1759644125750627300,0.77362744140625,0.003933488857001066,-0.0029313412960618734,0.020267188549041748
1759644125760584400,0.78358447265625,0.008932242169976234,-0.011419101618230343,0.012133095413446426
1759644125770541300,0.793541259765625,0.009342901408672333,-0.01010749489068985,0.0031124362722039223
1759644125780497400,0.803497314453125,0.004851480480283499,-0.0010807107901200652,0.009837716817855835
1759644125790454300,0.813454345703125,0.005829926114529371,0.002173938322812319,0.0231159720569849
1759644125800411100,0.8234111328125,0.005798234138637781,-0.00250496924854815,0.02762523666024208
1759644125810368300,0.8333681640625,-0.00048629322554916143,0.0009084042394533753,0.02064269408583641
1759644125820325400,0.843325439453125,-0.00618119677528739,0.025895779952406883,0.016771523281931877
1759644125830282200,0.8532822265625,-0.01121989730745554,0.052083175629377365,0.012397014535963535
1759644125840239400,0.8632392578125,-0.008773517794907093,0.038004372268915176,0.0023728765081614256
1759644125850195200,0.8731953125,-0.00974317453801632,0.010587663389742374,-0.003628823207691312
1759644125860152300,0.88315234375,-0.006941529456526041,-0.002816825406625867,-0.00004953479583491571
1759644125870109400,0.893109375,-0.005434712860733271,-0.01546550914645195,0.001317998394370079
1759644125880066000,0.903066162109375,-0.004257861990481615,-0.02539270743727684,0.002490854589268565
1759644125890023200,0.913023193359375,-0.007170294877141714,-0.023387081921100616,0.008699482306838036
1759644125899980300,0.922980224609375,-0.00333241350017488,-0.0326511524617672,0.008746087551116943
1759644125909937200,0.932937255859375,0.0063007730059325695,-0.04773157089948654,0.011634019203484058
1759644125919893200,0.942893310546875,0.010528008453547955,-0.05911258980631828,0.007874434813857079
1759644125929850400,0.952850341796875,0.010115751065313816,-0.06217335909605026,0.004743888974189758
1759644125939807200,0.96280712890625,0.010356500744819641,-0.0566672757267952,0.0010900318156927824
1759644125949764400,0.972764404296875,0.0012181298807263374,-0.03958229720592499,0.0027457191608846188
1759644125959721200,0.98272119140625,-0.006873618811368942,-0.012543221935629845,0.0032000544015318155
1759644125969678000,0.992677978515625,-0.008107727393507957,0.0004261057765688747,0.0014093448407948017
1759644125979635200,1.00263525390625,-0.0016586167039349675,-0.007310110609978437,-0.003975566942244768
1759644125989592300,1.01259228515625,0.005636580288410187,-0.01673557050526142,-0.00512685114517808
1759644125999548200,1.022548095703125,0.0011555455857887864,-0.004745220299810171,-0.005228051450103521
1759644126009505300,1.03250537109375,-0.0049430932849645615,0.018761437386274338,-0.00001864212754298933
1759644126019462400,1.04246240234375,-0.00902864895761013,0.03483015298843384,0.00015153386630117893
1759644126029419300,1.052419189453125,-0.0049398974515497684,0.024098943918943405,0.0027976506389677525
1759644126039376400,1.06237646484375,-0.001832521171309054,0.001874332781881094,0.001454618526622653
1759644126049333200,1.072333251953125,0.003995007835328579,-0.008131429553031921,0.004077299498021603
1759644126059290000,1.0822900390625,0.008183094672858715,-0.007075219880789518,0.003178216516971588
1759644126069247200,1.092247314453125,0.009317069314420223,-0.0030546458438038826,0.0036434705834835768
1759644126079204400,1.102204345703125,0.008041947148740292,0.005137770436704159,0.008796420879662037
1759644126089160200,1.11216015625,-0.0029459886718541384,0.018263425678014755,0.015621037222445011
1759644126099117300,1.122117431640625,-0.008073372766375542,0.01293683797121048,0.014029266312718391
1759644126109074400,1.132074462890625,-0.0025337315164506435,-0.003139067906886339,0.007950601167976856
1759644126119031300,1.14203125,0.002609365154057741,-0.017644507810473442,0.0004138552176300436
1759644126128988200,1.15198828125,0.0055228634737432,-0.02624465338885784,-0.003609115956351161
1759644126138945300,1.1619453125,0.0022072279825806618,-0.02371997758746147,-0.004473045468330383
1759644126148902100,1.171902099609375,-0.0064962487667799,0.0019443739438429475,0.004252003040164709
1759644126158859300,1.181859375,-0.009877131320536137,0.03308338299393654,0.012893694452941418
1759644126168817000,1.19181689453125,-0.0068062408827245235,0.039990559220314026,0.014063088223338127
1759644126178773800,1.201773681640625,0.002785133896395564,0.026708310469985008,0.005154015496373177
1759644126188730600,1.211730712890625,0.01167583093047142,-0.004697549622505903,-0.003501790575683117
1759644126198686700,1.221686767578125,0.013456686399877071,-0.023916518315672874,-0.0047031426802277565
1759644126208643800,1.231643798828125,0.006895456463098526,-0.026442259550094604,0.0011643340112641454
1759644126218600700,1.2416005859375,0.002148105762898922,-0.02720632031559944,0.01088620349764824
1759644126228557800,1.251557861328125,0.005845904815942049,-0.04645058885216713,0.017825335264205933
1759644126238515000,1.261514892578125,0.011859056539833546,-0.06485676020383835,0.020611269399523735
1759644126248471800,1.271471923828125,0.01438373327255249,-0.0706014633178711,0.01937183365225792
1759644126258429000,1.281428955078125,0.01278450433164835,-0.05601027235388756,0.012720854952931404
1759644126268385800,1.2913857421875,0.007794273551553488,-0.034571025520563126,0.004763862583786249
1759644126278342700,1.3013427734375,0.0013611416798084974,-0.01575419493019581,0.00043516053119674325
1759644126288299800,1.3112998046875,-0.004207261838018894,-0.009149289689958096,-0.003949468024075031
1759644126298257000,1.3212568359375,-0.00412417110055685,-0.016860472038388252,-0.002438922878354788
1759644126308213800,1.3312138671875,0.0015475628897547722,-0.02984737791121006,0.0018354506464675069
1759644126318171000,1.3411708984375,0.006894125137478113,-0.03320189565420151,0.005536711774766445
1759644126328127000,1.351126953125,0.007312241476029158,-0.03533855080604553,0.009016398340463638
1759644126338083800,1.361083740234375,0.003862382611259818,-0.027412183582782745,0.012115784920752048
1759644126348040700,1.371040771484375,-0.0020996362436562777,-0.028321387246251106,0.01137089915573597
1759644126357997800,1.380997802734375,-0.0020357202738523483,-0.04080308973789215,0.017194166779518127
1759644126367954700,1.39095458984375,-0.0031872710678726435,-0.05337534099817276,0.022731676697731018
1759644126377911800,1.400911865234375,-0.0041247038170695305,-0.05048074945807457,0.025428127497434616
1759644126387869000,1.410868896484375,-0.008412925526499748,-0.02900448627769947,0.0236483383923769
1759644126397825800,1.42082568359375,-0.013970943167805672,-0.0145887965336442,0.023146864026784897
1759644126407783000,1.430782958984375,-0.015237808227539062,-0.014542990364134312,0.021675467491149902
1759644126417739800,1.44073974609375,-0.015572568401694298,-0.010094712488353252,0.024434769526124
1759644126427696600,1.450696533203125,-0.015858592465519905,-0.00666402792558074,0.023557789623737335
1759644126437653800,1.46065380859375,-0.01273070927709341,0.004475442226976156,0.021202756091952324
1759644126447611000,1.47061083984375,-0.009694704785943031,0.01184866949915886,0.010660899803042412
1759644126457567700,1.480567626953125,-0.0034314829390496016,-0.0022445120848715305,-0.0012325108982622623
1759644126467524900,1.49052490234375,-0.00126713200006634,-0.026910176500678062,0.002847185591235757
1759644126477481700,1.500481689453125,-0.0047090016305446625,-0.04034023359417915,0.016574716195464134
1759644126487438800,1.51043896484375,-0.001749430550262332,-0.04785167798399925,0.024470722302794456
1759644126497395700,1.520395751953125,-0.0005187837523408234,-0.04797631502151489,0.018882345408201218
1759644126507351800,1.530351806640625,-0.002552639925852418,-0.03232545033097267,0.005772934295237064
1759644126517308700,1.54030859375,-0.010507768020033836,-0.011293933726847172,-0.006133259739726782
1759644126527265800,1.550265869140625,-0.013403156772255898,-0.010802846401929855,-0.01296160463243723
1759644126537223000,1.560222900390625,-0.009016398340463638,-0.014575214125216007,-0.00948191899806261
1759644126547179800,1.5701796875,-0.005587844643741846,-0.014396782033145428,-0.0021377194207161665
1759644126557137000,1.580136962890625,-0.002320145955309272,-0.018642127513885498,-0.0004444815858732909
1759644126567093800,1.59009375,-0.0033963292371481657,-0.01902082934975624,0.0010279801208525896
1759644126577050600,1.600050537109375,-0.005053614266216755,-0.004791559185832739,0.00018508969515096396
1759644126587007700,1.6100078125,-0.010703244246542454,0.005664810072630644,-0.0022778017446398735
1759644126596964900,1.61996484375,-0.012819391675293446,-0.0015883093001320958,-0.0002519350382499397
1759644126606922000,1.629921875,-0.010045976378023624,-0.012145878747105598,0.008914398960769176
1759644126616878800,1.63987890625,-0.005231780000030994,-0.030956052243709564,0.012783173471689224
1759644126626835700,1.649835693359375,-0.0011414308100938797,-0.046125683933496475,0.014510232955217361
1759644126636792800,1.659792724609375,0.001588575541973114,-0.0474972128868103,0.01876995898783207
1759644126646749700,1.669749755859375,0.0020956413354724646,-0.03795137628912926,0.021134579554200172
1759644126656706800,1.679706787109375,0.0006474144756793976,-0.03333878144621849,0.014006895944476128
1759644126666664000,1.689663818359375,-0.0012807141756638885,-0.033678602427244186,0.01113121397793293
1759644126676620800,1.699620849609375,0.0014703312190249562,-0.03171452134847641,0.013874536380171776
1759644126686578000,1.709577880859375,5.326322138898831e-7,-0.026140257716178894,0.009709885343909264
1759644126696534800,1.71953466796875,-0.00019148127466905862,-0.02094576135277748,0.004370247479528189
1759644126706491600,1.72949169921875,0.0006554039428010583,-0.015477227047085762,0.002650644164532423
1759644126716448800,1.73944873046875,-0.0028519791085273027,-0.0024865935556590557,0.004351871553808451
1759644126726406000,1.749406005859375,-0.006733802612870932,0.015409848652780056,0.004171042703092098
1759644126736362800,1.75936279296875,-0.008439823985099792,0.018125208094716072,0.0008167914929799736
1759644126746320000,1.76931982421875,-0.0062768044881522655,0.0010072075529024005,-0.0021081583108752966
1759644126756276700,1.77927685546875,-0.004192348103970289,-0.028793564066290855,0.00061279337387532
1759644126766233600,1.789233642578125,-0.0020847225096076727,-0.05155986174941063,0.00824115239083767
1759644126776190700,1.799190673828125,-0.003201119601726532,-0.06409776210784912,0.017311079427599907
1759644126786147800,1.80914794921875,-0.005030444823205471,-0.07460712641477585,0.017377657815814018
1759644126796105000,1.81910498046875,-0.00926140882074833,-0.06763869524002075,0.012239355593919754
1759644126806061800,1.829061767578125,-0.018805112689733505,-0.04315758869051933,0.005108209326863289
1759644126816019000,1.83901904296875,-0.02311171032488346,-0.021142303943634033,-0.0038874163292348385
1759644126825975800,1.848975830078125,-0.023612651973962784,-0.009152752347290516,-0.008361793123185635
1759644126835932700,1.8589326171875,-0.022474149242043495,-0.007314904592931271,-0.00902918167412281
1759644126845889800,1.868889892578125,-0.01769457384943962,-0.00740332156419754,-0.009340505115687847
1759644126855847000,1.878846923828125,-0.017038637772202492,-0.01321354042738676,-0.011707255616784096
1759644126865803800,1.8888037109375,-0.01565725728869438,-0.019806994125247,-0.009608152322471142
1759644126875761000,1.898760986328125,-0.010090450756251812,-0.014191718772053719,-0.0004673847579397261
1759644126885717800,1.9087177734375,-0.010292585007846355,-0.006952181924134493,0.004449343308806419
1759644126895674600,1.918674560546875,-0.008295213803648949,0.001966744428500533,0.0024261397775262594
1759644126905631700,1.9286318359375,-0.007153783459216356,0.016276974231004715,-0.0028543761000037193
1759644126915588900,1.9385888671875,-0.009011871181428432,0.02546141855418682,-0.010526676662266254
1759644126925545700,1.948545654296875,-0.01281912624835968,0.022244319319725037,-0.0162988118827343
1759644126935502800,1.9585029296875,-0.017062872648239136,0.020776651799678802,-0.013068131171166897
1759644126945460000,1.9684599609375,-0.015303588472306728,0.011684885248541832,-0.007860852405428886
1759644126955416800,1.978416748046875,-0.014421016909182072,-0.011231881566345692,-0.004738296382129192
1759644126965373700,1.988373779296875,-0.010321347042918205,-0.04012158513069153,-0.006713029928505421
1759644126975330800,1.998330810546875,-0.006638994440436363,-0.05692639946937561,-0.006947654765099287
1759644126985288000,2.008287841796875,-0.010419617407023907,-0.04632515460252762,-0.004508465528488159
1759644126995244800,2.018244873046875,-0.017176590859889984,-0.020262660458683968,-0.001585912425071001
1759644127005202000,2.028201904296875,-0.021674934774637222,0.0031854070257395506,-0.0016740630380809307
1759644127015159800,2.038159912109375,-0.02334127575159073,0.01525804866105318,-0.007303453050553799
1759644127025116700,2.04811669921875,-0.02503291517496109,0.027648139744997025,-0.01477681566029787
1759644127035073800,2.05807373046875,-0.02587900124490261,0.04277808964252472,-0.020970795303583145
1759644127045031000,2.068031005859375,-0.02624065801501274,0.05534102022647858,-0.02701750211417675
1759644127054988000,2.077988037109375,-0.02617807500064373,0.06868265569210052,-0.03044285997748375
1759644127064944600,2.087944580078125,-0.02461719512939453,0.06571323424577713,-0.03319869935512543
1759644127074901800,2.09790185546875,-0.016053268685936928,0.033965688198804855,-0.031067637726664543
1759644127084859000,2.10785888671875,-0.011173824779689312,0.008613461628556252,-0.0248454287648201
1759644127094815700,2.117815673828125,-0.009439840912818909,-0.0023606258910149336,-0.009230515919625759
1759644127104772900,2.12777294921875,-0.006983341183513403,-0.006669620517641306,0.0020149475894868374
1759644127114730000,2.13772998046875,-0.0036794233601540327,-0.014873487874865532,0.004238686989992857
1759644127124686600,2.1476865234375,-0.0059987702406942844,-0.014278272166848183,0.0002921487612184137
1759644127134643700,2.157643798828125,-0.011373828165233135,-0.0016492956783622503,-0.0024588967207819223
1759644127144600800,2.167600830078125,-0.014214621856808662,0.010263023898005486,-0.00842863880097866
1759644127154557700,2.1775576171875,-0.012574647553265095,0.014989336021244526,-0.014857242815196514
1759644127164514800,2.187514892578125,-0.00965662207454443,0.013348296284675598,-0.017533453181385994
1759644127174471700,2.1974716796875,-0.00863530021160841,0.02203472889959812,-0.0140170156955719
1759644127184428500,2.207428466796875,-0.007218764163553715,0.02593519352376461,-0.009504289366304874
1759644127194385400,2.217385498046875,-0.005662679206579924,0.022782277315855026,-0.007287473883479834
1759644127204342500,2.227342529296875,-0.005840312223881483,0.011226821690797806,-0.002570216776803136
1759644127214299400,2.23729931640625,-0.005169728305190802,0.006110889371484518,-0.0012053466634824872
1759644127224256500,2.247256591796875,-0.006956709548830986,0.014961372129619122,0.004352670628577471
1759644127234213600,2.257213623046875,-0.01068300474435091,0.029795711860060692,0.004107393324375153
1759644127244170500,2.26717041015625,-0.01031495537608862,0.037035517394542694,-0.000355532014509663
1759644127254127600,2.277127685546875,-0.012178901582956314,0.0442151315510273,-0.006286391522735357
1759644127264085500,2.28708544921875,-0.012649748474359512,0.049010951071977615,-0.006869091186672449
1759644127274042600,2.297042724609375,-0.014740330167114735,0.0374741367995739,-0.002275404753163457
1759644127283999500,2.30699951171875,-0.014970960095524788,0.02991155907511711,0.006052033510059118
1759644127293956600,2.31695654296875,-0.016482038423419,0.022553779184818268,0.010939733125269413
1759644127303913500,2.32691357421875,-0.010665693320333958,0.015692410990595818,0.014972824603319168
1759644127313870300,2.336870361328125,-0.011180749163031578,0.0057377805933356285,0.011598865501582623
1759644127323827500,2.346827392578125,-0.0141139542683959,0.004593153949826956,0.011284612119197845
1759644127333784600,2.35678466796875,-0.015426094643771648,0.007741542998701334,0.005270662251859903
1759644127343741400,2.366741455078125,-0.018148643895983696,0.017907893285155296,-0.001472728094086051
1759644127353698600,2.376698486328125,-0.024026239290833473,0.03200000897049904,-0.00330205331556499
1759644127363655700,2.38665576171875,-0.026524551212787628,0.040525589138269424,-0.004119643941521645
1759644127373612300,2.3966123046875,-0.025317873805761337,0.04025554284453392,-0.0031015174463391304
1759644127383569400,2.4065693359375,-0.017117734998464584,0.026341859251260757,-0.00352868833579123
1759644127393527600,2.416527587890625,-0.012105931527912617,0.014224209822714329,-0.0030858046375215054
1759644127403484700,2.426484619140625,-0.008192416280508041,0.012649482116103172,0.0020868529099971056
1759644127413441500,2.436441650390625,-0.00854608416557312,0.012264922261238098,0.008433698676526546
1759644127423398400,2.4463984375,-0.006464557256549597,0.005540440324693918,0.011868643574416637
1759644127433355500,2.45635546875,-0.003638144349679351,0.0009645969257690012,0.007837682962417603
1759644127443312400,2.4663125,-0.0014775217277929187,0.0044014062732458115,0.0007286408799700439
1759644127453269500,2.47626953125,-0.0007629956235177815,0.002379800658673048,-0.004759334959089756
1759644127463226600,2.4862265625,-0.0033004553988575935,-0.0017182715237140656,-0.00654525076970458
1759644127473183500,2.49618359375,-0.0023529028985649347,-0.007880560122430325,-0.00355878216214478
1759644127483140400,2.506140380859375,0.0005004079430364072,-0.01811588741838932,0.0017955031944438815
1759644127493097500,2.516097412109375,0.001062068622559309,-0.018660768866539,0.004459196701645851
1759644127503055600,2.5260556640625,0.000830107310321182,-0.003885019337758422,0.0065106297843158245
1759644127513012500,2.536012451171875,0.0006215817993506789,0.007077350746840239,0.0034202977549284697
1759644127522969600,2.545969482421875,0.00404454255476594,0.0025747441686689854,-0.00077631144085899
1759644127532926500,2.555926513671875,0.0021696772892028093,0.0006607302348129451,-0.004484763368964195
1759644127542883300,2.56588330078125,-0.0015454323729500175,-0.005506617948412895,-0.006332198157906532
1759644127552840400,2.57584033203125,-0.0009725864510983229,-0.007785218767821789,-0.005994243081659079
1759644127562797600,2.585797607421875,-0.0028551749419420958,-0.006777478381991386,-0.0007568703731521964
1759644127572754700,2.595754638671875,-0.0012562130577862263,0.0027561055030673742,0.0004596615908667445
1759644127582711600,2.605711669921875,0.00032623723382130265,0.003653324441984296,0.0003222425002604723
1759644127592668400,2.61566845703125,0.0008559399866499007,0.0012855078093707561,-0.0006274407496675849
1759644127602626600,2.62562646484375,0.002567820018157363,0.005011270288378,-0.00227860058657825
1759644127612583400,2.63558349609375,0.0018975022248923779,0.0014652712270617485,-0.0028929917607456446
1759644127622540500,2.64554052734375,0.0017057546647265553,0.006102367304265499,-0.003334810258820653
1759644127632497700,2.65549755859375,-0.002913498319685459,0.018247447907924652,-0.005812615156173706
1759644127642454500,2.66545458984375,-0.005613677203655243,0.03217817470431328,-0.0060176788829267025
1759644127652411400,2.675411376953125,-0.015150456689298153,0.04416266828775406,-0.004878911189734936
1759644127662368500,2.685368408203125,-0.022244852036237717,0.062185611575841904,-0.006452839355915785
1759644127672325600,2.69532568359375,-0.025500565767288208,0.06962808221578598,-0.010400709696114063
1759644127682282500,2.705282470703125,-0.02339906617999077,0.06506608426570892,-0.010063819587230682
1759644127692240400,2.715240478515625,-0.026282470673322678,0.061217550188302994,-0.003215766977518797
1759644127702197500,2.725197509765625,-0.025551965460181236,0.06649167835712433,0.005705556366592646
1759644127712154600,2.735154541015625,-0.030701719224452972,0.08238834887742996,0.0151973282918334
1759644127722111500,2.745111572265625,-0.03416702523827553,0.10795336216688156,0.022182799875736237
1759644127732068600,2.755068603515625,-0.04011599346995354,0.13465581834316254,0.02105734869837761
1759644127742025700,2.765025634765625,-0.03220533952116966,0.15389209985733032,0.014781342819333076
1759644127751982300,2.774982421875,-0.03315822035074234,0.1623992919921875,0.005105546209961176
1759644127761939500,2.784939453125,-0.030372818931937218,0.1595236212015152,0.002114816103130579
1759644127771896600,2.794896484375,-0.033302031457424164,0.14977377653121948,0.009966880083084106
1759644127781854500,2.8048544921875,-0.03382960334420204,0.14270707964897156,0.03135978803038597
1759644127791811600,2.8148115234375,-0.03806748986244202,0.12566392123699188,0.0547974668443203
1759644127801768400,2.8247685546875,-0.03458993509411812,0.10034524649381638,0.07148376852273941
1759644127811725600,2.8347255859375,-0.024861939251422882,0.07876032590866089,0.07210694998502731
1759644127821682400,2.844682373046875,-0.018028534948825836,0.06607382744550705,0.06286205351352692
1759644127831639600,2.8546396484375,-0.011493138037621975,0.06578140705823898,0.049609098583459854
1759644127841596700,2.8645966796875,-0.0062331282533705235,0.06425781548023224,0.036680251359939575
1759644127851553500,2.874553466796875,-0.007646468002349138,0.06451880186796188,0.03269403055310249
1759644127861511400,2.884511474609375,-0.003936951048672199,0.060567740350961685,0.03315342590212822
1759644127871468500,2.894468505859375,0.008107461035251617,0.056835319846868515,0.03845338150858879
1759644127881425700,2.90442578125,0.007043794728815556,0.024750620126724243,0.056050486862659454
1759644127891382500,2.914382568359375,0.010935738682746887,0.007001983001828194,0.06076348200440407
1759644127901339600,2.924339599609375,0.019592076539993286,-0.008207595907151699,0.06558167189359665
1759644127911296500,2.934296630859375,0.023274429142475128,-0.022939670830965042,0.06444956362247467
1759644127921253400,2.94425341796875,0.024388696998357773,-0.0319475457072258,0.05434393137693405
1759644127931210500,2.95421044921875,0.026683276519179344,-0.03369458019733429,0.04496055096387863
1759644127941168600,2.964168701171875,0.01883387565612793,-0.04038071259856224,0.03785070776939392
1759644127951125500,2.97412548828125,0.012515791691839695,-0.04916222020983696,0.04358822479844093
1759644127961082400,2.984082275390625,0.007543403655290604,-0.05619802325963974,0.05458574742078781
1759644127971039500,2.99403955078125,0.0034964641090482473,-0.07295703142881393,0.06582934409379959
1759644127980996600,3.00399658203125,-0.0008849684381857514,-0.09194643795490265,0.07421936839818954
1759644127990953500,3.013953369140625,0.0010109359864145517,-0.11024847626686096,0.08223947882652283
1759644128000910600,3.02391064453125,-0.003171025775372982,-0.11573538929224014,0.0943336933851242
1759644128010867700,3.03386767578125,-0.010147443041205406,-0.11116141080856323,0.1028832420706749
1759644128020825600,3.04382568359375,-0.01185053400695324,-0.08444724231958389,0.09980861842632294
1759644128030782500,3.053782470703125,-0.014401310123503208,-0.04938992112874985,0.09462238103151321
1759644128040739600,3.063739501953125,-0.02075161784887314,-0.011923238635063171,0.09141513705253601
1759644128050696700,3.07369677734375,-0.026015354320406914,0.011561048217117786,0.09039381146430969
1759644128060653600,3.083653564453125,-0.027906199917197227,0.02250504307448864,0.08466428518295288
1759644128070610400,3.0936103515625,-0.03002208098769188,0.032814137637615204,0.07638398557901382
1759644128080567600,3.103567626953125,-0.030535804107785225,0.050884220749139786,0.06561549752950668
1759644128090524400,3.1135244140625,-0.031187213957309723,0.07769665867090225,0.05132630467414856
1759644128100482600,3.123482666015625,-0.032656747847795486,0.09539949148893356,0.04741864651441574
1759644128110439400,3.133439453125,-0.03248497098684311,0.10353464633226395,0.04770653694868088
1759644128120396500,3.143396484375,-0.022489862516522408,0.08573354780673981,0.05241873115301132
1759644128130353400,3.153353515625,-0.010565558448433876,0.06606770306825638,0.04915529489517212
1759644128140310500,3.163310546875,-0.003638144349679351,0.057564493268728256,0.048232242465019226
1759644128150267600,3.173267578125,0.0031180288642644882,0.04374748095870018,0.0446002259850502
1759644128160224500,3.183224609375,0.013699566945433617,0.02768515795469284,0.040762610733509064
1759644128170181400,3.193181396484375,0.023031815886497498,0.01196984387934208,0.03273344412446022
1759644128180139300,3.20313916015625,0.027640148997306824,0.002299106912687421,0.022964172065258026
1759644128190096400,3.213096435546875,0.033782463520765305,0.0002790992730297148,0.014729677699506283
1759644128200053500,3.223053466796875,0.03773592785000801,-0.00005832322858623229,0.008943960070610046
1759644128210010400,3.23301025390625,0.04131707921624184,-0.009335445240139961,0.008825449272990227
1759644128219967500,3.242967529296875,0.04403723403811455,-0.030610373243689537,0.013347230851650238
1759644128229924400,3.25292431640625,0.04661863297224045,-0.046477220952510834,0.019363045692443848
1759644128239881200,3.262881103515625,0.0492093563079834,-0.05024798959493637,0.02436499483883381
1759644128249839400,3.27283935546875,0.053944725543260574,-0.047384027391672134,0.027366111055016518
1759644128259796500,3.28279638671875,0.055989231914281845,-0.04132293909788132,0.02822231687605381
1759644128269753300,3.29275341796875,0.05586086958646774,-0.03265594691038132,0.03250041976571083
1759644128279710200,3.302710205078125,0.05433700978755951,-0.0246126689016819,0.0416925847530365
1759644128289667300,3.312667236328125,0.05510959029197693,-0.02629205770790577,0.05542011559009552
1759644128299624400,3.32262451171875,0.05042695626616478,-0.033251695334911346,0.06898918747901917
1759644128309581300,3.332581298828125,0.04659333452582359,-0.0236978717148304,0.07874035090208054
1759644128319539200,3.342539306640625,0.03964461386203766,-0.008103466592729092,0.08165545016527176
1759644128329496300,3.352496337890625,0.03573722392320633,-0.0017904432024806738,0.07990521937608719
1759644128339453400,3.362453369140625,0.029208485037088394,-0.00014514227223116904,0.07576107233762741
1759644128349410300,3.372410400390625,0.026792198419570923,0.0007877630414441228,0.07221560925245285
1759644128359367400,3.382367431640625,0.027936559170484543,0.0013187973527237773,0.07023873925209045
1759644128369324500,3.392324462890625,0.028742698952555656,-0.0020756677258759737,0.0677201896905899
1759644128379281400,3.402281494140625,0.03136777505278587,-0.009047024883329868,0.06216670200228691
1759644128389239300,3.4122392578125,0.03563176468014717,-0.025674469769001007,0.05365976691246033
1759644128399196400,3.422196533203125,0.03641393408179283,-0.035889290273189545,0.05257266387343407
1759644128409153500,3.432153564453125,0.03681527078151703,-0.03879906237125397,0.05620921030640602
1759644128419110400,3.4421103515625,0.03437954559922218,-0.03851063922047615,0.054901331663131714
1759644128429067300,3.4520673828125,0.02857864834368229,-0.02899996004998684,0.04838670790195465
1759644128439024400,3.4620244140625,0.02051539532840252,-0.020257867872714996,0.041420675814151764
1759644128448981200,3.471981201171875,0.02040806971490383,-0.015387211926281452,0.03688930720090866
1759644128458938400,3.4819384765625,0.01991431973874569,-0.026251310482621193,0.031627967953681946
1759644128468896500,3.491896484375,0.021673602983355522,-0.03491777181625366,0.027958663180470467
1759644128478853400,3.501853271484375,0.021459486335515976,-0.029918218031525612,0.03181358799338341
1759644128488810200,3.511810302734375,0.02340146340429783,-0.02341504395008087,0.03532390296459198
1759644128498767400,3.521767333984375,0.026569558307528496,-0.0256947111338377,0.030312364920973778
1759644128508724500,3.531724365234375,0.030337132513523102,-0.0332021601498127,0.023066703230142593
1759644128518681300,3.541681396484375,0.034496989101171494,-0.04092958942055702,0.016502011567354202
1759644128528639200,3.55163916015625,0.03296380862593651,-0.04006592556834221,0.015745140612125397
1759644128538596400,3.561596435546875,0.029266009107232094,-0.03199628368020058,0.0211244598031044
1759644128548553500,3.571553466796875,0.025411084294319153,-0.02666063979268074,0.024892566725611687
1759644128558510300,3.58151025390625,0.031003989279270172,-0.02412770688533783,0.024478711187839508
1759644128568467500,3.591467529296875,0.03658704087138176,-0.024815600365400314,0.017133712768554688
1759644128578424600,3.601424560546875,0.04090588912367821,-0.011319233104586601,0.008319448679685593
1759644128588381200,3.611381103515625,0.03611832484602928,0.011570369824767113,-0.00046312372433021665
1759644128598339300,3.62133935546875,0.03247351944446564,0.03248390555381775,-0.0029148298781365156
1759644128608296400,3.63129638671875,0.029475068673491478,0.027825772762298584,-0.0028695559594780207
1759644128618253600,3.641253662109375,0.028957881033420563,0.016351543366909027,-0.0006042712484486401
1759644128628210400,3.65121044921875,0.027182085439562798,0.01503807120025158,-0.0015132081462070346
1759644128638167300,3.661167236328125,0.02472984790802002,0.01871483214199543,-0.0035422705113887787
1759644128648124400,3.67112451171875,0.024745026603341103,0.018331868574023247,-0.006565757095813751
1759644128658081300,3.681081298828125,0.03025723807513714,0.012529640458524227,-0.009913883171975613
1759644128668039400,3.691039306640625,0.03413320332765579,0.003885552054271102,-0.009046492166817188
1759644128677996300,3.700996337890625,0.03614814952015877,0.009010805748403072,-0.007081877905875444
1759644128687953400,3.710953369140625,0.03207138180732727,0.03236725926399231,-0.0030599720776081085
1759644128697910300,3.72091015625,0.02327629365026951,0.051710598170757294,-0.0021824603900313377
1759644128707867400,3.730867431640625,0.02214045636355877,0.043419111520051956,-0.002802444389089942
1759644128717824500,3.740824462890625,0.02015000954270363,0.03737293928861618,-0.0018485001055523753
1759644128727782400,3.750782470703125,0.020410999655723572,0.04409848526120186,-0.0005062668933533132
1759644128737739300,3.7607392578125,0.015461248345673084,0.05458628013730049,-0.004157727118581533
1759644128747696400,3.7706962890625,0.00948058720678091,0.06501521915197372,-0.010280068032443523
1759644128757653500,3.780653564453125,0.007910653948783875,0.06860462576150894,-0.01768338866531849
1759644128767610400,3.7906103515625,0.004966795444488525,0.06713296473026276,-0.02040300890803337
1759644128777567500,3.8005673828125,0.005141764879226685,0.05676101893186569,-0.01931404322385788
1759644128787524400,3.8105244140625,0.0059806606732308865,0.047693487256765366,-0.017251158133149147
1759644128797482500,3.820482421875,0.002843989757820964,0.04915076866745949,-0.018759040161967278
1759644128807439400,3.830439453125,-0.005585980135947466,0.0506485290825367,-0.018201906234025955
1759644128817396500,3.840396484375,-0.011918976902961731,0.044618867337703705,-0.016205068677663803
1759644128827353600,3.850353515625,-0.014495053328573704,0.032217856496572495,-0.012141884304583073
1759644128837310200,3.860310302734375,-0.016692161560058594,0.023841949179768562,-0.007873902097344398
1759644128847267300,3.870267333984375,-0.015045528300106525,0.02629498764872551,-0.005287972744554281
1759644128857225500,3.8802255859375,-0.009183910675346851,0.02652561664581299,-0.00529489666223526
1759644128867182600,3.8901826171875,0.0005448827287182212,0.02009674534201622,-0.0024027039762586355
1759644128877139500,3.900139404296875,0.003963849041610956,0.012752546928822994,0.001279116258956492
1759644128887096300,3.910096435546875,0.005979329347610474,0.008913866244256496,0.0027662254869937897
1759644128897053400,3.920053466796875,0.004849882796406746,-0.001008539111353457,0.001112668658606708
1759644128907010300,3.93001025390625,0.004304733593016863,-0.004985171370208263,-0.0006972155533730984
1759644128916967400,3.939967529296875,0.00427171029150486,-0.005455751903355122,-0.004917793441563845
1759644128926925300,3.94992529296875,0.0002713761059567332,-0.01210087165236473,-0.0062453788705170155
1759644128936882400,3.95988232421875,-0.000291616132017225,-0.015302523970603943,-0.007502657361328602
1759644128946839300,3.96983935546875,-0.0026072347536683083,-0.007363640237599611,-0.005666674114763737
1759644128956796400,3.97979638671875,-0.003305249148979783,-0.0054757255129516125,-0.002123604528605938
1759644128966753500,3.98975341796875,0.002401106059551239,-0.004181162919849157,-0.0011733887949958444
1759644128977333200,4.000333251953125,0.009183377958834171,-0.0029555761720985174,-0.0015464976895600557
1759644128987290400,4.010290283203125,0.010513626970350742,-0.0011046791914850473,-0.003973968792706728
1759644128997247500,4.02024755859375,0.009866478852927685,0.0020093549974262714,-0.0017009610310196877
1759644129007205400,4.030205322265625,0.011066232807934284,0.0017478326335549355,0.00129695946816355
1759644129017162200,4.040162353515625,0.009310677647590637,0.005481318105012178,0.0020333235152065754
1759644129027119400,4.050119384765625,0.005620601586997509,0.013524863868951797,0.00034887410583905876
1759644129037076500,4.060076416015625,0.0032461269292980433,0.019356386736035347,-0.0025869945529848337
1759644129047033300,4.070033447265625,0.0030162963084876537,0.023274162784218788,-0.005538576282560825
1759644129056990500,4.079990478515625,0.002558765234425664,0.02738049067556858,-0.005255215801298618
1759644129066948400,4.0899482421875,0.0025896579027175903,0.022938605397939682,-0.0020248014479875565
1759644129076905500,4.099905517578125,0.001862348522990942,0.014399711973965168,0.004396612755954266
1759644129086862300,4.1098623046875,0.0016948357224464417,0.021676000207662582,0.011946141719818115
1759644129096819500,4.1198193359375,0.0009078715811483562,0.03255954012274742,0.0167936272919178
1759644129106776600,4.129776611328125,0.003567304229363799,0.03916284814476967,0.01392806600779295
1759644129116733400,4.1397333984375,0.005059473216533661,0.040472324937582016,0.007852597162127495
1759644129126691300,4.14969140625,0.0070581757463514805,0.040225982666015625,0.006520483642816544
1759644129136648400,4.1596484375,0.007920773699879646,0.046905990689992905,0.003808053908869624
1759644129146605600,4.16960546875,0.00663446681573987,0.0479012131690979,0.004095941781997681
1759644129156562400,4.1795625,0.007751130498945713,0.03877562656998634,0.0034461303148418665
1759644129166519300,4.189519287109375,0.009211874566972256,0.023995347321033478,0.0030945930629968643
1759644129176476400,4.199476318359375,0.011955196037888527,0.014594122767448425,0.0051899682730436325
1759644129186434300,4.209434326171875,0.015283348970115185,0.005490106530487537,0.007926632650196552
1759644129196391400,4.219391357421875,0.017113739624619484,-0.006049104034900665,0.01128194946795702
1759644129206348500,4.2293486328125,0.021166536957025528,-0.006896255537867546,0.012374111451208591
1759644129216305400,4.239305419921875,0.022726351395249367,-0.007163903210312128,0.00914396345615387
1759644129226262300,4.24926220703125,0.02292102761566639,-0.009416671469807625,0.004661597311496735
1759644129236219400,4.259219482421875,0.020599551498889923,-0.00227833422832191,0.002852511825039983
1759644129246177500,4.269177490234375,0.01768285594880581,0.0004495415778364986,-0.0005587312043644488
1759644129256134100,4.279134033203125,0.02118278294801712,-0.0033603766933083534,-0.0019230686593800783
1759644129266091300,4.28909130859375,0.020850686356425285,0.0015683355741202831,-0.001273523666895926
1759644129276048400,4.29904833984375,0.018367022275924683,0.007838215678930283,0.000496945867780596
1759644129286005500,4.309005615234375,0.019480224698781967,0.005228051450103521,0.002695651724934578
1759644129295962400,4.31896240234375,0.021468274295330048,-0.004295678809285164,0.005090632475912571
1759644129305920300,4.328920166015625,0.025008680298924446,-0.009383114986121655,0.00866246409714222
1759644129315877400,4.33887744140625,0.024655545130372047,-0.019213641062378883,0.015527294017374516
1759644129325834200,4.348834228515625,0.025167936459183693,-0.02303980477154255,0.020974257960915565
1759644129335791400,4.358791259765625,0.025167671963572502,-0.023480558767914772,0.019348131492733955
1759644129345748500,4.36874853515625,0.02383369393646717,-0.024463796988129616,0.017197096720337868
1759644129355705600,4.37870556640625,0.0203313697129488,-0.015736619010567665,0.013396232388913631
1759644129365663200,4.388663330078125,0.01471476349979639,-0.0005249090609140694,0.01016874797642231
1759644129375620400,4.398620361328125,0.00962839275598526,0.016031431034207344,0.00929203536361456
1759644129385577500,4.408577392578125,0.006873086094856262,0.023998010903596878,0.007477889768779278
1759644129395534300,4.418534423828125,0.0062704128213226795,0.0170892383903265,0.009968478232622147
1759644129405491500,4.428491455078125,0.005240568425506353,0.006095176562666893,0.0133850472047925
1759644129415448300,4.4384482421875,0.005524194799363613,0.008419050835072994,0.017139572650194168
1759644129425406500,4.448406494140625,0.00621208967640996,0.018726550042629242,0.012492355890572071
1759644129435363300,4.45836328125,0.007878429256379604,0.025847576558589935,0.00866139866411686
1759644129445320400,4.468320556640625,0.008962335996329784,0.026381805539131165,0.010479005984961987
1759644129455277600,4.478277587890625,0.01016794890165329,0.021804098039865494,0.011839615181088448
1759644129465234200,4.488234130859375,0.008350341580808163,0.009979663416743279,0.015239939093589783
1759644129475192300,4.4981923828125,0.00833649281412363,-0.0001573928166180849,0.0173180028796196
1759644129485149400,4.5081494140625,0.007626760751008987,-0.009006277658045292,0.019593941047787666
1759644129495106600,4.5181064453125,0.01074106153100729,-0.018813101574778557,0.016564330086112022
1759644129505063200,4.528063232421875,0.014999189414083958,-0.026323216035962105,0.012260926887392998
1759644129515020300,4.538020263671875,0.014226339757442474,-0.023669643327593803,0.010833472944796085
1759644129524977400,4.547977294921875,0.016405338421463966,-0.009041432291269302,0.012074505910277367
1759644129534935600,4.557935546875,0.016947558149695396,0.00427250936627388,0.01432461105287075
1759644129544892400,4.567892333984375,0.020870128646492958,0.012625779956579208,0.012381568551063538
1759644129554849300,4.577849365234375,0.021507687866687775,0.011081946082413197,0.012562130577862263
1759644129564806400,4.587806396484375,0.0241351630538702,0.005332713946700096,0.007927964441478252
1759644129574763300,4.59776318359375,0.02930622361600399,0.004303135443478823,0.006924218963831663
1759644129584721400,4.607721435546875,0.026618294417858124,0.00827657151967287,0.0075908079743385315
1759644129594678500,4.617678466796875,0.025476863607764244,0.012471583671867847,0.0033694314770400524
1759644129604635400,4.627635498046875,0.02141794003546238,0.014190386980772018,-0.0015717976493760943
1759644129614592300,4.63759228515625,0.01888873614370823,0.011481153778731823,-0.006051767151802778
1759644129624549400,4.64754931640625,0.01847541332244873,0.015294800512492657,-0.009515474550426006
1759644129634507500,4.657507568359375,0.016524115577340126,0.020792363211512566,-0.010219347663223743
1759644129644464400,4.66746435546875,0.013946974650025368,0.02761032246053219,-0.01197090931236744
1759644129654421200,4.677421142578125,0.011739746667444706,0.02130022831261158,-0.008198807947337627
1759644129664378400,4.68737841796875,0.014139254577457905,0.005848035216331482,-0.00777722941711545
1759644129674335500,4.69733544921875,0.013489443808794022,-0.0029670277144759893,-0.007447530049830675
1759644129684292400,4.707292236328125,0.011508850380778313,-0.008753810077905655,-0.008074171841144562
1759644129694250200,4.717250244140625,0.011917113326489925,-0.007541805971413851,-0.005246693734079599
1759644129704207400,4.727207275390625,0.007222759071737528,0.00017310546536464244,-0.0016058861510828137
1759644129714164500,4.73716455078125,0.007135673891752958,0.01672065630555153,-0.0007241134881041944
1759644129724121300,4.747121337890625,0.00672368286177516,0.028848160058259964,-0.0048919604159891605
1759644129734078500,4.757078369140625,0.005082110408693552,0.032286301255226135,-0.004844822455197573
1759644129744036400,4.767036376953125,0.008861668407917023,0.015813050791621208,-0.0014602112350985408
1759644129753993200,4.7769931640625,0.016379505395889282,-0.0007946872501634061,-0.0029795446898788214
1759644129763950300,4.786950439453125,0.018151041120290756,-0.0035095135681331158,0.0007728493656031787
1759644129773907500,4.796907470703125,0.01889006793498993,-0.0037023264449089766,0.001978995045647025
1759644129783864600,4.806864501953125,0.018873555585741997,0.0001560612436151132,0.002302569104358554
1759644129793822200,4.816822265625,0.017315341159701347,0.004860002547502518,0.004515123087912798
1759644129803779300,4.826779296875,0.009516007266938686,0.020112724974751472,0.0057561565190553665
1759644129813736400,4.836736328125,0.008599613793194294,0.02051938883960247,0.0030565098859369755
1759644129823693300,4.846693359375,0.006213154643774033,-0.005361209623515606,0.0037092508282512426
1759644129833650400,4.856650390625,0.011639345437288284,-0.016654876992106438,0.0012492889072746038
1759644129843608300,4.8666083984375,0.01642717607319355,-0.015118499286472797,-0.0028360001742839813
1759644129853565400,4.8765654296875,0.016536898910999298,-0.010009490884840488,-0.00042450788896530867
1759644129863522300,4.886522216796875,0.015925437211990356,-0.008671252056956291,-0.0009411611245013773
1759644129873479400,4.8964794921875,0.01215892843902111,-0.005675196181982756,-0.0018727348651736975
1759644129883436500,4.9064365234375,0.012399678118526936,-0.006705040577799082,-0.004147340543568134
1759644129893394400,4.91639453125,0.010127468965947628,-0.019088473170995712,-0.005416070576757193
1759644129903351300,4.926351318359375,0.006617689039558172,-0.016174975782632828,-0.007474960293620825
1759644129913308400,4.936308349609375,0.007317834068089724,-0.010775682516396046,-0.007988683879375458
1759644129923265500,4.946265625,0.006243781186640263,-0.007683752104640007,-0.011568771675229073
1759644129933222400,4.956222412109375,0.005389971658587456,-0.003945473115891218,-0.00908670574426651
1759644129943180300,4.96618017578125,0.005455751903355122,-0.005576925817877054,-0.009047556668519974
1759644129953137400,4.976137451171875,0.005394232925027609,-0.0007552724564447999,-0.008263256400823593
1759644129963094500,4.986094482421875,0.007538343779742718,0.006464823614805937,-0.009647566825151443
1759644129973051400,4.996051513671875,0.009251821786165237,0.006536995060741901,-0.010096309706568718
1759644129983008500,5.006008544921875,0.009650496765971184,0.0033044503070414066,-0.010372213087975979
1759644129992966400,5.01596630859375,0.00971387978643179,0.0005829659639857709,-0.011215370148420334
1759644130002923500,5.025923583984375,0.004820055328309536,0.006132993847131729,-0.009003615006804466
1759644130012880400,5.03588037109375,0.001199221471324563,0.009194563142955303,-0.009938917122781277
1759644130022837500,5.04583740234375,-0.0001968075957847759,0.011472364887595177,-0.007023022044450045
1759644130032794400,5.05579443359375,0.004034689161926508,0.017642643302679062,-0.005862150341272354
1759644130042752300,5.065752197265625,0.005387308541685343,0.019538015127182007,-0.006135390605777502
1759644130052709400,5.07570947265625,0.009699765592813492,0.02581162378191948,-0.005820338614284992
1759644130062666500,5.08566650390625,0.01341407559812069,0.025664350017905235,-0.004846154246479273
1759644130072623600,5.09562353515625,0.014340323396027088,0.0282292403280735,-0.003817108692601323
1759644130082580200,5.105580322265625,0.01732892356812954,0.034139860421419144,-0.0034357442054897547
1759644130092538400,5.115538330078125,0.017785921692848206,0.03903980925679207,-0.002100967802107334
1759644130102495500,5.12549560546875,0.018183797597885132,0.047558728605508804,0.0018580874893814325
1759644130112452400,5.135452392578125,0.018816031515598297,0.04344974085688591,0.003962250892072916
1759644130122409200,5.1454091796875,0.020315391942858696,0.031202128157019615,0.0034088462125509977
1759644130132367400,5.155367431640625,0.020309532061219215,0.03254169598221779,0.003822967642918229
1759644130142324500,5.165324462890625,0.016990967094898224,0.04198819771409035,0.007538610137999058
1759644130152281300,5.17528125,0.015675099566578865,0.05607232451438904,0.010513360612094402
1759644130162238500,5.185238525390625,0.013884389773011208,0.0619102381169796,0.00626029260456562
1759644130172195300,5.1951953125,0.015027418732643127,0.0583738274872303,0.005336708389222622
1759644130182153200,5.2051533203125,0.0200437493622303,0.05853627994656563,0.006066414527595043
1759644130192110000,5.215110107421875,0.023070432245731354,0.07436344772577286,0.012890231795608997
1759644130202067200,5.225067138671875,0.010177269577980042,0.0850754827260971,0.0057340520434081554
1759644130212024300,5.2350244140625,0.002266616327688098,0.08434071391820908,0.002870887517929077
1759644130221981000,5.24498095703125,-0.0086629968136549,0.07759332656860352,-0.0057412427850067616
1759644130231939000,5.25493896484375,-0.0004972121678292751,0.06297071278095245,-0.005065065808594227
1759644130241896200,5.264896240234375,0.015740880742669106,0.052016597241163254,0.022047512233257294
1759644130251853300,5.274853271484375,0.025286447256803513,0.03681953251361847,0.05145839601755142
1759644130261810200,5.28481005859375,0.028170917183160782,0.030176810920238495,0.0706414133310318
1759644130271768000,5.29476806640625,0.035423506051301956,0.047995489090681076,0.06833085417747498
1759644130281725200,5.30472509765625,0.040847297757864,0.07094261795282364,0.05120087042450905
1759644130291682300,5.314682373046875,0.04349048435688019,0.10108081251382828,0.040163397789001465
1759644130301639200,5.32463916015625,0.038544196635484695,0.11852238327264786,0.03906324505805969
1759644130311596000,5.334595947265625,0.04150110483169556,0.12150485813617706,0.041254229843616486
1759644130321554200,5.34455419921875,0.04020228236913681,0.12997610867023468,0.05211912840604782
1759644130331511000,5.354510986328125,0.02839595451951027,0.12174134701490402,0.06488978117704391
1759644130341468200,5.36446826171875,0.02918851189315319,0.07483509182929993,0.08180271834135056
1759644130351425300,5.37442529296875,0.044661745429039,0.04807458445429802,0.10596957802772522
1759644130361383200,5.384383056640625,0.05524061992764473,0.04501248151063919,0.13055747747421265
1759644130371340000,5.394340087890625,0.06617742031812668,0.05074333772063255,0.15040148794651031
1759644130381297200,5.404297119140625,0.0715349018573761,0.0657808780670166,0.14230388402938843
1759644130391254300,5.414254150390625,0.07360710948705673,0.059248410165309906,0.1254226416349411
1759644130401211100,5.424211181640625,0.0937161073088646,0.06577475368976593,0.09556913375854492
1759644130411169000,5.4341689453125,0.10880956798791885,0.05324351415038109,0.08227410167455673
1759644130421126100,5.444126220703125,0.09863975644111633,0.05064906179904938,0.09163963794708252
1759644130431083300,5.454083251953125,0.08824969828128815,0.05067089945077896,0.10501936078071594
1759644130441040100,5.4640400390625,0.06474810093641281,0.11292042583227158,0.14270628988742828
1759644130450997000,5.4739970703125,0.047685232013463974,0.1367594450712204,0.1320863962173462
1759644130460955100,5.483955078125,0.048701491206884384,0.18777894973754883,0.09131047129631042
1759644130470912300,5.493912353515625,0.05649496614933014,0.20366019010543823,0.04446786642074585
1759644130480869000,5.503869140625,0.053286392241716385,0.2032007873058319,0.018338793888688087
1759644130490826200,5.513826171875,0.05343472957611084,0.2141226828098297,0.02026958577334881
1759644130500784000,5.5237841796875,0.0576595664024353,0.22429995238780975,0.03924354165792465
1759644130510741200,5.5337412109375,0.05482543259859085,0.24065068364143372,0.06359921395778656
1759644130520698000,5.543697998046875,0.05775117874145508,0.239002987742424,0.08225678652524948
1759644130530655200,5.5536552734375,0.06864137947559357,0.1971125304698944,0.09446551650762558
1759644130540613000,5.563613037109375,0.08589546382427216,0.15365932881832123,0.10146217793226242
1759644130550570200,5.5735703125,0.11141441017389297,0.15586815774440765,0.101559117436409
1759644130560527000,5.583527099609375,0.1199309304356575,0.19864891469478607,0.10520631074905396
1759644130570484200,5.593484130859375,0.10073140263557434,0.23003479838371277,0.10395090281963348
1759644130580441300,5.60344140625,0.07657893002033234,0.2714914381504059,0.09245296567678452
1759644130590399000,5.61339892578125,0.06247243285179138,0.291096568107605,0.08331380039453506
1759644130600356000,5.623356201171875,0.05805131793022156,0.26468944549560547,0.06966935843229294
1759644130610313200,5.633313232421875,0.062493205070495605,0.24607475101947784,0.06332650780677795
1759644130620270300,5.643270263671875,0.06457233428955078,0.24831527471542358,0.0652564987540245
1759644130630228000,5.65322802734375,0.05724038556218147,0.24666650593280792,0.07362468540668488
1759644130640185000,5.66318505859375,0.04831986129283905,0.2394261658191681,0.08516602963209152
1759644130650142200,5.67314208984375,0.051722317934036255,0.23119859397411346,0.10111170262098312
1759644130660099000,5.68309912109375,0.06596330553293228,0.21872861683368683,0.1075669378042221
1759644130670056200,5.69305615234375,0.07359166443347931,0.20239917933940887,0.10994993895292282
1759644130680014000,5.70301416015625,0.07958164066076279,0.17956842482089996,0.1106807067990303
1759644130689971200,5.71297119140625,0.08395136147737503,0.14622564613819122,0.11433988809585571
1759644130699928000,5.722927978515625,0.09130381047725677,0.14199627935886383,0.12825144827365875
1759644130709885200,5.73288525390625,0.09203032404184341,0.15073198080062866,0.14274916052818298
1759644130719843000,5.742843017578125,0.09465859830379486,0.15531103312969208,0.15201909840106964
1759644130729800200,5.75280029296875,0.10423692315816879,0.1426306515932083,0.1498587429523468
1759644130739757000,5.762757080078125,0.1088268831372261,0.12252938002347946,0.1468922346830368
1759644130749714200,5.772714111328125,0.1118953749537468,0.12321434170007706,0.14327406883239746
1759644130759671300,5.78267138671875,0.1088138297200203,0.1399267464876175,0.1468626856803894
1759644130769629200,5.792629150390625,0.1032630056142807,0.15591555833816528,0.14923661947250366
1759644130779586000,5.8025859375,0.10414610803127289,0.16714026033878326,0.1510923057794571
1759644130789543200,5.812543212890625,0.10245420038700104,0.16745451092720032,0.1520148366689682
1759644130799500300,5.822500244140625,0.09994284063577652,0.17678409814834595,0.14853887259960175
1759644130809458000,5.8324580078125,0.09450573474168777,0.18034526705741882,0.1492760330438614
1759644130819415000,5.8424150390625,0.09270809590816498,0.17545278370380402,0.15001453459262848
1759644130829372200,5.8523720703125,0.09467484056949615,0.1731584668159485,0.15432485938072205
1759644130839329300,5.862329345703125,0.10429604351520538,0.14088600873947144,0.16163043677806854
1759644130849287000,5.872286865234375,0.11231429129838943,0.11297421902418137,0.16927450895309448
1759644130859244000,5.882244140625,0.11491753160953522,0.10198974609375,0.18194130063056946
1759644130869201200,5.892201171875,0.10576584190130234,0.11096460372209549,0.1918988674879074
1759644130879158000,5.902157958984375,0.09867624193429947,0.1291998028755188,0.19462060928344727
1759644130889115100,5.912115234375,0.09476352483034134,0.13696478307247162,0.1942773312330246
1759644130899073000,5.922072998046875,0.09530175477266312,0.14481471478939056,0.19453805685043335
1759644130909030100,5.932030029296875,0.0985228419303894,0.15039509534835815,0.1868780106306076
1759644130918987000,5.941987060546875,0.10537835210561752,0.15081800520420074,0.18001210689544678
1759644130928944000,5.951944091796875,0.11359074711799622,0.13922686874866486,0.18875819444656372
1759644130938902000,5.961902099609375,0.11820679903030396,0.12488201260566711,0.2029440551996231
1759644130948859100,5.971859130859375,0.12453313916921616,0.11269166320562363,0.21824471652507782
1759644130958816000,5.98181591796875,0.12513715028762817,0.09468762576580048,0.23377254605293274
1759644130968773000,5.991773193359375,0.12322872132062912,0.09049234539270401,0.2453218698501587
1759644130978731300,6.001731201171875,0.13408562541007996,0.0825904831290245,0.24422039091587067
1759644130988688100,6.011688232421875,0.1353921741247177,0.073616161942482,0.24175776541233063
1759644130998645000,6.02164501953125,0.14123249053955078,0.07230828702449799,0.24625557661056519
1759644131008602000,6.03160205078125,0.14462536573410034,0.08089884370565414,0.2528176009654999
1759644131018559200,6.041559326171875,0.1598764806985855,0.0814429298043251,0.25729066133499146
1759644131028517000,6.05151708984375,0.1681024581193924,0.05505100265145302,0.273427814245224
1759644131038474000,6.061473876953125,0.1746538281440735,0.05016809701919556,0.2878733277320862
1759644131048431000,6.07143115234375,0.1713200807571411,0.07156766206026077,0.2999044358730316
1759644131058388200,6.08138818359375,0.17226816713809967,0.08972642570734024,0.30197450518608093
1759644131068346000,6.09134619140625,0.17862513661384583,0.09260690212249756,0.3049551248550415
1759644131078303000,6.101302978515625,0.18447716534137726,0.10178841650485992,0.3090156316757202
1759644131088260000,6.111260009765625,0.19186344742774963,0.11149350553750992,0.3155209422111511
1759644131098217200,6.12121728515625,0.19113826751708984,0.11219018697738647,0.3247336149215698
1759644131108174000,6.131174072265625,0.19060084223747253,0.11767923086881638,0.33347490429878235
1759644131118132200,6.14113232421875,0.19682970643043518,0.1152472272515297,0.3360555171966553
1759644131128089000,6.151089111328125,0.21120305359363556,0.10472667962312698,0.3470754027366638
1759644131138046000,6.1610458984375,0.21850250661373138,0.07931666076183319,0.3640400171279907
1759644131148003000,6.171003173828125,0.22336678206920624,0.07137058675289154,0.37682265043258667
1759644131157961200,6.180961181640625,0.2227443903684616,0.08968035131692886,0.3854544758796692
1759644131167918000,6.19091796875,0.22110867500305176,0.12257491797208786,0.3909059762954712
1759644131177876000,6.2008759765625,0.22609971463680267,0.15192961692810059,0.39044949412345886
1759644131187832800,6.210832763671875,0.2491949051618576,0.1280333399772644,0.3867120146751404
1759644131197791000,6.220791015625,0.2763897776603699,0.1042206808924675,0.3908092975616455
1759644131207747800,6.230747802734375,0.2902584671974182,0.10890171676874161,0.4077158570289612
1759644131217704700,6.24070458984375,0.2956830561161041,0.14659956097602844,0.4326329231262207
1759644131227661800,6.250661865234375,0.30440568923950195,0.16025252640247345,0.4434802234172821
1759644131237619000,6.260618896484375,0.3112660050392151,0.14283038675785065,0.44684672355651855
1759644131247576800,6.270576904296875,0.3144298493862152,0.1373208463191986,0.4470965266227722
1759644131257533700,6.28053369140625,0.3159523606300354,0.16029539704322815,0.44526055455207825
1759644131267490800,6.29049072265625,0.3195020854473114,0.18880027532577515,0.44311296939849854
1759644131277448000,6.300447998046875,0.3221109211444855,0.2075100541114807,0.444456547498703
1759644131287406000,6.310406005859375,0.32363319396972656,0.2223779410123825,0.44490742683410645
1759644131297362700,6.32036279296875,0.3281152844429016,0.20649005472660065,0.4421987235546112
1759644131307319800,6.33031982421875,0.33549198508262634,0.16574981808662415,0.4464810788631439
1759644131317277000,6.34027685546875,0.3356967866420746,0.14161118865013123,0.4566658139228821
1759644131327233800,6.35023388671875,0.34554967284202576,0.15353763103485107,0.46198228001594543
1759644131337192000,6.36019189453125,0.3565216362476349,0.1728721708059311,0.4557986855506897
1759644131347148800,6.370148681640625,0.37281858921051025,0.1756644994020462,0.44671037793159485
1759644131357106000,6.38010595703125,0.38912537693977356,0.2032998502254486,0.4310733675956726
1759644131367062800,6.390062744140625,0.4053208529949188,0.2244112640619278,0.4158395528793335
1759644131377021000,6.40002099609375,0.42122259736061096,0.18774087727069855,0.41211459040641785
1759644131386977800,6.409977783203125,0.4373815953731537,0.1296440064907074,0.4137561619281769
1759644131396935000,6.419934814453125,0.44864463806152344,0.19321073591709137,0.42757344245910645
1759644131406891800,6.429891845703125,0.44854557514190674,0.2716943621635437,0.4320198595523834
1759644131416850000,6.439849853515625,0.45885732769966125,0.27799779176712036,0.4281364381313324
1759644131426807000,6.44980712890625,0.4871174693107605,0.23423966765403748,0.4440317749977112
1759644131436764000,6.459763916015625,0.5027576684951782,0.2915932238101959,0.4803791344165802
1759644131446720800,6.469720703125,0.4805900454521179,0.3601627051830292,0.5167850852012634
1759644131456678000,6.479677978515625,0.44809868931770325,0.34814706444740295,0.5320354104042053
1759644131466636000,6.489635986328125,0.4151093065738678,0.37249287962913513,0.5392773151397705
1759644131476593000,6.499593017578125,0.37128913402557373,0.3896007537841797,0.5436481237411499
1759644131486549800,6.5095498046875,0.330518513917923,0.3965923488140106,0.5276821851730347
1759644131496507000,6.5195068359375,0.2993773818016052,0.355994313955307,0.4961357116699219
1759644131506465000,6.529465087890625,0.29791396856307983,0.3353321850299835,0.47354626655578613
1759644131516422000,6.539421875,0.3004983067512512,0.3385772407054901,0.4611939787864685
1759644131526378800,6.549378662109375,0.2998192012310028,0.28991997241973877,0.45563143491744995
1759644131536336000,6.5593359375,0.29714247584342957,0.3107629418373108,0.4542929232120514
1759644131546292700,6.569292724609375,0.3009611666202545,0.2803727984428406,0.4679991602897644
1759644131556251000,6.5792509765625,0.300103098154068,0.34800004959106445,0.476171612739563
1759644131566208000,6.5892080078125,0.3027430772781372,0.3808349668979645,0.4720138609409332
1759644131576164900,6.599164794921875,0.315751314163208,0.33183467388153076,0.4806065559387207
1759644131586121700,6.609121826171875,0.32696107029914856,0.3378238379955292,0.5160495042800903
1759644131596079900,6.619079833984375,0.3330671787261963,0.3251434564590454,0.5575993657112122
1759644131606037000,6.629037109375,0.36125487089157104,0.25758227705955505,0.6004650592803955
1759644131615993900,6.638993896484375,0.41019392013549805,0.07627452909946442,0.6638216376304626
1759644131625950700,6.64895068359375,0.4562527537345886,-0.005604888778179884,0.7446736097335815
1759644131635907800,6.658907958984375,0.4861198365688324,0.008504006080329418,0.8103298544883728
1759644131645866000,6.668865966796875,0.5062195062637329,-0.019089005887508392,0.8522610664367676
1759644131655823000,6.678822998046875,0.5369020700454712,-0.10721593350172043,0.8950058817863464
1759644131665779700,6.68877978515625,0.5448694229125977,-0.10590539127588272,0.9210017919540405
1759644131675736800,6.69873681640625,0.5424768328666687,-0.02142539620399475,0.9003098011016846
1759644131685695000,6.708695068359375,0.5702642798423767,-0.07405052334070206,0.8777941465377808
1759644131695651800,6.71865185546875,0.6085442900657654,-0.2058706134557724,0.8948716521263123
1759644131705609000,6.72860888671875,0.6391682624816895,-0.2416035681962967,0.9112354516983032
1759644131715565800,6.73856591796875,0.6748519539833069,-0.25918975472450256,0.9350643754005432
1759644131725523000,6.74852294921875,0.7029320597648621,-0.3028128743171692,0.9612780809402466
1759644131735480800,6.758480712890625,0.709507942199707,-0.24596263468265533,0.9401698708534241
1759644131745438000,6.76843798828125,0.6974794864654541,-0.16838501393795013,0.9054097533226013
1759644131755394800,6.778394775390625,0.6754418015480042,-0.11734766513109207,0.8758838772773743
1759644131765351700,6.7883515625,0.6587459444999695,-0.08959406614303589,0.8455634713172913
1759644131775309800,6.798309814453125,0.6705754399299622,-0.0869828388094902,0.8125064969062805
1759644131785267000,6.808266845703125,0.670285701751709,-0.10340921580791473,0.7869768738746643
1759644131795224000,6.81822412109375,0.6568702459335327,-0.12851881980895996,0.7801631689071655
1759644131805180700,6.8281806640625,0.6220265626907349,-0.1866511106491089,0.7849054932594299
1759644131815137800,6.8381376953125,0.5879114270210266,-0.16828061640262604,0.793864905834198
1759644131825096000,6.848095947265625,0.5636724233627319,-0.1253075897693634,0.8062669634819031
1759644131835053000,6.858052978515625,0.5539093017578125,-0.1302722543478012,0.8368259072303772
1759644131845010000,6.868010009765625,0.526614248752594,-0.09367003291845322,0.8561591506004333
1759644131854966800,6.877966796875,0.4716053307056427,-0.05016782879829407,0.8445496559143066
1759644131864925000,6.887925048828125,0.4068242311477661,-0.04271417483687401,0.8250214457511902
1759644131874882000,6.897882080078125,0.3378089368343353,0.02106853388249874,0.7763878703117371
1759644131884839000,6.9078388671875,0.2905820310115814,0.09064574539661407,0.7122693657875061
1759644131894795800,6.917795654296875,0.3016389310359955,0.08625419437885284,0.6776320338249207
1759644131904754000,6.92775390625,0.34195148944854736,0.02509789541363716,0.6811100840568542
1759644131914711000,6.9377109375,0.354419082403183,-0.006837666034698486,0.6817487478256226
1759644131924668000,6.94766796875,0.33393189311027527,-0.0020935109350830317,0.6541128158569336
1759644131934625000,6.957625,0.3177798390388489,0.08630053699016571,0.6127099990844727
1759644131944582000,6.967581787109375,0.3108188509941101,0.16338147222995758,0.5778308510780334
1759644131954539800,6.977539794921875,0.3103860914707184,0.2211478352546692,0.5570350289344788
1759644131964497000,6.987496826171875,0.3005731403827667,0.20378482341766357,0.5701881051063538
1759644131974454000,6.9974541015625,0.2635493576526642,0.14799052476882935,0.5851287245750427
1759644131984411000,7.007410888671875,0.20204204320907593,0.08723503351211548,0.5891830921173096
1759644131994368800,7.01736865234375,0.1358662247657776,0.03779904544353485,0.5589421391487122
1759644132004326000,7.027325927734375,0.07246008515357971,0.009317868389189243,0.4919225871562958
1759644132014283000,7.037282958984375,0.02105068974196911,-0.02154657058417797,0.41229382157325745
1759644132024239900,7.047239990234375,-0.007426757365465164,-0.03325808793306351,0.34938064217567444
1759644132034196700,7.05719677734375,-0.027530960738658905,0.012501144781708717,0.3064850866794586
1759644132044155000,7.06715478515625,-0.044081706553697586,0.08162082731723785,0.2687382400035858
1759644132054112000,7.077112060546875,-0.048771534115076065,0.14653430879116058,0.22228287160396576
1759644132064068900,7.08706884765625,-0.04698881506919861,0.20165136456489563,0.17935962975025177
1759644132074026000,7.09702587890625,-0.04102439805865288,0.22408156096935272,0.1400471180677414
1759644132083982800,7.10698291015625,-0.0431906133890152,0.2062186747789383,0.10773871093988419
1759644132093941000,7.11694091796875,-0.04640504717826843,0.18222253024578094,0.07771290093660355
1759644132103897900,7.12689794921875,-0.07327847182750702,0.13763216137886047,0.059541355818510056
1759644132113855000,7.13685498046875,-0.12021775543689728,0.1145489513874054,0.025227591395378113
1759644132123811800,7.146811767578125,-0.17691299319267273,0.1315995752811432,-0.02526274509727955
1759644132133770000,7.15677001953125,-0.22130762040615082,0.1753326654434204,-0.07757974416017532
1759644132143726800,7.166726806640625,-0.24143153429031372,0.19295400381088257,-0.11894183605909348
1759644132153684000,7.17668408203125,-0.23927836120128632,0.21484360098838806,-0.1472504436969757
1759644132163641000,7.18664111328125,-0.22727656364440918,0.2542503774166107,-0.17131608724594116
1759644132173597700,7.19659765625,-0.2092493623495102,0.2406110167503357,-0.19668589532375336
1759644132183555600,7.2065556640625,-0.18125075101852417,0.1797521859407425,-0.21296660602092743
1759644132193512400,7.216512451171875,-0.16765956580638885,0.13044482469558716,-0.2193288952112198
1759644132203469600,7.226469482421875,-0.1692071408033371,0.09550122171640396,-0.21372532844543457
1759644132213426700,7.2364267578125,-0.1864633560180664,0.07409526407718658,-0.2093934416770935
1759644132223384600,7.246384521484375,-0.21840104460716248,0.07909668236970901,-0.21437408030033112
1759644132233341400,7.256341552734375,-0.2578667104244232,0.06797425448894501,-0.22816605865955353
1759644132243298600,7.266298583984375,-0.29608839750289917,0.029888123273849487,-0.2480209916830063
1759644132253255700,7.276255615234375,-0.3335611820220947,0.004025634378194809,-0.27266934514045715
1759644132263212500,7.286212646484375,-0.3663923740386963,-0.0025427863001823425,-0.29040971398353577
1759644132273170400,7.29617041015625,-0.3857570290565491,-0.0060174125246703625,-0.29949671030044556
1759644132283127600,7.30612744140625,-0.3943374454975128,-0.03851783275604248,-0.2961216866970062
1759644132293084700,7.316084716796875,-0.400188684463501,-0.06874603778123856,-0.2868328392505646
1759644132303041500,7.32604150390625,-0.41455724835395813,-0.07592166215181351,-0.2837028205394745
1759644132312998700,7.33599853515625,-0.42809969186782837,-0.06564665585756302,-0.291885107755661
1759644132322956500,7.34595654296875,-0.43381643295288086,-0.06485356390476227,-0.30423659086227417
1759644132332913400,7.355913330078125,-0.4181961715221405,-0.08884438127279282,-0.31033894419670105
1759644132342870500,7.36587060546875,-0.4009644687175751,-0.12055917084217072,-0.31787464022636414
1759644132352827600,7.37582763671875,-0.38273540139198303,-0.1676582396030426,-0.3220299780368805
1759644132362784500,7.385784423828125,-0.3716031014919281,-0.19945691525936127,-0.31742510199546814
1759644132372742400,7.395742431640625,-0.3729490637779236,-0.2087998241186142,-0.3153587579727173
1759644132382699500,7.405699462890625,-0.3809433579444885,-0.20385032892227173,-0.3292681872844696
1759644132392656600,7.41565673828125,-0.3869708776473999,-0.195346862077713,-0.3480623662471771
1759644132402613500,7.425613525390625,-0.3916628360748291,-0.19778764247894287,-0.3573395013809204
1759644132412570400,7.4355703125,-0.389654278755188,-0.1806211769580841,-0.35204005241394043
1759644132422528500,7.445528564453125,-0.39577049016952515,-0.16323819756507874,-0.34749510884284973
1759644132432485600,7.455485595703125,-0.4034382700920105,-0.14911465346813202,-0.34711402654647827
1759644132442442500,7.4654423828125,-0.41773784160614014,-0.12941524386405945,-0.346347838640213
1759644132452399600,7.475399658203125,-0.43929028511047363,-0.11021385341882706,-0.3551162779331207
1759644132462356500,7.4853564453125,-0.46204033493995667,-0.09791937470436096,-0.37683916091918945
1759644132472314600,7.495314697265625,-0.4838212728500366,-0.09809886664152145,-0.40375784039497375
1759644132482271500,7.505271484375,-0.5017757415771484,-0.09562346339225769,-0.42563679814338684
1759644132492228600,7.515228515625,-0.5220932960510254,-0.0787946805357933,-0.4482973515987396
1759644132502185500,7.525185546875,-0.5414901375770569,-0.07009439915418625,-0.4644552767276764
1759644132512143600,7.5351435546875,-0.5540006160736084,-0.07995501905679703,-0.4773615002632141
1759644132522100500,7.5451005859375,-0.558445155620575,-0.08435402810573578,-0.4957128167152405
1759644132532057600,7.5550576171875,-0.5457546710968018,-0.08297025412321091,-0.5231420397758484
1759644132542014700,7.5650146484375,-0.5088973045349121,-0.10774297267198563,-0.5411961674690247
1759644132551971300,7.574971435546875,-0.45125827193260193,-0.1366124451160431,-0.5438968539237976
1759644132561928400,7.584928466796875,-0.4008539319038391,-0.1514238715171814,-0.5321802496910095
1759644132571886600,7.594886474609375,-0.3522365987300873,-0.1736660599708557,-0.5117266774177551
1759644132581843700,7.60484375,-0.3210379481315613,-0.21623829007148743,-0.48272085189819336
1759644132591800600,7.614800537109375,-0.31030967831611633,-0.2521156072616577,-0.4684865176677704
1759644132601757400,7.62475732421875,-0.31519922614097595,-0.26639121770858765,-0.47273293137550354
1759644132611714600,7.634714599609375,-0.3282660245895386,-0.2703409492969513,-0.49373728036880493
1759644132621672400,7.64467236328125,-0.3381301164627075,-0.3014344274997711,-0.515696108341217
1759644132631629600,7.654629638671875,-0.3302580714225769,-0.3317342698574066,-0.5359816551208496
1759644132641586400,7.66458642578125,-0.3197556436061859,-0.3558627665042877,-0.552692711353302
1759644132651543600,7.67454345703125,-0.3084087073802948,-0.3827977180480957,-0.5656026601791382
1759644132661500400,7.68450048828125,-0.2930830121040344,-0.4127098023891449,-0.5687076449394226
1759644132671458600,7.69445849609375,-0.28522029519081116,-0.42816677689552307,-0.5693276524543762
1759644132681415700,7.704415771484375,-0.2790873050689697,-0.4284176528453827,-0.566355288028717
1759644132691372300,7.714372314453125,-0.2762363851070404,-0.4295726716518402,-0.5609362721443176
1759644132701329400,7.724329345703125,-0.27659377455711365,-0.4597066044807434,-0.5449293851852417
1759644132711286500,7.73428662109375,-0.2785482704639435,-0.48901841044425964,-0.5288769006729126
1759644132721244700,7.74424462890625,-0.28529566526412964,-0.5054746270179749,-0.5210165977478027
1759644132731201500,7.754201416015625,-0.29926741123199463,-0.5183600783348083,-0.5252808332443237
1759644132741158400,7.764158447265625,-0.31144657731056213,-0.527802050113678,-0.5412049293518066
1759644132751115500,7.774115478515625,-0.3220464885234833,-0.5334393978118896,-0.5618271231651306
1759644132761072400,7.784072265625,-0.33134517073631287,-0.5457954406738281,-0.5749186873435974
1759644132771029500,7.794029541015625,-0.3359338045120239,-0.5626508593559265,-0.5804436802864075
1759644132780987400,7.8039873046875,-0.3295550048351288,-0.5680168271064758,-0.5865101218223572
1759644132790944500,7.813944580078125,-0.32021182775497437,-0.5507643222808838,-0.5872682929039001
1759644132800901400,7.8239013671875,-0.3182852864265442,-0.5263559222221375,-0.5785637497901917
1759644132810858500,7.8338583984375,-0.32698318362236023,-0.5036826133728027,-0.5675076246261597
1759644132820815600,7.843815673828125,-0.3338219225406647,-0.49368855357170105,-0.554105281829834
1759644132830773500,7.8537734375,-0.3439461886882782,-0.46909239888191223,-0.5372157692909241
1759644132840730400,7.86373046875,-0.3545692563056946,-0.44208741188049316,-0.5321081280708313
1759644132850687500,7.8736875,-0.36519795656204224,-0.4060535132884979,-0.537670373916626
1759644132860644600,7.88364453125,-0.3744196593761444,-0.3736177980899811,-0.5436148047447205
1759644132870601500,7.8936015625,-0.3802493214607239,-0.34115466475486755,-0.539975643157959
1759644132880558600,7.90355859375,-0.3829159438610077,-0.3300010859966278,-0.5376618504524231
1759644132890516500,7.9135166015625,-0.38890302181243896,-0.30949845910072327,-0.5380650758743286
1759644132900473600,7.9234736328125,-0.40673261880874634,-0.2897058427333832,-0.5468737483024597
1759644132910430500,7.933430419921875,-0.4227674901485443,-0.3152279853820801,-0.5553380846977234
1759644132920387600,7.9433876953125,-0.42043083906173706,-0.33982282876968384,-0.5508948564529419
1759644132930344700,7.9533447265625,-0.4195980727672577,-0.36805710196495056,-0.546848714351654
1759644132940302600,7.963302490234375,-0.4111816883087158,-0.3864249289035797,-0.5447983145713806
1759644132950259500,7.973259521484375,-0.39606451988220215,-0.3874041736125946,-0.54215008020401
1759644132960216600,7.983216552734375,-0.38259902596473694,-0.3824283182621002,-0.5487419366836548
1759644132970173700,7.993173583984375,-0.37064385414123535,-0.37128645181655884,-0.5649107694625854
1759644132980130600,8.003130615234374,-0.3636985719203949,-0.36035871505737305,-0.5863603949546814
1759644132990087400,8.01308740234375,-0.3650357723236084,-0.33607494831085205,-0.6063820719718933
1759644133000045600,8.023045654296874,-0.3697753846645355,-0.31478989124298096,-0.6332365870475769
1759644133010002700,8.033002685546874,-0.36025911569595337,-0.3156714141368866,-0.6439089179039001
1759644133019959600,8.04295947265625,-0.35246458649635315,-0.2959775924682617,-0.6411898732185364
1759644133029916400,8.05291650390625,-0.34954309463500977,-0.27122005820274353,-0.6304512023925781
1759644133039873500,8.06287353515625,-0.3448953330516815,-0.2467791587114334,-0.6228084564208984
1759644133049830400,8.072830322265625,-0.33477291464805603,-0.22761930525302887,-0.6167894601821899
1759644133059788500,8.08278857421875,-0.3170485198497772,-0.21277351677417755,-0.6167689561843872
1759644133069745700,8.09274560546875,-0.29795074462890625,-0.20713721215724945,-0.617842972278595
1759644133079702500,8.10270263671875,-0.29093703627586365,-0.19207197427749634,-0.615454912185669
1759644133089659400,8.112659423828125,-0.28848904371261597,-0.17916202545166016,-0.6135515570640564
1759644133099616500,8.122616455078125,-0.2912917733192444,-0.16057316958904266,-0.6076028347015381
1759644133109573600,8.13257373046875,-0.2873705327510834,-0.14618010818958282,-0.6009944677352905
1759644133119531500,8.142531494140625,-0.2877553403377533,-0.11796658486127853,-0.5934263467788696
1759644133129488400,8.15248828125,-0.2885175347328186,-0.07494694739580154,-0.5909623503684998
1759644133139445500,8.162445556640625,-0.2916984260082245,-0.03906244784593582,-0.594308614730835
1759644133149402600,8.172402587890625,-0.2882712185382843,-0.026795661076903343,-0.6014629602432251
1759644133159359500,8.182359375,-0.28196245431900024,-0.04370220750570297,-0.6047727465629578
1759644133169316600,8.192316650390625,-0.2733961343765259,-0.05772028863430023,-0.5973526239395142
1759644133179274200,8.202274169921875,-0.2669970691204071,-0.05029406398534775,-0.5838171243667603
1759644133189231400,8.2122314453125,-0.27227041125297546,-0.06124445050954819,-0.5704184770584106
1759644133199188200,8.222188232421875,-0.2816774845123291,-0.07071171700954437,-0.5668727159500122
1759644133209145300,8.232145263671875,-0.29522818326950073,-0.08162003010511398,-0.5743887424468994
1759644133219102500,8.2421025390625,-0.3084108233451843,-0.09544742852449417,-0.592579185962677
1759644133229059300,8.252059326171874,-0.31709352135658264,-0.10739357024431229,-0.614551305770874
1759644133239017200,8.262017333984375,-0.32595095038414,-0.12261725962162018,-0.6373213529586792
1759644133248974300,8.271974365234374,-0.32647159695625305,-0.14932531118392944,-0.6506512761116028
1759644133258931500,8.281931396484374,-0.32154420018196106,-0.18291202187538147,-0.6614589095115662
1759644133268888300,8.291888427734374,-0.3128330111503601,-0.21715734899044037,-0.6694467663764954
1759644133278845200,8.30184521484375,-0.3060470223426819,-0.2493099570274353,-0.6754775047302246
1759644133288802300,8.31180224609375,-0.3109091520309448,-0.28473401069641113,-0.6865168213844299
1759644133298759200,8.32175927734375,-0.33055633306503296,-0.3078278601169586,-0.6978315711021423
1759644133308717300,8.33171728515625,-0.36078402400016785,-0.3067745864391327,-0.7068468928337097
1759644133318674400,8.34167431640625,-0.3933797776699066,-0.31470999121665955,-0.7190079689025879
1759644133328631300,8.35163134765625,-0.41842228174209595,-0.32265129685401917,-0.7276256680488586
1759644133338588200,8.361588134765626,-0.4309934675693512,-0.33142799139022827,-0.7275838851928711
1759644133348545300,8.371545166015625,-0.43717867136001587,-0.34015223383903503,-0.7134991884231567
1759644133358502400,8.38150244140625,-0.4312930703163147,-0.32658451795578003,-0.6842920184135437
1759644133368460500,8.39146044921875,-0.4265958070755005,-0.30327972769737244,-0.6511220932006836
1759644133378417200,8.401417236328125,-0.4121987521648407,-0.2835693955421448,-0.6173678636550903
1759644133388374300,8.411374267578125,-0.39359256625175476,-0.2633163332939148,-0.5844733119010925
1759644133398331400,8.421331298828125,-0.3698691427707672,-0.23175600171089172,-0.5524493455886841
1759644133408288300,8.431288330078125,-0.3431349992752075,-0.20417124032974243,-0.5237042307853699
1759644133418245400,8.441245361328125,-0.3187215328216553,-0.18997499346733093,-0.4898828864097595
1759644133428202500,8.451202392578125,-0.2967326045036316,-0.16945640742778778,-0.44931015372276306
1759644133438159000,8.4611591796875,-0.2802005112171173,-0.1404639035463333,-0.41579559445381165
1759644133448117200,8.4711171875,-0.26509585976600647,-0.1216161772608757,-0.3878425359725952
1759644133458074400,8.481074462890625,-0.25471431016921997,-0.10446862131357193,-0.3706821799278259
1759644133468031500,8.491031494140625,-0.2477022111415863,-0.07706601917743683,-0.3651460111141205
1759644133477988400,8.50098828125,-0.239899143576622,-0.056894708424806595,-0.370256632566452
1759644133487945200,8.5109453125,-0.23028168082237244,-0.06417445838451385,-0.3852803111076355
1759644133497902300,8.52090234375,-0.21246246993541718,-0.11023702472448349,-0.4064162075519562
1759644133507860200,8.530860107421875,-0.18391577899456024,-0.16873735189437866,-0.4185732901096344
1759644133517817300,8.5408173828125,-0.14622990787029266,-0.23434458673000336,-0.41913309693336487
1759644133527774200,8.550774169921874,-0.09869115799665451,-0.2979571223258972,-0.4089451730251312
1759644133537731300,8.5607314453125,-0.06940490752458572,-0.374181866645813,-0.39432546496391296
1759644133547688200,8.570688232421874,-0.049380864948034286,-0.4462600350379944,-0.38121846318244934
1759644133557645300,8.580645263671874,-0.04355999454855919,-0.49003416299819946,-0.3692035973072052
1759644133567602400,8.5906025390625,-0.051838163286447525,-0.5058900713920593,-0.37249261140823364
1759644133577559300,8.600559326171876,-0.06845016032457352,-0.5066296458244324,-0.3753392696380615
1759644133587517200,8.61051708984375,-0.09858196973800659,-0.5004130005836487,-0.379565954208374
1759644133597474300,8.620474365234376,-0.12861576676368713,-0.4980659782886505,-0.38181501626968384
1759644133607431400,8.630431396484376,-0.1628488302230835,-0.46789929270744324,-0.37623727321624756
1759644133617388300,8.64038818359375,-0.2038295567035675,-0.4379187524318695,-0.3607957363128662
1759644133627345400,8.650345458984376,-0.23957477509975433,-0.4181101620197296,-0.34308359026908875
1759644133637302300,8.66030224609375,-0.26556962728500366,-0.4100929796695709,-0.31465381383895874
1759644133647259100,8.670259033203125,-0.2837672829627991,-0.393462598323822,-0.28434625267982483
1759644133657217300,8.68021728515625,-0.29563483595848083,-0.3730337619781494,-0.2550179064273834
1759644133667174400,8.69017431640625,-0.3012751638889313,-0.36878708004951477,-0.23172031342983246
1759644133677131500,8.700131591796875,-0.2985755205154419,-0.37043052911758423,-0.20463968813419342
1759644133687088000,8.710088134765625,-0.2954729199409485,-0.3690398335456848,-0.17751885950565338
1759644133697045200,8.720045166015625,-0.283409059047699,-0.37334880232810974,-0.15337224304676056
1759644133707002400,8.73000244140625,-0.27097955346107483,-0.39303091168403625,-0.1340523362159729
1759644133716959200,8.739959228515625,-0.2561449706554413,-0.39760756492614746,-0.11483018100261688
1759644133726916400,8.749916259765625,-0.24055162072181702,-0.39302876591682434,-0.09839794039726257
1759644133736874200,8.759874267578125,-0.22068390250205994,-0.3979308605194092,-0.08646804839372635
1759644133746831400,8.769831298828125,-0.2020665407180786,-0.3926577866077423,-0.09069661051034927
1759644133756788200,8.779788330078125,-0.18361563980579376,-0.37786927819252014,-0.09970102459192276
1759644133766745300,8.789745361328125,-0.17336300015449524,-0.35682788491249084,-0.11787790060043335
1759644133776702500,8.799702392578125,-0.16470906138420105,-0.32855257391929626,-0.1392684131860733
1759644133786659300,8.809659423828125,-0.1584751307964325,-0.2975238263607025,-0.15406173467636108
1759644133796616200,8.8196162109375,-0.15012425184249878,-0.2624358832836151,-0.16485366225242615
1759644133806573300,8.8295732421875,-0.14002102613449097,-0.22079762816429138,-0.16440385580062866
1759644133816531500,8.839531494140624,-0.12243323773145676,-0.18158763647079468,-0.15565404295921326
1759644133826488300,8.84948828125,-0.09958145022392273,-0.14558888971805573,-0.13935363292694092
1759644133836445400,8.859445556640624,-0.07402335852384567,-0.11257714778184891,-0.12017860263586044
1759644133846402300,8.86940234375,-0.05275748670101166,-0.08195079118013382,-0.10758744925260544
1759644133856359200,8.879359130859376,-0.031806930899620056,-0.05073641240596771,-0.1050017848610878
1759644133866316300,8.88931640625,-0.02473890222609043,-0.02767290733754635,-0.1055743619799614
1759644133876273400,8.8992734375,-0.022963106632232666,-0.0030714236199855804,-0.10704602301120758
1759644133886230300,8.909230224609376,-0.028011394664645195,0.01884426176548004,-0.10563694685697556
1759644133896187400,8.9191875,-0.037206489592790604,0.04020627588033676,-0.1036483645439148
1759644133906145300,8.929145263671876,-0.04844263195991516,0.04403776675462723,-0.09988505393266678
1759644133916102400,8.939102294921875,-0.053754307329654694,0.062193866819143295,-0.10136816650629044
1759644133926059300,8.949059326171875,-0.06143326684832573,0.0710720494389534,-0.10592776536941528
1759644133936016400,8.959016357421875,-0.07072849571704865,0.07464973628520966,-0.11424241960048676
1759644133945973500,8.968973388671875,-0.07594935595989227,0.0848616287112236,-0.12384604662656784
1759644133955930000,8.97893017578125,-0.07158657163381577,0.0873439610004425,-0.13021819293498993
1759644133965887200,8.98888720703125,-0.06327857077121735,0.0852816104888916,-0.13287948071956635
1759644133975844400,8.99884423828125,-0.04944904148578644,0.08034171164035797,-0.1310264617204666
1759644133985801200,9.00880126953125,-0.03779078647494316,0.08384456485509872,-0.12562289834022522
1759644133995759400,9.01875927734375,-0.028057200834155083,0.09513290971517563,-0.11771411448717117
1759644134005716200,9.02871630859375,-0.024149011820554733,0.10077987611293793,-0.11357183754444122
1759644134015673300,9.03867333984375,-0.020537765696644783,0.09885387867689133,-0.11273933202028275
1759644134025630200,9.048630126953125,-0.0144724166020751,0.09771005064249039,-0.11376891285181046
1759644134035587300,9.05858740234375,-0.005086637567728758,0.0956445038318634,-0.11555429548025131
1759644134045544400,9.06854443359375,0.0020394488237798214,0.08614660054445267,-0.11828749626874924
1759644134055501300,9.078501220703124,0.009669671766459942,0.07392961531877518,-0.12013573199510574
1759644134065458200,9.088458251953124,0.016441823914647102,0.06795960664749146,-0.1190374419093132
1759644134075415300,9.098415283203124,0.01629561558365822,0.07270589470863342,-0.12159354239702225
1759644134085373400,9.10837353515625,0.01395762711763382,0.07316076010465622,-0.12801335752010345
1759644134095330300,9.118330322265624,0.007567372173070908,0.06496435403823853,-0.13670165836811066
1759644134105287400,9.128287353515624,0.0035137746017426252,0.05778153985738754,-0.14277499914169312
1759644134115244300,9.138244384765626,-0.0035425368696451187,0.06016773357987404,-0.14510366320610046
1759644134125201200,9.148201171875,-0.0073561836034059525,0.0589810274541378,-0.1477641612291336
1759644134135158300,9.158158203125,-0.005438707303255796,0.05344618111848831,-0.15053437650203705
1759644134145115400,9.168115478515626,-0.0015923039754852653,0.04971535876393318,-0.14981798827648163
1759644134155072300,9.178072265625,-0.0004625910660251975,0.0562499575316906,-0.1470475047826767
1759644134165029400,9.188029296875,-0.0016429040115326643,0.068637914955616,-0.142914816737175
1759644134174986200,9.197986328125,-0.0012876383261755109,0.0794610008597374,-0.1434250771999359
1759644134184943600,9.207943603515625,0.0020357202738523483,0.09868263453245163,-0.14418114721775055
1759644134194901800,9.21790185546875,0.005422195885330439,0.11456040292978287,-0.15073518455028534
1759644134204858600,9.227858642578125,0.013348296284675598,0.12607218325138092,-0.15140070021152496
1759644134214815700,9.237815673828125,0.023613717406988144,0.13616237044334412,-0.14747734367847443
1759644134224772600,9.247772705078125,0.040710676461458206,0.14201971888542175,-0.14264769852161407
1759644134234729500,9.2577294921875,0.05374125763773918,0.13747769594192505,-0.13236576318740845
1759644134244686600,9.2676865234375,0.06921076029539108,0.13521933555603027,-0.11824275553226471
1759644134254643700,9.277643798828125,0.07924874871969223,0.1240931823849678,-0.10525824874639511
1759644134264600600,9.2876005859375,0.08481129258871078,0.1104535385966301,-0.09645543247461319
1759644134274557700,9.2975576171875,0.08874638378620148,0.09877211600542068,-0.08844783902168274
1759644134284514600,9.3075146484375,0.0897836834192276,0.08384136855602264,-0.08495403826236725
1759644134294471700,9.3174716796875,0.08995439112186432,0.06732764095067978,-0.08413218706846237
1759644134304429600,9.3274296875,0.08254467695951462,0.06065136194229126,-0.07968390733003616
1759644134314386700,9.33738671875,0.07897817343473434,0.04344015195965767,-0.07059134542942047
1759644134324343800,9.34734375,0.07529289275407791,0.023999875411391258,-0.05781163275241852
1759644134334300400,9.357300537109374,0.0752635970711708,0.014390391297638416,-0.04580184444785118
1759644134344257500,9.367257568359374,0.07554242759943008,0.010918959975242615,-0.03567171096801758
1759644134354214700,9.377214599609376,0.07295623421669006,-0.0043713124468922615,-0.031503330916166306
1759644134364171800,9.387171875,0.07177192717790604,-0.020295683294534683,-0.02803696133196354
1759644134374128600,9.397128662109376,0.06436221301555634,-0.0234075877815485,-0.020066119730472565
1759644134384085800,9.407085693359376,0.053412359207868576,-0.029445240274071693,-0.008448878303170204
1759644134394042600,9.417042724609376,0.04328569024801254,-0.04176102951169014,-0.0022977753542363644
1759644134403999500,9.42699951171875,0.037086647003889084,-0.057129330933094025,0.000437291048001498
1759644134413956600,9.43695654296875,0.02425101026892662,-0.07148776203393936,-0.002177134156227112
1759644134423914800,9.446914794921875,0.01708710752427578,-0.07387795299291611,-0.009018794633448124
1759644134433872000,9.456871826171875,0.008802812546491623,-0.06942248344421387,-0.016638631001114845
1759644134443828500,9.466828369140625,0.004878112114965916,-0.06282529979944229,-0.026092320680618286
1759644134453785600,9.47678564453125,0.000594950164668262,-0.05638311430811882,-0.032470591366291046
1759644134463742700,9.48674267578125,-0.0016828514635562897,-0.04956728592514992,-0.033185917884111404
1759644134473699600,9.496699462890625,-0.003129746997728944,-0.03813939541578293,-0.030129672959446907
1759644134483656700,9.50665673828125,-0.0033004553988575935,-0.032306008040905,-0.025191372260451317
1759644134493613800,9.51661376953125,-0.000004261057711119065,-0.026502180844545364,-0.02135881781578064
1759644134503570400,9.5265703125,-0.000904409505892545,-0.01828473061323166,-0.022159364074468613
1759644134513527600,9.536527587890625,0.0001656486128922552,-0.009604956954717636,-0.022949524223804474
1759644134523484700,9.546484619140625,-0.002812031889334321,-0.005613144487142563,-0.027458788827061653
1759644134533441500,9.556441650390624,-0.009492571465671062,-0.004024835303425789,-0.031985897570848465
1759644134543398700,9.566398681640624,-0.01721786893904209,-0.0037087181117385626,-0.03580407053232193
1759644134553355800,9.576355712890624,-0.026099776849150658,-0.008917595259845257,-0.04098205268383026
1759644134563313700,9.586313720703124,-0.03357100859284401,-0.024521321058273315,-0.04320978745818138
1759644134573270500,9.5962705078125,-0.04320073500275612,-0.03574841096997261,-0.04521435126662254
1759644134583227600,9.6062275390625,-0.05122030898928642,-0.041378866881132126,-0.04301005229353905
1759644134593184800,9.616184814453124,-0.05241180956363678,-0.0491129495203495,-0.0396970771253109
1759644134603141600,9.6261416015625,-0.05185440927743912,-0.05128609016537666,-0.03659529611468315
1759644134613098500,9.636098388671876,-0.05013347417116165,-0.04410381242632866,-0.03104952909052372
1759644134623055600,9.6460556640625,-0.049189385026693344,-0.03774471580982208,-0.032406408339738846
1759644134633012500,9.656012451171875,-0.05126664787530899,-0.022961242124438286,-0.030780816450715065
1759644134642969600,9.665969482421875,-0.050809383392333984,-0.01889193244278431,-0.028722723945975304
1759644134652926700,9.6759267578125,-0.05327280983328819,-0.008732771500945091,-0.021746307611465454
1759644134662883600,9.685883544921875,-0.053582001477479935,0.00364746549166739,-0.015331818722188473
1759644134672840700,9.6958408203125,-0.05700576305389404,0.017432520166039467,-0.009976201690733433
1759644134682797600,9.705797607421875,-0.0594598650932312,0.021042168140411377,-0.008945824578404427
1759644134692754700,9.715754638671875,-0.061832476407289505,0.03302053362131119,-0.013218600302934647
1759644134702711600,9.725711669921875,-0.06404875963926315,0.045281995087862015,-0.017364609986543655
1759644134712668700,9.735668701171875,-0.06523758918046951,0.05296441540122032,-0.01985173486173153
1759644134722626600,9.74562646484375,-0.07000278681516647,0.06101541593670845,-0.02014841139316559
1759644134732583400,9.75558349609375,-0.07037775963544846,0.061528339982032776,-0.017059942707419395
1759644134742540500,9.76554052734375,-0.06784429401159286,0.053587593138217926,-0.0108872689306736
1759644134752497700,9.77549755859375,-0.061230335384607315,0.03921611234545708,-0.005901564843952656
1759644134762454800,9.785454833984375,-0.05422728508710861,0.02900928072631359,-0.0016583503456786275
1759644134772411600,9.79541162109375,-0.04942374303936958,0.022829415276646614,0.002123604528605938
1759644134782368800,9.80536865234375,-0.046179745346307755,0.01721174456179142,0.005316734779626131
1759644134792325600,9.81532568359375,-0.04506148397922516,0.017490843310952187,0.00872131995856762
1759644134802282500,9.825282470703126,-0.046366699039936066,0.024219052866101265,0.006037652492523193
1759644134812239600,9.835239501953126,-0.047564856708049774,0.024410534650087357,0.004938832018524408
1759644134822196700,9.84519677734375,-0.04568706080317497,0.024703215807676315,0.006558034103363752
1759644134832153600,9.855153564453126,-0.04907859489321709,0.02587527222931385,0.01064971461892128
1759644134842110700,9.86511083984375,-0.04571662098169327,0.02473357506096363,0.01378052681684494
1759644134852067600,9.875067626953125,-0.04082093387842178,0.02863377518951893,0.011070228181779385
1759644134862024400,9.8850244140625,-0.03672659024596214,0.02081713080406189,0.01031788531690836
1759644134871981600,9.894981689453125,-0.033187780529260635,0.01284309383481741,0.011144796386361122
1759644134881938700,9.904938720703125,-0.030642597004771233,0.013452691957354546,0.01239088922739029
1759644134891895600,9.9148955078125,-0.025920547544956207,0.01588788628578186,0.011321363970637321
1759644134901852700,9.924852783203125,-0.022420886904001236,0.013542174361646175,0.006388657260686159
1759644134911809800,9.934809814453125,-0.016521718353033066,0.015165104530751705,0.0010775149567052722
1759644134921767700,9.944767578125,-0.013216469436883926,0.015308648347854614,-0.0029020465444773436
1759644134931724500,9.954724609375,-0.009307747706770897,0.018432537093758583,-0.004053330980241299
1759644134941681700,9.964681640625,-0.0019710054621100426,0.017430122941732407,-0.003849865635856986
1759644134951638800,9.974638671875,0.005465871654450893,0.004739361349493265,-0.002941993996500969
1759644134961595600,9.984595703125,0.015025022439658642,-0.0022005699574947357,-0.00015872440417297184
1759644134971552500,9.994552490234375,0.02123604714870453,0.008579107001423836,0.00330231967382133
1759644134981509600,10.004509521484374,0.02304193563759327,0.018668493255972862,0.003656253917142749
1759644134991466500,10.014466552734374,0.02527686022222042,0.03242292255163193,0.001967543503269553
1759644135001423600,10.024423583984374,0.02538684941828251,0.039678968489170074,0.00039015308720991015
1759644135011380700,10.034380615234374,0.027517111971974373,0.03983716294169426,-0.0007313040550798178
1759644135021337900,10.044337890625,0.029449235647916794,0.0429738312959671,0.0017536915838718414
1759644135031294500,10.05429443359375,0.02924523688852787,0.04098684713244438,0.0025539714843034744
1759644135041251600,10.06425146484375,0.026820695027709007,0.031376563012599945,0.0005427522119134665
1759644135051208700,10.074208740234376,0.020749486982822418,0.030188795179128647,0.0019092201255261898
1759644135061165600,10.08416552734375,0.014996792189776897,0.02508617751300335,0.0007728493656031787
1759644135071122700,10.094122802734375,0.012853214517235756,0.006888532545417547,0.0026399914640933275
1759644135081079800,10.104079833984375,0.01407773606479168,-0.0002846919232979417,0.0024463797453790903
1759644135091036700,10.11403662109375,0.010755708441138268,-0.002540655666962266,-0.0009898969437927008
1759644135100993500,10.12399365234375,0.0065322015434503555,-0.0011440940434113145,-0.008538094349205494
1759644135110950700,10.13395068359375,0.0035393410362303257,0.0008407599525526166,-0.015392538160085678
1759644135120907500,10.143907470703125,-0.0026019082870334387,0.004122573416680098,-0.015802931040525436
1759644135130864600,10.15386474609375,-0.004442951641976833,0.002291117561981082,-0.013539244420826435
1759644135140821800,10.16382177734375,-0.007692274637520313,-0.0013579458463937044,-0.009498164057731628
1759644135150778600,10.173778564453125,-0.010044111870229244,-0.010031328536570072,-0.012059059925377369
1759644135160735500,10.183735595703125,-0.01549134124070406,-0.014195181429386139,-0.01576964184641838
1759644135170692600,10.193692626953125,-0.020379573106765747,-0.017047692090272903,-0.020975057035684586
1759644135180650200,10.203650146484375,-0.02509470097720623,-0.018122810870409012,-0.026022013276815414
1759644135190608100,10.213608154296875,-0.025656893849372864,-0.015308648347854614,-0.03184075281023979
1759644135200565000,10.22356494140625,-0.023971378803253174,-0.012381035834550858,-0.03790716826915741
1759644135210522000,10.233522216796874,-0.023141006007790565,-0.011551461182534695,-0.0360991470515728
1759644135220479200,10.243479248046874,-0.02064375951886177,-0.013521933928132057,-0.03549487888813019
1759644135230436000,10.25343603515625,-0.0133275231346488,-0.013948572799563408,-0.030909713357686996
1759644135240393200,10.263393310546874,-0.00944862887263298,-0.0020389161072671413,-0.028357870876789093
1759644135250350300,10.273350341796874,-0.001253017340786755,0.01437920518219471,-0.029822077602148056
1759644135260307200,10.28330712890625,0.0017542241839691997,0.0313081219792366,-0.03346581384539604
1759644135270264000,10.29326416015625,0.00817856751382351,0.046133141964673996,-0.03515266254544258
1759644135280221200,10.30322119140625,0.01461809128522873,0.04929990693926811,-0.03334863483905792
1759644135290178000,10.313177978515625,0.023131685331463814,0.05824226886034012,-0.031495608389377594
1759644135300135200,10.32313525390625,0.031194670125842094,0.051003530621528625,-0.026573020964860916
1759644135310092300,10.33309228515625,0.03417155146598816,0.041721880435943604,-0.02485181950032711
1759644135320049200,10.343049072265625,0.03585387021303177,0.038776692003011703,-0.02292422391474247
1759644135330006000,10.353006103515625,0.02424089051783085,0.03849039971828461,-0.025063008069992065
1759644135339963100,10.362963134765625,0.018066352233290672,0.028933648020029068,-0.030733678489923477
1759644135349920000,10.372919921875,0.011654525063931942,0.009723734110593796,-0.03710928559303284
1759644135359877000,10.382877197265625,0.011031345464289188,-0.004169178660959005,-0.04021399840712547
1759644135369834200,10.392834228515625,0.010033459402620792,-0.013644705526530743,-0.04271044582128525
1759644135379791000,10.402791015625,0.005804625805467367,-0.022404374554753304,-0.04278155043721199
1759644135389748200,10.412748291015625,-0.0006817692192271352,-0.029708627611398697,-0.044442299753427505
1759644135399705000,10.422705078125,-0.0003938815207220614,-0.03550073504447937,-0.0466921366751194
1759644135409662200,10.432662109375,-0.011138404719531536,-0.04945037513971329,-0.04367450997233391
1759644135419619000,10.442619140625,-0.012767992913722992,-0.051953211426734924,-0.04657149687409401
1759644135429576200,10.452576171875,-0.016862602904438972,-0.06717584282159805,-0.048232775181531906
1759644135439533300,10.462533203125,-0.014859906397759914,-0.06124897673726082,-0.05188530310988426
1759644135449490200,10.472490234375,-0.019061841070652008,-0.07266195118427277,-0.05134627968072891
1759644135459447000,10.482447021484376,-0.01936783827841282,-0.0774921253323555,-0.052922338247299194
1759644135469404200,10.492404052734376,-0.021818479523062706,-0.07199030369520187,-0.05216386914253235
1759644135479361000,10.502361083984376,-0.024455808103084564,-0.07024726271629333,-0.053219012916088104
1759644135489318100,10.512318115234375,-0.029406623914837837,-0.05457669124007225,-0.05637219548225403
1759644135499275300,10.522275146484375,-0.030481742694973946,-0.03820411115884781,-0.06866587698459625
1759644135509232000,10.532232177734375,-0.03200453892350197,-0.03604854643344879,-0.08334895223379135
1759644135519189000,10.54218896484375,-0.024532772600650787,-0.030463898554444313,-0.10207709670066833
1759644135529146000,10.55214599609375,-0.012966398149728775,-0.025773273780941963,-0.11295504868030548
1759644135539103000,10.56210302734375,0.00224930583499372,-0.034204307943582535,-0.11303707212209702
1759644135549060000,10.57206005859375,0.02394208498299122,-0.06838838011026382,-0.10177376866340637
1759644135559017200,10.582017333984375,0.03466184064745903,-0.07728759944438934,-0.08188048750162125
1759644135568974000,10.59197412109375,0.03169667720794678,-0.08004823327064514,-0.05938156694173813
1759644135578931200,10.60193115234375,0.026568228378891945,-0.07974383234977722,-0.05134361609816551
1759644135588888000,10.61188818359375,0.015363243408501148,-0.07730144262313843,-0.04887380078434944
1759644135598845200,10.62184521484375,0.006959106307476759,-0.08627203851938248,-0.05584196001291275
1759644135608802000,10.631802001953124,-0.0013424995122477412,-0.09521173685789108,-0.061760302633047104
1759644135618759200,10.64175927734375,-0.004763596225529909,-0.10369017720222473,-0.06262103468179703
1759644135628716300,10.65171630859375,-0.008498679846525192,-0.11147965490818024,-0.057737600058317184
1759644135638673200,10.661673095703126,-0.017242103815078735,-0.11119282990694046,-0.049861032515764236
1759644135648630000,10.671630126953126,-0.020547885447740555,-0.1097898781299591,-0.04276930168271065
1759644135658587100,10.681587158203126,-0.024220384657382965,-0.11129643023014069,-0.04153093323111534
1759644135668544000,10.6915439453125,-0.032522257417440414,-0.11517585813999176,-0.04468890652060509
1759644135678501000,10.701501220703125,-0.03959907591342926,-0.10987722873687744,-0.051292482763528824
1759644135688458200,10.711458251953125,-0.050932157784700394,-0.09749805927276611,-0.05301687866449356
1759644135698415000,10.7214150390625,-0.054247792810201645,-0.08781453967094421,-0.05594129487872124
1759644135708372200,10.731372314453125,-0.05991393327713013,-0.08509465306997299,-0.05865985155105591
1759644135718329000,10.7413291015625,-0.05866464599967003,-0.09112511575222015,-0.06470176577568054
1759644135728286000,10.751285888671875,-0.05760550498962402,-0.10420896112918854,-0.0648953765630722
1759644135738243000,10.7612431640625,-0.061949655413627625,-0.10640020668506622,-0.06358004361391068
1759644135748200200,10.7712001953125,-0.06898599117994308,-0.10709982365369797,-0.05914001911878586
1759644135758157000,10.781156982421875,-0.07097110897302628,-0.10672671347856522,-0.05475965142250061
1759644135768114200,10.7911142578125,-0.07199456542730331,-0.1180824339389801,-0.055389221757650375
1759644135778071000,10.801071044921875,-0.06602402031421661,-0.11958684772253036,-0.058521099388599396
1759644135788028200,10.811028076171874,-0.06651617586612701,-0.11460700631141663,-0.05842655897140503
1759644135797985000,10.820985107421874,-0.06756279617547989,-0.10748518258333206,-0.05662546306848526
1759644135807942100,10.830942138671874,-0.06926429271697998,-0.10659701377153397,-0.05029885843396187
1759644135817899300,10.840899169921874,-0.06844430416822433,-0.10350535064935684,-0.0478825718164444
1759644135827856100,10.850856201171876,-0.07054900377988815,-0.10713950544595718,-0.055148206651210785
1759644135837813200,10.860813232421876,-0.06846507638692856,-0.10919652879238129,-0.05937650799751282
1759644135847770000,10.87077001953125,-0.066021628677845,-0.12296320497989655,-0.058153051882982254
1759644135857727000,10.88072705078125,-0.06535237282514572,-0.16331063210964203,-0.05396895855665207
1759644135867684000,10.89068408203125,-0.06435954570770264,-0.20603705942630768,-0.04476134479045868
1759644135877641200,10.90064111328125,-0.06568153947591782,-0.23212005198001862,-0.030769631266593933
1759644135887598000,10.91059814453125,-0.06480562686920166,-0.24404862523078918,-0.02213219925761223
1759644135897555200,10.92055517578125,-0.061460696160793304,-0.25599023699760437,-0.028299015015363693
1759644135907512000,10.930511962890625,-0.051663462072610855,-0.2670455574989319,-0.046894803643226624
1759644135917469000,10.940468994140625,-0.044377319514751434,-0.28755801916122437,-0.07237459719181061
1759644135927426000,10.950426025390625,-0.05144881084561348,-0.30190178751945496,-0.09482424706220627
1759644135937383200,10.960383056640625,-0.06355607509613037,-0.31566208600997925,-0.11290258169174194
1759644135947340300,10.97034033203125,-0.07584869116544724,-0.34092697501182556,-0.12206625193357468
1759644135957297200,10.980297119140625,-0.08148474246263504,-0.3519037067890167,-0.11992480605840683
1759644135967254300,10.990254150390625,-0.0787305012345314,-0.3821322023868561,-0.11212653666734695
1759644135977211100,11.000211181640625,-0.06055522337555885,-0.42969971895217896,-0.10370002686977386
1759644135987168000,11.01016796875,-0.03936711326241493,-0.4422450661659241,-0.08976690471172333
1759644135997125000,11.020125,-0.016977384686470032,-0.4210377633571625,-0.07256927341222763
1759644136007082200,11.030082275390624,-0.00404614070430398,-0.3875514566898346,-0.062369901686906815
1759644136017039000,11.0400390625,-0.004256263840943575,-0.3532262444496155,-0.06460881978273392
1759644136026996200,11.049996337890626,-0.013585050590336323,-0.32352879643440247,-0.07447370141744614
1759644136036953000,11.059953125,-0.025912823155522346,-0.29680103063583374,-0.08152202516794205
1759644136046910000,11.069909912109376,-0.0413823276758194,-0.2630009949207306,-0.0755847692489624
1759644136056867000,11.0798671875,-0.05660948157310486,-0.23564980924129486,-0.06695958971977234
1759644136066823200,11.0898232421875,-0.07294211536645889,-0.2174186110496521,-0.05967824533581734
1759644136076780000,11.099780029296875,-0.08392952382564545,-0.2193794846534729,-0.05096730962395668
1759644136086737200,11.109737060546875,-0.08218967914581299,-0.23335443437099457,-0.038913577795028687
1759644136096694300,11.1196943359375,-0.07387928664684296,-0.23845331370830536,-0.02803216688334942
1759644136106651100,11.129651123046875,-0.06770101934671402,-0.24723508954048157,-0.010964767076075077
1759644136116608300,11.139608154296875,-0.0506591834127903,-0.21978215873241425,-0.0022767363116145134
1759644136126565000,11.149565185546875,-0.04490595683455467,-0.2055685967206955,0.005786782596260309
1759644136136522000,11.15952197265625,-0.04314480721950531,-0.18902398645877838,0.0064983791671693325
1759644136146479000,11.16947900390625,-0.03993969410657883,-0.1734846979379654,0.006881075445562601
1759644136156436200,11.179436279296874,-0.04127660021185875,-0.1684872806072235,0.014813301153481007
1759644136166393000,11.18939306640625,-0.030896130949258804,-0.14826244115829468,0.01822853833436966
1759644136176350200,11.19935009765625,-0.025485651567578316,-0.14847628772258759,0.029415413737297058
1759644136186306800,11.209306884765626,-0.02587234415113926,-0.13715998828411102,0.03737879544496536
1759644136196263700,11.219263671875,-0.02900422178208828,-0.1295689046382904,0.042521361261606216
1759644136206220800,11.229220703125,-0.032401349395513535,-0.12453074008226395,0.04909191280603409
1759644136216177700,11.239177734375,-0.03747067600488663,-0.11804088950157166,0.05227652192115784
1759644136226134800,11.249134765625,-0.03827202320098877,-0.10600126534700394,0.05160992965102196
1759644136236092000,11.259091796875,-0.033786993473768234,-0.10814005136489868,0.0440279096364975
1759644136246048800,11.269048828125,-0.02948598749935627,-0.11107538640499115,0.034822430461645126
1759644136256006000,11.279005859375,-0.029446572065353394,-0.10233675688505173,0.03275395184755325
1759644136265962800,11.288962646484375,-0.030165359377861023,-0.08726140111684799,0.03635268285870552
1759644136275919600,11.298919677734375,-0.029381323605775833,-0.06191742792725563,0.03963422775268555
1759644136285876700,11.308876708984375,-0.03147723153233528,-0.04142147675156593,0.03669463098049164
1759644136295833900,11.318833740234375,-0.030113160610198975,-0.030173348262906075,0.026928819715976715
1759644136305790700,11.328790771484375,-0.023332219570875168,-0.03454599156975746,0.01378319039940834
1759644136315747800,11.338747802734375,-0.01398692186921835,-0.04488625004887581,0.007864048704504967
1759644136325704700,11.34870458984375,-0.01278610248118639,-0.06444396823644638,0.01158768031746149
1759644136335661600,11.35866162109375,-0.008614260703325272,-0.06088971719145775,0.020260795950889587
1759644136345617700,11.36861767578125,-0.011990349739789963,-0.08185598254203796,0.027879035100340843
1759644136355574800,11.37857470703125,-0.013728328980505466,-0.092247374355793,0.029651636257767677
1759644136365531600,11.38853173828125,-0.02100994437932968,-0.09027156978845596,0.027362914755940437
1759644136375488800,11.39848876953125,-0.03014858067035675,-0.09058529138565063,0.01739257201552391
1759644136385446000,11.40844580078125,-0.03455052152276039,-0.06617635488510132,0.010936005041003227
1759644136395402800,11.41840283203125,-0.047990430146455765,-0.06108572334051132,-0.01377866230905056
1759644136405359900,11.42835986328125,-0.05534554645419121,-0.06493505835533142,-0.029682261869311333
1759644136415316700,11.438316650390625,-0.05615381523966789,-0.050038665533065796,-0.03759264945983887
1759644136425273600,11.448273681640625,-0.06012432277202606,-0.030006900429725647,-0.028432972729206085
1759644136435230700,11.458230712890625,-0.06807199120521545,0.0017781927017495036,-0.027702467516064644
1759644136445187800,11.468187744140625,-0.059549346566200256,0.04909643903374672,-0.035834431648254395
1759644136455144700,11.478144775390625,-0.05169142410159111,0.12182310968637466,-0.04122599959373474
1759644136465101800,11.488101806640625,-0.07207579165697098,0.204838365316391,-0.055332232266664505
1759644136475058700,11.49805859375,-0.09430466592311859,0.26648440957069397,-0.09504768252372742
1759644136485015800,11.508015869140625,-0.10911636799573898,0.2982005476951599,-0.1471250057220459
1759644136494972700,11.51797265625,-0.11331058293581009,0.3091040551662445,-0.19351381063461304
1759644136504929800,11.5279296875,-0.12397201359272003,0.3127208948135376,-0.21222464740276337
1759644136514887000,11.537886962890624,-0.13145709037780762,0.30962124466896057,-0.21071729063987732
1759644136524843800,11.54784375,-0.126573383808136,0.27846410870552063,-0.20389001071453094
1759644136534800600,11.557800537109374,-0.1247139722108841,0.24260172247886658,-0.19211244583129883
1759644136544756700,11.5677568359375,-0.11913411319255829,0.2112741619348526,-0.18288034200668335
1759644136554713600,11.577713623046876,-0.1141798347234726,0.20319359004497528,-0.18108190596103668
1759644136564670700,11.587670654296875,-0.09776224941015244,0.2304113656282425,-0.18416237831115723
1759644136574627800,11.5976279296875,-0.08027486503124237,0.2599692642688751,-0.19698843359947205
1759644136584584700,11.607584716796875,-0.070186547935009,0.2821832299232483,-0.22938472032546997
1759644136594541800,11.617541748046875,-0.06868372112512589,0.31707489490509033,-0.2709939479827881
1759644136604499000,11.6274990234375,-0.08105570077896118,0.3840765655040741,-0.30949634313583374
1759644136614455800,11.637455810546875,-0.11152652651071548,0.4629082679748535,-0.3511452376842499
1759644136624412700,11.64741259765625,-0.17634519934654236,0.5522746443748474,-0.39083513617515564
1759644136634369800,11.657369873046875,-0.2500617802143097,0.6227788925170898,-0.43224409222602844
1759644136644326700,11.66732666015625,-0.24992169439792633,0.5885921716690063,-0.44639426469802856
1759644136654283800,11.67728369140625,-0.20185376703739166,0.48191550374031067,-0.44091853499412537
1759644136664241000,11.687240966796875,-0.1512337327003479,0.38691869378089905,-0.39916762709617615
1759644136674197800,11.69719775390625,-0.10774190723896027,0.286725252866745,-0.328604519367218
1759644136684154600,11.707154541015624,-0.06041034683585167,0.1387365758419037,-0.22292016446590424
1759644136694111700,11.71711181640625,-0.0236456748098135,-0.05602891370654106,-0.09326283633708954
1759644136704068600,11.727068603515624,-0.02569258026778698,-0.21287046372890472,0.0296055618673563
1759644136714024700,11.737024658203126,-0.0234049241989851,-0.272418737411499,0.11507438868284225
1759644136723981800,11.74698193359375,0.0028447885997593403,-0.2783956825733185,0.1435752809047699
1759644136733938700,11.756938720703126,0.014240454882383347,-0.2738131582736969,0.12237491458654404
1759644136743895800,11.766895751953125,0.022540729492902756,-0.25749093294143677,0.07457304000854492
1759644136753853000,11.77685302734375,0.012649748474359512,-0.19636552035808563,0.020731110125780106
1759644136763809800,11.786809814453125,-0.000075101139373146,-0.13024455308914185,-0.03143009543418884
1759644136773766700,11.7967666015625,-0.007643272168934345,-0.07560980319976807,-0.06601763516664505
1759644136783723800,11.806723876953125,-0.02227175049483776,-0.044073451310396194,-0.08589493483304977
1759644136793680600,11.8166806640625,-0.02743242308497429,-0.04859736189246178,-0.0839042216539383
1759644136803637800,11.8266376953125,-0.03105964884161949,-0.07772169262170792,-0.0659601092338562
1759644136813595000,11.836594970703125,-0.035464249551296234,-0.09640350192785263,-0.03430337831377983
1759644136823551700,11.8465517578125,-0.03912769630551338,-0.08569413423538208,-0.012926717288792133
1759644136833508600,11.856508544921875,-0.035779036581516266,-0.0717247873544693,-0.013826332986354828
1759644136843465700,11.8664658203125,-0.037157487124204636,-0.06428125500679016,-0.026277143508195877
1759644136853421600,11.876421630859374,-0.03430577740073204,-0.0506804883480072,-0.04782691225409508
1759644136863378700,11.886378662109376,-0.026568492874503136,-0.03212837502360344,-0.06903392821550369
1759644136873335800,11.896335693359376,-0.023854466155171394,0.004850149154663086,-0.0782519280910492
1759644136883292700,11.906292724609376,-0.03585786744952202,0.044012464582920074,-0.0831148624420166
1759644136893249800,11.916249755859376,-0.03250494599342346,0.06813377887010574,-0.08422966301441193
1759644136903207000,11.92620703125,-0.01793479174375534,0.07811610400676727,-0.08129645138978958
1759644136913163800,11.936163818359375,-0.0022658174857497215,0.07314451783895493,-0.07668572664260864
1759644136923120600,11.94612060546875,0.00785685796290636,0.07181453704833984,-0.0743597149848938
1759644136933077800,11.956077880859375,0.014197844080626965,0.054903462529182434,-0.0736079066991806
1759644136943034600,11.96603466796875,0.01847195066511631,0.032402947545051575,-0.07043182104825974
1759644136952991700,11.97599169921875,0.014735270291566849,0.019290341064333916,-0.07237140089273453
1759644136962948900,11.985948974609375,0.01203988492488861,0.012820989824831486,-0.07821517437696457
1759644136972906000,11.995906005859375,0.019592342898249626,0.0033489251509308815,-0.09131287038326263
1759644136982861800,12.00586181640625,0.02268533781170845,-0.01836222968995571,-0.1047421246767044
1759644136992819000,12.01581884765625,0.02846173569560051,-0.03259123116731644,-0.11478570103645325
1759644137002775600,12.025775634765624,0.03314943239092827,-0.040949296206235886,-0.12326574325561523
1759644137012732700,12.035732666015624,0.029397303238511086,-0.04566255956888199,-0.11689812690019608
1759644137022689800,12.045689697265624,0.01799364760518074,-0.021747373044490814,-0.10964474081993103
1759644137032646700,12.055646728515624,0.010062754154205322,-0.005363340023905039,-0.09941606968641281
1759644137042603800,12.065603759765626,0.008511463180184364,-0.00654578348621726,-0.10342679172754288
1759644137052561000,12.075560791015626,0.005367068573832512,0.009632653556764126,-0.11086100339889526
1759644137062517800,12.085517822265626,-0.0002591255761217326,0.03666134178638458,-0.11348181962966919
1759644137072474600,12.095474609375,-0.011845207773149014,0.05819486454129219,-0.10519512742757797
1759644137082431700,12.105431640625,-0.01571451500058174,0.07950228452682495,-0.09827490150928497
1759644137092388900,12.115388916015625,-0.014933142811059952,0.09444687515497208,-0.10171331465244293
1759644137102344700,12.1253447265625,-0.014455637894570827,0.1101941466331482,-0.10719223320484161
1759644137112301800,12.1353017578125,-0.00891040451824665,0.09683732688426971,-0.11815407127141953
1759644137122258700,12.1452587890625,-0.005793973337858915,0.04711025580763817,-0.12021429091691971
1759644137132215800,12.1552158203125,-0.000024234765078290366,-0.002020274056121707,-0.10676559805870056
1759644137142173000,12.1651728515625,0.00962493009865284,-0.03633537143468857,-0.08665154129266739
1759644137152129500,12.175129638671875,0.025187911465764046,-0.06269107758998871,-0.06422106176614761
1759644137162086700,12.185086669921875,0.03810371086001396,-0.09655290096998215,-0.051776379346847534
1759644137172043800,12.195043701171874,0.049972087144851685,-0.11010093986988068,-0.044616203755140305
1759644137182001000,12.2050009765625,0.05805478245019913,-0.12304975837469101,-0.04589904844760895
1759644137191958000,12.2149580078125,0.06644453853368759,-0.12102735787630081,-0.06090489402413368
1759644137201915100,12.2249150390625,0.06325140595436096,-0.08586004376411438,-0.057677146047353745
1759644137211871000,12.23487109375,0.04243720695376396,-0.03145432844758034,-0.05344777926802635
1759644137221828000,12.244828125,0.02467445284128189,0.01522742211818695,-0.06592202186584473
1759644137231784700,12.25478466796875,0.010932808741927147,0.05615647882223129,-0.08586297929286957
1759644137241741800,12.264741943359375,0.0027864654548466206,0.08533433824777603,-0.09760884940624237
1759644137251699000,12.274698974609375,-0.00041998049709945917,0.10008452087640762,-0.10466649383306503
1759644137261655800,12.28465576171875,0.0051598744466900826,0.0967358648777008,-0.11653859913349152
1759644137271613000,12.294613037109375,0.01944773457944393,0.0848965123295784,-0.11167912930250168
1759644137281570000,12.304570068359375,0.01648044027388096,0.05209062993526459,-0.09792762994766235
1759644137291527000,12.31452685546875,0.007990814745426178,0.01203961856663227,-0.0852549746632576
1759644137301483800,12.32448388671875,0.007650729268789291,-0.023630227893590927,-0.06872127205133438
1759644137311440000,12.33443994140625,0.0040914141573011875,-0.0665702372789383,-0.0506216324865818
1759644137321396700,12.344396728515624,-0.0052203284576535225,-0.09341783076524734,-0.03828240931034088
1759644137331353900,12.354353759765624,-0.017189638689160347,-0.10056042671203613,-0.03496197983622551
1759644137341311000,12.36431103515625,-0.03069506213068962,-0.09050113707780838,-0.03880039229989052
1759644137351267800,12.374267822265624,-0.03668397665023804,-0.07827004045248032,-0.04940110445022583
1759644137361225000,12.384224853515626,-0.03593456372618675,-0.06417818367481232,-0.059853747487068176
1759644137371182000,12.39418212890625,-0.033072199672460556,-0.04393656551837921,-0.06911009550094604
1759644137381139000,12.404138916015626,-0.034335870295763016,-0.024898957461118698,-0.07285822927951813
1759644137391095800,12.414095703125,-0.031022364273667336,-0.01577283814549446,-0.06737317889928818
1759644137401052000,12.424052001953125,-0.02485395036637783,-0.02557353675365448,-0.053094908595085144
1759644137411008800,12.4340087890625,-0.01600692979991436,-0.04243294522166252,-0.036255210638046265
1759644137420966000,12.4439658203125,-0.012924853712320328,-0.0387125089764595,-0.0210709311068058
1759644137430923000,12.453923095703125,-0.011382350698113441,-0.021274395287036896,-0.013219664804637432
1759644137440879900,12.4638798828125,-0.006148439832031727,-0.0015488944482058287,-0.011985556222498417
1759644137450837000,12.4738369140625,0.0019949739798903465,0.015351259149610996,-0.020310331135988235
1759644137460793900,12.4837939453125,0.005603556986898184,0.0219082273542881,-0.0327928327023983
1759644137470750700,12.493750732421875,0.007567638531327248,0.01577416993677616,-0.04213067516684532
1759644137480707800,12.503707763671875,0.009675264358520508,-0.024323448538780212,-0.042695000767707825
1759644137490665000,12.5136650390625,0.012737100012600422,-0.06852180510759354,-0.029049761593341827
1759644137500620800,12.523620849609374,0.014213557355105877,-0.09705065190792084,-0.01299276389181614
1759644137510578000,12.533577880859376,0.011693407781422138,-0.12094559520483017,-0.0044320328161120415
1759644137520535000,12.54353515625,0.017012272030115128,-0.13955256342887878,-0.003014165675267577
1759644137530492000,12.553491943359376,0.015601330436766148,-0.14693965017795563,-0.005249889567494392
1759644137540449000,12.563448974609376,0.008170312270522118,-0.14321255683898926,-0.00839641410857439
1759644137551028000,12.574028076171874,0.007739944849163294,-0.12088567763566971,0.009535182267427444
1759644137560984800,12.58398486328125,0.006771353539079428,-0.1158730760216713,0.026083000004291534
1759644137570942000,12.59394189453125,0.01623755879700184,-0.1437843292951584,0.021319137886166573
1759644137580899000,12.603899169921876,0.02738448604941368,-0.1778365820646286,0.013035907410085201
1759644137590856000,12.61385595703125,0.02269226312637329,-0.19153587520122528,0.022060561925172806
1759644137600812800,12.623812744140626,0.008871255442500114,-0.1800648421049118,0.044134169816970825
1759644137610769200,12.63376904296875,-0.0015821839915588498,-0.1469915807247162,0.06603068113327026
1759644137620725800,12.643725830078125,-0.0068389978259801865,-0.10061715543270111,0.07278019934892654
1759644137630683000,12.653682861328125,-0.002213619416579604,-0.059312593191862106,0.06275579333305359
1759644137640640000,12.663639892578125,-0.007665643002837896,0.0007291734800674021,0.041491784155368805
1759644137650596900,12.673596923828125,-0.00025486451340839267,0.06590231508016586,0.020064787939190865
1759644137660554000,12.683553955078125,0.0029923277907073498,0.11366824060678482,0.00935275573283434
1759644137670511000,12.693510986328125,0.006309827324002981,0.158009335398674,0.0037382792215794325
1759644137680468000,12.703468017578125,0.010330401360988617,0.1753515750169754,0.008136223070323467
1759644137690424000,12.713424072265624,0.018016284331679344,0.16535353660583496,0.009467537514865398
1759644137700381000,12.723380859375,0.01913321390748024,0.14271746575832367,0.023975107818841934
1759644137710337800,12.733337890625,0.02226961962878704,0.12383938580751419,0.04057059437036514
1759644137720295000,12.743294921875,0.026993267238140106,0.10206484794616699,0.045032188296318054
1759644137730252000,12.753251953125,0.03021489456295967,0.07706362754106522,0.03891757130622864
1759644137740209000,12.763208984375,0.02225523814558983,0.04911961033940315,0.026746924966573715
1759644137750166000,12.773166015625,0.014452708885073662,0.010348510928452015,0.019479958340525627
1759644137760123100,12.783123046875,0.010852115228772163,-0.0210682675242424,0.02039475366473198
1759644137770079000,12.793078857421875,0.0012948289513587952,-0.029446305707097054,0.023970846086740494
1759644137780036000,12.8030361328125,-0.00040320257539860904,-0.01804344914853573,0.032456476241350174
1759644137789992700,12.81299267578125,-0.0010783139150589705,-0.004631237126886845,0.026495790109038353
1759644137799949800,12.82294970703125,-0.003229881636798382,0.006216616835445166,0.010833472944796085
1759644137809907000,12.832906982421875,0.0016397082945331931,0.00711596617475152,-0.008275240659713745
1759644137819864000,12.842864013671875,-0.003912449814379215,0.01678244210779667,-0.010881942696869373
1759644137829821000,12.852821044921875,-0.0035233621019870043,0.024413464590907097,0.002612294629216194
1759644137839778000,12.862778076171875,-0.003546531544998288,0.01979234628379345,0.007655256427824497
1759644137849734000,12.87273388671875,0.00047590688336640596,0.007598265074193478,0.004571582190692425
1759644137859691000,12.88269091796875,0.0029265477787703276,-0.004647482186555862,-0.004346811678260565
1759644137869648000,12.89264794921875,0.0038101845420897007,-0.024029435589909554,-0.010333864018321037
1759644137879604700,12.902604736328126,0.006439523305743933,-0.03179042041301727,-0.011069162748754025
1759644137889561900,12.912561767578126,0.003430417738854885,-0.026451313868165016,-0.0073628416284918785
1759644137899519000,12.92251904296875,-0.0032927324064075947,-0.02340305969119072,0.0017278589075431228
1759644137909476000,12.93247607421875,-0.007151652593165636,-0.024748222902417183,0.008581237867474556
1759644137919433000,12.942432861328125,-0.009041964076459408,-0.039620380848646164,0.0029089709278196096
1759644137929389000,12.95238916015625,-0.013098491355776787,-0.040348753333091736,-0.004269313532859087
1759644137939346000,12.962345947265625,-0.01630387268960476,-0.022482139989733696,-0.006191583350300789
1759644137949302800,12.972302734375,-0.015536881983280182,-0.016876718029379845,-0.010655573569238186
1759644137959260000,12.982260009765625,-0.021315941587090492,-0.012859073467552662,-0.01239142194390297
1759644137969216800,12.992216796875,-0.025017468258738518,0.0054216631688177586,-0.007654191460460424
1759644137979174000,13.002173828125,-0.023332752287387848,0.015365374274551868,-0.003745469730347395
1759644137989131000,13.012131103515625,-0.031433556228876114,0.036919400095939636,-0.005565740168094635
1759644137999086800,13.0220869140625,-0.031445808708667755,0.0591898187994957,-0.014574947766959667
1759644138009044000,13.0320439453125,-0.03737426921725273,0.06946216523647308,-0.021399298682808876
1759644138019001000,13.0420009765625,-0.029099827632308006,0.06442399322986603,-0.018861571326851845
1759644138028958000,13.0519580078125,-0.027043601498007774,0.052921537309885025,-0.009495500475168228
1759644138038914800,13.061914794921876,-0.025910159572958946,0.05504434183239937,-0.004535097163170576
1759644138048872000,13.071871826171876,-0.028183966875076294,0.05242299288511276,-0.007459780666977167
1759644138058828800,13.081828857421876,-0.030828220769762993,0.0626884177327156,-0.010007360018789768
1759644138068786000,13.091785888671875,-0.04350806400179863,0.08285333961248398,-0.02353355474770069
1759644138078742000,13.101741943359375,-0.047810930758714676,0.11195822805166245,-0.0453786663711071
1759644138088699000,13.111698974609375,-0.05287972465157509,0.15996649861335754,-0.054068561643362045
1759644138098656000,13.121656005859375,-0.049258358776569366,0.18034687638282776,-0.05751203000545502
1759644138108613000,13.131613037109375,-0.04192987456917763,0.16678552329540253,-0.054660048335790634
1759644138118569700,13.14156982421875,-0.03277845308184624,0.1445704996585846,-0.04824422672390938
1759644138128526800,13.15152685546875,-0.028356274589896202,0.13017398118972778,-0.037101030349731445
1759644138138484000,13.16148388671875,-0.027183150872588158,0.11168099194765091,-0.02684093452990055
1759644138148440800,13.17144091796875,-0.02231835573911667,0.07096631824970245,-0.02051406353712082
1759644138158397000,13.18139697265625,-0.02468191087245941,0.02726411074399948,-0.015783490613102913
1759644138168354000,13.19135400390625,-0.025800971314311028,-0.00544403400272131,-0.01306147314608097
1759644138178311000,13.201310791015626,-0.021825138479471207,-0.047806937247514725,-0.013138704933226109
1759644138188268000,13.21126806640625,-0.0160005372017622,-0.09561040997505188,-0.013502758927643299
1759644138198225000,13.221224853515626,-0.01756674237549305,-0.14303065836429596,-0.0043683829717338085
1759644138208181800,13.231181640625,-0.027154656127095222,-0.16410131752490997,0.012879046611487865
1759644138218139000,13.241138916015625,-0.055865395814180374,-0.14696921408176422,0.05325283482670784
