time,seconds_elapsed,z,y,x
1759310185664090000,0.029090087890625,9.500940375518798,2.524386375427246,-1.4851532173156738
1759310185674172200,0.039172119140625,9.510068269348144,2.5480291168212887,-1.4398130233764648
1759310185684256000,0.049256103515625,9.498246898651123,2.567781280517578,-1.4682441680908203
1759310185694338000,0.059338134765625,9.475651620483397,2.577208449554443,-1.46195938873291
1759310185704421000,0.069421142578125,9.471012854766846,2.6138696624755857,-1.4577695358276366
1759310185714504000,0.07950390625,9.449315402221679,2.619555891418457,-1.4212579605102538
1759310185724587300,0.089587158203125,9.42911432571411,2.5445874519348144,-1.463306127166748
1759310185734670000,0.099670166015625,9.400383905792236,2.4741081405639647,-1.5099930595397948
1759310185744753200,0.109753173828125,9.36626653213501,2.4651298843383787,-1.5070003074645995
1759310185754836000,0.1198359375,9.346664006042479,2.4615385818481443,-1.4935329231262207
1759310185764919000,0.1299189453125,9.323470177459717,2.3910592704772946,-1.4918869094848632
1759310185775002000,0.140002197265625,9.323021264648437,2.3446716133117675,-1.5093945091247558
1759310185785085200,0.150085205078125,9.277381795501709,2.3514053054809567,-1.4947300239562988
1759310185795168300,0.160168212890625,9.254487242126464,2.3523031311035156,-1.5031097297668456
1759310185805251000,0.1702509765625,9.231293413543701,2.2533926750183104,-1.5110405227661132
1759310185815334100,0.180334228515625,9.202862268829346,2.1811177124023438,-1.51942022857666
1759310185825417000,0.1904169921875,9.183559017944335,2.1643583007812497,-1.4236521621704101
1759310185835500000,0.2005,9.128492379760742,2.2665607841491697,-1.3441945945739746
1759310185845583000,0.2105830078125,9.039158730316162,2.329109302520752,-1.2071265495300292
1759310185855666200,0.220666259765625,9.018059828186034,2.236633263397217,-1.0972925483703613
1759310185865749200,0.230749267578125,8.96329246520996,2.196829660797119,-1.0408791717529295
1759310185875832000,0.24083203125,8.836699052429198,2.19623111038208,-0.9753379013061523
1759310185885915100,0.2509150390625,8.72716432647705,2.1721394561767577,-0.9252093040466308
1759310185895998000,0.260998046875,8.566154264831543,2.178424235534668,-0.9246107536315917
1759310185906081300,0.271081298828125,8.37057791671753,2.188599592590332,-0.8500912269592285
1759310185916164000,0.2811640625,8.19026460418701,2.122908684539795,-0.790385823059082
1759310185926247200,0.2912470703125,7.998728471374511,2.0253449668884276,-0.7983166160583496
1759310185936330000,0.301330078125,7.7319246238708494,1.947832688140869,-0.9023147506713867
1759310185946413000,0.3114130859375,7.527220381927489,1.9032406822204588,-0.9626187049865722
1759310185956496100,0.32149609375,7.395688928222656,1.9228432083129883,-0.9171288734436035
1759310185966579200,0.3315791015625,7.421127320861816,1.9662381134033202,-0.7068880401611328
1759310185976662300,0.341662353515625,7.437288182067871,2.1082441993713377,-0.34102409896850583
1759310185986745000,0.3517451171875,7.4609309234619134,2.270900274658203,0.016909049224853513
1759310185996828200,0.361828125,7.522731253814697,2.4154501998901368,0.3007715835571289
1759310186006911000,0.371910888671875,7.526472193908691,2.4474726470947266,0.5147533569335937
1759310186016994000,0.381994140625,7.639598222351074,2.520495797729492,0.7263409286499023
1759310186027077000,0.3920771484375,7.759009030151367,2.588281632232666,1.0232219345092772
1759310186037160200,0.40216015625,7.8399629737854,2.4992472579956053,1.2732663703918456
1759310186047243000,0.412242919921875,7.885602442932129,2.45794727935791,1.6319477066040038
1759310186057326000,0.422326171875,8.022071937561035,2.7268460533142087,2.19623111038208
1759310186067409200,0.4324091796875,8.061875540161132,2.980032878875732,2.7392659744262695
1759310186077492000,0.442491943359375,8.0828248046875,3.469198205566406,3.3637036949157713
1759310186087575300,0.4525751953125,8.062324452972412,4.026299004364013,3.97736750793457
1759310186097658000,0.462658203125,7.936628865814209,4.59671754989624,4.510825565338134
1759310186107741200,0.4727412109375,7.778312281036376,5.108777429962158,4.93474889678955
1759310186117824000,0.482823974609375,7.615656205749511,5.622782598876952,5.287295091247558
1759310186127907000,0.492906982421875,7.483975114440917,6.09728344039917,5.529708009338378
1759310186137990000,0.502989990234375,7.2909426055908195,6.2222308395385735,5.4230163978576655
1759310186148073200,0.5130732421875,6.864475434875488,6.287622472381591,5.102492650604248
1759310186158156000,0.523156005859375,6.375609383392334,6.188712016296386,4.377648097991943
1759310186168239000,0.533239013671875,6.0239610145568845,6.309619200134277,3.651157531738281
1759310186178322200,0.543322265625,5.576694216918945,6.366182214355469,2.9185318237304685
1759310186188405000,0.553405029296875,5.202300932312012,6.375609383392334,2.2288521080017087
1759310186198488000,0.563488037109375,5.08782816543579,6.528838289642334,1.797147621154785
1759310186208571100,0.573571044921875,4.966172793579101,6.757484548187255,1.6493056686401366
1759310186218654200,0.583654296875,4.828955110931396,7.132027470397949,1.802235299682617
1759310186228737000,0.593737060546875,4.630984561157226,7.429058113861084,1.9372084182739258
1759310186238820000,0.603820068359375,4.414458948516845,7.530961322021484,2.089539498901367
1759310186248903000,0.61390283203125,4.246864832305908,7.527519657135009,2.2201731269836427
1759310186258985700,0.62398583984375,4.078522528076172,7.495497209930419,2.2198738517761227
1759310186269069000,0.634069091796875,3.675398823547363,7.428309925842285,2.051232272338867
1759310186279151900,0.64415185546875,3.1206922264099117,7.456741070556641,1.7185878791809082
1759310186289235000,0.65423486328125,2.3850737663269044,7.708730795288085,1.2629413757324217
1759310186299317800,0.66431787109375,1.6449661781311034,8.252813122558594,0.8098387115478515
1759310186309400800,0.67440087890625,0.9693523971557617,9.044695321655272,0.304512523651123
1759310186319483600,0.684483642578125,0.38830958175659175,10.017938296508788,-0.11507131729125976
1759310186329567000,0.69456689453125,-0.19617489852905273,11.171195308685302,-0.39743747558593745
1759310186339649800,0.70464990234375,-0.8870517150878906,12.382062798309326,-0.46671968612670894
1759310186349732900,0.71473291015625,-1.6585832000732421,13.57871471557617,-0.2507926239013672
1759310186359816000,0.72481591796875,-2.608033795928955,14.718504343414306,0.11985972061157225
1759310186369898800,0.734898681640625,-3.467252916717529,15.708057817077636,0.653766690826416
1759310186379981800,0.74498193359375,-4.094234476470947,16.26186658859253,1.3705308128356932
1759310186390065000,0.75506494140625,-4.755333409881591,16.430358530426023,2.2372318138122558
1759310186400148000,0.76514794921875,-5.136161111450195,16.544681659698487,3.228730576324463
1759310186410230800,0.775230712890625,-5.300912113189697,16.607080540466306,4.22591556777954
1759310186420313900,0.78531396484375,-5.147234294128418,16.782156536865234,5.262754524230957
1759310186430396700,0.795396728515625,-4.6909892402648925,17.099837169647216,6.338648895263671
1759310186440479700,0.805479736328125,-4.046350443267822,17.39088230895996,7.475296133422851
1759310186450563000,0.81556298828125,-3.1952117530822752,17.4941322555542,8.539668408966063
1759310186460646000,0.82564599609375,-2.2288521080017087,17.149666491699218,9.217676391601563
1759310186470729000,0.83572900390625,-1.389235513305664,16.112827535247803,8.939051173400879
1759310186480811800,0.845811767578125,-0.8792705596923828,14.899715481567382,8.022820125579834
1759310186490894800,0.855894775390625,-0.4278139091491699,14.080599238586425,7.336881349945068
1759310186500977700,0.865977783203125,-0.32411504974365235,13.59816760406494,6.785616417694091
1759310186511061000,0.87606103515625,-0.3037643356323242,13.142221825408935,6.318896731567382
1759310186521143800,0.886143798828125,-0.057610477447509766,12.522273233032227,5.961113220977783
1759310186531227000,0.896226806640625,0.6610989334106445,11.705251916503906,5.7900774398803705
1759310186541310000,0.90631005859375,1.8064251525878905,10.735151331329345,5.749525649261474
1759310186551392800,0.916392822265625,3.2519244049072262,9.697264911651612,5.802497360992431
1759310186561475800,0.926475830078125,4.208707243347168,8.7463179397583,5.73964956741333
1759310186571559000,0.936558837890625,4.41191510925293,7.93528212738037,5.131671983337402
1759310186581642000,0.94664208984375,4.408473444366455,7.1215528381347655,3.8961142890930174
1759310186591724800,0.956724853515625,3.806930277252197,6.649895111083984,2.667290287017822
1759310186601808000,0.966807861328125,3.343502618408203,6.860135944366455,1.9262848731994628
1759310186611890700,0.976890625,3.1384991012573242,7.523329804229736,1.5746365043640136
1759310186621973800,0.986973876953125,3.2371102821350095,8.412027532958984,1.5300444984436035
1759310186632056800,0.997056884765625,3.6070144386291503,9.286509689331055,1.668160006713867
1759310186642140000,1.007139892578125,3.937114992523193,9.841216286468505,1.7790414710998534
1759310186652223000,1.017222900390625,4.060266740417481,9.872041632843017,1.7151462142944336
1759310186662305800,1.027305908203125,3.9326258644104,9.46816974029541,1.52585464553833
1759310186672388900,1.037388916015625,3.7084687339782714,9.02135185546875,1.3356652511596678
1759310186682471700,1.0474716796875,3.5693057624816893,8.691101663970947,1.216254443359375
1759310186692555000,1.057554931640625,3.5887586509704588,8.554781806945801,1.1839327209472656
1759310186702637800,1.067637939453125,3.656245210266113,8.51063871383667,1.0709563301086424
1759310186712721000,1.077720947265625,3.8290766426086424,8.61897633895874,1.0574889457702636
1759310186722803700,1.0878037109375,3.966593600463867,8.866327297973632,1.1231798538208007
1759310186732886800,1.09788671875,3.948786725616455,9.079710520935057,1.1752537399291991
1759310186742969900,1.107969970703125,3.830124105834961,9.208099584960937,1.2740145584106444
1759310186753053000,1.118052978515625,3.7174469902038574,9.22575682220459,1.34718734664917
1759310186763136000,1.128135986328125,3.586813362121582,9.166500331115722,1.3733739273071288
1759310186773218800,1.13821875,3.5034652168273923,9.087940589141844,1.4387655601501463
1759310186783302000,1.148302001953125,3.5449148330688476,9.005340631866455,1.5435118827819823
1759310186793384700,1.158384765625,3.6960488128662106,8.91840118408203,1.6626234153747557
1759310186803467800,1.1684677734375,3.860650177001953,8.798990376281738,1.691204197692871
1759310186813550800,1.17855078125,3.879205239868164,8.654889363861084,1.643320164489746
1759310186823634000,1.188634033203125,3.899555953979492,8.4528785987854,1.5741875915527344
1759310186833717000,1.198717041015625,3.878457051849365,8.230517119598389,1.5195698661804198
1759310186843799800,1.2087998046875,3.753210377502441,8.07534292449951,1.4284405654907226
1759310186853883000,1.2188828125,3.5544916397094726,7.928847710418701,1.2629413757324217
1759310186863965700,1.228965576171875,3.2154128295898436,7.804498861694335,1.0369885940551757
1759310186874049000,1.239049072265625,2.7747300865173337,7.6750623344421385,0.8360252922058105
1759310186884131800,1.2491318359375,2.333299155426025,7.576900066375732,0.6732195793151855
1759310186894215000,1.25921484375,1.966986301422119,7.537994289398193,0.520289948272705
1759310186904297700,1.269297607421875,1.698835715484619,7.544727981567382,0.4134486991882324
1759310186914380800,1.279380859375,1.4751274978637694,7.639298947143554,0.34446576385498046
1759310186924463900,1.2894638671875,1.3199533027648924,7.783250321960449,0.24914661026000975
1759310186934547000,1.299546875,1.2485761657714842,7.893832511138916,0.15861585998535155
1759310186944630000,1.309630126953125,1.261594637298584,7.999027746582031,0.12719196319580078
1759310186954712800,1.319712890625,1.399560507965088,8.117989641571045,0.09995791931152344
1759310186964796000,1.3297958984375,1.5055039314270018,8.20388162612915,0.12000935821533203
1759310186974878700,1.339878662109375,1.553986515045166,8.302492807006836,0.11088146438598633
1759310186984961800,1.3499619140625,1.5685013626098632,8.454823887634277,0.16295535049438475
1759310186995044900,1.360044921875,1.6027683738708496,8.574683608245849,0.2570774032592773
1759310187005128000,1.3701279296875,1.6231190879821777,8.608052793884276,0.3012204963684082
1759310187015210800,1.380210693359375,1.654842259979248,8.620622352600098,0.28206688308715816
1759310187025293800,1.3902939453125,1.66636435546875,8.638878140258788,0.2316390106201172
1759310187035377000,1.400376953125,1.746869386291504,8.780285675811767,0.12973580245971678
1759310187045459700,1.410459716796875,1.917156979370117,8.916156620025633,0.057610477447509766
1759310187055543000,1.42054296875,2.0706851608276367,9.133280783081053,-0.06569090805053711
1759310187065625900,1.4306259765625,2.0364181495666505,9.472209955596924,-0.2246060432434082
1759310187075709000,1.440708984375,1.8791490280151366,9.854683670806883,-0.4103063095092773
1759310187085791700,1.450791748046875,1.8124106567382812,10.24000050048828,-0.5431845016479492
1759310187095874800,1.460874755859375,1.9764134704589842,10.646266594696044,-0.6272808349609375
1759310187105957600,1.47095751953125,2.277035416412353,11.139472136688232,-0.7694365585327148
1759310187116041000,1.481041015625,2.5233389122009275,11.685799028015136,-0.9980828170776367
1759310187126124000,1.4911240234375,2.6390087799072264,12.132467275238037,-1.234809506225586
1759310187136206800,1.501206787109375,2.529922966766357,12.418275098419189,-1.515679288482666
1759310187146290000,1.5112900390625,2.3259669128417966,12.51972939376831,-1.8854338073730468
1759310187156372700,1.521372802734375,2.2942437408447263,12.378022583007812,-2.2288521080017087
1759310187166455800,1.531455810546875,2.5124153671264646,12.121992642974853,-2.638110954284668
1759310187176539000,1.541538818359375,2.8157307899475095,12.138901692199706,-3.268085266113281
1759310187186622000,1.5516220703125,3.0324060401916504,12.428450455474852,-4.056076887512207
1759310187196704800,1.561704833984375,3.098396223449707,12.931831354522703,-4.9066170272827145
1759310187206787800,1.571787841796875,3.0654759506225586,13.49042852935791,-5.791124903106689
1759310187216871000,1.581870849609375,2.9314006576538083,13.984082984161375,-6.583456015014648
1759310187226953700,1.59195361328125,2.602497204589844,14.252832120513915,-6.967126831054687
1759310187237037000,1.602037109375,2.307112574768066,14.378378070068358,-7.020098542785644
1759310187247120000,1.612119873046875,2.1728876441955567,14.29502992477417,-6.851008050537109
1759310187257203000,1.622202880859375,2.038513076019287,13.920187727355955,-6.586748042297363
1759310187267285800,1.63228564453125,1.9595044212341308,13.325378252410887,-6.432770948028564
1759310187277368800,1.642368896484375,1.7932570434570312,12.586916677856445,-6.484246283721923
1759310187287451600,1.65245166015625,1.4829086532592772,11.649586727905273,-6.738330934906005
1759310187297534700,1.66253466796875,1.0733505317687988,10.63654015045166,-7.031171725463866
1759310187307617800,1.67261767578125,0.7231985389709472,9.783456171417235,-7.177966214752197
1759310187317700900,1.682700927734375,0.44412440795898434,9.183858293151856,-7.055413017272949
1759310187327784000,1.692783935546875,0.09741408004760742,8.827870433807373,-6.6145806365966795
1759310187337866800,1.70286669921875,-0.2953846298217773,8.591143744659423,-6.06496171798706
1759310187347949800,1.71294970703125,-0.6628945846557617,8.366687339019775,-5.544821407318115
1759310187358032600,1.72303271484375,-0.9048585899353027,8.117091815948486,-5.052812966156005
1759310187368116000,1.733115966796875,-1.0260650489807128,7.943212920379638,-4.64101028060913
1759310187378198800,1.74319873046875,-1.1161468864440918,7.907748808288574,-4.291157563018799
1759310187388281900,1.75328173828125,-1.25770405960083,7.87168614578247,-4.051288484191894
1759310187398364700,1.76336474609375,-1.4254478134155273,7.80794052658081,-3.9504327392578125
1759310187408447700,1.77344775390625,-1.6162357582092284,7.6470801025390625,-3.8988077659606932
1759310187418530800,1.78353076171875,-1.7212813560485838,7.377882053375243,-3.877259951019287
1759310187428614000,1.79361376953125,-1.6964415138244628,7.079654309082031,-3.860650177001953
1759310187438697000,1.803697021484375,-1.6436194396972654,6.873603328704833,-3.7844846366882323
1759310187448779800,1.81377978515625,-1.6133926437377928,6.757334910583496,-3.6124013923645015
1759310187458862800,1.82386279296875,-1.5867571502685547,6.693140378570556,-3.3809120193481443
1759310187468945700,1.833945556640625,-1.513584362030029,6.602908903503417,-3.1209915016174317
1759310187479028700,1.84402880859375,-1.37906015625,6.498761131286621,-2.874388730621338
1759310187489111800,1.85411181640625,-1.268029054260254,6.414664797973632,-2.658461668395996
1759310187499195000,1.86419482421875,-1.2216413970947264,6.421398490142822,-2.526930214691162
1759310187509277700,1.874277587890625,-1.1655272956848144,6.455216588592529,-2.3726538452148436
1759310187519360800,1.88436083984375,-1.11075993270874,6.549937191772461,-2.290053887939453
1759310187529443800,1.89444384765625,-1.09819037399292,6.731148329925537,-2.281225269317627
1759310187539526700,1.904526611328125,-1.1516109985351561,6.937498585510253,-2.4349030883789062
1759310187549610000,1.91460986328125,-1.2524667434692383,7.141753914642334,-2.6158149513244626
1759310187559692800,1.92469287109375,-1.3608043685913085,7.354089674377441,-2.814832964324951
1759310187569775900,1.93477587890625,-1.3853449356079102,7.655459808349609,-3.0557495063781737
1759310187579858700,1.944858642578125,-1.3753192161560057,8.084470818328857,-3.2863410537719724
1759310187589941800,1.954941650390625,-1.3883376876831053,8.713397666931153,-3.5968390815734863
1759310187600024600,1.965024658203125,-1.4534300453186035,9.498695811462401,-3.941155207824707
1759310187610108000,1.97510791015625,-1.4987702392578124,10.24703346786499,-4.294898503112793
1759310187620191000,1.98519091796875,-1.5141829124450683,10.867879885864257,-4.447828134155273
1759310187630273800,1.995273681640625,-1.5049053810119628,11.393407150268555,-4.48179587020874
1759310187640356900,2.00535693359375,-1.5123872611999511,11.904269929504395,-4.637867890930176
1759310187650439700,2.015439697265625,-1.6041151123046875,12.53888300704956,-5.030516963195801
1759310187660522800,2.025522705078125,-1.6654665298461913,13.411419874572752,-5.67530539779663
1759310187670605800,2.035605712890625,-1.5161282012939452,14.596400058746337,-6.321590208435058
1759310187680689000,2.04568896484375,-1.210418576812744,15.893907720947265,-6.788609169769287
1759310187690771700,2.055771728515625,-1.024718310546875,16.844405780029295,-6.815394300842285
1759310187700854800,2.065854736328125,-1.0209773704528808,17.195754873657226,-6.521057134246826
1759310187710937900,2.075937744140625,-0.7879916213989258,16.93239269104004,-6.210110193634033
1759310187721020700,2.086020751953125,-0.18166005096435545,16.1273423828125,-5.982960311126709
1759310187731104000,2.09610400390625,0.41838674011230464,15.218443577575682,-6.019771161651611
1759310187741186800,2.106186767578125,0.718260498046875,14.297723401641845,-6.316652167510986
1759310187751270000,2.116269775390625,0.5970540390014648,13.333907595825195,-6.683713209533691
1759310187761352700,2.126352783203125,0.29837738189697266,12.520477581787109,-7.082347785949707
1759310187771435800,2.136435791015625,0.026485855865478514,11.77977144317627,-7.260715809631347
1759310187781518600,2.1465185546875,-0.12958616485595703,10.985644680023192,-7.203703882598877
1759310187791602000,2.156601806640625,0.035763387298583985,10.167725537872315,-7.0759133689880365
1759310187801684700,2.166684814453125,0.32920272827148434,9.246706086730956,-6.893804405212402
1759310187811767800,2.176767822265625,0.670975015258789,8.106617183685302,-6.573729570770263
1759310187821851000,2.186850830078125,0.9497498710632324,6.900538097381592,-6.207865629577636
1759310187831933700,2.19693359375,1.0476128639221192,5.738003553771972,-5.8732759475708
1759310187842016800,2.207016845703125,0.9858125335693358,4.633977313232422,-5.582530083465576
1759310187852099800,2.217099853515625,0.8544307174682617,3.6833296165466307,-5.363011718749999
1759310187862183000,2.227182861328125,0.5669768806457519,2.8685528640747067,-5.107879604339599
1759310187872265700,2.237265625,0.20769699401855468,2.216731462097168,-4.813093524932861
1759310187882348800,2.247348876953125,-0.056712651824951166,1.7432780838012694,-4.536413595581054
1759310187892431600,2.257431640625,-0.1375169578552246,1.342698218536377,-4.4184991638183595
1759310187902514700,2.2675146484375,0.09442132797241211,1.1085153686523437,-4.332607179260254
1759310187912598000,2.277597900390625,0.486471849822998,1.1707646118164061,-4.252401423645019
1759310187922680800,2.287680908203125,0.9302969825744628,1.5429133323669433,-4.132990615844727
1759310187932764000,2.297763916015625,1.3254898941040039,2.260724917602539,-4.011484881591796
1759310187942846700,2.3078466796875,1.6172832214355468,3.368192823028564,-3.968538889312744
1759310187952929800,2.3179296875,1.9454384864807128,4.822819969177246,-4.025700453948974
1759310187963012600,2.3280126953125,2.314893730163574,6.368726053619384,-4.399495188140869
1759310187973096000,2.338095947265625,2.3876176055908203,7.732672811889648,-5.0109144371032714
1759310187983178800,2.3481787109375,2.3138462669372557,8.716390419006347,-5.530007284545898
1759310187993261800,2.35826171875,2.4416367805480954,9.216479290771483,-5.814767644500732
1759310188003345000,2.368344970703125,2.7199627235412596,9.285312588500975,-5.891831010437011
1759310188013427700,2.378427734375,3.1286230194091793,9.184606481170654,-5.720645591735839
1759310188023510800,2.3885107421875,3.7044285186767576,9.228599936676025,-5.317072974395751
1759310188033593900,2.39859375,4.238485126495361,9.58952583694458,-4.7466544288635255
1759310188043677000,2.408677001953125,4.627692533874511,10.11954222946167,-4.0075943038940425
1759310188053759700,2.418759765625,4.912003981018066,10.632649572753905,-3.06427884979248
1759310188063842800,2.4288427734375,5.099649536132812,11.078868907165527,-2.015319247436523
1759310188073925600,2.438925537109375,5.363909544372558,11.444433573150635,-0.8777741836547851
1759310188084008700,2.4490087890625,5.634753607177734,11.61262623977661,0.26440964584350585
1759310188094091800,2.459091796875,5.917419040679931,11.624597248077391,1.2761094848632812
1759310188104174800,2.4691748046875,6.113743576812744,11.468824502563477,2.102408332824707
1759310188114258000,2.4792578125,6.046406655120849,11.118672509765624,2.715323957824707
1759310188124340700,2.4893408203125,5.711966610717773,10.449792420959472,3.0461726997375487
1759310188134423800,2.499423828125,5.191826300048827,9.412953464508057,3.018938655853271
1759310188144506600,2.509506591796875,4.6636055587768555,8.154351579284668,2.658461668395996
1759310188154590000,2.51958984375,4.204966303253173,6.902184111022949,2.1541829437255857
1759310188164672800,2.5296728515625,3.797353470611572,5.749974562072754,1.7143980262756346
1759310188174755800,2.539755859375,3.407248237609863,4.710292491149902,1.3697826248168945
1759310188184839700,2.549839599609375,3.017741555023193,3.8501755447387693,1.0238204849243164
1759310188194923000,2.559923095703125,2.7263971405029297,3.2595559226989743,0.7532756973266601
1759310188205005800,2.570005859375,2.563292152404785,3.0023288818359375,0.5770026000976562
1759310188215089000,2.5800888671875,2.3344962562561036,3.0193875686645506,0.4921580787658691
1759310188225171700,2.590171630859375,2.2475568084716797,3.2191537696838375,0.5312134933471679
1759310188235254800,2.6002548828125,2.1924901702880857,3.433434818267822,0.6361094535827636
1759310188245337600,2.610337646484375,2.211344508361816,3.6170401580810543,0.7012018112182616
1759310188255421400,2.62042138671875,2.239476377868652,3.8154596206665037,0.6278793853759765
1759310188265504300,2.630504150390625,2.2182278381347653,4.199579349517822,0.4923077163696289
1759310188275587300,2.64058740234375,2.3484125534057614,4.959439101409912,0.3318962051391601
1759310188285670400,2.65067041015625,2.737470323181152,6.018424423217773,0.22834698333740233
1759310188295753200,2.660753173828125,3.266888165283203,7.347056707000732,0.21622633743286132
1759310188305836300,2.670836181640625,3.768473413085937,8.979752601623535,0.1710357810974121
1759310188315919400,2.68091943359375,4.031386682891846,10.818948389434814,-0.21652561264038084
1759310188326002400,2.69100244140625,3.6285622535705566,12.795810772705078,-1.0859200904846191
1759310188336085200,2.701085205078125,2.5469816535949708,14.85661985168457,-2.26641114654541
1759310188346168300,2.711168212890625,0.8738836059570312,16.41434730682373,-3.656245210266113
1759310188356251100,2.721251220703125,-0.7407061386108398,16.892439450836182,-4.924573539733887
1759310188366334200,2.731334228515625,-1.898601916503906,16.37125167694092,-5.797858595275879
1759310188376417300,2.741417236328125,-2.357241172027588,15.550489420318602,-6.329521001434326
1759310188386500400,2.751500244140625,-2.086546746826172,14.854674562835692,-6.613084260559082
1759310188396583400,2.76158349609375,-1.4603133750915527,14.290989709472655,-6.57597413482666
1759310188406666200,2.771666259765625,-1.073799444580078,13.577667252349853,-6.322488034057617
1759310188416749300,2.781749267578125,-0.8641571617126464,12.918812882995605,-5.638045634460449
1759310188426832100,2.79183203125,-0.9677063835144042,12.702586545562744,-4.584746541595459
1759310188436915500,2.80191552734375,-1.3245920684814452,12.822146990966797,-3.6332010192871094
1759310188446998300,2.811998291015625,-1.6877625328063963,13.04301209411621,-3.0743045692443847
1759310188457081300,2.822081298828125,-1.7422306205749511,13.223325406646728,-2.7156232330322263
1759310188467164200,2.8321640625,-1.43008657913208,13.077728018188475,-2.403778466796875
1759310188477247200,2.842247314453125,-0.7911340110778808,12.424859152984618,-2.1184195564270016
1759310188487330300,2.852330322265625,0.02154781494140625,11.50488716506958,-1.919850456237793
1759310188497413400,2.862413330078125,0.7206546997070312,10.532990928649902,-1.6579846496582031
1759310188507496400,2.872496337890625,1.1743559143066407,9.543587092590332,-1.486948868560791
1759310188517579300,2.882579345703125,1.369333712005615,8.744073375701904,-1.4841057540893554
1759310188527662300,2.892662353515625,1.4333786064147949,8.123825508117676,-1.6112977172851561
1759310188537745200,2.9027451171875,1.460163737487793,7.734318825531005,-1.7034744812011717
1759310188547828200,2.912828125,1.560869844818115,7.500135975646972,-1.5764321556091307
1759310188557911300,2.922911376953125,1.5222633430480956,7.195773089599609,-1.2852373786926268
1759310188567994400,2.932994384765625,1.4215572357177733,6.839485955047607,-1.046415763092041
1759310188578077400,2.943077392578125,1.3076830192565918,6.519261483001708,-0.9310451705932616
1759310188588160300,2.95316015625,1.1969511924743652,6.397606111145019,-0.9262567672729491
1759310188598243300,2.963243408203125,1.1201871017456053,6.503100621795654,-0.9687538467407226
1759310188608326100,2.973326171875,1.0396820709228516,6.688950525665283,-1.0003273811340332
1759310188618409500,2.983409423828125,0.8789712844848633,6.876296805572509,-1.1284171699523926
1759310188628492300,2.9934921875,0.5943605621337891,7.109731467437744,-1.388636962890625
1759310188638575400,3.003575439453125,0.22610241928100586,7.415441091918945,-1.7148469390869139
1759310188648658200,3.013658203125,-0.1500865165710449,7.7772648178100585,-2.065298207092285
1759310188658741200,3.0237412109375,-0.45190556335449217,8.12173058166504,-2.5755624359130858
1759310188668824300,3.03382421875,-0.6414964073181152,8.521861534118651,-3.1658827827453613
1759310188678907400,3.043907470703125,-0.8188169677734375,9.025392070770263,-3.8174049095153806
1759310188688990500,3.053990478515625,-0.9739911628723144,9.637409870147705,-4.413411485290527
1759310188699073300,3.0640732421875,-1.0917559570312498,10.333075090026854,-4.988019883728027
1759310188709156400,3.07415625,-1.2687772422790526,11.19139638519287,-5.381716419219971
1759310188719239200,3.0842392578125,-1.4802151763916014,12.222549112701415,-5.50292287826538
1759310188729322200,3.094322265625,-1.6298527801513671,13.37430974884033,-5.263203437042236
1759310188739405300,3.1044052734375,-1.5331868881225585,14.401272623443603,-4.526687151336669
1759310188749488400,3.11448828125,-1.2237363235473633,15.093645816040038,-3.3797149185180664
1759310188759571200,3.1245712890625,-0.699106884765625,15.276502967834471,-2.2631191192626954
1759310188769654300,3.134654296875,-0.11985972061157225,15.089904875946043,-1.3920786277770996
1759310188779737300,3.1447373046875,0.6022913551330566,14.723592021942137,-0.8684966522216796
1759310188789820200,3.154820068359375,1.4354735328674315,14.157961879730223,-0.5756558616638183
1759310188799903500,3.164903564453125,2.4289175842285156,13.424587983703612,-0.48452656097412106
1759310188809986300,3.174986328125,3.5040637672424313,12.346000135803221,-0.6522703147888184
1759310188820069400,3.1850693359375,4.578910675048828,10.947936003875732,-1.1520599113464354
1759310188830152200,3.195152099609375,5.960514670562744,9.238326380920409,-1.8930653251647949
1759310188840235300,3.2052353515625,6.972813059997558,7.142801377868652,-2.7199627235412596
1759310188850318000,3.215318115234375,7.3006690498352045,5.436034869384765,-3.59444487991333
1759310188860401400,3.2254013671875,6.9972039894104,4.863970310211181,-4.457404940795898
1759310188870484500,3.235484375,6.131400814056396,5.657648160552978,-5.027075298309326
1759310188880567300,3.2455673828125,5.229385338592529,7.353790399169921,-5.289689292907714
1759310188890650400,3.255650390625,4.5139679550170895,9.151985483551025,-5.466860215759277
1759310188900733200,3.265733154296875,3.930231662750244,10.506056159973143,-5.6772506866455075
1759310188910816300,3.275816162109375,3.4982279006958006,11.282675323486327,-5.851279219818115
1759310188920899300,3.2858994140625,3.4563293716430663,11.35719485015869,-5.917269403076172
1759310188930982400,3.295982421875,3.5631706207275387,10.55917750930786,-5.550806911468506
1759310188941065200,3.306065185546875,3.571400688934326,9.413252739715576,-4.66704722366333
1759310188951148300,3.316148193359375,3.5048119552612302,8.505102122497558,-3.680785777282715
1759310188961231000,3.326231201171875,3.3197102394104,8.023119400787353,-2.8048072448730466
1759310188971314200,3.336314208984375,2.952798834991455,7.920916917419433,-2.073079362487793
1759310188981397500,3.3463974609375,2.5369559341430663,7.934384301757812,-1.3670891479492187
1759310188991481300,3.3564814453125,2.140865196990967,7.870339407348633,-0.6742670425415038
1759310189001564200,3.366564208984375,1.9430442848205565,7.62912359008789,0.01810615005493164
1759310189011647200,3.376647216796875,1.9967641845703124,7.221660395050049,0.5916670852661132
1759310189021730300,3.386730224609375,2.123507234954834,6.632387511444091,0.9796773918151855
1759310189031813400,3.3968134765625,2.262670206451416,5.922506719207763,1.1751041023254394
1759310189041896400,3.406896484375,2.3505074798583983,5.181800580596923,1.1848305465698241
1759310189051979300,3.416979248046875,2.39420166015625,4.538059609222412,1.075146183013916
1759310189062062300,3.427062255859375,2.3198317710876464,4.070142822265625,0.8334814529418945
1759310189072145200,3.437145263671875,2.2041619033813475,3.7389948051452633,0.4789899696350097
1759310189082228500,3.447228515625,2.066644945526123,3.591751403045654,0.10414777221679687
1759310189092311300,3.457311279296875,1.932569652557373,3.573794890594482,-0.20949264526367187
1759310189102394400,3.467394287109375,1.8249802154541015,3.6936546112060546,-0.5021837982177734
1759310189112477200,3.477477294921875,1.758241844177246,3.923348332977295,-0.7052420265197753
1759310189122560300,3.487560302734375,1.7938555938720702,4.32886623916626,-0.8161234909057616
1759310189132643300,3.497643310546875,1.9017443061828612,4.912003981018066,-0.8616133224487305
1759310189142726400,3.507726318359375,2.0944775398254394,5.610512315368652,-0.8432078971862792
1759310189152809500,3.5178095703125,2.4067712188720702,6.340893459320068,-0.7890390846252441
1759310189162892300,3.527892333984375,2.823212670135498,7.016956153106689,-0.8322843521118164
1759310189172975400,3.537975341796875,3.3420062423706054,7.542932330322265,-1.0342951171875
1759310189183058200,3.54805810546875,3.8989574035644528,7.877372374725342,-1.3263877197265623
1759310189193141200,3.558141357421875,4.473266526794434,8.032097657012939,-1.6940473121643065
1759310189203224300,3.568224365234375,5.188384635162353,8.061127352142334,-2.0747253761291504
1759310189213307400,3.578307373046875,5.887341882324218,8.136245429229735,-2.396296586608887
1759310189223390500,3.588390380859375,6.462249555969238,8.411728257751465,-2.5909751091003415
1759310189233473300,3.598473388671875,6.807463507843017,8.888174388122557,-2.688389189147949
1759310189243556400,3.608556396484375,7.075614093780517,9.515305585479735,-2.6307787117004393
1759310189253639200,3.61863916015625,7.158513326263427,10.191817192077636,-2.3377882835388184
1759310189263721500,3.628721435546875,7.1038956008911125,10.849175185394287,-1.9340660285949707
1759310189273804500,3.638804443359375,7.007080071258544,11.504737527465819,-1.6009727226257324
1759310189283887400,3.648887451171875,6.97834965133667,12.15521219100952,-1.43652099609375
1759310189293970400,3.658970458984375,6.921337724304199,12.562076835632324,-1.5556325286865234
1759310189304053200,3.66905322265625,6.740126586151122,12.369642877197265,-1.9710265167236327
1759310189314136300,3.67913623046875,6.433219860839843,11.536909612274169,-2.5273791275024413
1759310189324219400,3.689219482421875,6.02066898727417,10.458621039581299,-2.961477816009521
1759310189334302500,3.699302490234375,5.4896051315307615,9.600599019622802,-3.144933518218994
1759310189344385300,3.70938525390625,4.8032174430847165,9.220968418884278,-3.134009973144531
1759310189354468400,3.71946826171875,4.042459865570068,9.190591985321044,-2.958036151123047
1759310189364551400,3.729551513671875,3.3132758224487304,9.113229344177245,-2.6837504234313965
1759310189374634200,3.73963427734375,2.684648249053955,8.838943616485595,-2.3772926109313963
1759310189384717600,3.749717529296875,2.2322937728881835,8.486098146820067,-2.048688433074951
1759310189394800400,3.75980029296875,1.8652327308654784,8.138639630889893,-1.7387889556884764
1759310189404883500,3.769883544921875,1.64077632522583,7.989151664733886,-1.4695909065246582
1759310189414966300,3.77996630859375,1.4999673400878906,8.06397046661377,-1.2798504249572753
1759310189425049300,3.79004931640625,1.3326724990844725,8.221838138580322,-1.21939683303833
1759310189435132200,3.800132080078125,1.2132616912841796,8.489539811706543,-1.1996446693420408
1759310189445215500,3.810215576171875,1.1200374641418456,8.74646757736206,-1.2324153045654296
1759310189455298300,3.82029833984375,1.011849476623535,8.814403049468993,-1.2639888389587401
1759310189465381400,3.83038134765625,0.9762357269287109,8.689156375122069,-1.2451345008850097
1759310189475464400,3.84046435546875,1.007360348510742,8.428936582183837,-1.1768997535705565
1759310189485547300,3.85054736328125,1.0962450851440428,8.18412946243286,-1.069310316467285
1759310189495630300,3.86063037109375,1.13649760055542,7.972092977905273,-0.8951321456909179
1759310189505713400,3.87071337890625,1.2722189071655272,7.840561524200439,-0.635211627960205
1759310189515796500,3.88079638671875,1.3263877197265623,7.7886372756958,-0.4132990615844726
1759310189525879300,3.89087939453125,1.3269862701416015,7.764844896697998,-0.1527799934387207
1759310189535962400,3.90096240234375,1.3117232345581054,7.76319888305664,0.1406593475341797
1759310189546045200,3.911045166015625,1.1469722328186034,7.766191635131835,0.42272623062133785
1759310189556128300,3.921128173828125,0.902763663482666,7.8070427009582515,0.7302315063476562
1759310189566211600,3.931211669921875,0.6739677673339843,7.8624086143493646,1.0404302589416503
1759310189576294400,3.94129443359375,0.43230303726196284,7.880215489196777,1.3555670524597168
1759310189586377500,3.95137744140625,0.26964696197509763,7.842506813049316,1.5696984634399413
1759310189596460300,3.961460205078125,0.17028759307861327,7.725639844512939,1.675941162109375
1759310189606543400,3.97154345703125,0.15113397979736326,7.606378674316406,1.6359879219055176
1759310189616626200,3.981626220703125,0.14290391159057617,7.617751132202148,1.5483002861022948
1759310189626709500,3.99170947265625,0.24465748214721678,7.748384760284424,1.377713417816162
1759310189636792300,4.001792236328125,0.44592005920410155,8.131157750701904,1.1336544860839843
1759310189646875400,4.01187548828125,0.6344634399414062,8.707112887573242,0.8355763793945312
1759310189656958500,4.02195849609375,0.6919242797851562,9.650278704071045,0.4112041351318359
1759310189667041300,4.032041259765625,0.7345709968566894,11.233294914245604,-0.1304839904785156
1759310189677124400,4.042124267578125,0.8470984748840331,13.450624926757811,-0.7273883918762206
1759310189687207400,4.05220751953125,0.9865607215881347,16.088286968231202,-1.210418576812744
1759310189697291300,4.062291259765625,0.9356839363098144,18.73103668823242,-1.3887866004943847
1759310189707374300,4.072374267578125,0.45010991210937495,20.707150883483884,-1.006163247680664
1759310189717457400,4.08245751953125,-0.23956980361938476,21.62338193130493,0.25004443588256836
1759310189727540200,4.092540283203125,-0.6075286712646484,21.77047569580078,1.9672855766296387
1759310189737623600,4.10262353515625,-0.2237082176208496,21.592556584930417,2.73253228225708
1759310189747706400,4.112706298828125,0.6968623207092285,20.94612213668823,2.019509100341797
1759310189757789400,4.12278955078125,1.53857384185791,19.990686036682128,1.246780514526367
1759310189767872300,4.132872314453125,2.0235493156433106,18.927211586761473,0.922515827178955
1759310189777955300,4.142955322265625,2.0374656127929685,17.84308714752197,0.6344634399414062
1759310189788038100,4.1530380859375,1.7004817291259764,16.54168890762329,0.1274912384033203
1759310189798121500,4.16312158203125,1.1608885299682616,14.808436543273926,-0.6376058296203613
1759310189808204300,4.173204345703125,0.591218172454834,12.8574614654541,-1.4356231704711913
1759310189818287400,4.183287353515625,0.2798223190307617,10.87865379333496,-2.2074539306640624
1759310189828370400,4.193370361328125,0.4896142395019531,9.123853614044188,-2.954594486236572
1759310189838453200,4.203453369140625,1.0299556266784666,7.6844895034790035,-3.554641277313232
1759310189848536300,4.213536376953125,1.4990695144653319,6.623109980010986,-3.9797617095947264
1759310189858619400,4.223619384765625,1.7298106994628906,6.0351838348388664,-4.243273529815673
1759310189868702500,4.233702392578125,1.823334201812744,5.858910737609863,-4.488379924774169
1759310189878785300,4.243785400390625,1.7522563400268554,5.9503393135070795,-4.610334571838378
1759310189888868400,4.253868408203125,1.377713417816162,6.186916365051269,-4.554070832824706
1759310189898951200,4.263951171875,0.8738836059570312,6.491279251098632,-4.304325672149658
1759310189909034200,4.2740341796875,0.622492431640625,6.9229837379455565,-3.884741831207275
1759310189919117600,4.28411767578125,0.48467619857788086,7.353940036773682,-3.4255040252685545
1759310189929200400,4.294200439453125,0.3666121292114258,7.765293809509277,-3.056198419189453
1759310189939283500,4.304283447265625,0.2367266891479492,8.091354148101805,-2.652625801849365
1759310189949366300,4.3143662109375,-0.0004489128112792969,8.372373567962645,-2.198326036834717
1759310189959449300,4.324449462890625,0.07167641220092773,8.60655641784668,-1.8076222534179687
1759310189969532200,4.3345322265625,0.26979659957885743,8.633491186523438,-1.5685013626098632
1759310189979615500,4.344615478515625,0.5234323379516601,8.428188394165039,-1.4968249504089355
1759310189989698300,4.3546982421875,0.7857470573425293,8.002469411468505,-1.5810709213256835
1759310189999781400,4.364781494140625,1.0537480056762694,7.459284909820556,-1.770362490081787
1759310190009864400,4.374864501953125,1.3724761016845701,6.921038449096679,-1.9704279663085937
1759310190019947300,4.384947265625,1.833509558868408,6.421099214935302,-2.2074539306640624
1759310190030030300,4.3950302734375,2.1574749710083005,5.9397150436401365,-2.372953120422363
1759310190040113400,4.405113525390625,2.3344962562561036,5.550058723449706,-2.4793454566955564
1759310190050196500,4.415196533203125,2.4109610717773435,5.307047254943847,-2.5125650047302246
1759310190060279300,4.425279296875,2.41964005279541,5.314080222320556,-2.3868694175720213
1759310190070362400,4.4353623046875,2.3609821121215817,5.490054044342041,-2.0254946044921875
1759310190080445200,4.445445068359375,2.2737433891296384,5.740547393035889,-1.5219640678405761
1759310190090528300,4.4555283203125,2.0700866104125977,5.983409223937988,-1.0781389350891113
1759310190100611300,4.465611328125,1.9033903198242186,6.216843885803223,-0.7161655715942382
1759310190110694400,4.4756943359375,1.7591396697998045,6.451475648498535,-0.4583399803161621
1759310190120777500,4.485777587890625,1.6671125434875487,6.683264296722411,-0.3477577911376953
1759310190130860300,4.4958603515625,1.6166846710205076,6.885574337005615,-0.37439328460693355
1759310190140943400,4.505943359375,1.5617676704406738,7.016058327484131,-0.4390367294311523
1759310190151026200,4.516026123046875,1.5893009895324706,7.093420968627929,-0.4975450325012207
1759310190161109500,4.526109619140625,1.6922516609191893,7.068281851196288,-0.5235819755554199
1759310190171192300,4.5361923828125,1.9853917266845702,6.941389163208007,-0.5307645805358886
1759310190181275400,4.546275390625,2.410063246154785,6.858190655517578,-0.515202269744873
1759310190191358200,4.556358154296875,2.895786907958984,6.872256590270996,-0.5623381149291992
1759310190201441300,4.566441162109375,3.480570663452148,6.996755076599121,-0.7225999885559081
1759310190211524400,4.5765244140625,4.060715653228759,7.3478048950195305,-0.9347861106872558
1759310190221607400,4.586607421875,4.611382035064697,7.954435740661621,-1.2107178520202635
1759310190231690500,4.5966904296875,4.996848502349853,8.684218334197997,-1.552639776611328
1759310190241773300,4.606773193359375,5.165639719390869,9.46697263946533,-1.767818650817871
1759310190251856400,4.6168564453125,5.201103831481933,10.142586420440674,-1.7408838821411132
1759310190261940000,4.62693994140625,5.143194078826904,10.573393081665039,-1.4621090263366698
1759310190272024000,4.637024169921875,5.194070864105225,10.722282497406006,-0.9358335739135741
1759310190282106000,4.647106201171875,5.345504119110107,10.6609310798645,-0.29388825378417965
1759310190292189200,4.657189208984375,5.569511611938476,10.541819547271729,0.3414730117797851
1759310190302273000,4.66727294921875,5.805190837860107,10.43871923828125,0.8607154968261719
1759310190312356000,4.677356201171875,5.943455983734131,10.300903005218505,1.1818377944946288
1759310190322439200,4.687439208984375,6.063764617156982,10.178050532531739,1.2943652725219725
1759310190332522200,4.697522216796875,6.189759479522705,10.209624066925048,1.1227309410095214
1759310190342605000,4.70760498046875,6.272209799194336,10.452635535430908,0.6959644950866699
1759310190352688000,4.717688232421875,6.207117441558838,10.776152034759521,0.047285482788085934
1759310190362771000,4.72777099609375,6.032041445159912,11.068992825317382,-0.5473743545532226
1759310190372854000,4.73785400390625,5.781847371673583,11.168352194213867,-0.9617208793640136
1759310190382937000,4.74793701171875,5.647921716308593,10.981903739929198,-1.1982979309082031
1759310190393020200,4.758020263671875,5.662436563873291,10.68651911010742,-1.3389572784423827
1759310190403103200,4.768103271484375,5.830030680084228,10.493037688446044,-1.4761749610900878
1759310190413186000,4.77818603515625,5.849483568572998,10.29731170272827,-1.746719748687744
1759310190423269000,4.78826904296875,5.5355438758850095,9.92740754623413,-2.168847428894043
1759310190433352000,4.79835205078125,4.820425767517089,9.557653027343749,-2.7898434844970703
1759310190443435300,4.808435302734375,3.847182792663574,9.219920955657958,-3.531896361541748
1759310190453518000,4.81851806640625,2.7343279335021973,8.917054445648192,-4.2396822273254395
1759310190463601200,4.82860107421875,1.585859324645996,8.660425955200195,-4.810100772857666
1759310190473684000,4.83868408203125,0.5738602104187012,8.492382926177978,-5.135562561035156
1759310190483767000,4.84876708984375,-0.3495534423828125,8.360552197265624,-5.272032055664062
1759310190493850000,4.85885009765625,-1.1302128211975098,8.395866671752929,-5.231180989837646
1759310190503933200,4.86893310546875,-1.6259622024536131,8.61942525177002,-5.06942274017334
1759310190514016300,4.879016357421875,-1.8234838394165038,8.85495484008789,-4.672134902191162
1759310190524099000,4.88909912109375,-1.687912170410156,8.91914937210083,-4.029740669250488
1759310190534182100,4.89918212890625,-1.3307272102355956,8.743325187683105,-3.3233015419006344
1759310190544265000,4.909264892578125,-0.8589198455810546,8.31895294342041,-2.7117326553344725
1759310190554348000,4.91934814453125,-0.4346972389221191,7.804049948883057,-2.1712416305541993
1759310190564431000,4.92943115234375,-0.1249473991394043,7.339425189208984,-1.7518074272155761
1759310190574514200,4.93951416015625,0.02633621826171875,7.025934409332275,-1.4570213478088379
1759310190584597000,4.949596923828125,0.04878185882568359,6.906673239135742,-1.3370119895935058
1759310190594680000,4.95968017578125,-0.05027823486328125,7.002890218353271,-1.312621060180664
1759310190604763100,4.96976318359375,-0.17971476211547852,7.314734984588623,-1.3425485809326172
1759310190614846000,4.979845947265625,-0.31438860549926756,7.730278610229492,-1.3902829765319824
1759310190624929300,4.98992919921875,-0.4299088356018066,8.176647582244872,-1.4788684379577637
1759310190635012000,5.00001220703125,-0.5009866973876953,8.546102825927735,-1.5161282012939452
1759310190645095200,5.01009521484375,-0.4370914405822754,8.801384577941894,-1.5427636947631835
1759310190655178000,5.020177978515625,-0.289848038482666,8.897451919555664,-1.4662988792419434
1759310190665261000,5.030260986328125,-0.14170681076049804,8.932467118835449,-1.3673884231567381
1759310190675344000,5.04034375,0.07975684280395508,9.037662354278565,-1.2782044113159179
1759310190685427200,5.05042724609375,0.3607762626647949,9.160514826965331,-1.229572190093994
1759310190695510300,5.06051025390625,0.5889736083984375,9.386916521453857,-1.2942156349182128
1759310190705593000,5.070593017578125,0.6783072578430175,9.840318460845946,-1.4354735328674315
1759310190715676200,5.08067626953125,0.6874351516723632,10.651354273223877,-1.5879542510986326
1759310190725759000,5.090759033203125,0.6609492958068848,11.842319961547851,-1.7408838821411132
1759310190735842000,5.100842041015625,0.5906196220397949,13.26716922454834,-1.8026842124938964
1759310190745925000,5.110925048828125,0.40880993347167965,14.694711964416504,-1.6913538352966309
1759310190756008200,5.12100830078125,0.17986439971923826,15.741277365112303,-1.5257050079345702
1759310190766091000,5.131091064453125,0.09561842880249023,16.257676735687255,-1.272368544769287
1759310190776174000,5.141174072265625,0.370951619720459,16.369755300903318,-0.9675567459106444
1759310190786257200,5.151257080078125,0.8915408432006835,16.148441284942628,-0.6361094535827636
1759310190796340000,5.161340087890625,1.3817536331176756,15.91665263671875,-0.4382885414123535
1759310190806423300,5.17142333984375,1.8523638969421385,15.759682790374756,-0.5508160194396973
1759310190816506000,5.181506103515625,2.2445640563964844,15.471630403137206,-0.9401730644226074
1759310190826589200,5.191589111328125,2.562843239593506,14.77372061920166,-1.5976806953430174
1759310190836673000,5.201673095703125,2.7220576499938964,13.685555964660644,-2.4616882194519043
1759310190846756000,5.211756103515625,2.765602192687988,12.50027650527954,-3.4856583419799803
1759310190856839200,5.221839111328125,2.836081504058838,11.342979277801513,-4.449174872589111
1759310190866922200,5.231922119140625,3.0687679779052734,10.23371572113037,-5.189731373596191
1759310190877005000,5.242005126953125,3.355623264312744,9.349207845306395,-5.715707550811767
1759310190887088000,5.252088134765625,3.669712594604492,8.655936827087402,-6.153696817016601
1759310190897171000,5.2621708984375,3.7856817375183103,8.166472225189208,-6.53138212890625
1759310190907254300,5.272254150390625,3.6463691284179687,7.8998180152893065,-6.817040314483642
1759310190917337000,5.282337158203125,3.353827613067627,7.865999916839599,-6.909067440795898
1759310190927420200,5.292420166015625,2.9432220283508297,7.848492317199707,-6.892756941986083
1759310190937503000,5.3025029296875,2.606088507080078,7.866897742462157,-6.857143192291259
1759310190947586000,5.3125859375,2.524386375427246,7.898920189666748,-6.820332341766357
1759310190957669000,5.322669189453125,2.6690859382629393,7.96116943283081,-6.728454853057861
1759310190967752200,5.332752197265625,2.9426234779357907,8.086266469573975,-6.535123069000243
1759310190977835300,5.342835205078125,3.261052298736572,8.15195737762451,-6.229862357330322
1759310190987918000,5.35291796875,3.555389465332031,8.16587367477417,-5.793818379974365
1759310190998001200,5.363001220703125,3.748870886993408,8.081478066253661,-5.22265164642334
1759310191008084000,5.373083984375,3.8489784439086914,7.922114018249511,-4.591180958557128
1759310191018167000,5.3831669921875,3.9068881965637203,7.719055789947509,-4.089595710754394
1759310191028250000,5.39325,3.960757733917236,7.43130267791748,-3.6858734558105466
1759310191038333200,5.403333251953125,3.949385276031494,7.126341241455077,-3.3604116676330564
1759310191048416300,5.413416259765625,3.8509237327575683,6.937947498321533,-2.972999911499023
1759310191058499000,5.4234990234375,3.6510078941345214,6.861931595611572,-2.45181213760376
1759310191068582100,5.43358203125,3.4497453170776367,6.8309566116333,-1.907580172729492
1759310191078665000,5.4436650390625,3.2740707702636715,6.717082395172119,-1.4245499877929686
1759310191088748300,5.453748291015625,3.0460230621337887,6.573131020355224,-1.0699088668823242
1759310191098831000,5.4638310546875,2.7494413314819335,6.360047072601318,-0.8681973770141601
1759310191108914200,5.4739140625,2.436100189208984,6.152350078582764,-0.7224503509521484
1759310191118997000,5.4839970703125,2.161215911102295,5.931484975433349,-0.6383540176391601
1759310191129080000,5.494080078125,1.9285294372558592,5.707926395416259,-0.5666776054382324
1759310191139163100,5.5041630859375,1.728314323425293,5.446958414459228,-0.5819406410217285
1759310191149246200,5.51424609375,1.578227806854248,5.2247465728759765,-0.5602431884765625
1759310191159329300,5.524329345703125,1.4891934326171874,5.0571524566650385,-0.5363011718749999
1759310191169412000,5.534412109375,1.3407529296874998,4.957793087768555,-0.632667788696289
1759310191179495200,5.5444951171875,1.1704653366088866,4.9537528724670405,-0.8349778289794921
1759310191189578000,5.554577880859375,1.0580874961853026,5.108478154754638,-1.077690022277832
1759310191199661000,5.5646611328125,1.0429740982055664,5.385457359313965,-1.2994529510498045
1759310191209744100,5.574744140625,1.0541969184875488,5.831078143310546,-1.4885948822021484
1759310191219827200,5.5848271484375,1.0972925483703613,6.318447818756103,-1.6169839462280273
1759310191229910000,5.594909912109375,1.2969091117858886,6.789806270599365,-1.6735469604492186
1759310191239993000,5.6049931640625,1.6156372077941894,7.209839024353027,-1.6511013198852538
1759310191250076200,5.615076171875,2.0651485694885254,7.64199242401123,-1.5472528228759765
1759310191260159200,5.6251591796875,2.6657939109802244,8.137741805267334,-1.3564648780822752
1759310191270242300,5.6352421875,3.4199674339294432,8.731952729797364,-1.1966519172668457
1759310191280325400,5.645325439453125,4.184316313934326,9.462483511352538,-1.0720037933349609
1759310191290408400,5.655408447265625,4.8035167182922365,10.193163930511474,-0.9922469505310058
1759310191300491300,5.6654912109375,5.193771588897705,10.76388175125122,-0.856824919128418
1759310191310574300,5.67557421875,5.570110162353515,11.08964281463623,-0.5744587608337401
1759310191320657200,5.6856572265625,6.0425160774230955,11.164162341308593,-0.16415245132446288
1759310191330741500,5.695741455078125,6.624157443237304,10.98175410232544,0.2931400657653808
1759310191340823300,5.7058232421875,7.324611066436767,10.53478657989502,0.7697358337402344
1759310191350907400,5.715907470703125,7.989899852752685,9.973495928192138,1.0441711990356444
1759310191360990200,5.725990234375,8.623315829467773,9.349956033325196,1.0549451065063475
1759310191371073300,5.7360732421875,8.802581678771972,8.813654861450194,0.7294833183288574
1759310191381156000,5.746156005859375,8.381052548980712,8.678382467651367,0.19018939437866209
1759310191391239400,5.756239501953125,7.521983065795898,9.009680122375487,-0.3500023551940918
1759310191401322200,5.766322265625,6.4609028175354,9.5507696975708,-0.8891466415405272
1759310191411405300,5.7764052734375,5.303755227661132,9.97798505630493,-1.4181155708312987
1759310191421488400,5.78648828125,4.274547789001464,10.17056865234375,-1.8553566490173339
1759310191431571200,5.7965712890625,3.4569279220581053,10.460715966033934,-2.1689970664978024
1759310191441654300,5.806654296875,2.790741310119629,10.743979949951171,-2.4402900421142575
1759310191451737300,5.8167373046875,2.31130242767334,10.791115795135497,-2.672527603149414
1759310191461820400,5.8268203125,2.035969236755371,10.66182890548706,-2.8713959785461425
1759310191471903200,5.8369033203125,1.7528548904418944,10.3559696434021,-3.1603461914062496
1759310191481986300,5.846986328125,1.3162123626708984,9.94730934753418,-3.5793314819335937
1759310191492069000,5.857069091796875,0.8185176925659179,9.607332711791992,-4.112041351318359
1759310191502152200,5.867152099609375,0.3215712104797363,9.457246195220947,-4.722862049865722
1759310191512235500,5.877235595703125,-0.15038579177856445,9.487173715972899,-5.336825138092041
1759310191522318300,5.887318359375,-0.5017348854064941,9.600000469207764,-5.837512560272216
1759310191532401400,5.8974013671875,-0.6934206558227539,9.65312181854248,-6.131700089263916
1759310191542484200,5.907484130859375,-0.7947253135681152,9.503933127593994,-6.111050099945068
1759310191552567300,5.9175673828125,-0.8824129493713379,9.176974963378905,-5.752668038940429
1759310191562650000,5.927650146484375,-0.9368810371398926,8.698284268951415,-5.167734645843505
1759310191572733400,5.9377333984375,-0.975487538909912,8.212261331939697,-4.537012145996093
1759310191582816300,5.947816162109375,-0.9964368034362793,7.819761897277831,-4.022707701873779
1759310191592899300,5.9578994140625,-0.922515827178955,7.552209861755371,-3.621230010986328
1759310191602982400,5.967982421875,-0.8255506599426269,7.416039642333984,-3.3527801498413083
1759310191613065200,5.978065185546875,-0.7507318580627441,7.302763976287841,-3.1521161231994625
1759310191623148300,5.988148193359375,-0.706738402557373,7.170334696960449,-2.9541455734252926
1759310191633231400,5.9982314453125,-0.7083844161987304,7.000944929504394,-2.770240958404541
1759310191643314400,6.008314453125,-0.7158662963867187,6.913855844116211,-2.594566411590576
1759310191653397200,6.018397216796875,-0.7588122886657714,6.958148574829101,-2.398990063476562
1759310191663480300,6.028480224609375,-0.7543231605529784,7.139958263397216,-2.242169854736328
1759310191673563100,6.038563232421875,-0.66394204788208,7.41873311920166,-2.0581156021118163
1759310191683646200,6.048646240234375,-0.5349544334411621,7.7042416671752925,-1.9354127670288084
1759310191693729300,6.058729248046875,-0.35838206100463865,7.9749360923767085,-1.8770541015625
1759310191703812400,6.068812255859375,-0.13856442108154296,8.22902074356079,-1.895459526824951
1759310191713895400,6.0788955078125,0.09292495193481445,8.456918814086913,-1.9393033447265624
1759310191723978200,6.088978271484375,0.31588498153686523,8.725667950439453,-2.061557266998291
1759310191734061300,6.099061279296875,0.4215291297912597,9.177872789001464,-2.2563854270935058
1759310191744144100,6.10914404296875,0.46402620925903315,9.922469505310058,-2.5635914276123044
1759310191754227500,6.1192275390625,0.46836569976806636,10.932822605895996,-2.907309003448486
1759310191764310300,6.129310302734375,0.38890813217163084,12.100594465637206,-3.2775124351501463
1759310191774393300,6.139393310546875,0.19767127456665037,13.226617433929443,-3.6100071907043456
1759310191784476200,6.14947607421875,-0.05746083984375,14.228441191101073,-3.8411972885131833
1759310191794559200,6.159559326171875,-0.2608183433532715,15.030349109649658,-3.9827544616699218
1759310191804642300,6.169642333984375,-0.318578458404541,15.770307060241699,-3.95821389465332
1759310191814725400,6.179725341796875,-0.1693897674560547,16.4698628578186,-3.8221933128356933
1759310191824808400,6.189808349609375,0.02858078231811523,17.164330976867674,-3.6801872268676754
1759310191834891300,6.199891357421875,0.19228432083129882,17.725322353363037,-3.504363042449951
1759310191844974300,6.209974365234375,0.28431144714355466,17.910723344421385,-3.3268928443908687
1759310191855057200,6.22005712890625,0.45983635635375975,17.254113539123534,-3.157652714538574
1759310191865141500,6.2301416015625,0.7243956398010254,15.784073719787596,-3.112312520599365
1759310191875224300,6.240224365234375,1.0476128639221192,14.289942246246337,-3.172317199707031
1759310191885307400,6.250307373046875,1.2921207084655761,13.158532324218749,-3.188777336120605
1759310191895390200,6.26039013671875,1.4495394676208495,12.23212591934204,-3.0852281143188476
1759310191905473300,6.270473388671875,1.613991194152832,11.352556084442138,-2.945167317199707
1759310191915556000,6.28055615234375,1.7348983779907226,10.523264484405518,-2.8495488883972167
1759310191925639400,6.290639404296875,1.874959175109863,9.803058697509766,-2.8947394447326658
1759310191935722200,6.30072216796875,1.944091748046875,9.306860403442382,-2.9529484725952146
1759310191945805300,6.310805419921875,2.1052514472961423,9.074622842407226,-2.9946973640441894
1759310191955888400,6.320888427734375,2.2845172966003418,8.938901535797118,-3.075800945281982
1759310191965971200,6.33097119140625,2.3678654418945313,8.753949457550048,-3.2782606231689453
1759310191976054300,6.34105419921875,2.5317186180114746,8.308328673553467,-3.5315970863342283
1759310191986137300,6.351137451171875,2.8444612098693844,7.548917834472656,-3.74123936920166
1759310191996220400,6.361220458984375,3.081187899017334,6.768707368469238,-3.790320503234863
1759310192006303200,6.37130322265625,3.0168437294006347,6.322637671661377,-3.478026824188232
1759310192016386300,6.38138623046875,2.708889540863037,6.455366226196289,-2.918382186126709
1759310192026469000,6.39146923828125,2.461388944244385,6.932859819793701,-2.339284659576416
1759310192036552400,6.401552490234375,2.3114520652770993,7.454346868896484,-2.05572140045166
1759310192046635300,6.41163525390625,2.2182278381347653,7.998429196166992,-2.2040122657775876
1759310192056718300,6.42171826171875,2.092681888580322,8.486397422027588,-2.8285996238708493
1759310192066801400,6.431801513671875,2.1493945404052734,8.608352069091797,-3.72193611831665
1759310192076884200,6.44188427734375,2.441337505340576,8.273313474273682,-4.435258575439453
1759310192086967300,6.45196728515625,2.8514941772460936,7.716661588287353,-4.551227718353271
1759310192097050400,6.46205029296875,3.177404878234863,7.178265489959716,-4.123563446807861
1759310192107133400,6.472133544921875,3.294870397186279,6.760327662658691,-3.545812658691406
1759310192117216300,6.48221630859375,3.227084562683105,6.5023524337768555,-2.983324906158447
1759310192127299300,6.49229931640625,2.94292275314331,6.343138023376464,-2.516156307220459
1759310192137382100,6.502382080078125,2.5712229454040525,6.237044962310791,-2.1519383796691893
1759310192147465200,6.51246533203125,2.269553536224365,6.222530114746093,-1.9029414070129393
1759310192157548500,6.522548583984375,2.0151696098327636,6.237942787933349,-1.6506524070739745
1759310192167631400,6.53263134765625,1.7344494651794433,6.244077929687499,-1.4640543151855467
1759310192177714400,6.54271435546875,1.4953285743713378,6.208613817596436,-1.2825439018249511
1759310192187797200,6.55279736328125,1.2128127784729004,6.120028356170654,-1.176600478363037
1759310192197880300,6.56288037109375,0.9766846397399902,5.951087501525879,-1.0856208152770996
1759310192207963100,6.572963134765625,0.7709329345703124,5.769277812957763,-1.0139444030761717
1759310192218046500,6.58304638671875,0.6898293533325195,5.654505770874023,-0.9328408218383788
1759310192228129300,6.59312939453125,0.6883329772949218,5.5918076148986815,-0.7996633544921875
1759310192238212400,6.60321240234375,0.8011597305297851,5.524620330810547,-0.704194563293457
1759310192248295400,6.61329541015625,0.9543886367797851,5.530605834960937,-0.6325181510925293
1759310192258377500,6.62337744140625,1.195155541229248,5.71361262435913,-0.5804442649841308
1759310192268460500,6.63346044921875,1.4764742362976073,6.120028356170654,-0.6247369956970215
1759310192278543400,6.64354345703125,1.6820763038635254,6.803273654937744,-0.7387608497619629
1759310192288626700,6.653626708984375,1.8366519485473631,7.647678652954101,-0.8541314422607421
1759310192298709500,6.66370947265625,1.970876879119873,8.678532105255126,-0.9252093040466308
1759310192308792600,6.67379248046875,2.0364181495666505,9.764601833343505,-0.8966285217285156
1759310192318875600,6.683875732421875,2.271049912261963,10.690708963012694,-0.7846995941162109
1759310192328958500,6.69395849609375,2.7358243095397947,11.30003328552246,-0.6364087287902832
1759310192339041500,6.70404150390625,3.2797569992065427,11.478251671600342,-0.38142625198364255
1759310192349124600,6.71412451171875,3.8807016159057617,11.251251426696777,-0.15098434219360352
1759310192359207700,6.724207763671875,4.435258575439453,10.80922194519043,-0.023792378997802732
1759310192369290500,6.73429052734375,4.8519993019104,10.394875420379638,0.009427169036865234
1759310192379373600,6.74437353515625,5.110124168395996,10.209923342132567,-0.012719196319580078
1759310192389456400,6.754456298828125,5.223399834442138,10.171167202758788,-0.05880757827758789
1759310192399539500,6.76453955078125,5.2642509002685545,10.171316840362548,-0.14963760375976562
1759310192409623600,6.77462353515625,5.363759906768799,10.33621747970581,-0.19153613281249998
1759310192419706600,6.78470654296875,5.401618220520019,10.750713642120362,-0.263062907409668
1759310192429789400,6.79478955078125,5.292083494567871,11.379790128326416,-0.37065234451293944
1759310192439872500,6.80487255859375,5.1428948036193844,11.985074235534666,-0.48677112503051756
1759310192449955600,6.81495556640625,5.154117623901367,12.240355987548828,-0.5612906517028808
1759310192460038700,6.82503857421875,5.36271244354248,12.08637889328003,-0.6385036552429199
1759310192470121700,6.835121826171875,5.609464852142334,11.738321826934813,-0.7817068420410156
1759310192480204500,6.84520458984375,5.617694920349121,11.190199284362793,-1.0402806213378906
1759310192490287600,6.85528759765625,5.335029486846923,10.577134021759033,-1.331774673461914
1759310192500370400,6.865370361328125,4.825962358856201,10.060136100769043,-1.6683096443176268
1759310192510453500,6.87545361328125,4.16261886138916,9.750086985778808,-2.063951468658447
1759310192520536600,6.88553662109375,3.2695816421508788,9.551517885589599,-2.64304899520874
1759310192530619600,6.89561962890625,2.2738930267333983,9.411606726074218,-3.2597055603027343
1759310192540702500,6.905702392578125,1.2817957138061522,9.355342987060546,-3.9528269409179684
1759310192550785500,6.91578564453125,0.32486323776245113,9.483133500671386,-4.61572152557373
1759310192560868600,6.92586865234375,-0.3960907371520996,9.798868844604492,-5.312434208679199
1759310192570951400,6.935951416015625,-0.6411971321105957,10.092607460784912,-5.989245090484618
1759310192581034800,6.94603466796875,-0.3525461944580078,10.08153427810669,-6.4095771194458
1759310192591117600,6.95611767578125,0.07152677459716797,9.586832360076905,-6.370372067260742
1759310192601200600,6.96620068359375,0.3538929328918457,8.796296899414061,-5.878213988494872
1759310192611283500,6.976283447265625,0.5801449897766113,8.069357420349121,-5.187786084747314
1759310192621366500,6.986366455078125,0.7068880401611328,7.54607472000122,-4.5133694046020505
1759310192631449300,6.996449462890625,0.745045629119873,7.20190823135376,-3.8551135856628416
1759310192641532700,7.00653271484375,0.7659948936462402,6.977751100921631,-3.215113554382324
1759310192651615700,7.01661572265625,0.7242460021972655,6.8402341430664055,-2.607884158325195
1759310192661698600,7.026698486328125,0.8065466842651366,6.752247232055663,-2.0452467681884765
1759310192671781600,7.03678173828125,0.8949825080871582,6.675932054138183,-1.506102481842041
1759310192681864400,7.046864501953125,0.974290438079834,6.5375172706604,-0.9738415252685546
1759310192691947500,7.056947509765625,1.0402806213378906,6.379948873901367,-0.505625463104248
1759310192702030600,7.067030517578125,1.0690110412597655,6.241983003234863,-0.14619593887329102
1759310192712113700,7.07711376953125,1.0808324119567871,6.189011291503906,0.105344873046875
1759310192722196500,7.087196533203125,1.0200795448303221,6.312163039398193,0.17761983566284179
1759310192732279600,7.097279541015625,0.8665513633728027,6.6537856887817375,0.07377133865356444
1759310192742362600,7.107362548828125,0.6697779144287109,7.16943687133789,-0.19797054977416992
1759310192752445400,7.117445556640625,0.4659714981079101,7.8269445022583,-0.5992986030578613
1759310192762528800,7.12752880859375,0.2488473350524902,8.690353475952149,-1.0868179161071776
1759310192772611600,7.137611572265625,0.04878185882568359,9.852289469146728,-1.6271593032836913
1759310192782694700,7.147694580078125,-0.18210896377563476,11.3266687789917,-2.2322937728881835
1759310192792777500,7.157777587890625,-0.4836287353515625,12.854917626190185,-2.9885622222900388
1759310192802860500,7.167860595703125,-0.7613561279296874,14.029123902893065,-3.7138556877136226
1759310192812943400,7.177943359375,-0.9039607643127441,14.707580798339842,-4.157980095672607
1759310192823026700,7.188026611328125,-1.0339958419799804,14.669572846984863,-4.192546382141113
1759310192833109500,7.198109619140625,-0.8952817832946777,13.979444218444824,-3.9510312896728514
1759310192843192600,7.208192626953125,-0.5042787246704101,13.257592417907714,-3.7645828353881834
1759310192853275600,7.218275634765625,-0.03651157531738281,12.903100934600829,-3.7562031295776364
1759310192863358500,7.2283583984375,0.4177881896972656,12.900407457733154,-3.9989153228759764
1759310192873441500,7.238441650390625,0.7598597518920898,12.87766254196167,-4.385429253387451
1759310192883524600,7.248524658203125,0.9395745140075683,12.59724167251587,-4.754734859466552
1759310192893607700,7.258607666015625,0.9671078330993652,12.063035427093505,-4.927416654205322
1759310192903690500,7.2686904296875,0.9639654434204101,11.573570825195311,-4.886116675567627
1759310192913773600,7.278773681640625,0.9066542411804198,11.239130780792236,-4.78795440750122
1759310192923857400,7.288857421875,0.8369231178283691,11.008090320587158,-4.7275008155822755
1759310192933939500,7.298939453125,0.8159738533020019,11.03143378677368,-4.584447266387939
1759310192944023600,7.3090234375,0.7234978141784667,11.17882682647705,-4.2509050476074215
1759310192954106600,7.319106689453125,0.5699696327209473,11.193640949249266,-3.8690298828125
1759310192964189400,7.329189453125,0.5012859725952148,11.07722289352417,-3.5740941658020016
1759310192974272500,7.3392724609375,0.6334159767150879,10.889726976013183,-3.478775012207031
1759310192984355300,7.349355224609375,0.9195230751037597,10.836605626678466,-3.5514988876342772
1759310192994438700,7.359438720703125,1.288978318786621,10.766724865722656,-3.722684306335449
1759310193004521700,7.369521728515625,1.572541577911377,10.352677616119385,-3.94549469833374
1759310193014604500,7.3796044921875,1.750011775970459,9.37808790283203,-4.25808765258789
1759310193024687600,7.3896875,1.9864391899108886,8.084620455932617,-4.58429762878418
1759310193034770400,7.3997705078125,2.29214881439209,6.935254021453857,-4.7764323120117185
1759310193044853500,7.409853515625,2.4794950942993164,6.263231542968749,-4.857086980438232
1759310193054936600,7.4199365234375,2.506579500579834,6.174047531127929,-4.823418519592285
1759310193065019600,7.43001953125,2.351704580688476,6.5497875541687005,-4.683208084869385
1759310193075102500,7.4401025390625,2.167500690460205,7.274332831573486,-4.510227014923095
1759310193085185500,7.450185546875,1.9460370368957518,8.143577671813965,-4.3555017326354974
1759310193095268600,7.4602685546875,1.770362490081787,8.945784865570069,-4.2320507095336914
1759310193105351400,7.470351318359375,1.70467158203125,9.540594340515137,-4.176535158538818
1759310193115434800,7.480434814453125,1.812560294342041,9.79393080368042,-4.147954376220703
1759310193125517600,7.490517578125,2.2254104431152344,9.632022916412353,-4.0538323234558105
1759310193135600600,7.5006005859375,2.7451018409729,9.241468770599365,-3.782838623046875
1759310193145683500,7.510683349609375,3.1275755561828613,8.776844010925293,-3.4829648651123044
1759310193155766500,7.5207666015625,3.2231939849853513,8.373869944000244,-3.2519244049072262
1759310193165849300,7.530849365234375,3.0226795959472654,8.109310660552978,-3.1009400627136228
1759310193175932700,7.5409326171875,2.6068366950988766,7.872583971405029,-2.9875147590637203
1759310193186015500,7.551015380859375,2.205807917022705,7.577797891998291,-2.8770822074890137
1759310193196098600,7.5610986328125,1.9316718269348143,7.162703179168701,-2.7268460533142087
1759310193206181600,7.571181640625,1.781884585571289,6.705111386871337,-2.524236737823486
1759310193216264400,7.581264404296875,1.7545009040832518,6.310367388153076,-2.231844860076904
1759310193226347500,7.591347412109375,1.7536030784606933,5.978471183013916,-1.8543091857910154
1759310193236430600,7.6014306640625,1.7489643127441405,5.696703575134277,-1.4637550399780273
1759310193246513700,7.611513671875,1.7226280944824217,5.5415293800354,-1.09819037399292
1759310193256596500,7.621596435546875,1.6653168922424315,5.481823976135254,-0.8705915786743164
1759310193266679600,7.631679443359375,1.5397709426879882,5.485116003417969,-0.7101800674438477
1759310193276762400,7.641762451171875,1.395071379852295,5.523722505187988,-0.6570587181091309
1759310193286845400,7.651845458984375,1.2011410453796385,5.580435157012939,-0.6268319221496582
1759310193296928800,7.6619287109375,1.005564697265625,5.650465555572509,-0.5817910034179687
1759310193307011600,7.672011474609375,0.8801683853149413,5.79082562789917,-0.519092847442627
1759310193317094700,7.6820947265625,0.8032546569824218,5.929838961791992,-0.45055882492065424
1759310193327177500,7.692177490234375,0.8004115425109862,6.1626750732421876,-0.3489548919677734
1759310193337260500,7.702260498046875,0.847248112487793,6.524049886322021,-0.2485480598449707
1759310193347343400,7.71234326171875,0.9540893615722655,7.016058327484131,-0.1514332550048828
1759310193357426700,7.7224267578125,1.13006318359375,7.549965297698974,-0.08439560852050781
1759310193367509500,7.732509521484375,1.3245920684814452,8.052747646331786,0.004339490509033203
1759310193377592600,7.742592529296875,1.5981296081542968,8.489689449310303,0.1197100830078125
1759310193387675600,7.752675537109375,1.9084779983520506,8.971223258209228,0.2876034744262695
1759310193397758500,7.762758544921875,2.2200234893798827,9.637409870147705,0.44427404556274414
1759310193407841500,7.772841552734375,2.6101287223815914,10.403853676605223,0.616058014678955
1759310193417924600,7.782924560546875,3.0226795959472654,11.13423482055664,0.7882908966064452
1759310193428007700,7.793007568359375,3.455132270812988,11.55561431274414,0.9925462257385254
1759310193438090500,7.803090576171875,3.934122240447998,11.572972274780273,1.1900678627014158
1759310193448173600,7.813173583984375,4.506186799621582,11.302128211975097,1.3269862701416015
1759310193458256400,7.82325634765625,5.016151753234863,10.971878020477295,1.3220482292175293
1759310193468339500,7.83333935546875,5.381267506408691,10.80218897781372,1.149216796875
1759310193478422500,7.843422607421875,5.482123251342773,10.913818630218506,0.8821136741638184
1759310193488505600,7.853505615234375,5.3016603012084955,11.342530364990234,0.45549686584472654
1759310193498588700,7.863588623046875,5.045630361175537,11.943175706481933,-0.1997662010192871
1759310193508671500,7.87367138671875,4.8989855094909665,12.465560581207274,-1.0284592506408692
1759310193518754600,7.883754638671875,4.869057988739013,12.753313693237304,-2.060659441375732
1759310193528838700,7.893838623046875,4.841225394439697,12.633902885437012,-3.1200936759948728
1759310193538921500,7.90392138671875,4.86531704864502,12.247388954925537,-3.9112276870727536
1759310193549004500,7.914004638671875,4.791246434783935,11.603947258758545,-4.3053731353759765
1759310193559087600,7.924087646484375,4.568735317993164,10.95541788406372,-4.474164352416992
1759310193569170400,7.93417041015625,4.241627516174316,10.372130504608153,-4.579808500671386
1759310193579253800,7.944253662109375,3.855562498474121,9.88895068206787,-4.7670051429748534
1759310193589336600,7.954336669921875,3.446303652191162,9.497947623443602,-4.955398886108398
1759310193599419600,7.964419677734375,3.0801404357910154,9.265560424804686,-5.063137960815429
1759310193609502500,7.97450244140625,2.701856573486328,9.163657216644287,-4.853046765136718
1759310193619585500,7.98458544921875,2.4105121589660645,9.16754779434204,-4.285770609283447
1759310193629668400,7.99466845703125,2.15792388381958,9.248651375579833,-3.6674680305480956
1759310193639751700,8.004751708984376,1.9306243637084959,9.426121573638916,-3.1362545372009274
1759310193649834800,8.014834716796875,1.703324843597412,9.479841473388671,-2.747047129821777
1759310193659917600,8.02491748046875,1.468992356109619,9.338882850646971,-2.464980246734619
1759310193670000600,8.035000732421874,1.2418424736022948,9.003096067810057,-2.2239140670776365
1759310193680083500,8.04508349609375,1.0755950958251952,8.652345524597168,-2.011727944946289
1759310193690166500,8.05516650390625,0.8557774559020995,8.348880464172362,-1.8409914390563964
1759310193700249600,8.06524951171875,0.6024409927368164,8.158391794586182,-1.7612345962524414
1759310193710332700,8.075332763671875,0.35359365768432616,8.014290782165526,-1.7962497955322265
1759310193720415500,8.08541552734375,0.13168109130859373,7.89757345123291,-1.8390461502075195
1759310193730498600,8.09549853515625,0.014664485168457031,7.800159371185302,-1.8848352569580078
1759310193740581600,8.10558154296875,-0.024091654205322263,7.682693852233887,-1.8695722213745116
1759310193750664400,8.11566455078125,-0.03591302490234375,7.512256621551513,-1.77485161819458
1759310193760747800,8.125747802734375,-0.06853402252197265,7.324461428833008,-1.6597803009033203
1759310193770830600,8.13583056640625,-0.06973112335205078,7.155670211791992,-1.5221137054443359
1759310193780913700,8.14591357421875,-0.08499415893554688,7.0741177177429195,-1.435772808074951
1759310193790996500,8.15599658203125,-0.1541267318725586,7.090577854156494,-1.389235513305664
1759310193801079600,8.16607958984375,-0.20290859069824219,7.170783609771728,-1.4303858543395995
1759310193811162400,8.176162353515625,-0.016160861206054686,7.154024198150634,-1.53857384185791
1759310193821245700,8.18624560546875,0.3917512466430664,6.936151847076416,-1.6463129165649413
1759310193831328500,8.19632861328125,0.6380547424316406,6.6243070808410645,-1.7806874847412109
1759310193841411600,8.20641162109375,0.5373486351013184,6.526743363189697,-2.009184105682373
1759310193851494700,8.21649462890625,0.12943652725219726,6.917147871398925,-2.59845698928833
1759310193861577500,8.226577392578125,-0.43409868850708005,7.8782702003479,-3.5968390815734863
1759310193871660500,8.23666064453125,-1.0027215827941893,9.368361458587646,-4.961234752655029
1759310193881743600,8.24674365234375,-1.7214309936523438,11.321581100463867,-6.3420905601501465
1759310193891826700,8.25682666015625,-2.391508183288574,13.283330085754393,-7.454197231292724
1759310193901909500,8.266909423828125,-2.5507225936889646,14.968997692108154,-8.196549383544921
1759310193911992600,8.27699267578125,-2.4747066909790036,16.073772120666504,-8.42010796356201
1759310193922075400,8.287075439453124,-2.1142297035217283,16.34506509628296,-8.033294757843016
1759310193932158500,8.297158447265625,-1.3016975151062011,15.800833131408691,-7.089979303741455
1759310193942241800,8.30724169921875,-0.17597382202148437,15.030199472045897,-6.158335582733154
1759310193952324600,8.31732470703125,0.8361749298095703,14.392144729614257,-5.48421817779541
1759310193962407700,8.32740771484375,1.5084966835021971,13.812747927856444,-5.154566536712646
1759310193972490500,8.337490478515624,1.8736124366760252,13.055282377624511,-5.175366163635253
1759310193982573600,8.347573486328125,1.9975123725891113,12.161796245574951,-5.3782747543334954
1759310193992656400,8.357656494140626,1.7583914817810058,11.308712266540526,-5.62442861251831
1759310194002739700,8.36773974609375,1.1743559143066407,10.633098485565185,-5.710619872283935
1759310194012822500,8.377822509765625,0.8904933799743652,10.236558835601807,-5.525368518829345
1759310194022905600,8.387905517578124,1.4059949249267578,10.043675964355469,-4.945971717071533
1759310194032988700,8.39798876953125,2.5679309181213377,9.969904625701904,-3.781491884613037
1759310194043071500,8.408071533203126,3.47308878326416,9.890447058105469,-2.388365793609619
1759310194053154600,8.418154541015625,4.135833730316162,9.664195001220703,-1.405695649719238
1759310194063237600,8.428237548828125,4.546738590240478,9.287557152557373,-1.2690765174865721
1759310194073320700,8.43832080078125,4.770746083068848,8.808118270111084,-1.9274819740295408
1759310194083403500,8.448403564453125,4.687697212982178,8.333617428588866,-2.874388730621338
1759310194093486600,8.458486572265626,4.238185851287842,7.89098939666748,-3.6742017227172847
1759310194103569400,8.4685693359375,3.605218787384033,7.615805843353271,-4.180126461029053
1759310194113652500,8.478652587890625,3.19850378036499,7.611915265655517,-4.4482770469665525
1759310194123735600,8.488735595703124,3.0256723480224608,7.758260842132568,-4.600458489990234
1759310194133818600,8.498818603515625,3.094356008148193,7.863755352783203,-4.709095390319824
1759310194143901700,8.508901611328126,3.122338240051269,7.955932116699218,-4.764162028503418
1759310194153984500,8.518984619140625,3.1094694061279293,8.097788565063476,-4.668842874908447
1759310194164067600,8.529067626953125,3.201646170043945,8.263138117218016,-4.396951348876953
1759310194174151700,8.539151611328125,3.309684519958496,8.404994565582275,-3.969137439727783
1759310194184234500,8.549234375,3.282899388885498,8.3885344291687,-3.483862690734863
1759310194194317600,8.559317626953124,3.132064684295654,8.231564582824706,-2.9759926635742184
1759310194204400600,8.569400634765625,2.9804817916870117,8.012644768524169,-2.5553613594055173
1759310194214483500,8.5794833984375,2.841618095397949,7.75721337890625,-2.1862053909301755
1759310194224566500,8.58956640625,2.6677391998291013,7.52692110671997,-1.8963573524475097
1759310194234649600,8.599649658203125,2.5403975990295407,7.274482469177245,-1.6998831787109374
1759310194244732700,8.609732666015624,2.3906103576660156,6.940341699981689,-1.5442600708007812
1759310194254815500,8.6198154296875,2.2931962776184083,6.547991902923584,-1.396867031097412
1759310194264899000,8.629899169921876,2.1486463523864745,6.13529139175415,-1.251868193054199
1759310194274982000,8.63998193359375,1.9882348411560058,5.784540848541259,-1.0842740768432617
1759310194285065000,8.65006494140625,1.8154034088134765,5.496488461303711,-0.9177274238586425
1759310194295147800,8.660147705078124,1.635539009094238,5.253028079986572,-0.736067372894287
1759310194305231000,8.670231201171875,1.4531307701110838,5.1042883018493646,-0.5681739814758301
1759310194315314200,8.680314208984376,1.311872872161865,5.03695138015747,-0.43080666122436523
1759310194325397000,8.69039697265625,1.2301707405090332,5.047276374816894,-0.33518823242187495
1759310194335480000,8.70047998046875,1.1900678627014158,5.137208574676514,-0.3511994560241699
1759310194345563000,8.71056298828125,1.226429800415039,5.275623358154297,-0.35464112091064454
1759310194355646000,8.72064599609375,1.2457330513000489,5.449053340911865,-0.37723639907836914
1759310194365729000,8.73072900390625,1.2728174575805664,5.6058735496521,-0.39803602600097654
1759310194375812000,8.74081201171875,1.2788029617309569,5.7721209274291985,-0.33848025970458984
1759310194385895000,8.75089501953125,1.2883797683715819,5.91846650390625,-0.23927052841186522
1759310194395978000,8.76097802734375,1.4236521621704101,6.093093587493896,-0.13826514587402344
1759310194406061000,8.77106103515625,1.6985364402770995,6.257096401214599,-0.01705868682861328
1759310194416144000,8.781143798828126,2.019359462738037,6.496217292022704,0.07676409072875977
1759310194426227200,8.791227294921875,2.3294085777282714,6.854748990631103,0.06464344482421874
1759310194436310000,8.80131005859375,2.5918729347229004,7.388356685638428,0.11477204208374023
1759310194446393000,8.81139306640625,2.785952906799316,8.170811715698242,0.17657237243652343
1759310194456476000,8.821475830078125,2.910601030731201,9.17428148651123,0.2763806541442871
1759310194466559000,8.83155908203125,2.954744123840332,10.478522840881347,0.4713584518432617
1759310194476641800,8.841641845703125,2.8781296707153317,11.891999645996092,0.7764695259094238
1759310194486725000,8.85172509765625,2.7467478546142576,13.05558165283203,1.2484265281677245
1759310194496808000,8.861807861328124,2.733729383087158,13.619416143798828,1.8071733406066894
1759310194506891000,8.87189111328125,3.001879969024658,13.49087744216919,2.2375310890197753
1759310194516974000,8.88197412109375,3.424007649230957,12.962507063293456,2.3796868125915527
1759310194527057000,8.892056884765625,3.9158664527893063,12.293327699279784,2.1383213577270506
1759310194537140000,8.902139892578125,4.327669138336181,11.749245372009277,1.690007096862793
1759310194547223000,8.91222314453125,4.582950890350341,11.465831750488281,1.1930606147766112
1759310194557306000,8.92230615234375,4.697423657226563,11.475408557128906,0.716913759613037
1759310194567389000,8.932388916015626,4.652981288909912,11.556961051177979,0.3547907585144043
1759310194577472000,8.942471923828125,4.567238941955567,11.60619182281494,0.12255319747924803
1759310194587554800,8.952554931640625,4.4650364585876465,11.643451586151123,0.013916297149658202
1759310194597638000,8.962637939453124,4.356998108673095,11.679065335845946,-0.07167641220092773
1759310194607721200,8.97272119140625,4.233995998382568,11.877784073638916,-0.23313538665771483
1759310194617804000,8.982803955078126,4.074931225585937,12.331335650634765,-0.45759179229736324
1759310194627887000,8.99288720703125,3.854814310455322,12.769324916839599,-0.6594529197692871
1759310194637970000,9.002969970703125,3.6450223899841308,12.993930960083008,-0.7074865905761718
1759310194648053000,9.013052978515624,3.5007717399597165,12.924050199127196,-0.6444891593933105
1759310194658135800,9.0231357421875,3.443011624908447,12.603227176666259,-0.5488707305908203
1759310194668219100,9.03321923828125,3.4346319190979,12.135609664916991,-0.4830301849365234
1759310194678302000,9.043302001953125,3.4612674125671385,11.597812117004393,-0.4337994132995605
1759310194688385000,9.053385009765625,3.5161844131469726,11.060912394714356,-0.38322190322875976
1759310194698468000,9.063468017578124,3.5064579689025877,10.509497824859618,-0.296881005859375
1759310194708551000,9.073551025390625,3.442413074493408,9.990853890228271,-0.2407669044494629
1759310194718634000,9.083634033203126,3.325695743560791,9.619752632904053,-0.2768295669555664
1759310194728717000,9.093717041015625,3.0750527572631836,9.322871627044677,-0.4914098907470703
1759310194738800000,9.103800048828125,2.6235961067199707,9.03990691833496,-0.8108861747741699
1759310194748883000,9.113883056640624,2.0771195777893063,8.779088574981689,-1.2279261764526366
1759310194758966000,9.123966064453125,1.4992191520690916,8.535328918457031,-1.6163853958129881
1759310194769048800,9.134048828125,0.9202712631225586,8.243685228729248,-1.920449006652832
1759310194779132000,9.1441318359375,0.2889502128601074,7.954585378265381,-2.1350293304443357
1759310194789215000,9.154215087890625,-0.3507505432128906,7.607575775146484,-2.262670206451416
1759310194799298000,9.164298095703124,-0.8969277969360351,7.296030284118652,-2.391657820892334
1759310194809381000,9.174381103515625,-1.3147159866333007,7.082198148345947,-2.4603414810180664
1759310194819464000,9.1844638671875,-1.5869067878723144,7.014412313842773,-2.476352704620361
1759310194829547000,9.194547119140625,-1.732803451538086,7.059902145385742,-2.3609821121215817
1759310194839629800,9.2046298828125,-1.7693150268554687,7.127837617492675,-2.103156520843506
1759310194849714000,9.2147138671875,-1.7094599853515624,7.2052002586364745,-1.6947955001831054
1759310194859797000,9.224796875,-1.5978303329467773,7.258770520782471,-1.15565121383667
1759310194869880000,9.234880126953126,-1.4408604866027832,7.268197689819336,-0.6408978569030761
1759310194879963000,9.244962890625,-1.23211602935791,7.2909426055908195,-0.14484920043945312
1759310194890046000,9.2550458984375,-1.0271125122070313,7.346757431793212,0.270694425201416
1759310194900129000,9.26512890625,-0.8479963005065917,7.468412803649902,0.6138134506225585
1759310194910212000,9.275212158203125,-0.7231985389709472,7.69316848449707,0.8717886795043944
1759310194920295000,9.285294921875,-0.642244595336914,8.052298733520507,0.9911994873046874
1759310194930378000,9.2953779296875,-0.6010942543029785,8.455422438049316,1.0524012672424317
1759310194940460800,9.305460693359375,-0.5728127471923827,8.836699052429198,1.0139444030761717
1759310194950544000,9.3155439453125,-0.5433341392517089,9.11023659210205,0.962768342590332
1759310194960627200,9.325627197265625,-0.5373486351013184,9.313294820404051,0.8493430389404296
1759310194970710000,9.3357099609375,-0.5134066184997559,9.521590364837646,0.6606500205993652
1759310194980793000,9.34579296875,-0.479438882446289,9.88296517791748,0.4707599014282226
1759310194990876000,9.3558759765625,-0.4656722229003906,10.496778628540039,0.19662381134033202
1759310195000959000,9.365958984375,-0.41060558471679687,11.253645628356933,-0.13138181610107422
1759310195011041800,9.376041748046875,-0.27877485580444333,12.089820558166503,-0.5021837982177734
1759310195021125000,9.386125,-0.13257891693115234,12.922404185485838,-0.8572738319396972
1759310195031208000,9.3962080078125,-0.03591302490234375,13.61806940536499,-1.272368544769287
1759310195041291000,9.406291015625,-0.0017956512451171875,14.038251796722411,-1.6929998489379883
1759310195051374000,9.4163740234375,0.012569558715820313,14.227244090270995,-2.0982184799194337
1759310195061457000,9.426456787109375,0.04249707946777344,14.40845522842407,-2.371157469177246
1759310195071540000,9.4365400390625,0.11118073959350586,14.775366632843017,-2.545634915161133
1759310195081623000,9.446623046875,0.2050035171508789,15.229067847442627,-2.685396437072754
1759310195091706000,9.4567060546875,0.3003226707458496,15.580117665863035,-2.748992418670654
1759310195101789000,9.466788818359374,0.40282442932128903,15.535076747131347,-2.8413188201904296
1759310195111872000,9.4768720703125,0.5738602104187012,14.786888728332519,-2.971802810668945
1759310195121954800,9.486954833984376,0.7525275093078613,13.654730618286132,-2.9822774429321286
1759310195132038000,9.497037841796875,0.9867103591918944,12.571952917480468,-2.8618191719055175
1759310195142121000,9.507120849609375,1.2900257820129393,11.761515655517577,-2.658461668395996
1759310195152204000,9.5172041015625,1.5400702178955077,11.269357576751709,-2.447622284698486
1759310195162287000,9.527287109375,1.7483657623291016,10.984447579193114,-2.4144027366638183
1759310195172370000,9.537369873046876,1.8978537284851074,10.835857438659668,-2.550423318481445
1759310195182453000,9.547452880859375,1.999607299041748,10.726921263122557,-2.71337866897583
1759310195192535800,9.557535888671875,2.083703632354736,10.583867713928223,-2.884414450073242
1759310195202619100,9.567619140625,2.3139959045410157,10.401758750152588,-3.079841160583496
1759310195212702000,9.577701904296875,2.8493992507934567,10.086322681427001,-3.400364907836914
1759310195222785000,9.587784912109376,3.2996588005065917,9.399037167358397,-3.947290349578857
1759310195232867800,9.597867919921875,3.775207105255127,8.243685228729248,-4.736030158996582
1759310195242951000,9.607950927734375,4.3442789123535155,7.069927864837646,-5.370343961334228
1759310195253034000,9.618033935546874,4.57741429901123,6.477362953948974,-5.552452925109863
1759310195263116300,9.6281162109375,4.11787721786499,6.552630668640137,-5.093813669586181
1759310195273199400,9.638199462890626,3.1434371421813965,7.228094812011718,-4.367622378540039
1759310195283282200,9.6482822265625,2.145503962707519,8.324489534759522,-3.6457705780029293
1759310195293365200,9.658365234375,1.4821604652404785,9.33364553451538,-3.1438860549926755
1759310195303448300,9.6684482421875,1.260247898864746,9.78166052017212,-2.912097406768799
1759310195313531400,9.678531494140625,1.5215151550292967,9.542988542175292,-2.807949634552002
1759310195323614500,9.688614501953126,1.975964557647705,8.972270721435546,-2.501791097259521
1759310195333697300,9.698697265625,2.409464695739746,8.473528588104248,-2.0223522148132322
1759310195343780400,9.7087802734375,2.744054377746582,8.194753732299803,-1.5831658477783201
1759310195353863200,9.71886328125,2.874239093017578,8.109161022949218,-1.2620435501098632
1759310195363946200,9.7289462890625,2.8788778587341306,8.163479473114013,-1.0491092399597168
1759310195374029300,9.739029296875,2.7684453071594235,8.215104446411132,-0.8077437850952148
1759310195384112400,9.7491123046875,2.531868255615234,8.196549383544921,-0.5877765075683593
1759310195394195200,9.7591953125,2.173186919403076,8.040477362823486,-0.330699104309082
1759310195404278300,9.7692783203125,1.84518129196167,7.844901014709472,-0.06898293533325195
1759310195414361300,9.779361328125,1.6186299598693847,7.68044928817749,0.20470424194335937
1759310195424444200,9.789444091796875,1.5134347244262694,7.5080667686462395,0.469263525390625
1759310195434527500,9.799527587890625,1.4966753128051757,7.2432082099914545,0.6634931350708008
1759310195444610300,9.8096103515625,1.5346832641601562,6.900687734985351,0.8084919731140137
1759310195454693400,9.819693359375,1.5746365043640136,6.531980679321289,0.9454103805541991
1759310195464776200,9.829776123046875,1.5670049865722655,6.172102242279053,1.1139023223876952
1759310195474859300,9.839859375,1.5499462997436522,5.787683238220215,1.2928688964843749
1759310195484942000,9.849942138671874,1.5101426971435545,5.483021076965332,1.451784031677246
1759310195495025400,9.860025390625,1.5038579177856444,5.279214660644531,1.5652093353271483
1759310195505108500,9.8701083984375,1.4873977813720702,5.18434441986084,1.5928922920227049
1759310195515191300,9.88019140625,1.4612112007141111,5.173121599578857,1.513733999633789
1759310195525274400,9.8902744140625,1.4526818572998046,5.231480265045166,1.3896844261169432
1759310195535357200,9.900357177734374,1.405695649719238,5.406256986236572,1.286434479522705
1759310195545440300,9.910440185546875,1.2877812179565429,5.6295162910461425,1.2080243751525879
1759310195555523300,9.9205234375,1.139639990234375,5.8277861160278315,1.1921627891540527
1759310195565606400,9.9306064453125,1.0651204635620117,6.048052668762207,1.2301707405090332
1759310195575689200,9.940689208984375,0.9931447761535644,6.299892755889892,1.2867337547302244
1759310195585772300,9.950772216796874,0.9709984107971191,6.622810704803467,1.3096283081054687
1759310195595855400,9.96085546875,0.9446621925354003,7.031022087860107,1.2770073104858397
1759310195605939500,9.970939453125,0.9931447761535644,7.579144630432128,1.2032359718322754
1759310195616021500,9.981021484375,1.08532154006958,8.298901504516602,1.084722989654541
1759310195626105300,9.991105224609376,1.1468225952148436,9.05831234359741,0.9160814102172851
1759310195636188200,10.001188232421875,1.2086229255676268,9.813234054565429,0.77886372756958
1759310195646271200,10.011271240234375,1.294814185333252,10.523563759613037,0.7056909393310546
1759310195656354300,10.021354248046874,1.4615104759216309,11.202020655059814,0.7246949150085449
1759310195666437400,10.031437255859375,1.7491139503479003,11.858331185150146,0.8057984962463378
1759310195676520400,10.0415205078125,2.1505916412353514,12.470049709320067,1.0039186836242675
1759310195686603300,10.051603271484375,2.5781062751770016,12.948141853332519,1.3013982398986816
1759310195696686300,10.061686279296875,3.0301614761352536,13.272107265472412,1.5972317825317381
1759310195706769200,10.07176904296875,3.509600358581543,13.319841661071777,1.887828009033203
1759310195716852500,10.0818525390625,4.021510601043701,13.020117540740966,2.0854992835998534
1759310195726935300,10.091935302734376,4.476708191680908,12.441468927001953,2.041056915283203
1759310195737018400,10.102018310546875,4.880131171417236,11.731288859558104,1.7298106994628906
1759310195747101200,10.11210107421875,5.092317293548584,11.186757619476317,1.2463316017150878
1759310195757184300,10.122184326171874,5.153219798278808,11.082310572052002,0.7154173835754394
1759310195767267300,10.132267333984375,5.074061505889892,11.4278237991333,0.19018939437866209
1759310195777350400,10.142350341796876,4.723011687469482,12.001235096740722,-0.3435679382324219
1759310195787433500,10.15243359375,4.197334785461425,12.478279777526854,-0.9283516937255859
1759310195797516300,10.162516357421875,3.5500025115966793,12.830077783966063,-1.6374842979431152
1759310195807599400,10.172599365234374,2.945616230010986,13.15763449859619,-2.4902690017700193
1759310195817682200,10.18268212890625,2.54084651184082,13.33001701812744,-3.4023101966857907
1759310195827765200,10.19276513671875,2.4173954887390137,13.241281919097899,-4.313752841186523
1759310195837848300,10.202848388671875,2.5866356185913086,12.81331837234497,-4.977694889068603
1759310195847931400,10.212931396484375,3.060687547302246,12.099247727203368,-5.387402648162841
1759310195858014500,10.223014404296874,3.6522049949645994,11.1343844581604,-5.566668497467041
1759310195868097300,10.23309716796875,4.107252947998047,10.051606757354735,-5.498284112548828
1759310195878180400,10.243180419921876,4.210802169799805,9.019705841827392,-5.324704492187499
1759310195888263200,10.25326318359375,3.9830537368774412,8.173505192565917,-5.097554609680175
1759310195898346500,10.263346435546875,3.5317467239379883,7.662043862915039,-4.827009822082519
1759310195908429300,10.27342919921875,2.9327473960876462,7.517194662475585,-4.461445156097412
1759310195918512400,10.283512451171875,2.1986253120422363,7.754819177246094,-4.192396744537353
1759310195928595200,10.29359521484375,1.4507365684509277,8.14686969909668,-3.893720087432861
1759310195938678300,10.30367822265625,0.7787140899658203,8.508843062591552,-3.5277065086364745
1759310195948761300,10.31376123046875,0.24346038131713865,8.66955384902954,-3.1280244689941403
1759310195958844400,10.323844482421874,-0.08230068206787108,8.613140472412109,-2.62389538192749
1759310195968927500,10.333927490234375,-0.14559738845825196,8.393322832489012,-1.9979612854003905
1759310195979010300,10.34401025390625,-0.05716156463623046,8.109609935760497,-1.3181576515197753
1759310195989093400,10.35409326171875,0.09636661682128905,7.907599170684814,-0.6519710395812988
1759310195999176200,10.36417626953125,0.2154781494140625,7.745392008209228,0.028730419921875
1759310196009259300,10.37425927734375,0.4156932632446289,7.660846762084961,0.6904279037475586
1759310196019342300,10.38434228515625,0.7404068634033203,7.753921351623535,1.272368544769287
1759310196029425400,10.39442529296875,1.0660182891845702,7.905653881835937,1.6440683525085449
1759310196039508200,10.40450830078125,1.2428899368286133,8.036137872314452,1.8650830932617186
1759310196049591300,10.41459130859375,1.3739724777221678,8.10137986755371,2.013523596191406
1759310196059674400,10.42467431640625,1.599326708984375,8.182483448791503,1.9846435386657715
1759310196069757200,10.434757080078125,1.7687164764404295,8.274660212707518,1.770362490081787
1759310196079840500,10.444840576171876,1.7501614135742187,8.290372161102294,1.3572130661010742
1759310196089923300,10.45492333984375,1.5064017570495605,8.250119645690917,0.9388263259887695
1759310196100006400,10.46500634765625,1.189918225097656,8.313715627288818,0.5823895538330078
1759310196110089200,10.475089111328124,0.7932289375305175,8.563311150360107,0.33473931961059566
1759310196120172300,10.48517236328125,0.4312555740356445,8.860341793823242,0.22041619033813475
1759310196130255000,10.495255126953126,0.20874445724487303,9.101557611083983,0.1913864952087402
1759310196140338400,10.50533837890625,0.10190320816040038,9.24371333465576,0.25827450408935543
1759310196150421500,10.51542138671875,0.13781623306274413,9.253140503692626,0.3660135787963867
1759310196160504300,10.52550439453125,0.25573066482543944,9.169792358398437,0.44158056869506834
1759310196170587400,10.53558740234375,0.3746925598144531,9.050980101013183,0.49844285812377925
1759310196180670200,10.545670166015626,0.4929062667846679,8.857498679351806,0.48976387710571284
1759310196190753300,10.555753173828125,0.5289689292907714,8.691550576782227,0.46851533737182616
1759310196200836400,10.56583642578125,0.48512511138916015,8.588899180603027,0.39279870986938475
1759310196210919400,10.57591943359375,0.39848493881225583,8.447641282653809,0.3359364204406738
1759310196221002200,10.586002197265625,0.3033154228210449,8.287529046630858,0.29179332733154295
1759310196231085300,10.596085205078126,0.2437596565246582,8.074744374084473,0.25363573837280273
1759310196241168400,10.60616845703125,0.21083938369750976,7.861660426330566,0.29239187774658204
1759310196251251200,10.616251220703125,0.20470424194335937,7.667730091857909,0.323666136932373
1759310196261334500,10.62633447265625,0.18734627990722655,7.554753701019287,0.37768531188964843
1759310196271418600,10.636418701171875,0.15696984634399413,7.494150471496582,0.4584896179199218
1759310196281501400,10.64650146484375,0.1744774459838867,7.456741070556641,0.5569511611938476
1759310196291584500,10.65658447265625,0.20290859069824219,7.3943421897888175,0.5967547637939453
1759310196301667300,10.666667236328125,0.2180219886779785,7.378031690979004,0.6557119796752929
1759310196311750400,10.67675048828125,0.2337339370727539,7.402721895599365,0.6739677673339843
1759310196321833500,10.68683349609375,0.2223614791870117,7.490708806610107,0.7202057868957519
1759310196331916500,10.69691650390625,0.2198176399230957,7.721150716400146,0.8101379867553711
1759310196341999600,10.70699951171875,0.17088614349365233,8.054094384765625,0.9611223289489745
1759310196352082400,10.71708251953125,0.16250643768310546,8.421903614807128,1.1309610092163085
1759310196362165500,10.72716552734375,0.1183633445739746,8.838195428466797,1.3147159866333007
1759310196372248300,10.737248291015625,0.04399345550537109,9.274389043426513,1.496525675201416
1759310196382331400,10.747331298828126,-0.10025719451904297,9.823259774017334,1.7030255683898925
1759310196392414500,10.75741455078125,-0.3000233955383301,10.541220996856689,1.9072808975219726
1759310196402497500,10.76749755859375,-0.5496189186096191,11.480795510864256,2.151040554046631
1759310196412580600,10.77758056640625,-0.790385823059082,12.522273233032227,2.4067712188720702
1759310196422663400,10.787663330078125,-0.9635165306091308,13.441497032928465,2.7168203338623047
1759310196432746500,10.79774658203125,-0.9606734161376953,14.187290850067138,3.0527567543029783
1759310196442829300,10.807829345703125,-0.743100340270996,15.005509267425536,3.2869396041870114
1759310196452912600,10.81791259765625,-0.506224013519287,15.809063199615478,3.3253964683532713
1759310196462995500,10.827995361328124,-0.3206733848571777,16.467468656158445,3.2899323562622067
1759310196473078500,10.83807861328125,-0.2371756019592285,17.247679122161863,3.2576106338500974
1759310196483161300,10.848161376953126,-0.07032967376708985,18.1170736000061,3.2981624244689938
1759310196493244400,10.858244384765625,0.366462491607666,18.6693859954834,3.3810616569519043
1759310196503328500,10.86832861328125,1.0571896705627442,18.492963260650633,3.1645360443115234
1759310196513411600,10.87841162109375,1.911470750427246,17.675792306518552,2.4211364288330075
1759310196523494400,10.888494384765625,2.8196213676452637,16.72050584411621,1.2702736183166503
1759310196533577500,10.898577392578124,3.484161965942383,15.880290699005126,0.11866261978149413
1759310196543660300,10.908660400390625,3.934870428466797,14.97079334335327,-0.845901374053955
1759310196553743400,10.918743408203126,4.346074563598632,13.953856188201904,-1.4769231491088866
1759310196563826700,10.92882666015625,4.776881224822998,12.84564009475708,-1.7922095802307128
1759310196573909500,10.938909423828125,4.719420384979248,11.69567510986328,-1.9405004455566406
1759310196583992600,10.94899267578125,4.1289504005432125,10.296264239501953,-2.24097275390625
1759310196594075400,10.959075439453125,3.271227655792236,8.651746974182128,-2.785354356384277
1759310196604158500,10.969158447265626,2.629282335662842,7.516895387268066,-3.0166940917968748
1759310196614241300,10.9792412109375,2.198774949645996,7.233930678558349,-2.5857377929687497
1759310196624324600,10.98932470703125,1.5390227546691893,7.29079296798706,-1.7299603370666503
1759310196634407400,10.999407470703124,0.8421604339599609,7.515099736022949,-0.8601169464111328
1759310196644490500,11.009490478515625,0.3703530693054199,7.964461460113525,-0.15786767196655271
1759310196654573600,11.019573486328126,-0.08379705810546874,8.504653209686278,0.24301146850585936
1759310196664656400,11.029656494140625,-0.6706757400512695,8.999355127716063,0.2397194412231445
1759310196674739500,11.039739501953125,-1.3718775512695311,9.446023374938964,-0.24660277099609373
1759310196684822500,11.049822509765624,-2.0400094520568848,9.764302558135986,-1.0066121604919434
1759310196694905600,11.059905517578125,-2.439392216491699,9.952696301269532,-1.911470750427246
1759310196704988400,11.069988525390626,-2.5649381660461423,10.018237571716307,-2.6613047828674317
1759310196715071500,11.080071533203125,-2.429965047454834,10.037989735412596,-3.172466837310791
1759310196725154300,11.090154296875,-2.2412720291137695,10.062530302429199,-3.389441362762451
1759310196735237400,11.1002373046875,-2.139219183349609,10.106823033142089,-3.4159272186279295
1759310196745320400,11.110320556640625,-2.1339818672180173,10.140341856384277,-3.3366192886352537
1759310196755403500,11.120403564453126,-2.182165175628662,10.145878447723389,-3.1771056030273437
1759310196765486600,11.130486572265625,-2.2336405113220215,10.102782817840575,-2.878728221130371
1759310196775569400,11.1405693359375,-2.262670206451416,10.005069462585448,-2.6581623931884764
1759310196785652500,11.150652587890624,-2.325817275238037,9.938031816101073,-2.5213936233520506
1759310196795735300,11.1607353515625,-2.2767361412048337,9.832986218261718,-2.4268226577758787
1759310196805818600,11.170818603515626,-2.005892078399658,9.710433020782471,-2.3255180000305176
1759310196815901400,11.1809013671875,-1.649604943847656,9.603891046905517,-2.191592344665527
1759310196825984500,11.190984619140625,-1.211765315246582,9.448417576599121,-2.012326495361328
1759310196836067300,11.2010673828125,-0.7942764007568359,9.185653944396972,-1.788319002532959
1759310196846150400,11.211150390625,-0.42437224426269526,8.856900128936767,-1.6295535049438477
1759310196856233500,11.2212333984375,-0.037110125732421874,8.549993403625487,-1.541716231536865
1759310196866316500,11.231316650390625,0.37020343170166015,8.378359072113037,-1.4323311431884764
1759310196876399600,11.241399658203125,0.8020575561523438,8.323442071533202,-1.220743571472168
1759310196886482400,11.251482421875,1.2376526206970213,8.17889214630127,-0.9165303230285644
1759310196896565500,11.2615654296875,1.719934617614746,7.992144416809081,-0.5784989761352539
1759310196906648300,11.2716484375,2.2315455848693846,7.659350386047363,-0.30047230834960936
1759310196916731600,11.281731689453125,2.68120658416748,7.196970190429687,-0.07122749938964844
1759310196926814500,11.291814453125,3.139696202087402,6.788758807373046,0.13467384338378904
1759310196936897500,11.3018974609375,3.4980782630920406,6.564751314544678,0.2677016731262207
1759310196946980400,11.31198046875,3.652653907775879,6.552032118225097,0.37125089492797847
1759310196957063400,11.3220634765625,3.6489129676818846,6.716633482360839,0.4921580787658691
1759310196967146500,11.332146484375,3.5883097381591793,6.95904640045166,0.6712742904663086
1759310196977229600,11.3422294921875,3.4166754066467284,7.223156771087646,0.9371803123474121
1759310196987312600,11.352312744140624,3.200598706817627,7.461080561065673,1.2268787132263184
1759310196997395500,11.3623955078125,2.9920038871765136,7.6939166725158685,1.4710872825622558
1759310197007478500,11.372478515625,2.835333316040039,7.89727417602539,1.659181750488281
1759310197017561300,11.382561279296874,2.7021558486938475,8.020126648712157,1.7794903839111327
1759310197027644400,11.39264453125,2.569726569366455,8.0575360496521,1.795950520324707
1759310197037727500,11.4027275390625,2.489371176147461,8.059182063293457,1.7847277000427244
1759310197047810600,11.412810546875,2.488024437713623,8.026261790466307,1.8806454040527343
1759310197057893600,11.4228935546875,2.4842834976196286,7.903110042572021,2.0661960327148434
1759310197067976400,11.4329765625,2.5775077247619627,7.710676084136963,2.1787235107421874
1759310197078059500,11.4430595703125,2.905513352203369,7.463774037933349,2.1728876441955567
1759310197088142300,11.453142333984376,3.407397875213623,7.221361119842529,2.0880431228637693
1759310197098225700,11.4632255859375,3.9284360115051267,6.943184814453125,1.9090765487670898
1759310197108308500,11.47330859375,4.366275640106201,6.629843672180176,1.6795324645996093
1759310197118391600,11.4833916015625,4.681711708831787,6.308122824096679,1.4604630126953124
1759310197128474400,11.493474365234375,4.817732290649414,6.049698682403564,1.2442366752624512
1759310197138557400,11.503557373046876,4.841973582458496,5.9302878746032714,1.0842740768432617
1759310197148640500,11.513640625,4.81982721710205,5.9868508888244625,0.9790788414001464
1759310197158723600,11.5237236328125,4.836137715911865,6.2116065696716305,0.9566332008361815
1759310197168806700,11.533806640625,4.929361943054199,6.545148788452148,1.0307038146972656
1759310197178889500,11.543889404296875,4.949712657165527,6.949170318603516,1.1207856521606445
1759310197188972500,11.55397265625,4.949114106750488,7.293486444854736,1.1411363662719727
1759310197199055400,11.564055419921875,4.970512284088135,7.4688617164611815,1.1719617126464843
1759310197209138400,11.574138427734376,5.067776726531982,7.559691741943359,1.1764508407592773
1759310197219221500,11.584221435546874,5.1146132965087885,7.592911289978027,1.1489175216674803
1759310197229304600,11.5943046875,5.048473475646972,7.569418186187744,1.0856208152770996
1759310197239387400,11.604387451171876,4.944475341033935,7.634660181427002,1.02142628326416
1759310197249470500,11.614470458984375,4.824465982818603,7.783998509979248,1.0164882423400878
1759310197259553500,11.624553466796876,4.69906967086792,8.19116242980957,1.0601824226379395
1759310197269636400,11.63463623046875,4.6736312782287595,8.910320753479004,1.15565121383667
1759310197279719400,11.644719482421875,4.563498001861572,9.651924717712403,1.2632406509399414
1759310197289802200,11.65480224609375,4.3053731353759765,9.916633638763427,1.2243348739624023
1759310197299885300,11.66488525390625,4.291756113433838,9.70369932861328,1.0904092185974121
1759310197309968100,11.674968017578125,4.153341329956055,9.34681364364624,0.8936357696533203
1759310197320051200,11.68505126953125,3.56242243270874,9.156025698852538,0.577152237701416
1759310197330134300,11.69513427734375,3.113509621429443,9.561992517852783,-0.1044470474243164
1759310197340217300,11.70521728515625,3.2047885597229,10.270676209259033,-0.9451111053466796
1759310197350300400,11.715300537109375,2.7082909904479977,10.678737954711913,-1.3657424095153807
1759310197360383200,11.72538330078125,1.6922516609191893,10.593294882965088,-1.2660837654113768
1759310197370466300,11.73546630859375,1.5312415992736816,10.143035333251953,-0.9894038360595703
1759310197380549000,11.745549072265625,2.118269918823242,9.39140564956665,-0.6976105087280273
1759310197390632400,11.755632568359376,3.257161721038818,8.576479259490966,-0.4477157104492187
1759310197400715300,11.76571533203125,4.180575373840332,8.278251515197754,-0.3124433166503906
1759310197410798300,11.77579833984375,4.633378762817382,8.52305863494873,-0.19961656341552733
1759310197420881200,11.785881103515624,4.670189613342285,8.97032543258667,0.03591302490234375
1759310197430964200,11.795964111328125,4.440046978759765,9.3592335647583,0.3624222763061523
1759310197441047300,11.80604736328125,4.298340167999267,9.433603453826903,0.924461116027832
1759310197451130400,11.81613037109375,4.3813890380859375,9.243264421844481,1.7562965553283691
1759310197461213400,11.82621337890625,4.874594580078124,8.932317481231689,2.7825112419128417
1759310197471296300,11.836296142578124,5.6106619529724115,8.710704190063476,3.421164534759521
1759310197481379300,11.84637939453125,6.118382342529297,8.622418003845214,3.5615246070861812
1759310197491462100,11.856462158203126,6.162375798034668,8.545803550720214,3.360710942840576
1759310197501545500,11.86654541015625,5.853074871063232,8.435221361541748,3.050362552642822
1759310197511628300,11.876628173828125,5.584625009918213,8.435670274353027,2.68120658416748
1759310197521711400,11.88671142578125,5.49035331954956,8.494328215026854,2.3095067764282224
1759310197531794400,11.89679443359375,5.345204843902588,8.481309743499756,2.0684405967712403
1759310197541877200,11.906877197265626,5.125536841583251,8.45332751159668,1.8781015647888182
1759310197551960300,11.916960205078125,4.931756144714355,8.389282617187499,1.622819812774658
1759310197562043400,11.92704345703125,4.912901806640625,8.297554766082763,1.3127706977844238
1759310197572126500,11.93712646484375,4.825363808441161,8.178742508697509,1.1219827529907227
1759310197582210300,11.947210205078125,4.671386714172363,8.156895418548583,1.0480617767333984
1759310197592292400,11.957292236328126,4.53955598526001,8.167220413208007,1.1939584403991699
1759310197602375200,11.967375244140625,4.356549195861816,8.175899394226073,1.3754688537597655
1759310197612459500,11.97745947265625,4.0806174545288085,8.095992913818359,1.5828665725708007
1759310197622542300,11.987542236328125,3.781940797424316,7.932439012908935,1.8136077575683593
1759310197632625400,11.99762548828125,3.6266169647216793,7.81437494354248,1.9053356086730955
1759310197642708200,12.007708251953124,3.61973363494873,7.781454670715331,1.9042881454467773
1759310197652791300,12.017791259765625,3.801244048309326,7.779808657073974,1.8724153358459472
1759310197662874000,12.0278740234375,4.150947128295898,7.8362220336914055,1.8665794692993163
1759310197672957400,12.03795751953125,4.487332461547851,7.91672706451416,1.9327192901611328
1759310197683040300,12.048040283203125,4.744260227203369,7.958924868774414,2.084451820373535
1759310197693123300,12.058123291015624,4.968566995239257,7.975983555603027,2.3810335510253906
1759310197703206400,12.068206298828125,5.122095176696777,7.96087015762329,2.668038475036621
1759310197713289200,12.078289306640626,5.218761068725586,7.962965084075927,2.853289828491211
1759310197723372300,12.088372314453125,5.297470448303223,8.01877991027832,2.954744123840332
1759310197733455400,12.098455322265625,5.307795442962647,8.106766821289062,3.021632132720947
1759310197743538400,12.108538330078124,5.289090742492675,8.19789612197876,3.068917615509033
1759310197753621200,12.118621337890625,5.298667549133301,8.245480879974364,3.054851680755615
1759310197763704300,12.128704345703126,5.314080222320556,8.272864561462402,3.0069676475524902
1759310197773787100,12.138787109375,5.29896682434082,8.236951536560058,2.9749452003479
1759310197783870200,12.1488701171875,5.233575191497803,8.194753732299803,2.957287963104248
1759310197793953500,12.15895361328125,5.140201326751709,8.23560479812622,2.9617770912170407
1759310197804036400,12.169036376953125,5.013458276367187,8.309825049591064,2.9366379737854
1759310197814119400,12.179119384765626,4.939986212921142,8.353668867492676,2.881870610809326
1759310197824202200,12.1892021484375,4.929661218261718,8.327482286834716,2.7570728492736816
1759310197834285300,12.199285400390625,4.897638771057129,8.275258763122558,2.596362062835693
1759310197844368100,12.2093681640625,4.88417138671875,8.206874378204345,2.4492682983398435
1759310197854451500,12.219451416015625,4.882076460266113,8.19131206741333,2.3873183303833008
1759310197864534300,12.2295341796875,4.862922846984863,8.135497241210937,2.3777415237426758
1759310197874617300,12.239617431640625,4.85229857711792,8.06307264099121,2.3446716133117675
1759310197884700400,12.249700439453125,4.899284784698486,7.950994075775146,2.2762872283935547
1759310197894783200,12.259783203125,4.9437271530151365,7.912537211608886,2.281674182128906
1759310197904866300,12.2698662109375,4.912003981018066,7.889941933441162,2.357690084838867
1759310197914949400,12.279949462890626,4.913500357055664,7.888894470214844,2.4054244804382323
1759310197925032400,12.290032470703125,4.928314479827881,7.860164050292968,2.4967034187316894
1759310197935115300,12.300115234375,5.007772047424316,7.836970221710205,2.5546131713867184
1759310197945198300,12.3101982421875,5.080645560455322,7.780107932281494,2.5602994003295896
1759310197955281200,12.32028125,5.085882876586914,7.770680763244629,2.601000828552246
1759310197965364200,12.3303642578125,5.214571215820312,7.751527149963379,2.708889540863037
1759310197975447300,12.340447265625,5.138405675506592,7.793276041412353,2.846256861114502
1759310197985530400,12.3505302734375,4.891503629302978,7.874529260253905,2.9131448699951172
1759310197995613400,12.360613525390624,4.8983869590759275,7.915529963684081,2.8899510414123535
1759310198005696300,12.3706962890625,5.083787950134277,7.86585027923584,2.7569232116699216
1759310198015779300,12.380779296875,5.116408947753906,7.793276041412353,2.580650114440918
1759310198025862100,12.390862060546874,5.164292980957031,7.71845723953247,2.488622988128662
1759310198035945500,12.400945556640625,5.226841499328613,7.759757218170166,2.46438169631958
1759310198046028300,12.4110283203125,5.248389314270019,7.811531829071044,2.545485277557373
1759310198056111400,12.421111328125,5.215469041442871,7.810334728240966,2.6288334228515624
1759310198066194200,12.431194091796876,5.242852722930908,7.847295216369629,2.6343700141906736
1759310198076277200,12.44127734375,5.191527024841308,7.860313687896728,2.6186580657958984
1759310198086360300,12.4513603515625,5.207837523651123,7.900566203308105,2.5782559127807616
1759310198096443400,12.461443359375,5.406107348632812,7.9664067489624015,2.528276953125
