time,seconds_elapsed,z,y,x
1759644237328650200,0.052650146484375,3.01011997410357,8.994511194816232,-2.4916525650829073
1759644237338606300,0.0626064453125,3.0095941966637967,8.995159429591894,-2.489945468904078
1759644237348562200,0.072562255859375,3.0085394269138575,8.995991204240918,-2.4882123615011573
1759644237358518300,0.082518310546875,3.0079873459890485,8.996517273941636,-2.4869772667482493
1759644237368474400,0.092474365234375,3.0088854638725517,8.9965079215914,-2.4859306803047656
1759644237378430500,0.102430419921875,3.010841566376388,8.996050825473665,-2.48521405646801
1759644237388386300,0.11238623046875,3.012685732938349,8.995437662011385,-2.4851979821160435
1759644237398342400,0.12234228515625,3.0138690975040197,8.9948133926332,-2.4860215734586117
1759644237408298200,0.13229833984375,3.014552403593063,8.99417743281722,-2.487494568620622
1759644237418254300,0.14225439453125,3.01484729488641,8.993539134913682,-2.4894445336446163
1759644237428210200,0.152210205078125,3.0149735516145824,8.992935908323526,-2.4914701942533255
1759644237438166300,0.162166259765625,3.0156358149155973,8.992561229792237,-2.4920202293515206
1759644237448122400,0.172122314453125,3.0169580034300685,8.992568828576802,-2.490391166844964
1759644237458078500,0.182078369140625,3.0181685482636094,8.992895576313137,-2.487744743989408
1759644237468034300,0.192034423828125,3.017747692503035,8.993546733698249,-2.4859008696883915
1759644237477990400,0.201990478515625,3.015501959402859,8.994575492224097,-2.484903675344586
1759644237487946200,0.2119462890625,3.0127170048594474,8.995840397593378,-2.4837036519050595
1759644237497902300,0.22190234375,3.011025983032584,8.996952158227563,-2.4817288447007537
1759644237507858200,0.231858154296875,3.010270780751109,8.997752953216432,-2.479736209578812
1759644237517814300,0.241814208984375,3.0091604814216493,8.998266747957468,-2.47921773866266
1759644237527770400,0.251770263671875,3.007187720043957,8.998694617980718,-2.480062665054202
1759644237537726500,0.2617265625,3.005073212108016,8.999108459478617,-2.4811259103715417
1759644237547681300,0.271681396484375,3.0032310913726685,8.999557956811785,-2.4817218304380773
1759644237557637400,0.281637451171875,3.001464373961091,9.00012786565423,-2.481793434369564
1759644237567593200,0.29159326171875,2.9995836747810243,9.000869039410352,-2.4813798851326108
1759644237577549600,0.301549560546875,2.9974647829309102,9.001812457740307,-2.480513623692095
1759644237587505400,0.31150537109375,2.9952649347990747,9.002802637821436,-2.4795772196248174
1759644237597461500,0.32146142578125,2.9931381519034503,9.003726766929029,-2.4787930835098027
1759644237607417300,0.331417236328125,2.9912150748863815,9.004507688173652,-2.478277827464044
1759644237617373400,0.34137353515625,2.9893422667518257,9.00510682311058,-2.4783611218333244
1759644237627329300,0.351329345703125,2.9875346328079697,9.005582623928785,-2.4788114959493277
1759644237637285400,0.361285400390625,2.986141132622957,9.006006402298807,-2.4789497353762386
1759644237647241500,0.371241455078125,2.9850439850360155,9.006555852875113,-2.478272566767037
1759644237657197300,0.381197265625,2.9832334284827113,9.00743848092854,-2.4772502379819747
1759644237667153400,0.3911533203125,2.9803476439133285,9.008626813930272,-2.4764006354153154
1759644237677109200,0.401109130859375,2.976661648876965,9.010061230647564,-2.475614453473687
1759644237687065300,0.4110654296875,2.9729081415623426,9.011554099553823,-2.4746891553223134
1759644237697021200,0.421021240234375,2.969177430601418,9.01297624131143,-2.4739909439250827
1759644237706977300,0.430977294921875,2.965380084145069,9.014210751542448,-2.4740485193312165
1759644237716933400,0.440933349609375,2.961481615401804,9.015189825707674,-2.4751526811808344
1759644237726889500,0.450889404296875,2.9577924054950473,9.015907618588209,-2.4769454098165036
1759644237736845300,0.46084521484375,2.954491902644932,9.016461745339631,-2.4788705326601863
1759644237746801400,0.470801513671875,2.9512761554688214,9.017104719418287,-2.480362524783611
1759644237756757200,0.48075732421875,2.9477906514406205,9.01799319269061,-2.4812737944096326
1759644237766713300,0.49071337890625,2.943865586951375,9.019120735415816,-2.4818349354237315
1759644237776669200,0.500669189453125,2.939388149276376,9.020365182518958,-2.48262111736536
1759644237786625300,0.510625244140625,2.9341885348066685,9.021596770140528,-2.4842948957964777
1759644237796581400,0.520581298828125,2.9277061870500445,9.022743602088093,-2.487774846866727
1759644237806537500,0.530537353515625,2.920015340286493,9.023991556322574,-2.4922864790722725
1759644237816493300,0.540493408203125,2.9109917836144565,9.025447015827893,-2.497561789126694
1759644237826449400,0.550449462890625,2.900675849044323,9.027159664964675,-2.5033687218397853
1759644237836405200,0.5604052734375,2.8895249249547716,9.029235302194952,-2.508771165405214
1759644237846361300,0.570361328125,2.8786110244914886,9.031782648590207,-2.512145902535319
1759644237856317200,0.580317138671875,2.8695532732889055,9.034322396200896,-2.513380705027282
1759644237866273300,0.590273193359375,2.8627240117907524,9.036934624525903,-2.511773269830644
1759644237876229400,0.6002294921875,2.8568896065488456,9.039742667683958,-2.5083105621561406
1759644237886185500,0.610185546875,2.850257036666572,9.04275938515663,-2.504977618341148
1759644237896141300,0.620141357421875,2.843418422818184,9.045825202468038,-2.5016812071442605
1759644237906097400,0.630097412109375,2.8377383313551543,9.048723261997104,-2.4976491751492023
1759644237916053200,0.64005322265625,2.8336156984671947,9.051223262119292,-2.4932635074108838
1759644237926009300,0.65000927734375,2.830951739954948,9.053359105104207,-2.4885294646263123
1759644237935965200,0.659965087890625,2.828898606817424,9.055255294114351,-2.483962887363136
1759644237945921500,0.669921630859375,2.8260093151167034,9.057021719264984,-2.480810560812056
1759644237955877400,0.67987744140625,2.822192679437995,9.058636168724298,-2.4792577784121037
1759644237965833500,0.68983349609375,2.8182594316422938,9.060265815752745,-2.4777742618560787
1759644237975789300,0.699789306640625,2.8150647272542115,9.061900138956307,-2.475429744556546
1759644237985745400,0.709745361328125,2.8127020897760984,9.06357713225782,-2.47197229757905
1759644237995701200,0.719701171875,2.810836295904219,9.06508402968943,-2.4685692111372948
1759644238005657300,0.7296572265625,2.808842199477553,9.066344843405485,-2.4662086194857955
1759644238015613400,0.739613525390625,2.8061767796605825,9.067407504200935,-2.4653356360435486
1759644238025569500,0.749569580078125,2.802953433699906,9.06833046426475,-2.465608607766032
1759644238035525400,0.759525390625,2.7996356874540447,9.06915113299787,-2.4663594261333346
1759644238045481500,0.7694814453125,2.7965999730199576,9.069905166235566,-2.467031626306474
1759644238055437300,0.779437255859375,2.793605467379093,9.070780780026316,-2.4672017221763727
1759644238065393400,0.789393310546875,2.7904806133568285,9.071820059946178,-2.4669164754942057
1759644238075349200,0.799349365234375,2.787278017923236,9.072996117988229,-2.4662118343561885
1759644238085305300,0.809305419921875,2.784349270994961,9.074144118979573,-2.4652970575988293
1759644238095261400,0.819261474609375,2.7821035378947854,9.07506181834638,-2.464456222860515
1759644238105217500,0.829217529296875,2.780211148276925,9.075750385132432,-2.4640587479755283
1759644238115173400,0.83917333984375,2.778286025433242,9.076430768612026,-2.463723816932738
1759644238125129500,0.84912939453125,2.7761116040036082,9.077302875271439,-2.462960723605752
1759644238135085300,0.859085205078125,2.773768840269744,9.07832754214406,-2.461822367225587
1759644238145041400,0.86904150390625,2.771253350317478,9.079344610232114,-2.460907005946338
1759644238154997200,0.878997314453125,2.768800404207408,9.080158264702558,-2.4606617990136144
1759644238164953300,0.888953369140625,2.766476929695904,9.080811175653338,-2.460864335848391
1759644238174909400,0.898909423828125,2.764087404210865,9.08161080159843,-2.4605998396933075
1759644238184865300,0.908865234375,2.7619173666954038,9.082682230222225,-2.459081544084847
1759644238194821400,0.9188212890625,2.7597578505739566,9.083879331052303,-2.4570842327877878
1759644238204777200,0.928777099609375,2.757511825212836,9.084938484716416,-2.4556898558199403
1759644238214733300,0.9387333984375,2.7550939504161476,9.08563874194026,-2.4558149435043335
1759644238224689200,0.948689208984375,2.7527707681655884,9.086203390085696,-2.456330491811037
1759644238234645200,0.958645263671875,2.751249842208624,9.08688728069663,-2.4554998862057924
1759644238244601300,0.968601318359375,2.750932446822524,9.087658849591016,-2.453001347388327
1759644238254557400,0.978557373046875,2.7511314765259622,9.088330465242267,-2.450288435167819
1759644238264513300,0.98851318359375,2.7511343991354105,9.088643184453248,-2.4491288898691534
1759644238274469400,0.998469482421875,2.7507676116496325,9.088624479752779,-2.4496061519920826
1759644238284424400,1.008424560546875,2.750070277035236,9.088423404222727,-2.451136138038337
1759644238294380500,1.018380615234375,2.748841612023115,9.088477764758467,-2.4523145341679453
1759644238304336600,1.028336669921875,2.7469945228517054,9.089095604395865,-2.4520921235889195
1759644238314292500,1.03829248046875,2.7448540036916733,9.090174631804228,-2.450488341654092
1759644238324248600,1.04824853515625,2.7430054532155395,9.091192284414172,-2.448782268388569
1759644238334204400,1.058204345703125,2.7416531618237494,9.091808370485902,-2.448008069145679
1759644238344160500,1.068160400390625,2.740825771088898,9.091845195364952,-2.4487976120881734
1759644238354116400,1.078116455078125,2.740238034328818,9.091461749005317,-2.450881140363961
1759644238364072400,1.088072509765625,2.7399969190493225,9.090744540646671,-2.4538079875960945
1759644238374028500,1.098028564453125,2.7398382213562726,9.090237175646424,-2.4558649201259017
1759644238383984600,1.107984619140625,2.7393291027903555,9.090340636020898,-2.4560499213039875
1759644238393940500,1.1179404296875,2.738803909872472,9.090922819823026,-2.454480187769234
1759644238403896600,1.127896484375,2.738386561243236,9.09160612591207,-2.452410395757854
1759644238413852400,1.137852294921875,2.738642289569974,9.091840519189834,-2.4512568418085574
1759644238423808500,1.14780859375,2.7398271154403684,9.09165990192592,-2.4506059766843915
1759644238433764400,1.157764404296875,2.7406343401700255,9.091431938388943,-2.4505484012782572
1759644238443720700,1.167720703125,2.7396307160854336,9.091391021856666,-2.4518197363883254
1759644238453676500,1.177676513671875,2.737097398215532,9.091774468216299,-2.453227557359636
1759644238463632600,1.187632568359375,2.734600905224681,9.092271311822532,-2.454168929862976
1759644238473588500,1.19758837890625,2.7334672250196337,9.092450175520778,-2.4547698183655737
1759644238483544600,1.207544677734375,2.7334730702385306,9.09225845234096,-2.4554756285473704
1759644238493500400,1.21750048828125,2.7336329369753596,9.091870329806207,-2.4567335196539757
1759644238503456500,1.22745654296875,2.733393867522478,9.091672176885604,-2.4577301294758915
1759644238513412400,1.237412353515625,2.7329616135850547,9.092039256632328,-2.456852762119472
1759644238523368700,1.24736865234375,2.7324530795410276,9.092900257375836,-2.4542326427489516
1759644238533324500,1.257324462890625,2.7319845852464435,9.093893944588302,-2.4510721328914165
1759644238543280400,1.2672802734375,2.73152573556304,9.094561468586326,-2.4491071164287623
1759644238553236500,1.277236572265625,2.7313617771729826,9.094537503188848,-2.449377603933215
1759644238563192300,1.2871923828125,2.7316721582964063,9.093818541264534,-2.451695525486767
1759644238573148400,1.2971484375,2.7322531730547546,9.09281608622372,-2.4547680647999046
1759644238583104300,1.307104248046875,2.733129371367395,9.091952747392654,-2.45698661763221
1759644238593060600,1.317060546875,2.734201676774025,9.091553518941998,-2.4572718643143774
1759644238603016400,1.327016357421875,2.7347911670997735,9.09162424609065,-2.4563556262522934
1759644238612972500,1.33697265625,2.734688291247189,9.091841103711724,-2.4556655981615183
1759644238622928400,1.346928466796875,2.734491891892254,9.09173881238103,-2.4562600569233295
1759644238632884500,1.356884521484375,2.734987858715653,9.090912298429012,-2.4587676558300853
1759644238642840300,1.36684033203125,2.735906142604351,9.08940481647551,-2.4633181587412953
1759644238652796400,1.37679638671875,2.736743177950382,9.087826607373357,-2.4682053462609645
1759644238662752500,1.38675244140625,2.7380221118450163,9.086639443415402,-2.4711525056287647
1759644238672708600,1.39670849609375,2.7397227782830593,9.086077717879414,-2.4713354609802365
1759644238682664400,1.40666455078125,2.740851782312989,9.086116296324134,-2.469943129839003
1759644238692620500,1.41662060546875,2.740835123439133,9.086463502326607,-2.468684069688618
1759644238702576400,1.426576416015625,2.740149187001586,9.086765115621686,-2.4683359869033095
1759644238712532500,1.436532470703125,2.7396131804287434,9.08664411959052,-2.469376143606007
1759644238722488300,1.44648828125,2.739389308544993,9.086101098755002,-2.471621292184293
1759644238732444400,1.4564443359375,2.739891997370124,9.0854324057132,-2.4735206960648295
1759644238742400500,1.466400390625,2.740990314000845,9.085009211865067,-2.4738547503247856
1759644238752356600,1.476356689453125,2.7420293016597626,9.084866588523983,-2.4732263892933726
1759644238762312400,1.4863125,2.7419945226073263,9.084934977585077,-2.473015084630251
1759644238772268500,1.4962685546875,2.740725233323872,9.084976478639245,-2.474269176344573
1759644238782224400,1.506224365234375,2.739613472689688,9.084645054727792,-2.476718030801415
1759644238792180500,1.516180419921875,2.740312853130698,9.083786392071843,-2.4790949890658256
1759644238802136300,1.52613623046875,2.743356166349351,9.082481739214062,-2.4805057326465842
1759644238812092400,1.536092529296875,2.7472055352538822,9.081108697295189,-2.4812737944096326
1759644238822048500,1.546048583984375,2.7497923368766903,9.080218470457195,-2.4816671776413917
1759644238832004600,1.556004638671875,2.75053818680793,9.079943745169043,-2.4818451645568014
1759644238841960400,1.56596044921875,2.7498618949815627,9.080142482611537,-2.481869129954278
1759644238851916500,1.57591650390625,2.748660702498257,9.080517745664714,-2.4818261675953863
1759644238861872400,1.585872314453125,2.7473732930362225,9.080835725572705,-2.482087448880076
1759644238871828500,1.595828369140625,2.746683849467337,9.08095438351631,-2.4824156579211354
1759644238881784300,1.605784423828125,2.7474665242776273,9.080652770221233,-2.4826518047645685
1759644238891740700,1.61574072265625,2.7499422667413946,9.080091629207134,-2.481962653456628
1759644238901696500,1.625696533203125,2.7533333704844116,9.079385526764392,-2.4807877644583582
1759644238911652600,1.635652587890625,2.756594125846028,9.078741968163847,-2.4795228590890765
1759644238921608400,1.6456083984375,2.759166606682539,9.078248631688952,-2.4784686738610264
1759644238931564500,1.655564453125,2.7610087274178863,9.077996702754497,-2.477335870438814
1759644238941520400,1.665520263671875,2.7621345165774223,9.078021837195754,-2.475987962961197
1759644238951476500,1.6754765625,2.7624317459583283,9.078324035012722,-2.474549454590678
1759644238961432600,1.6854326171875,2.7630092535853383,9.078190179499984,-2.4743980634212495
1759644238971388700,1.695388671875,2.764140303441882,9.077646574142575,-2.475122286042571
1759644238981344500,1.705344482421875,2.765460738390684,9.076834088715911,-2.4766262608647347
1759644238991300600,1.715300537109375,2.766882003365457,9.075856183594464,-2.4786221108570694
1759644239001256400,1.72525634765625,2.768205945445597,9.075039021992684,-2.4801377761170267
1759644239011212500,1.735212646484375,2.7689214002385736,9.074619335275887,-2.480874273698032
1759644239021168400,1.74516845703125,2.7689690387725827,9.074639209020138,-2.48074743244797
1759644239031124500,1.75512451171875,2.768623586335778,9.074823917937278,-2.480460432200134
1759644239041080600,1.76508056640625,2.768379548446834,9.074909258133172,-2.4804203924506902
1759644239051036700,1.77503662109375,2.76882466186583,9.07474383843839,-2.480528236739337
1759644239060992500,1.784992431640625,2.769999843125045,9.074286742320655,-2.4808862563967704
1759644239070948400,1.7949482421875,2.7711133573248983,9.073751320269704,-2.4816020034506914
1759644239080904400,1.804904541015625,2.771978741982579,9.073208299434185,-2.4826205328434705
1759644239090860300,1.8148603515625,2.7729122234404087,9.07264014415741,-2.483654844327271
1759644239100816400,1.82481640625,2.7737518891349433,9.072108813759684,-2.4846546690195797
1759644239110772500,1.8347724609375,2.774386387646198,9.071626583200693,-2.485709731030464
1759644239120728600,1.844728515625,2.775142466710508,9.07118585369587,-2.486473701140284
1759644239130684400,1.854684326171875,2.7761797008037568,9.070838647693394,-2.486578915080428
1759644239140640500,1.864640625,2.7773420225813985,9.070607761546968,-2.486125618354976
1759644239150596400,1.874596435546875,2.7783862709373235,9.070451694202422,-2.485529113766551
1759644239160552400,1.884552490234375,2.779189111752808,9.070238343712687,-2.485409286779165
1759644239170508300,1.89450830078125,2.779851082792878,9.069846129524707,-2.486101652957499
1759644239180464400,1.90446435546875,2.7803949804112316,9.069359222790599,-2.4872715735197066
1759644239190420500,1.91442041015625,2.781137907733023,9.068826138827204,-2.488386841285229
1759644239200376600,1.92437646484375,2.7821459157317876,9.068271427553892,-2.48927940621078
1759644239210332400,1.93433251953125,2.7834610899835823,9.067780429166556,-2.4896006009891627
1759644239220288500,1.94428857421875,2.784837931294739,9.067447836211324,-2.489271515165269
1759644239230244400,1.954244384765625,2.7861408305868505,9.067215196499228,-2.4886568903982638
1759644239240200400,1.964200439453125,2.787249084089696,9.066981387743354,-2.4882637994274495
1759644239250156300,1.97415625,2.7884830097988247,9.066604371124505,-2.488259415513277
1759644239260112600,1.984112548828125,2.790213194592297,9.065964319655299,-2.4886498761355877
1759644239270068500,1.994068359375,2.7918571624070405,9.065221976855396,-2.4895114614009857
1759644239280023800,2.00402392578125,2.7926287313014266,9.064602968174219,-2.4908994086280463
1759644239289979600,2.013979736328125,2.792794443257153,9.064246409821509,-2.4920108770012854
1759644239299935700,2.023935791015625,2.7930966410741207,9.06407806751728,-2.492285602289438
1759644239309891600,2.0338916015625,2.7939626102536916,9.063884006249904,-2.4920175990030167
1759644239319848000,2.043847900390625,2.7949945836499333,9.063657796278596,-2.491687051874399
1759644239329803800,2.0538037109375,2.795484120732546,9.06349939084649,-2.49171364762038
1759644239339758800,2.0637587890625,2.795213487097621,9.063395930472016,-2.492395784665644
1759644239349714700,2.073714599609375,2.7946163979873058,9.063358521071075,-2.4931989177420735
1759644239359670800,2.0836708984375,2.794610260507464,9.06329422366321,-2.4934394484996796
1759644239369627000,2.093626953125,2.7952862600728867,9.063361443680524,-2.492435532154143
1759644239379583000,2.1035830078125,2.796209220136702,9.063578301301598,-2.4906089012488724
1759644239389538800,2.113538818359375,2.7967008030459284,9.063913816866279,-2.4888348773136735
1759644239399495000,2.123494873046875,2.796694373305142,9.064163407713174,-2.4879335445597768
1759644239409450800,2.13345068359375,2.7963933445319533,9.064260438346862,-2.4879195160344243
1759644239419406600,2.143406494140625,2.796393929053843,9.064116645961999,-2.4884423708647487
1759644239429362700,2.15336279296875,2.7966765453875064,9.063843674239516,-2.4891204162567853
1759644239439318800,2.16331884765625,2.79717397351563,9.063506989631056,-2.489785017645359
1759644239449275000,2.17327490234375,2.7976792926892635,9.063155107453465,-2.4904978420898316
1759644239459230700,2.183230712890625,2.7983400946855546,9.062848233461379,-2.4908736896649
1759644239469186800,2.193186767578125,2.7993022177159785,9.062708532729744,-2.490303196300566
1759644239479142700,2.203142578125,2.8000150421604513,9.062809655016661,-2.4891347370430825
1759644239489098800,2.2130986328125,2.8000223486840725,9.063121205183863,-2.4879940425753593
1759644239499054600,2.2230546875,2.7992627624884245,9.063561350166797,-2.487240593859553
1759644239509010700,2.2330107421875,2.7982784276261925,9.064047087857126,-2.4865759924709794
1759644239518966800,2.242966796875,2.7977967815890907,9.064443978220224,-2.4856717371076344
1759644239528923000,2.2529228515625,2.7977546960130333,9.064640962097048,-2.4850001214563844
1759644239538878700,2.262878662109375,2.797909886574745,9.064616412177681,-2.48491536578238
1759644239548834800,2.272834716796875,2.798079105661809,9.064355130892991,-2.4856758287608622
1759644239558790700,2.282790771484375,2.7981954255178567,9.063927260869741,-2.4871090764343737
1759644239568746800,2.292746826171875,2.798221729002893,9.063585900086164,-2.4883213748335837
1759644239578702600,2.30270263671875,2.7983096995472905,9.063469580230116,-2.4886484148308634
1759644239588658700,2.31265869140625,2.7984634288042782,9.063505820587277,-2.4883447557091714
1759644239598614800,2.32261474609375,2.798242187269032,9.06359116078317,-2.4882830886498093
1759644239608571000,2.33257080078125,2.797408074532449,9.06374313647449,-2.488669457618892
1759644239618526700,2.342526611328125,2.7964412753269077,9.063831399279833,-2.489432843206823
1759644239628482800,2.35248291015625,2.7960198350444436,9.06361161904931,-2.4907071009263393
1759644239638438700,2.362438720703125,2.796527492305636,9.063174981197715,-2.4917238767534493
1759644239648394800,2.372394775390625,2.797244116142392,9.062776337268948,-2.4923656817883253
1759644239658350600,2.3823505859375,2.79682881333977,9.062720223167538,-2.493037297439575
1759644239668307000,2.392306884765625,2.79511265707165,9.06318082641661,-2.4932877650693057
1759644239678262800,2.4022626953125,2.793270244075358,9.063904464516042,-2.4927210710972547
1759644239688219000,2.412218994140625,2.7925986284241078,9.064370328462124,-2.491778529550135
1759644239698174700,2.4221748046875,2.793360844968259,9.064298432269691,-2.491185532093048
1759644239708130800,2.432130859375,2.795252942325175,9.063733199602366,-2.4911194811195134
1759644239718086700,2.442086669921875,2.7972093370899556,9.062949940270185,-2.491777360506356
1759644239728042800,2.452042724609375,2.7979887970298525,9.062419778916238,-2.492830084429681
1759644239737998800,2.461998779296875,2.7975080277755855,9.062405165868997,-2.493421620582044
1759644239747955000,2.471954833984375,2.7958856872707605,9.062875705990194,-2.4935309261754153
1759644239757910800,2.481910888671875,2.793338633136451,9.063645521318913,-2.4935867480158804
1759644239767867000,2.491866943359375,2.790466584831476,9.064546269550918,-2.4935306339144705
1759644239777822700,2.50182275390625,2.788504344847798,9.065313746792077,-2.4929358828917145
1759644239787778800,2.51177880859375,2.7881808119818565,9.065673227754235,-2.4919904187351465
1759644239797734700,2.521734619140625,2.7886197879210113,9.065871965196727,-2.4907725673779844
1759644239807690800,2.531690673828125,2.789187650936842,9.06564458618164,-2.4909619524702427
1759644239817646800,2.541646728515625,2.7898262411013244,9.064985830011963,-2.4926488826438784
1759644239827603000,2.55160302734375,2.790889778679609,9.064086250823737,-2.494730657353997
1759644239837558800,2.561558837890625,2.7923908308923244,9.063450291007756,-2.4953596029072997
1759644239847513600,2.571513671875,2.7939646560803055,9.063441523179412,-2.493630294896662
1759644239857469700,2.5814697265625,2.7951974127456545,9.063506405109166,-2.492010292479396
1759644239867425800,2.59142578125,2.795983302426338,9.063713325858116,-2.490373923449218
1759644239877382000,2.6013818359375,2.795800347074866,9.063810356491803,-2.4902272084549066
1759644239887337700,2.611337646484375,2.7953686776593325,9.063286040356754,-2.4926208255931734
1759644239897293800,2.6212939453125,2.7957331270575523,9.062177786853908,-2.4962355089589954
1759644239907249700,2.631249755859375,2.7969077237948774,9.060898268437384,-2.4995661146864294
1759644239917205800,2.641205810546875,2.7981033633202315,9.059775401887297,-2.5022943706065415
1759644239927161600,2.65116162109375,2.7984681049793956,9.059069299444555,-2.5044410272464153
1759644239937117700,2.66111767578125,2.7981010252326723,9.058775284934043,-2.5059143146693703
1759644239947073800,2.67107373046875,2.797322149814665,9.058753657624125,-2.5068635782182214
1759644239957030000,2.68102978515625,2.796589159364998,9.058813863378763,-2.507461544111371
1759644239966985700,2.69098583984375,2.796170349431038,9.058971684288979,-2.5073633444339034
1759644239976941800,2.70094189453125,2.796216526660323,9.059203739479184,-2.5064687336817384
1759644239986897700,2.710897705078125,2.7964959281235933,9.059414751881361,-2.505394382448494
1759644239996853800,2.720853759765625,2.796757501669228,9.059410075706243,-2.5051202416822314
1759644240006809600,2.7308095703125,2.7969831271186467,9.059206077566742,-2.5056065638944505
1759644240016766000,2.740765869140625,2.797359559215605,9.058907971403002,-2.5062629819765685
1759644240026721800,2.7507216796875,2.7977859679341313,9.058776453977822,-2.5062626897156237
1759644240036678000,2.760677978515625,2.7979148550108075,9.059046503090858,-2.505142745774984
1759644240046633700,2.7706337890625,2.797898196136951,9.059572572791575,-2.5032588317245246
1759644240056589800,2.78058984375,2.79779853515476,9.059987583333253,-2.5018679618880153
1759644240066545700,2.790545654296875,2.797427071493864,9.059953681063652,-2.502405429765582
1759644240076501800,2.800501708984375,2.79716432890445,9.059370912739634,-2.504807522471249
1759644240086457900,2.810457763671875,2.7976012590169903,9.058622140198946,-2.507027244347334
1759644240096414000,2.8204140625,2.7991026034906503,9.05811009902358,-2.507198217000067
1759644240106369800,2.830369873046875,2.8003461738109587,9.058156860774755,-2.5056433887735006
1759644240116326000,2.840325927734375,2.800447588358819,9.05865253533721,-2.5037396009787916
1759644240126281700,2.85028173828125,2.7999253180503842,9.059165745556355,-2.5024653432592747
1759644240136237800,2.86023779296875,2.799651761806011,9.059441055366396,-2.5017741461247205
1759644240146193700,2.870193603515625,2.799996921981871,9.059255761927366,-2.5020573469802736
1759644240156149800,2.880149658203125,2.8008073615819216,9.05872560057342,-2.5030720769807693
1759644240166105900,2.89010595703125,2.8017008032903075,9.058267335411905,-2.503727618280053
1759644240176062000,2.90006201171875,2.802462435312569,9.058038202831149,-2.5037056987091897
1759644240186017800,2.910017822265625,2.8028330221906304,9.058020082652568,-2.5033596617504954
1759644240195974000,2.919973876953125,2.802816071055829,9.057945263850689,-2.503644323910773
1759644240205928700,2.9299287109375,2.802465065661073,9.057632544639706,-2.505166126650572
1759644240215884800,2.939884765625,2.802202907593548,9.05701002882719,-2.5077105504363773
1759644240225841000,2.9498408203125,2.8027526504307985,9.056205726706981,-2.5099989536345
1759644240235796700,2.959796630859375,2.8043922343313694,9.055531772968173,-2.510598380832374
1759644240245752800,2.9697529296875,2.806343076138198,9.055301471343636,-2.509251934659481
1759644240255708700,2.979708740234375,2.8073741727516053,9.055587302547693,-2.5070664073139426
1759644240265664800,2.989664794921875,2.806954778295755,9.056178254178166,-2.505400227667391
1759644240275620600,2.99962060546875,2.8057570929437876,9.05663827290535,-2.505079909671843
1759644240285576700,3.00957666015625,2.804748792684078,9.056758099892734,-2.5057749061986803
1759644240295532800,3.01953271484375,2.804638318046927,9.056616061073541,-2.5064085279271007
1759644240305488600,3.029488525390625,2.805104474253952,9.05637874518633,-2.5067443357527255
1759644240315444700,3.03944482421875,2.8057603078141806,9.056155457824469,-2.5068147706404327
1759644240325400600,3.049400634765625,2.806376686146855,9.055885993233323,-2.5070985560178753
1759644240335356700,3.059356689453125,2.8068641774028538,9.05553469557762,-2.5078233631610867
1759644240345312500,3.0693125,2.807391708408296,9.055189827662705,-2.508478319938481
1759644240355268600,3.0792685546875,2.808217345577478,9.054951342731714,-2.5084128534868357
1759644240365224700,3.089224609375,2.8093732376143334,9.054823332437872,-2.507582832403481
1759644240375180800,3.099180908203125,2.8109900251612068,9.05451178227067,-2.5068936810955402
1759644240385136600,3.10913671875,2.8123946312621233,9.053965254303812,-2.507297585721314
1759644240395092700,3.1190927734375,2.813687301421165,9.053085548859833,-2.5090266014710068
1759644240405048600,3.129048583984375,2.815273109307885,9.052062635552883,-2.5109365267455575
1759644240415004700,3.139004638671875,2.817095064038038,9.05108005425632,-2.5124343640878797
1759644240424960500,3.14896044921875,2.8188290482237934,9.050287442573904,-2.513341834321618
1759644240434916600,3.15891650390625,2.8199814331293105,9.049815733408927,-2.513749830600619
1759644240444872700,3.168872802734375,2.8202473905891177,9.04953340933621,-2.5144687925249336
1759644240454828800,3.178828857421875,2.819686249575019,9.04934577780962,-2.5157731531217693
1759644240464784600,3.18878466796875,2.8190990973368284,9.049071052521466,-2.5174144905880094
1759644240474740700,3.19874072265625,2.819235875459015,9.048741966697573,-2.518446463984251
1759644240484696600,3.208696533203125,2.8197689594224093,9.048628569450974,-2.5182556175872683
1759644240494652700,3.218652587890625,2.819773927858472,9.048909724479913,-2.517237964977324
1759644240504607700,3.228607666015625,2.8192113255396483,9.049333502849937,-2.516345692312717
1759644240514563600,3.2385634765625,2.8186303107813,9.04958543178439,-2.516088502681255
1759644240524519700,3.248519775390625,2.8183891955018043,9.049559712821244,-2.5164517830356954
1759644240534475500,3.2584755859375,2.818627680432796,9.04938377173245,-2.516818278260529
1759644240544431600,3.268431640625,2.818885454586148,9.049243486478924,-2.5170351358816028
1759644240554387500,3.278387451171875,2.8189500442549584,9.049202569946646,-2.517109370161593
1759644240564343800,3.28834375,2.8187024992346763,9.049251669785379,-2.5172107847094534
1759644240574299600,3.298299560546875,2.818232251374423,9.049356299203634,-2.5173604223132133
1759644240584255700,3.308255859375,2.8178213324859738,9.049496584457158,-2.5173139528229833
1759644240594211600,3.318211669921875,2.817771940386295,9.049685385027527,-2.516691729271412
1759644240604167700,3.328167724609375,2.818065078113973,9.049870093944667,-2.51569716527611
1759644240614123500,3.33812353515625,2.818354124188423,9.050026161289214,-2.5148159985274074
1759644240624079600,3.34807958984375,2.8180431585431096,9.050242434388398,-2.5143828678071496
1759644240634035700,3.35803564453125,2.81707285220623,9.05048208836317,-2.514609370039403
1759644240643991800,3.36799169921875,2.815860846067965,9.050615943875908,-2.515484691569209
1759644240653947600,3.37794775390625,2.815169356672466,9.050466890794038,-2.516794020602107
1759644240663903700,3.38790380859375,2.815491428233683,9.050037267205118,-2.517976216123998
1759644240673859600,3.397859619140625,2.8166163406103846,9.049412413305044,-2.518962596812844
1759644240683815700,3.407815673828125,2.817682216276228,9.048789897492528,-2.5200112290829417
1759644240693771500,3.417771484375,2.817654159225523,9.048371379819512,-2.5215426764339206
1759644240703727600,3.4277275390625,2.8160245121970773,9.048292469364403,-2.523646078453958
1759644240713683700,3.43768359375,2.813136097279191,9.0486385063231,-2.52562789992094
1759644240723639800,3.447639892578125,2.8091563799932597,9.049403060954809,-2.5273174604430793
1759644240733595600,3.457595703125,2.803991836836934,9.050465721750259,-2.5292495975494385
1759644240743551700,3.4675517578125,2.797061453051865,9.05163710361719,-2.5327298408806325
1759644240753507600,3.477507568359375,2.7888001129239797,9.052718469113112,-2.5379651111856103
1759644240763463700,3.487463623046875,2.7808383402645585,9.053508742707967,-2.5438757965341208
1759644240773418800,3.497418701171875,2.7732266962170598,9.054130089476704,-2.549968560451269
1759644240783374600,3.50737451171875,2.7646359780043364,9.05465908178687,-2.5574095241069794
1759644240793330700,3.51733056640625,2.7568957391411066,9.055135467126965,-2.564069274257123
1759644240803286500,3.52728662109375,2.7510952361688017,9.055734017542004,-2.568178755402565
1759644240813242600,3.53724267578125,2.7458246022894977,9.056545918446778,-2.5709546498566866
1759644240823198500,3.547198486328125,2.739631885129213,9.057683398044109,-2.573554018700123
1759644240833154600,3.557154541015625,2.7328049617186188,9.058848350170255,-2.5767118982091546
1759644240843110700,3.567110595703125,2.7276579542189836,9.059663758206367,-2.5792963617444036
1759644240853066800,3.577066650390625,2.725047771720588,9.05989815148413,-2.581231421460211
1759644240863022600,3.587022705078125,2.7241613442748784,9.059581340619921,-2.58327578676939
1759644240872978700,3.596978759765625,2.723516908891499,9.059064623269439,-2.5857649732366204
1759644240882934500,3.6069345703125,2.7220874606102705,9.058603435498476,-2.588881936213374
1759644240892890600,3.616890625,2.71940275157094,9.05848360851109,-2.592126617223024
1759644240902846500,3.626846435546875,2.7158558727443216,9.058751319536567,-2.594907772374153
1759644240912802800,3.636802734375,2.7124142078578473,9.059275051149726,-2.5966785814389586
1759644240922758700,3.646758544921875,2.7099104083433745,9.05975085196793,-2.597630475336313
1759644240932714800,3.65671484375,2.7079043292179703,9.060011548730731,-2.598810917292535
1759644240942670600,3.666670654296875,2.7057757927566763,9.060111501973866,-2.600678172469139
1759644240952626700,3.676626708984375,2.7037510089308023,9.060042528390884,-2.60302619690001
1759644240962582500,3.68658251953125,2.701567235150933,9.059946082279085,-2.6056308264404535
1759644240972538600,3.69653857421875,2.6991514061808584,9.05991919427216,-2.6082266881525515
1759644240982494700,3.70649462890625,2.6965254415914415,9.060046620044112,-2.6105001860424877
1759644240992450800,3.716450927734375,2.693551394216716,9.060372198736667,-2.6124378761067986
1759644241002406700,3.72640673828125,2.690369841571152,9.060921649312972,-2.6138097489818928
1759644241012362800,3.73636279296875,2.687081905941665,9.061643533846736,-2.6146877008602023
1759644241022318600,3.746318603515625,2.683663914191723,9.062555387994646,-2.615037244950235
1759644241032273400,3.7562734375,2.680238908179104,9.063587653651833,-2.6149717784985897
1759644241042229800,3.766229736328125,2.676959448117018,9.064566143295169,-2.6149399220556018
1759644241052185600,3.776185546875,2.673900352807343,9.065213209027052,-2.615827226284146
1759644241062141700,3.7861416015625,2.6717455128610132,9.06532835983932,-2.6176263846606016
1759644241072097500,3.79609765625,2.670897663860023,9.065027331066132,-2.6195339718475936
1759644241082053600,3.8060537109375,2.6711089685231446,9.064503014931082,-2.6211364386081693
1759644241092009500,3.816009521484375,2.67080034096539,9.064121906659006,-2.6227669624194503
1759644241101965600,3.825965576171875,2.66914994340986,9.063934859654307,-2.625090729191899
1759644241111921700,3.835921630859375,2.666525440125167,9.063922000172735,-2.627800864933431
1759644241121877800,3.845877685546875,2.6637048297464845,9.063920831128954,-2.630667652541399
1759644241131833600,3.85583349609375,2.6606661927029487,9.063913232344389,-2.633767079861462
1759644241141789700,3.865789794921875,2.6574951614513993,9.063942458438873,-2.6368632923111317
1759644241151745500,3.87574560546875,2.6543483878582714,9.064084497258067,-2.6395433251753446
1759644241161701600,3.88570166015625,2.651178817911446,9.064362145155668,-2.6417741529673338
1759644241171657500,3.895657470703125,2.6478341836586594,9.064836776930093,-2.6434999538466335
1759644241181613600,3.905613525390625,2.6446526310130953,9.065447017782926,-2.644591256214678
1759644241191569700,3.915569580078125,2.6419834118038414,9.065988285052775,-2.645406956511736
1759644241201525800,3.92552587890625,2.6397958386316893,9.066364717149733,-2.646295722045004
1759644241211481600,3.935481689453125,2.637646843904257,9.066723613590002,-2.6472069916710255
1759644241221437700,3.945437744140625,2.6356030631169673,9.067188893014192,-2.6476535663947462
1759644241231393500,3.9553935546875,2.633992705310881,9.067683398532868,-2.647560919675231
1759644241241349600,3.965349609375,2.63251181910336,9.068172058832644,-2.6473598441451784
1759644241251305500,3.975305419921875,2.6305282440707085,9.068585315808653,-2.6479136786356565
1759644241262507800,3.9865078125,2.627224234089255,9.069101448637246,-2.649429343895614
1759644241272462600,3.996462646484375,2.6239111640185118,9.069726887059211,-2.6505712074071166
1759644241282419000,4.0064189453125,2.6214292840749023,9.07051365352273,-2.650335937346518
1759644241292374800,4.016374755859375,2.620265500992536,9.071247228494286,-2.6489748781263827
1759644241302331000,4.026330810546875,2.619555599157512,9.071877343091368,-2.6475208799257874
1759644241312287000,4.036286865234375,2.6184192886039614,9.07235606651902,-2.647001239965856
1759644241322242800,4.046242919921875,2.616796948099136,9.07262143945694,-2.647697405536473
1759644241332199000,4.056198974609375,2.6156287811025978,9.072711455827951,-2.648541747406125
1759644241342154800,4.06615478515625,2.6153198612838984,9.072691582083701,-2.648912626545131
1759644241352110800,4.07611083984375,2.61525117996186,9.072772830626368,-2.6487051212742925
1759644241362066700,4.086066650390625,2.6144594450622796,9.073125881847739,-2.6482772512510415
1759644241372022800,4.096022705078125,2.6130183063432573,9.073723263218998,-2.6476523973509667
1759644241381978600,4.105978515625,2.611674198257923,9.074483141675591,-2.646376678326726
1759644241391935000,4.11593505859375,2.6108994144931432,9.075334205546975,-2.644222715163231
1759644241401890800,4.125890869140625,2.610294434337318,9.07618117776513,-2.64191151561141
1759644241411847000,4.135846923828125,2.609334064872563,9.076933457437157,-2.6402713471889494
1759644241421802800,4.145802734375,2.608237209546566,9.077444914090632,-2.639596808928251
1759644241431758800,4.1557587890625,2.607733351677656,9.077741266688705,-2.6390736618369814
1759644241441714700,4.165714599609375,2.608102769511938,9.077899087598919,-2.638164145776629
1759644241451670800,4.1756708984375,2.6087206091493367,9.078109515479207,-2.636834942999482
1759644241461627000,4.185626953125,2.6089728303447366,9.07851575819254,-2.635185714487731
1759644241471583000,4.1955830078125,2.608695182447135,9.078999157795309,-2.633795136912167
1759644241481538800,4.205538818359375,2.608102477250993,9.079404231464862,-2.632982066963613
1759644241491494000,4.215493896484375,2.6075848831176756,9.079682463884353,-2.632534323196113
1759644241501449700,4.22544970703125,2.607103237080574,9.079792353999615,-2.6326319383516905
1759644241511405800,4.23540576171875,2.606565476942062,9.079714612588285,-2.633432733340561
1759644241521362000,4.24536181640625,2.606166833013296,9.079436380168795,-2.634787070558965
1759644241531318000,4.255318115234375,2.6060186567142605,9.079066377812623,-2.6362095045775176
1759644241541273900,4.26527392578125,2.6055785117313266,9.078809772703051,-2.637529939526319
1759644241551230000,4.27522998046875,2.604668703410029,9.078827308359742,-2.63836814391613
1759644241561185800,4.285185791015625,2.6032415932163593,9.079208416631817,-2.6384654668107625
1759644241571142000,4.295141845703125,2.6013804755195973,9.079795861130952,-2.6382795888498425
1759644241581097700,4.30509765625,2.5992320653140544,9.080445849472284,-2.6381606386452914
1759644241591054000,4.31505419921875,2.597319217430055,9.08091814315915,-2.6384192895814773
1759644241601010000,4.325010009765625,2.596267662550509,9.081080640244483,-2.638894213616848
1759644241610966000,4.334966064453125,2.5960803232848644,9.081018680924176,-2.639289642675221
1759644241620921900,4.344921875,2.596306825517118,9.081079471200704,-2.638854758389294
1759644241630878000,4.3548779296875,2.5969775643855333,9.081298082387447,-2.6374413844600317
1759644241640833800,4.364833740234375,2.5979116303652523,9.081679190659523,-2.635211725711822
1759644241650789600,4.37478955078125,2.599118668067455,9.082016459789871,-2.6328581483229994
1759644241660746000,4.38474609375,2.6012235313922165,9.081952162382006,-2.6310037526279686
1759644241670701800,4.394701904296875,2.6046014833927154,9.081374070233107,-2.6296561374112963
1759644241680658000,4.404657958984375,2.608786952383816,9.080409024593234,-2.628836053200066
1759644241690613800,4.41461376953125,2.612646258160472,9.07940715407431,-2.628466343104839
1759644241700569900,4.42456982421875,2.615091313225031,9.078697544500232,-2.6284862168490886
1759644241710525700,4.434525634765625,2.6154198145270344,9.07851458914876,-2.6287939676240084
1759644241720481800,4.444481689453125,2.614564366741478,9.078726770594715,-2.6289117487847804
1759644241730436900,4.454436767578125,2.6136618649438024,9.079061701637507,-2.628653390109539
1759644241740393000,4.46439306640625,2.612932673886418,9.079417675468324,-2.6281433947607873
1759644241750348800,4.474348876953125,2.612242938056588,9.07976137433946,-2.627642459501326
1759644241760305000,4.484304931640625,2.611567815274,9.080010965186357,-2.627450151799619
1759644241770260700,4.4942607421875,2.6112352223187685,9.079999859270453,-2.627817523807287
1759644241780216800,4.504216796875,2.611009596869349,9.079790015912055,-2.6287694177046417
1759644241790173000,4.5141728515625,2.610941792330146,9.079475543135404,-2.629924432958662
1759644241800129000,4.52412890625,2.6110721407115456,9.079101449126005,-2.63108470890969
1759644241810084900,4.5340849609375,2.6110642496660352,9.07884718210399,-2.631969382789731
1759644241820041000,4.544041015625,2.6107164591416714,9.078832569056749,-2.6323642273262142
1759644241829996800,4.553996826171875,2.609915079630911,9.07907222303152,-2.632334708970785
1759644241839953000,4.563952880859375,2.608466926649213,9.07950243114233,-2.6322847323492167
1759644241849908700,4.57390869140625,2.606345988972485,9.080176384881138,-2.6320614449873565
1759644241859864800,4.58386474609375,2.6041578312784432,9.08088190280199,-2.631792272657156
1759644241869821000,4.593821044921875,2.601367908298969,9.081510263833403,-2.63238088620007
1759644241879777000,4.603777099609375,2.597785081376135,9.08203867162168,-2.6340976269900795
1759644241889732900,4.61373291015625,2.5937729231253264,9.082481154692173,-2.6365225160494443
1759644241899689000,4.62368896484375,2.588180217684805,9.082974491167068,-2.6403195702448485
1759644241909644800,4.633644775390625,2.5799808368772266,9.08369637570083,-2.645859376454353
1759644241919601000,4.643600830078125,2.569047062669694,9.08464973090291,-2.653213538609445
1759644241929556700,4.653556640625,2.5546298302605748,9.085932171928881,-2.662719325840473
1759644241939513000,4.66351318359375,2.5402049990668893,9.087271311578155,-2.671936066997051
1759644241949469000,4.673468994140625,2.5289529526904224,9.088460813623666,-2.6785557773977517
1759644241959425000,4.683425048828125,2.5200436700478193,9.089521720853448,-2.6833485646322366
1759644241969380900,4.693380859375,2.511663087454438,9.09085910693705,-2.68667186383605
1759644241979336700,4.703336669921875,2.5038980064108967,9.092343208014965,-2.688901814845204
1759644241989292800,4.713292724609375,2.496978436280787,9.093684101229906,-2.690798880638182
1759644241999248600,4.72324853515625,2.4904689082562923,9.095233084237575,-2.6915967530176044
1759644242009205000,4.733205078125,2.483587916570902,9.097254945454,-2.6911183218508956
1759644242019160800,4.743160888671875,2.476839903615415,9.099435796624421,-2.6899676905110477
1759644242029117000,4.753116943359375,2.4708611214667555,9.101561118215322,-2.6882787145107985
1759644242039071700,4.76307177734375,2.465794777987897,9.103591162738203,-2.6860505170673132
1759644242049027800,4.77302783203125,2.460646309183538,9.105109750607609,-2.6856232315659523
1759644242058983700,4.782983642578125,2.4553163463324306,9.106016928580402,-2.68742677385658
1759644242068940000,4.79293994140625,2.451820905432105,9.106312696656584,-2.68961843868196
1759644242078895900,4.802895751953125,2.4512363835424185,9.106029788061976,-2.691108969500661
1759644242088852000,4.81285205078125,2.451533028401434,9.10564926431179,-2.6921207768917084
1759644242098807800,4.822807861328125,2.450548985800147,9.10563114413321,-2.693075593398511
1759644242108764000,4.832763916015625,2.447471770311892,9.105957891869544,-2.6947707068786024
1759644242118719700,4.8427197265625,2.442506841380894,9.106327309703826,-2.698027662847936
1759644242128675800,4.85267578125,2.436494449223578,9.106922937509417,-2.701454422426224
1759644242138632000,4.8626318359375,2.430236119481176,9.107560650891065,-2.7049352502793074
1759644242148588000,4.872588134765625,2.424371757492423,9.108152187043428,-2.708203312164545
1759644242158544000,4.8825439453125,2.418840426850319,9.108612205770612,-2.711599092082679
1759644242168500000,4.8925,2.4131449916876853,9.108958242729306,-2.7155092512637373
1759644242178455800,4.902455810546875,2.407049159030616,9.109508277827501,-2.719068112789094
1759644242188412000,4.912411865234375,2.400418781105429,9.110411948668956,-2.721906551085412
1759644242198367700,4.92236767578125,2.392882101990282,9.111588591232895,-2.724602073779702
1759644242208323800,4.93232373046875,2.3846330368220805,9.11297741524279,-2.7271865373149513
1759644242218280000,4.942280029296875,2.3765967376217243,9.114571990957856,-2.7288696680963036
1759644242228236000,4.952236083984375,2.369412817467004,9.1162980840981,-2.7293530676990745
1759644242238191900,4.96219189453125,2.3628330006852742,9.118117700740694,-2.7289818962991235
1759644242248148000,4.97214794921875,2.356576278378069,9.119876527106761,-2.7285177859187124
1759644242258103800,4.982103759765625,2.349968404545635,9.121567548933625,-2.7285601637557146
1759644242268060000,4.992059814453125,2.3426244715236124,9.123184921002387,-2.7294641268581152
1759644242278016000,5.00201611328125,2.334638879597187,9.124791771677137,-2.7309347839325664
1759644242287972000,5.01197216796875,2.326162873805314,9.126410897311567,-2.732757615445554
1759644242297928200,5.02192822265625,2.3169483246058222,9.12819719620645,-2.734622240273654
1759644242307884000,5.031884033203125,2.3065397433161734,9.13028686196208,-2.736442733699083
1759644242317840000,5.04183984375,2.2947518364973365,9.132655929180979,-2.738447936041653
1759644242327796000,5.0517958984375,2.2818919165328144,9.13550605791509,-2.7396839075773953
1759644242337751800,5.061751708984375,2.2668552370510993,9.139546273216604,-2.738695481061935
1759644242347708000,5.0717080078125,2.249288016178459,9.144712862199544,-2.7359309847846625
1759644242357663700,5.081663818359375,2.2306839996039867,9.150713563919068,-2.731096404235065
1759644242367620000,5.0916201171875,2.212764750423282,9.157374190852046,-2.7233351225838063
1759644242377576000,5.101575927734375,2.19604464789927,9.16434286082089,-2.713412571245432
1759644242387532000,5.111531982421875,2.1807876036651432,9.17101751627922,-2.7031425216436387
1759644242397487900,5.12148779296875,2.167475409888476,9.177382959657907,-2.692225698570907
1759644242407444000,5.13144384765625,2.155902314864099,9.183725606682897,-2.6798633528649805
1759644242417399800,5.14139990234375,2.145645124743879,9.189999280124901,-2.6665564197853207
1759644242427356000,5.15135595703125,2.135642201645672,9.196021024632453,-2.6537942611068486
1759644242437312000,5.16131201171875,2.125061770920455,9.202140384295582,-2.6410467154756185
1759644242447268000,5.17126806640625,2.1138709532119333,9.208269096308946,-2.628633808626234
1759644242457224000,5.181223876953125,2.102473507015407,9.214075736761092,-2.617401635994017
1759644242467180000,5.191179931640625,2.0910154166728256,9.21961992688477,-2.607034263497591
1759644242477136000,5.201135986328125,2.0793039360910655,9.22486191919148,-2.5978458716526625
1759644242487092000,5.211092041015625,2.067599177511036,9.229303116509318,-2.591410285647213
1759644242497047800,5.2210478515625,2.0556224701218304,9.232985604414344,-2.5878140147209168
1759644242507004000,5.23100390625,2.04418615321964,9.236251912733913,-2.5852181530088183
1759644242516960000,5.2409599609375,2.033572697007656,9.23938845719397,-2.5823759153202173
1759644242526916000,5.250916015625,2.0237188269913196,9.24252266356647,-2.5789000559031963
1759644242536872000,5.260871826171875,2.0147820718199014,9.24567382107377,-2.574597682534158
1759644242546828000,5.270828125,2.00730545232892,9.248961172181367,-2.568620069429278
1759644242556783900,5.280783935546875,2.00121619554311,9.252670548093318,-2.5599992483392358
1759644242566740000,5.290739990234375,1.9968958481259642,9.256710178872943,-2.5487422335267067
1759644242576695800,5.30069580078125,1.993627932371199,9.260436505919694,-2.5377467922598123
1759644242586652200,5.310652099609375,1.9899156338497994,9.263508168449997,-2.5294375213369724
1759644242596607000,5.32060693359375,1.9845307259410618,9.266099938508868,-2.524166302935779
1759644242606563000,5.33056298828125,1.976666714567691,9.268001972737908,-2.5233544020310044
1759644242616519000,5.340518798828125,1.9657590977147221,9.268338657346368,-2.530629945991933
1759644242626475000,5.35047509765625,1.9511274919025599,9.266360050749778,-2.5491280179738998
1759644242636431000,5.36043115234375,1.9323817287698386,9.261970875880122,-2.57918208771497
1759644242646387000,5.370386962890625,1.9118105037756263,9.255685512000321,-2.616803085578978
1759644242656343000,5.380343017578125,1.8930057039320467,9.247995542019606,-2.6573472774133085
1759644242666299000,5.390298828125,1.8772515238307415,9.239392548847198,-2.6981360916584727
1759644242676255000,5.4002548828125,1.8631079937964676,9.230189251694084,-2.739126858216524
1759644242686210800,5.4102109375,1.8477808069355786,9.220431827789545,-2.7820339797899125
1759644242696167000,5.4201669921875,1.8291272521309554,9.210926332819461,-2.8255086721181866
1759644242706122800,5.430122802734375,1.8065714291907846,9.202955792331695,-2.865706242471933
1759644242716079000,5.4400791015625,1.7801039857648313,9.197304050180316,-2.9002102773591876
1759644242726035000,5.450034912109375,1.7496902889311312,9.193837835374474,-2.9295579523965714
1759644242735991000,5.459990966796875,1.716842496818304,9.192066734048723,-2.954446602198481
1759644242745947000,5.46994677734375,1.6839385906040667,9.19239231274128,-2.9723136828005314
1759644242755903000,5.479903076171875,1.6523711936905978,9.194279733923077,-2.98416807898432
1759644242765858800,5.48985888671875,1.6216061992011963,9.19647286005318,-2.9942741701960562
1759644242775815000,5.49981494140625,1.5891757557176052,9.19832053374648,-3.005964607989788
1759644242785771000,5.50977099609375,1.5545624152369797,9.199818078827857,-3.0194515738114713
1759644242795727000,5.51972705078125,1.520312939632684,9.201620744335651,-3.031369098359346
1759644242805683000,5.529682861328125,1.4875544332385062,9.20471871035099,-3.0382088812515136
1759644242815639000,5.53963916015625,1.4570701553866265,9.20971520346403,-3.037838878895342
1759644242825595000,5.549594970703125,1.4256675936460494,9.216373492309451,-3.03254603318423
1759644242835551000,5.559551025390625,1.389761290745437,9.224308961483835,-3.0250778892606496
1759644242845506800,5.5695068359375,1.347376001089066,9.233770032790302,-3.0153739491090175
1759644242855463000,5.579462890625,1.2992141738578677,9.244216608002782,-3.004475830736756
1759644242865419000,5.5894189453125,1.2486989153683186,9.254396641233562,-2.9945427580043673
1759644242875375000,5.599375,1.1996498569738119,9.26396818717718,-2.984979395367205
1759644242885331000,5.6093310546875,1.1527315269976854,9.273306508886813,-2.974455663265288
1759644242895287000,5.619287109375,1.1060264744460582,9.283231106051803,-2.9612007526338098
1759644242905243000,5.629242919921875,1.058832030942291,9.293937208983301,-2.9448297558084127
1759644242915199000,5.639198974609375,1.0095116082604974,9.304783012646435,-2.9278453032597898
1759644242925154800,5.64915478515625,0.956077101323381,9.315012730237841,-2.913215012621879
1759644242935111200,5.659111083984375,0.898212137658149,9.324025473254919,-2.9027818814128636
1759644242945067000,5.66906689453125,0.8370737783454358,9.331506184399128,-2.897012650361657
1759644242955023000,5.679023193359375,0.773724391919747,9.337648924937843,-2.8948274152770637
1759644242964979000,5.68897900390625,0.7082862165212631,9.343545581761003,-2.892556839996576
1759644242974935000,5.69893505859375,0.6408873355090617,9.34960882732272,-2.88867941404134
1759644242984891000,5.708890869140625,0.568201673200354,9.35520737798214,-2.8857620652899145
1759644242994847000,5.718846923828125,0.4918121879376471,9.359880045968293,-2.8846429981321093
1759644243004802800,5.728802734375,0.4154902514858171,9.364132442715764,-2.8828379945367573
1759644243014759200,5.73875927734375,0.3397180944038555,9.368880514025687,-2.8773358899891375
1759644243024715000,5.748715087890625,0.2635301230626181,9.374379695963858,-2.867394341689348
1759644243034671000,5.758671142578125,0.18394487396590412,9.380467491444945,-2.8536612921521067
1759644243044627000,5.768626953125,0.10026043678889981,9.386638289034366,-2.837489325030148
1759644243054583000,5.7785830078125,0.013565303171344566,9.392688675114512,-2.8191481971755623
1759644243064539000,5.788538818359375,-0.07437123164231889,9.398494146522879,-2.7987746867105363
1759644243074495000,5.798494873046875,-0.162259513717331,9.403858888426422,-2.776960037526488
1759644243084451000,5.808451171875,-0.2506662027764134,9.408990990617871,-2.752896148110926
1759644243094407200,5.8184072265625,-0.3418543392475694,9.413843106824158,-2.726370252496004
1759644243104363000,5.828363037109375,-0.4357366284398362,9.417667633548378,-2.6996412355244157
1759644243114319000,5.838319091796875,-0.5299763527676463,9.420518931326269,-2.6727061745867133
1759644243124275000,5.84827490234375,-0.6242592221174389,9.42268166231811,-2.6445737205579873
1759644243134231000,5.85823095703125,-0.7196929420027881,9.423955335515737,-2.615631995972991
1759644243144187000,5.868186767578125,-0.816976527538523,9.424037168580293,-2.58659528658092
1759644243154143000,5.87814306640625,-0.9154531953163444,9.422674063533544,-2.5584295148044824
1759644243164099000,5.88809912109375,-1.0132944878000765,9.420379230594634,-2.529834119439125
1759644243174055000,5.898054931640625,-1.1098651027608661,9.417728423824906,-2.4989909451469776
1759644243184011000,5.908010986328125,-1.2057706048764287,9.41419615804553,-2.4676778152555228
1759644243193966800,5.917966796875,-1.3020033661849797,9.409313062179088,-2.4372075659289956
1759644243203923000,5.9279228515625,-1.3998513076052068,9.403346262729167,-2.405800035752356
1759644243213878800,5.937878662109375,-1.4998571577116846,9.396485144788027,-2.3721068788565693
1759644243223835000,5.9478349609375,-1.6019934439755976,9.388556689876317,-2.3364513358466326
1759644243233791000,5.957791015625,-1.7063893457345662,9.379296694099903,-2.29943590266034
1759644243243747800,5.967747802734375,-1.8129411103531716,9.368460827308892,-2.261757621651143
1759644243253703000,5.977702880859375,-1.920652128009498,9.355735201248526,-2.225243708246201
1759644243263660000,5.987659912109375,-2.0286485384784636,9.341079483908414,-2.190713077612966
1759644243273614800,5.99761474609375,-2.1355311424866317,9.324376186388731,-2.160068202371895
1759644243283572000,6.007572021484375,-2.241992160081863,9.305784883165359,-2.1321853391900656
1759644243293527800,6.01752783203125,-2.349435758973658,9.285890680649876,-2.1030375706389544
1759644243303484000,6.02748388671875,-2.457031625817716,9.265512494009732,-2.069704479227215
1759644243313439700,6.037439697265625,-2.5634961505442857,9.245179315555095,-2.0311396246418356
1759644243323395800,6.047395751953125,-2.6677450450479983,9.224922124946117,-1.9885506291069088
1759644243333352000,6.05735205078125,-2.7690105398267506,9.204578425097464,-1.9438919876910745
1759644243343308000,6.06730810546875,-2.865480617022514,9.184354552236199,-1.8992258936211466
1759644243353263900,6.077263916015625,-2.955771713322401,9.164396052312851,-1.8567893121689556
1759644243363219700,6.0872197265625,-3.0393136276230215,9.144919782948493,-1.8175345756232737
1759644243373175800,6.09717578125,-3.117528501681983,9.125724668613076,-1.7811549561224878
1759644243383131600,6.107131591796875,-3.1907875068992375,9.107000094398856,-1.7469447896152734
1759644243393087700,6.117087646484375,-3.259763720230758,9.088780547097326,-1.7141767847403884
1759644243403043800,6.1270439453125,-3.3263474854677915,9.070835140562057,-1.6809889470182358
1759644243413000000,6.137,-3.3924951973751187,9.052876874545216,-1.645224536806345
1759644243422955800,6.146955810546875,-3.4599332413539288,9.034486062330007,-1.6053867396757007
1759644243432912000,6.156911865234375,-3.5297146335884926,9.015164691266417,-1.5615056585036218
1759644243442867700,6.16686767578125,-3.6016228087186812,8.9943656488657,-1.5166018101550638
1759644243452823800,6.17682373046875,-3.6715903711751103,8.972819587489962,-1.4759170408062636
1759644243462779600,6.186779541015625,-3.736662270544469,8.951261835676432,-1.4431404142335056
1759644243472736000,6.196736083984375,-3.7960917801126834,8.929955428275466,-1.4198511624522507
1759644243482691800,6.20669189453125,-3.8502553319767117,8.909145864480733,-1.4046497939281164
1759644243492648000,6.21664794921875,-3.899202610497176,8.889269782143831,-1.3955268685348332
1759644243502603800,6.226603759765625,-3.943489203730225,8.870486755740641,-1.3905965725257992
1759644243512559900,6.236559814453125,-3.9824753524675964,8.853604594522714,-1.3870615302674472
1759644243522515700,6.246515625,-4.014840914021432,8.839504757499695,-1.3836904463991522
1759644243532471800,6.256471923828125,-4.04170027937442,8.827895568248628,-1.379598793171346
1759644243542428000,6.266427978515625,-4.0656139466643335,8.81789673680365,-1.3732657907575367
1759644243552384000,6.276384033203125,-4.08818642847836,8.808789885762334,-1.3646817945465444
1759644243562339800,6.28633984375,-4.1097687302112575,8.8004207013458,-1.353797558569163
1759644243572296000,6.2962958984375,-4.129429416231811,8.793143403819203,-1.3411974585846065
1759644243582251800,6.306251708984375,-4.145923454914987,8.787409244081378,-1.3278253513142466
1759644243592208000,6.316207763671875,-4.159062630212307,8.783192503169179,-1.314567371942848
1759644243602163700,6.326163818359375,-4.169132188805937,8.780237745016812,-1.30235217962265
1759644243612119800,6.336119873046875,-4.176786795212328,8.778262061029672,-1.2911223450779914
1759644243622076000,6.346075927734375,-4.182249152271449,8.777266035729646,-1.2801511614695191
1759644243632032000,6.356031982421875,-4.185107464312017,8.77746418865025,-1.2694130559645593
1759644243641987800,6.36598779296875,-4.184819879542291,8.779163978305458,-1.2585513240799306
1759644243651944000,6.37594384765625,-4.180884293659031,8.782631946676968,-1.2473824259422719
1759644243661899800,6.385899658203125,-4.172840687935054,8.787951095873117,-1.23682522996217
1759644243671855900,6.39585595703125,-4.161335543580353,8.794759606844186,-1.2271386793367565
1759644243681811700,6.405811767578125,-4.1464293586105105,8.803017732101678,-1.2183727506875992
1759644243691767800,6.415767822265625,-4.128248389753699,8.812535502031444,-1.2112570734634995
1759644243701724000,6.425723876953125,-4.108088814300299,8.822686309167743,-1.2058859748844057
1759644243711680000,6.435679931640625,-4.087503122389316,8.832804967600106,-1.201774374847114
1759644243721635800,6.4456357421875,-4.066941103614867,8.842809644263982,-1.1979623422782868
1759644243731592000,6.455592041015625,-4.046095591723919,8.852936486002802,-1.193749546888843
1759644243741547800,6.4655478515625,-4.024482602591813,8.863374293386936,-1.1893319496423005
1759644243751504000,6.47550390625,-4.001048535512387,8.874575486359,-1.1848639373827725
1759644243761459700,6.485459716796875,-3.9749250832185146,8.886820635426044,-1.181013691695407
1759644243771416000,6.495416015625,-3.9459006487861275,8.900152995207906,-1.1779525505591184
1759644243781372000,6.505371826171875,-3.914052389104664,8.91448722550869,-1.1757865316316485
1759644243791328000,6.515327880859375,-3.879185658384859,8.929933800965546,-1.1741340151842683
1759644243801283800,6.525283935546875,-3.841123931016028,8.946555265420674,-1.1727354004327206
1759644243811240000,6.535239990234375,-3.8003722339108585,8.964104366114736,-1.1714755365647376
1759644243821195800,6.54519580078125,-3.7573648668333886,8.982307546803355,-1.1708036286525427
1759644243831151900,6.55515185546875,-3.712316641578078,9.00095028795302,-1.1713140623927116
1759644243841108000,6.56510791015625,-3.665288932943344,9.020030251476168,-1.172639831103757
1759644243851064000,6.57506396484375,-3.6160756969630716,9.03957198729217,-1.1749500077422708
1759644243861020000,6.58502001953125,-3.564425589224696,9.059584847751259,-1.1786276733417063
1759644243870976000,6.59497607421875,-3.5098747916087505,9.080332452225685,-1.1826754874277858
1759644243880931800,6.604931884765625,-3.4516724857479333,9.102076082000135,-1.186832314846292
1759644243890887700,6.6148876953125,-3.3896561745569107,9.12480170854926,-1.1910380229078232
1759644243900843800,6.62484375,-3.3243735550463196,9.148243374413251,-1.1952268528997898
1759644243910799600,6.634799560546875,-3.2571891935676334,9.171772134038806,-1.1998836657296865
1759644243920756000,6.644755859375,-3.1895944977223873,9.194773654919862,-1.2053955610189586
1759644243930711800,6.6547119140625,-3.1222777420356866,9.216887287050485,-1.2127556414581835
1759644243940668000,6.66466796875,-3.0551947951048612,9.238253900206088,-1.2210089444100856
1759644243950623700,6.674623779296875,-2.9879233398646114,9.25880101367235,-1.231782267358899
1759644243960579800,6.684579833984375,-2.9197233716025948,9.278742562460899,-1.2451999673366545
1759644243970535700,6.69453564453125,-2.849975589376688,9.298331060028076,-1.2605714317306875
1759644243980491800,6.70449169921875,-2.7786320623919365,9.31777401164472,-1.276203008365631
1759644243990447900,6.71444775390625,-2.705519772168994,9.337302887979149,-1.2904808323040604
1759644244000404000,6.724404052734375,-2.630419522999227,9.357018226796388,-1.3028646591894328
1759644244010359800,6.73435986328125,-2.553325469663739,9.376922950705886,-1.3130939383894205
1759644244020316000,6.74431591796875,-2.475079031422734,9.396772145035863,-1.320990098466724
1759644244030271700,6.754271728515625,-2.3969591421708465,9.416092931577563,-1.327465431960672
1759644244040227800,6.764227783203125,-2.3193026326470076,9.434611169564723,-1.3339179691009222
1759644244050185000,6.77418505859375,-2.2420625949695707,9.45225846993625,-1.341020494582504
1759644244060140800,6.784140869140625,-2.1655988023616373,9.46880394654572,-1.3499411754019557
1759644244070097000,6.794096923828125,-2.090132496358454,9.484117835533619,-1.3613450513392686
1759644244080052700,6.804052734375,-2.0147017000600695,9.498423424261809,-1.3752473199635744
1759644244090008800,6.8140087890625,-1.9386337749019265,9.511890224078297,-1.391410226996243
1759644244099965000,6.82396484375,-1.8618254066400228,9.524626371532678,-1.409064249369502
1759644244109920800,6.833920654296875,-1.7847215625628827,9.536620176187157,-1.4275987078391015
1759644244119876900,6.843876953125,-1.7078312151059507,9.547846503600478,-1.4464955698803066
1759644244129832700,6.853832763671875,-1.6311128632150589,9.558371404746174,-1.4654051452726125
1759644244139787000,6.863787109375,-1.5541409749545156,9.568312368524074,-1.4840549006849526
1759644244149742800,6.873742919921875,-1.4763513405703008,9.577806757578253,-1.5021278791226447
1759644244159699000,6.883698974609375,-1.3975621737547217,9.586991350030898,-1.518817878769338
1759644244169654800,6.89365478515625,-1.3184862989522517,9.595706571406126,-1.5344029859140513
1759644244179611000,6.90361083984375,-1.2398409245215356,9.603924949175118,-1.5484833875842392
1759644244189567000,6.91356689453125,-1.1619735487259923,9.611668695169687,-1.5607735448367892
1759644244199523000,6.923523193359375,-1.0849806907426565,9.618984571141004,-1.5710997085399925
1759644244209479000,6.93347900390625,-1.008976405405253,9.625801265418529,-1.5799778653919696
1759644244219434800,6.943434814453125,-0.9336543301783502,9.632230421683191,-1.5870748379155992
1759644244229390800,6.953390869140625,-0.8590082545168697,9.638249828103184,-1.5926834715776144
1759644244239346700,6.9633466796875,-0.785157128625363,9.643774144482611,-1.597354093737155
1759644244249302800,6.973302734375,-0.7121653229769319,9.648853639703988,-1.6008903050392864
1759644244259258600,6.983258544921875,-0.6402399044509977,9.653416417574881,-1.6037649836927652
1759644244269215000,6.993215087890625,-0.569572048238106,9.657387074771522,-1.6065009845279157
1759644244279171000,7.003171142578125,-0.4998802705157548,9.660641108131408,-1.6101264815486966
1759644244289127000,7.013126953125,-0.43062450959049164,9.663179686698317,-1.6149017331264912
1759644244299084000,7.023083984375,-0.3614316213009879,9.665110362499952,-1.620306076388061
1759644244309040000,7.0330400390625,-0.2918437423445284,9.666554716089367,-1.6257069125182926
1759644244318996000,7.042995849609375,-0.22231696419185026,9.667474753543734,-1.6312155929371714
1759644244328952000,7.0529521484375,-0.152720134743955,9.667810269108415,-1.6372300309211014
1759644244338908000,7.062907958984375,-0.08273501836452633,9.667550156867504,-1.6437775528684258
1759644244348864000,7.072864013671875,-0.012206031766207888,9.666672204989194,-1.6509630804583428
1759644244358819800,7.08281982421875,0.05921828710348345,9.665161215904355,-1.6587822297766803
1759644244368776200,7.092776123046875,0.13167373911920002,9.662976273080705,-1.6673207794107496
1759644244378732000,7.10273193359375,0.2055305914985947,9.66002209945023,-1.6769367490179836
1759644244388688100,7.112688232421875,0.28069437089124694,9.656267715352772,-1.6876305769897997
1759644244398644000,7.12264404296875,0.35655784125216305,9.651652330511808,-1.6996705588735639
1759644244408600000,7.13260009765625,0.43260877874288706,9.646044427502154,-1.7137907080322503
1759644244418556000,7.142555908203125,0.5083617196677253,9.639463880068064,-1.7299461624108254
1759644244428512000,7.152511962890625,0.5838508585572243,9.63206324842274,-1.747252394259721
1759644244438468000,7.162468017578125,0.6595564532089978,9.623847793263197,-1.765481732302904
1759644244448424000,7.172423828125,0.7359586518228054,9.614723406565188,-1.784894288781285
1759644244458380000,7.182380126953125,0.8129393809769302,9.604526422199607,-1.8062626555025576
1759644244468335900,7.1923359375,0.8907840334840118,9.593262100863456,-1.8292622766874729
1759644244478292000,7.2022919921875,0.9689056032363325,9.58118587862253,-1.8526966360278427
1759644244488247800,7.212247802734375,1.046965432864055,9.568464928737281,-1.8758280668988823
1759644244498204000,7.222203857421875,1.1248629846021532,9.555072947722673,-1.898856621917337
1759644244508160000,7.232159912109375,1.2025190557345746,9.540914073988795,-1.9223133392199874
1759644244518116000,7.2421162109375,1.2797871504627167,9.526112810698152,-1.945690853806585
1759644244528072000,7.252072021484375,1.3572533981114625,9.510781386053562,-1.9680667901352047
1759644244538028000,7.262028076171875,1.4352671966403723,9.494992865291238,-1.9888478584878146
1759644244547984000,7.27198388671875,1.513115721604973,9.478791087552905,-2.008329388549179
1759644244557940000,7.28193994140625,1.5901444546192884,9.462083698379994,-2.0275135430991647
1759644244567895800,7.291895751953125,1.666245843655616,9.444806984886526,-2.0468610715173186
1759644244577852000,7.301851806640625,1.740823822516948,9.427053301531076,-2.0665416312821208
1759644244587808000,7.31180810546875,1.8134937757998704,9.40893546103835,-2.0865207356020807
1759644244597764000,7.32176416015625,1.8842286693669854,9.390623559278248,-2.1062439654648304
1759644244607720000,7.331719970703125,1.9532767788909375,9.372201182880998,-2.1253136998549103
1759644244617676000,7.341676025390625,2.0212351934820414,9.353626830792427,-2.143512788890302
1759644244627631900,7.3516318359375,2.088721168255806,9.334750865408777,-2.161029302489012
1759644244637588000,7.361587890625,2.155901730342209,9.315371042156219,-2.178612889974564
1759644244647543800,7.371543701171875,2.2228948070324956,9.295206206005812,-2.1973348338402805
1759644244657500000,7.3815,2.2892313195101917,9.274286752095819,-2.217524804431945
1759644244667456000,7.3914560546875,2.3544869048833847,9.252768747770785,-2.2389801187843084
1759644244677412000,7.401412109375,2.4186146552704275,9.231008166861534,-2.2603536000721154
1759644244687368000,7.411367919921875,2.4814935746401545,9.209162245756387,-2.2812091949656605
1759644244697324000,7.421323974609375,2.543273446726799,9.1873186627388,-2.3011564428426325
1759644244707280000,7.43127978515625,2.603985105060041,9.16534999203682,-2.320777673635632
1759644244717236000,7.441236083984375,2.663510183957219,9.143222331380844,-2.340422139173746
1759644244727191800,7.45119189453125,2.722080738608539,9.12094269503355,-2.3598858413174746
1759644244737148200,7.461148193359375,2.7797362242415544,9.09867591816783,-2.3785627769976854
1759644244747104000,7.47110400390625,2.836270012368262,9.076689711809157,-2.3957621874712407
1759644244757060000,7.48106005859375,2.8912264681756494,9.055279844033718,-2.411039836101979
1759644244767016000,7.491015869140625,2.944439587447047,9.034535746690631,-2.4244239260710776
1759644244776972000,7.500971923828125,2.9961686056405306,9.01448606135249,-2.435650691875815
1759644244786927900,7.510927978515625,3.046495063559711,8.995133126106857,-2.4447563738733527
1759644244796884000,7.520884033203125,3.0956463402196763,8.9762179977566,-2.4525232084825634
1759644244806840000,7.530840087890625,3.143691116942465,8.957571749475598,-2.4595710811674594
1759644244816796200,7.540796142578125,3.1904818019509316,8.939183859869837,-2.466213003399968
1759644244826752000,7.550751953125,3.2359429919213056,8.921027440932393,-2.4727187320321797
1759644244836708000,7.5607080078125,3.2800746868535873,8.903149254414439,-2.479001757824421
1759644244846664000,7.570663818359375,3.3226632439970967,8.88557969545424,-2.4853102103188633
1759644244856620000,7.5806201171875,3.363726491269469,8.86827024873495,-2.491893972623348
1759644244866576000,7.590575927734375,3.403054000790417,8.851264168876408,-2.4989485673099754
1759644244876532000,7.600531982421875,3.4410593217968937,8.83449598942697,-2.5062258648365736
1759644244886488000,7.610488037109375,3.4778993984162807,8.818025916141272,-2.5133669687628744
1759644244896444200,7.620444091796875,3.513665708324313,8.802034566283226,-2.5196672379508613
1759644244906400000,7.63039990234375,3.548513149821758,8.786594420567154,-2.5247186761215326
1759644244916356000,7.640356201171875,3.582520048841834,8.771673914811014,-2.5285686295479533
1759644244926312000,7.65031201171875,3.615551380828023,8.757243822920321,-2.5315736565828324
1759644244936268000,7.66026806640625,3.64767202771008,8.743438000407814,-2.533211779178679
1759644244946223900,7.670223876953125,3.6789445333302018,8.730214946219325,-2.5335952255383134
1759644244956180000,7.680179931640625,3.7092867723628875,8.717621422106028,-2.5327201962694526
1759644244966136000,7.690135986328125,3.7389445362627503,8.70558845448494,-2.530498136305809
1759644244976092000,7.700091796875,3.7677442220285533,8.694110782659052,-2.527235627378523
1759644244986048000,7.710048095703125,3.79527812564224,8.683184314975142,-2.5236007780075074
1759644244996003800,7.72000390625,3.821390179759264,8.672797945517301,-2.519908645491302
1759644245005960000,7.7299599609375,3.8457349319428205,8.663029415696858,-2.5164690264314413
1759644245015915800,7.739915771484375,3.868212721210718,8.653855929160118,-2.5135814882963894
1759644245025872000,7.749871826171875,3.8885666501924394,8.64534704401195,-2.5114570434883237
1759644245035828000,7.759827880859375,3.90680490219444,8.63755302913487,-2.509969143018126
1759644245045784000,7.7697841796875,3.9227272784695026,8.630411340686678,-2.5096988016441464
1759644245055740000,7.779739990234375,3.93678532217741,8.623884569266439,-2.5101240413188934
1759644245065696000,7.789696044921875,3.948685311068594,8.618177882057427,-2.5110335573792457
1759644245075651800,7.79965185546875,3.958310925287008,8.613236334002018,-2.5128292086243627
1759644245085608000,7.80960791015625,3.965952087689936,8.609078629800678,-2.5150322716265916
1759644245095563800,7.819563720703125,3.971890245567262,8.605671451705694,-2.517318336737156
1759644245105520000,7.82952001953125,3.97664942279309,8.602894972729683,-2.5192969433337447
1759644245115476000,7.83947607421875,3.9808357685670255,8.600501355591415,-2.520853817386925
1759644245125432000,7.84943212890625,3.9851305431514974,8.598117090803385,-2.5222011403426525
1759644245135388000,7.859387939453125,3.990034681805968,8.595618844246864,-2.522963356886804
1759644245145344000,7.869343994140625,3.9959985586464404,8.593076174026727,-2.522187404078245
1759644245155299800,7.8792998046875,4.003031818284094,8.590562729901075,-2.5195965108022094
1759644245165256000,7.889255859375,4.010979562418163,8.58786749946773,-2.5161402328684925
1759644245175212000,7.8992119140625,4.019583724634349,8.584763103711605,-2.5129978431895372
1759644245185168100,7.909168212890625,4.0287133720293635,8.58113497634232,-2.5107690612241624
1759644245195124000,7.9191240234375,4.038001424856484,8.577041569548845,-2.5098399636805055
1759644245205080000,7.929080078125,4.0472976609900595,8.572739488440751,-2.5095640693485737
1759644245215036000,7.939035888671875,4.056450981521606,8.568573600932956,-2.509013741989434
1759644245224992000,7.948991943359375,4.0650887537464495,8.564862471455335,-2.5076991522595287
1759644245234947800,7.95894775390625,4.0733080082982775,8.56149328728318,-2.505866676135361
1759644245244904000,7.968904052734375,4.081252245301008,8.558204182609915,-2.5041785769179463
1759644245254860000,7.978860107421875,4.089355472257733,8.554620478904246,-2.5032044711887833
1759644245273529000,7.997529052734375,4.1055385452955955,8.546300394326448,-2.5051310553371904
1759644245283484700,8.007484619140625,4.115344776777923,8.540790690994262,-2.507830377423763
1759644245293440500,8.0174404296875,4.126108162854612,8.53462456957996,-2.511134971927106
1759644245303396600,8.027396728515624,4.137153580743075,8.528007197266817,-2.515441729210317
1759644245313352700,8.037352783203126,4.148385461114347,8.520923961007595,-2.5209423724532125
1759644245323308800,8.047308837890625,4.16020449372381,8.513063895156979,-2.5280092420995235
1759644245333264600,8.0572646484375,4.173039133116602,8.504339321431518,-2.5362092074289917
1759644245343220700,8.067220703125,4.186431698653101,8.49508341730833,-2.545139825120568
1759644245353176600,8.077176513671875,4.200148673838377,8.485500180926918,-2.554493052138388
1759644245363132700,8.087132568359374,4.214263708430528,8.475737496325372,-2.563639066146314
1759644245373088500,8.097088623046876,4.228680940839648,8.4658801191777,-2.5724521949380637
1759644245383044600,8.107044677734375,4.243240796589851,8.456127371448279,-2.580541685630381
1759644245393000700,8.117000732421875,4.257648384387791,8.446736442768573,-2.5875574096113443
1759644245402956800,8.126956787109375,4.271788261160254,8.437632514336705,-2.5939503255188465
1759644245412912600,8.13691259765625,4.285250969323515,8.428813248065113,-2.6004049084857104
1759644245422868700,8.14686865234375,4.29763611138314,8.420247079771757,-2.607709386280179
1759644245432824600,8.156824462890626,4.309081049983203,8.411937516587972,-2.6156281965807078
1759644245442780700,8.16678076171875,4.320070061509311,8.403990356975793,-2.623034088923037
1759644245452736500,8.176736572265625,4.331016987459361,8.396291619166732,-2.6296327565357087
1759644245462692900,8.18669287109375,4.342167911548913,8.38855371839106,-2.635930103114247
1759644245472648700,8.196648681640625,4.353776224017143,8.380408405858278,-2.6426833767667413
1759644245482604800,8.206604736328124,4.36605352178812,8.3717130582273,-2.649977333167195
1759644245492560600,8.216560546875,4.3791491502046584,8.362395194783806,-2.657776901002228
1759644245502516700,8.226516845703125,4.393117762063444,8.352123976138234,-2.667005624857545
1759644245512472600,8.23647265625,4.408018101814389,8.340707679110764,-2.6781238157212734
1759644245522428700,8.2464287109375,4.42437243976593,8.328007187491655,-2.6906507043391463
1759644245532384500,8.256384521484375,4.442158564086258,8.314162786534428,-2.704130071376264
1759644245542340900,8.2663408203125,4.461034821730852,8.29936970655024,-2.7184593332409857
1759644245552296700,8.276296630859376,4.48036817549318,8.28385240394473,-2.7339462407082316
1759644245562252800,8.286252685546875,4.499752382659912,8.267983219161628,-2.7501056406095623
1759644245572208600,8.296208740234375,4.5188291313126685,8.252348427656292,-2.7657375095054504
1759644245582164700,8.306164794921875,4.536856955434382,8.237621983167529,-2.7800907367676495
1759644245592120600,8.31612060546875,4.553627180710435,8.223859999796748,-2.793383641321957
1759644245602076400,8.326076416015624,4.569733389119803,8.211110992860794,-2.8045626224622127
1759644245612032800,8.33603271484375,4.585185225273668,8.199306573298573,-2.813865288336575
1759644245621988600,8.345988525390625,4.600082350154221,8.188484150511027,-2.8210537385359404
1759644245631944700,8.35594482421875,4.614345561045408,8.178891561779379,-2.825586413529515
1759644245641900500,8.365900634765625,4.6276676916941994,8.170528222581744,-2.8279937669321895
1759644245651856600,8.375856689453125,4.640137297166883,8.163594623926281,-2.8275834325656293
1759644245661812500,8.3858125,4.652183124269545,8.157790906083584,-2.8245395348250866
1759644245671768600,8.3957685546875,4.663668394879997,8.153037574076652,-2.819318877567351
1759644245681724700,8.405724609375,4.674438502958417,8.1493112470299,-2.8122476240068672
1759644245691680800,8.4156806640625,4.684174007292092,8.146326678261161,-2.804685079798102
1759644245701636600,8.42563671875,4.692965801034868,8.143855904233455,-2.7971511771619317
1759644245711592700,8.4355927734375,4.702288925175369,8.141265887740254,-2.789023108024895
1759644245721548500,8.445548583984374,4.714400510990619,8.138795113712549,-2.7757547533899545
1759644245731504600,8.455504638671876,4.728297518917918,8.13800834724903,-2.7543445933535695
1759644245741460500,8.46546044921875,4.741887068331241,8.139055810475348,-2.72775732294023
1759644245751416600,8.47541650390625,4.754805586615205,8.141121510833502,-2.6989520842164754
1759644245761372700,8.48537255859375,4.767913489991426,8.143363736802339,-2.6688971376925705
1759644245771328800,8.495328857421875,4.780255377431214,8.145532897534967,-2.6400471830442545
1759644245781284600,8.50528466796875,4.793050561596453,8.14694159528911,-2.6123557507812976
1759644245791240700,8.51524072265625,4.807853870713711,8.14690593945384,-2.585121999157965
1759644245801196500,8.525196533203125,4.823970308256149,8.14550659404993,-2.559380531919002
1759644245811152600,8.535152587890625,4.8418996404394505,8.141510217890144,-2.5381509891465304
1759644245821108500,8.5451083984375,4.864994100300968,8.133597545069456,-2.5192884677663443
1759644245831064600,8.555064697265625,4.891544838096201,8.123150385335087,-2.5015181255370376
1759644245841020700,8.565020751953124,4.917565706798434,8.111777927449346,-2.4873636357173323
1759644245850976800,8.574976806640626,4.941816350957751,8.099494784459472,-2.479320614515245
1759644245860932600,8.5849326171875,4.965968795439601,8.085356953513621,-2.4772049375355243
1759644245870888700,8.594888671875,4.991380884593725,8.069961231461168,-2.476335168963671
1759644245880844500,8.604844482421875,5.018611421346664,8.053781665554641,-2.473971654702723
1759644245890800600,8.614800537109375,5.047855636009573,8.037004133754968,-2.469030398908257
1759644245900756500,8.624756591796874,5.078940510103106,8.019964151626825,-2.4606729049295186
1759644245910712800,8.634712890625,5.111099150907993,8.003090758237242,-2.4490002950534224
1759644245920668700,8.644668701171875,5.14392940736413,7.9866949192315335,-2.433739597557485
1759644245930624800,8.654624755859375,5.175725060075521,7.9716914113670585,-2.4154507844120263
1759644245940580600,8.66458056640625,5.203384635895491,7.958621501913666,-2.399063713234663
1759644245950536700,8.67453662109375,5.224766446620226,7.947615539252758,-2.389061374658346
1759644245960492500,8.684492431640624,5.239924268263578,7.938420425406098,-2.3864302955023944
1759644245970448600,8.69444873046875,5.252350034594535,7.929571933040022,-2.3885338436529038
1759644245980404700,8.70440478515625,5.26614299762547,7.919856010189652,-2.3903975916981697
1759644245990360800,8.71436083984375,5.282055437028408,7.909580699890851,-2.3893100887224077
1759644246000316700,8.724316650390625,5.299160885608196,7.899454442673921,-2.3849318736381826
1759644246010272800,8.734272705078125,5.31606818126738,7.890107937657833,-2.37823179147765
1759644246020228600,8.744228515625,5.3315960052669045,7.882139735257625,-2.369879996587336
1759644246030184700,8.754184814453126,5.344836010590195,7.875899379563331,-2.360790827333182
1759644246040140500,8.764140625,5.355305966678261,7.871665687516331,-2.351164482462406
1759644246050096600,8.7740966796875,5.364729044061899,7.869278500118851,-2.337633969759941
1759644246060052700,8.784052734375,5.375591214337945,7.867697368407249,-2.3179186309427022
1759644246070008800,8.7940087890625,5.388341974839568,7.866009269189834,-2.2939155318036675
1759644246079964700,8.803964599609374,5.401275690692663,7.864328184235095,-2.269128588810563
1759644246089920800,8.813920654296876,5.412567484557628,7.8624086143493646,-2.2487857657447456
1759644246099876600,8.823876708984375,5.421039544826746,7.859962974762916,-2.2368930833771823
1759644246109832700,8.833832763671875,5.427826428487896,7.856569825193286,-2.232351202163845
1759644246119788500,8.84378857421875,5.435314738416672,7.851572747558355,-2.2317153884783387
1759644246129744600,8.85374462890625,5.445047027879953,7.844752546149492,-2.2319769620239733
1759644246139700700,8.86370068359375,5.456361618098616,7.836682052418589,-2.2326950471654534
1759644246149656600,8.873656494140626,5.468174805489182,7.828005409488082,-2.2342311706915496
1759644246159612700,8.88361279296875,5.479299426093697,7.819312399944662,-2.2374147691637276
1759644246169568500,8.893568603515625,5.48882479480803,7.81099874510765,-2.2430950067572293
1759644246179524600,8.903524658203125,5.497434217721223,7.802769845944643,-2.250641768874973
1759644246189480400,8.91348046875,5.507527741712331,7.793797434937954,-2.257044767785072
1759644246199436500,8.9234365234375,5.520935504817962,7.7831340021044015,-2.261078114954382
1759644246209392600,8.933392578125,5.537077661323547,7.770579640957712,-2.264782668560743
1759644246219348700,8.9433486328125,5.554634360802173,7.7556638113766905,-2.272905184739828
1759644246229304600,8.9533046875,5.572756292948126,7.7389780495136975,-2.2853860422588883
1759644246239260700,8.9632607421875,5.590393071925639,7.7229112963318824,-2.2966337047211827
1759644246249216500,8.973216552734375,5.606644534024596,7.709646741089224,-2.3015799289517105
1759644246259172600,8.983172607421874,5.620167447942495,7.700500727081298,-2.2992164146907625
1759644246269128400,8.99312841796875,5.629719704663753,7.695650948962569,-2.292070488458872
1759644246279084800,9.003084716796875,5.634208248254656,7.6940236400216815,-2.2865032097205518
1759644246289041000,9.013041015625,5.633731862914562,7.69395115930736,-2.2879146839536726
1759644246298997000,9.0229970703125,5.6309857790768145,7.693384757596254,-2.296567361486703
1759644246308952800,9.032952880859375,5.629177852872013,7.690726936563849,-2.309861142823845
1759644246318909000,9.042908935546874,5.630273831415176,7.685516508439183,-2.324487195678055
1759644246328864800,9.05286474609375,5.634876356774568,7.678259669178724,-2.3372790188424286
1759644246338820900,9.06282080078125,5.641406635326147,7.670538135015964,-2.3468643010504544
1759644246348776700,9.072776611328125,5.647580355525016,7.663731962132453,-2.3542373140364883
1759644246358733000,9.082733154296875,5.652621856823563,7.658435609290003,-2.3593714620545505
1759644246368689000,9.09268896484375,5.65693621289134,7.654726233378052,-2.3610635067947205
1759644246378645000,9.10264501953125,5.66059064374566,7.652320341280102,-2.360101968286186
1759644246388600800,9.112600830078126,5.662992444190382,7.650423567748069,-2.3604918443866074
1759644246398557000,9.122556884765626,5.66478692639172,7.647697357654571,-2.365017651247978
1759644246408512800,9.1325126953125,5.667210354146361,7.643292400693893,-2.373437250677496
1759644246418468900,9.14246875,5.671071121227741,7.637541874343157,-2.3827092291526495
1759644246428425000,9.152425048828125,5.676323050406575,7.63102679336071,-2.3910613163039085
1759644246438381000,9.162381103515624,5.6824207827597855,7.624457936364412,-2.3975210138373075
1759644246448337000,9.1723369140625,5.68811928666234,7.618875752317905,-2.4017545597538352
1759644246458293000,9.18229296875,5.692551716151833,7.61455905816257,-2.404935820138454
1759644246468248800,9.192248779296875,5.696271028935909,7.611026207861304,-2.4073124861419197
1759644246478205000,9.202204833984375,5.700104908010363,7.607813675555587,-2.4083950206816196
1759644246488160800,9.212160888671875,5.70436373449862,7.604585361158847,-2.4085079795368016
1759644246498116900,9.222116943359374,5.708828312692046,7.601084659561514,-2.40897676609233
1759644246508073000,9.232072998046876,5.7134057036101815,7.596956765976548,-2.4111468036077914
1759644246518028800,9.24202880859375,5.717589126774668,7.592351318007707,-2.4157332546152173
1759644246527985000,9.25198486328125,5.721468014034628,7.587214539641141,-2.4226764978818593
1759644246537940700,9.261940673828125,5.72558655526936,7.5815826712340115,-2.430563597869873
1759644246547896800,9.271896728515625,5.7297208785951135,7.576063031029701,-2.438020197486132
1759644246557852700,9.281852783203124,5.733330885785818,7.571329572767019,-2.4442324961297213
1759644246567808800,9.291808837890626,5.736529389566183,7.567740023842454,-2.4478430878423154
1759644246577764900,9.301764892578126,5.739044002735614,7.565341730529069,-2.4493586069718
1759644246587721000,9.311720947265625,5.740542132338881,7.563862890148163,-2.4504181990273297
1759644246597676800,9.3216767578125,5.740756651872396,7.563319869312644,-2.4515884118504823
1759644246607633000,9.3316328125,5.739660088807344,7.563637264698744,-2.4531775807380676
1759644246617588700,9.341588623046874,5.737805985373258,7.564211265194416,-2.4557453853994606
1759644246627544800,9.351544921875,5.736155880078673,7.564367917060852,-2.45911310826689
1759644246637500700,9.361500732421876,5.7352118772268295,7.56388627102375,-2.4627941348671913
1759644246647456800,9.371456787109375,5.734848304611444,7.5631550341397515,-2.4658842098370193
1759644246657412900,9.381412841796875,5.73450226765275,7.562386972376704,-2.4690450119554996
1759644246667369000,9.391368896484375,5.73394112663865,7.561761533954739,-2.4722584210440517
1759644246677324800,9.40132470703125,5.733212227842212,7.561725878119468,-2.474058748464286
1759644246687281000,9.411281005859376,5.732556394281983,7.562385218811035,-2.473563366162777
1759644246697236700,9.42123681640625,5.731683703100681,7.563630834957957,-2.471774144658446
1759644246707192800,9.43119287109375,5.730674818319082,7.5651237038642165,-2.4695441936492917
1759644246717148700,9.441148681640625,5.729957025438547,7.566610143029689,-2.46665665551424
1759644246727105000,9.45110498046875,5.729788098612428,7.56778503202796,-2.4634429541647433
1759644246737060900,9.461060791015624,5.729589945691823,7.568693379044532,-2.461110419563949
1759644246747017000,9.471016845703126,5.729159737581014,7.569248674839734,-2.4604046093821523
1759644246756972800,9.480972900390626,5.728407457908988,7.569076825404167,-2.4626821989253163
1759644246766929000,9.490928955078125,5.7272033428162334,7.5678411461293695,-2.4692747290581463
1759644246776884700,9.500884765625,5.726231867435574,7.565281524774432,-2.479349548348784
1759644246786840800,9.5108408203125,5.726067032262683,7.561841613453626,-2.490200904969871
1759644246796796700,9.520796630859374,5.726368645557761,7.5582994108021255,-2.5002380225986243
1759644246806753000,9.5307529296875,5.726746831220388,7.554946593242883,-2.509488666024804
1759644246816708900,9.540708984375,5.725951296928525,7.552217460539937,-2.5194988956466315
1759644246826665000,9.5506650390625,5.7237090709596865,7.5502768478661775,-2.530387953929603
1759644246836620800,9.560620849609375,5.720778278204798,7.548995575883984,-2.540817285746336
1759644246846577000,9.570576904296875,5.71764173374474,7.548530296459794,-2.5492434610471126
1759644246856532700,9.58053271484375,5.71389436390996,7.54881671218574,-2.5567878850772976
1759644246866488800,9.59048876953125,5.709225787577033,7.549902753856777,-2.563997378064692
1759644246876445000,9.60044482421875,5.704138693571091,7.551630600562691,-2.5702269201040266
1759644246886401000,9.610401123046875,5.698640680676698,7.553782225638628,-2.576093474049866
1759644246896356900,9.62035693359375,5.692337781140208,7.556460504937172,-2.5821654874399305
1759644246906313000,9.63031298828125,5.685746127790212,7.559647902801633,-2.587352534689009
1759644246916268800,9.640268798828124,5.679670022746921,7.563176076927781,-2.590385034252703
1759644246926225000,9.650224853515626,5.674266117876768,7.567082436716556,-2.5908193340167402
1759644246936180700,9.6601806640625,5.669117064550519,7.571572733873128,-2.5889719525843855
1759644246946136800,9.67013671875,5.66385461397767,7.577030414757132,-2.5845187725678085
1759644246956093000,9.680093017578125,5.658747061705589,7.5833222083777185,-2.5772438131287694
1759644246966049000,9.690049072265625,5.654497003045678,7.5895403522402045,-2.568254450987279
1759644246976004900,9.7000048828125,5.651705911022424,7.594515218043327,-2.559675423212349
1759644246985961000,9.7099609375,5.650265649086236,7.597593310314417,-2.5537147612422704
1759644246995916800,9.719916748046876,5.649814982709288,7.598693965032696,-2.551435710394382
1759644247005873000,9.729872802734375,5.6503024739652865,7.598355526858568,-2.551363229680061
1759644247015828700,9.739828857421875,5.6507952259182925,7.597984355458617,-2.5513793040320274
1759644247025785000,9.74978515625,5.649992677363753,7.59879859445095,-2.5507301924735306
1759644247035741000,9.759740966796874,5.64708877261579,7.601286904135346,-2.5497455653503533
1759644247045697000,9.769697021484374,5.6429865979939695,7.6045871147245165,-2.5489865636765954
1759644247055652900,9.77965283203125,5.638709651327133,7.607691510480642,-2.5491885159894823
1759644247065608700,9.789608642578125,5.635223562777042,7.609730322831869,-2.550809687450528
1759644247075564800,9.799564697265625,5.632290431934595,7.610450453799962,-2.5551386565655467
1759644247085520600,9.809520751953125,5.629698661875724,7.609740259703993,-2.5629534219697114
1759644247095477000,9.81947705078125,5.628422650590538,7.60786335991621,-2.571313546296954
1759644247105432800,9.829432861328126,5.628002963873744,7.60588533784151,-2.578074710994959
1759644247115389000,9.839388916015626,5.628137988430261,7.6050138157039875,-2.5803511314943433
1759644247125344800,9.8493447265625,5.6282747665524475,7.605917486545443,-2.5773867287307977
1759644247135300900,9.85930078125,5.6273132280439135,7.608532637479901,-2.5717612900644538
1759644247145256700,9.869256591796875,5.624507522973418,7.61245127222836,-2.566296887178719
1759644247155212800,9.879212890625,5.620894593173265,7.616531819540262,-2.5621011890545486
1759644247165168600,9.889168701171876,5.617897749444842,7.61994951902926,-2.5585095943033695
1759644247175125000,9.899125,5.615760737416148,7.62226071858108,-2.556317052695155
1759644247185080800,9.909080810546875,5.613747059506178,7.623476524111628,-2.5571140482917425
1759644247195037000,9.919036865234375,5.611674929407239,7.623954078495502,-2.5602365642264484
1759644247204994000,9.928994140625,5.610314746969938,7.6236822758167975,-2.564025435115397
1759644247214950000,9.938949951171875,5.60969515376687,7.622965067458153,-2.567510646882653
1759644247224906000,9.948906005859374,5.60971444298923,7.622254873362183,-2.56957780854553
1759644247234861800,9.95886181640625,5.610243435299396,7.621786671328544,-2.5698113250404595
1759644247244818000,9.96881787109375,5.610732095599174,7.621680872866511,-2.5690599221512675
1759644247254773800,9.978773681640625,5.61107579447031,7.621852137780189,-2.567799692957103
1759644247264729900,9.988729736328125,5.611481452661752,7.621928710147738,-2.5666817948430776
1759644247274686000,9.99868603515625,5.611949070173502,7.621842785429954,-2.5659151943847536
1759644247284641800,10.008641845703124,5.612574508595467,7.621426605844497,-2.565781923393905
1759644247294597600,10.01859765625,5.6130088083595036,7.620811104294657,-2.5666625056207177
1759644247304553700,10.0285537109375,5.6137488130718465,7.619900419190525,-2.5677470859870315
1759644247314509600,10.038509521484375,5.615839063349366,7.61853088440299,-2.567240013247728
1759644247324465700,10.048465576171875,5.618952811455726,7.616902990940213,-2.565257607258856
1759644247334421800,10.058421875,5.622327256324887,7.615237103554606,-2.5628099218457936
1759644247344377900,10.0683779296875,5.625881149414181,7.613540236508846,-2.560050394004583
1759644247354333700,10.078333740234376,5.629890385055542,7.611850383725762,-2.556258892767131
1759644247364289800,10.088289794921875,5.633790899625421,7.610415967008471,-2.551932554000616
1759644247374245600,10.09824560546875,5.636855547893047,7.609379025176167,-2.5482532809659837
1759644247384201700,10.10820166015625,5.639053350198268,7.608792165198921,-2.545142163208127
1759644247394157600,10.118157470703125,5.640881734669208,7.608268433585763,-2.5426547303065656
1759644247404113400,10.128113525390624,5.64292989937067,7.607521999132633,-2.5403426539719103
1759644247414069800,10.13806982421875,5.645089123231172,7.60670717561841,-2.5379852771908045
1759644247424025600,10.148025634765625,5.646680191814899,7.606216761752963,-2.5359140238747
1759644247433981700,10.157981689453125,5.646970699194073,7.606414914673566,-2.5346686999887225
1759644247443937500,10.1679375,5.646483207938075,7.607074839887023,-2.5337761350631713
1759644247453893600,10.1778935546875,5.645799901849031,7.607870374178886,-2.5329087045788765
1759644247463849500,10.187849365234374,5.6451540051609275,7.6085525112241505,-2.5323025553792715
1759644247473805600,10.1978056640625,5.644491157338023,7.609159829467535,-2.5319553493767977
1759644247483761700,10.20776171875,5.6436868552178145,7.609853656950593,-2.531660165822506
1759644247493717800,10.2177177734375,5.643069015580416,7.61039843135178,-2.5313988845378157
1759644247503673600,10.227673583984375,5.643270675632357,7.610517089295387,-2.5305942901566625
1759644247513629700,10.237629638671875,5.644332751905917,7.610066422918439,-2.52958219050467
1759644247523585500,10.24758544921875,5.646047154608368,7.609293100458383,-2.528084353162348
1759644247533541600,10.257541748046876,5.6479503578811885,7.608634928810596,-2.525809393967688
1759644247543497500,10.26749755859375,5.649075562518835,7.608472431725263,-2.5237811030104753
1759644247553453600,10.27745361328125,5.649210002553462,7.608774629542231,-2.522571727220714
1759644247563409700,10.28740966796875,5.649059195905924,7.609107222497463,-2.5219044954836365
1759644247573365800,10.29736572265625,5.648769857570529,7.609507035470008,-2.5213454002961515
1759644247583321600,10.307321533203124,5.6483057471901175,7.610068761005997,-2.520691320301592
1759644247593277700,10.317277587890626,5.648161370283365,7.6106906922966235,-2.519135907553136
1759644247603233500,10.327233642578125,5.6484623990565535,7.611457585015892,-2.516142570956051
1759644247613189600,10.337189697265625,5.648863965594768,7.6123589177697895,-2.5125112287163733
1759644247623145500,10.3471455078125,5.649394711470603,7.6131585437148805,-2.508893038219213
1759644247633101800,10.357101806640625,5.64992370378077,7.613741312038898,-2.50593360389173
1759644247643057700,10.3670576171875,5.650535698199272,7.6140283122867345,-2.503680272006988
1759644247653013800,10.377013671875,5.651299083787203,7.613872244942188,-2.5024296874240037
1759644247662969600,10.386969482421875,5.651629923176765,7.613496981889009,-2.5028251164823767
1759644247672925700,10.39692578125,5.651417157208919,7.613003060892224,-2.5048048921227455
1759644247682881500,10.406881591796875,5.650720991638303,7.612644748973846,-2.5074641744598747
1759644247692837600,10.416837646484375,5.649876357507705,7.61260032531023,-2.5095006487235425
1759644247702793500,10.42679345703125,5.649320477190614,7.612749962913989,-2.5102993978857993
1759644247712750600,10.43675048828125,5.649110049310326,7.613080217781662,-2.5097724514022466
1759644247722706400,10.44670654296875,5.649167916977405,7.61366357062757,-2.5078736320436
1759644247732662800,10.456662841796875,5.649145705145597,7.614227634251117,-2.5062056988313794
1759644247742618600,10.46661865234375,5.647049609649181,7.614477225098013,-2.510169341765344
1759644247752574700,10.47657470703125,5.643775702545047,7.613464833185076,-2.520582014708221
1759644247762530600,10.486530517578124,5.641038386535644,7.610564435568452,-2.535425655835867
1759644247772486700,10.496486572265624,5.639364315843582,7.60618461304903,-2.552238258948922
1759644247782442500,10.5064423828125,5.6375528825074435,7.601991837534308,-2.568674137704074
1759644247792398600,10.516398681640625,5.635101982223987,7.59898564145565,-2.5829081225007773
1759644247802354700,10.526354736328125,5.632574509572983,7.597067240613699,-2.594044433543086
1759644247812310800,10.536310791015625,5.630990455251932,7.595690107041597,-2.601502348333597
1759644247822266600,10.5462666015625,5.63084549382329,7.594578346407413,-2.60505916403234
1759644247832222700,10.55622265625,5.632077665966749,7.593714423054457,-2.604915956169367
1759644247842178600,10.566178466796876,5.634620336186885,7.592952791032195,-2.601635034802556
1759644247852134700,10.576134765625,5.638610282605886,7.591978393042087,-2.595828686611354
1759644247862090500,10.586090576171875,5.643677502867579,7.590981783220172,-2.587716399565339
1759644247872046600,10.596046630859375,5.649379513901472,7.590028428018092,-2.578052499163151
1759644247882002700,10.606002685546875,5.655576030454039,7.5891048834323875,-2.5671643176630137
1759644247891958800,10.615958740234374,5.661656811672449,7.588176662671565,-2.5564836414337155
1759644247901914600,10.62591455078125,5.666618233472109,7.587285266789793,-2.5481217635408044
1759644247911870700,10.63587060546875,5.670592397800087,7.585951387837529,-2.5432465587198734
1759644247921826600,10.64582666015625,5.674646641626953,7.5836863655149935,-2.5409613703921434
1759644247931782700,10.65578271484375,5.679186623144149,7.580650358819961,-2.539877082286775
1759644247941738500,10.665738525390625,5.683964505070447,7.576727047896385,-2.54089356585294
1759644247951694800,10.67569482421875,5.687752206915617,7.572759313309192,-2.544246967934072
1759644247961650700,10.685650634765626,5.6899225366920225,7.569830858641862,-2.548103058840334
1759644247971606800,10.695606689453125,5.691164645707607,7.568173739084601,-2.5502511767849323
1759644247981562600,10.705562744140625,5.692199833974242,7.56746763664186,-2.5500360727295277
1759644247991518700,10.715518798828125,5.693235606762767,7.56707483793199,-2.548886902694404
1759644248001474600,10.725474609375,5.693914821198582,7.566587931197882,-2.5488152987629173
1759644248011430700,10.7354306640625,5.694195391705632,7.565760248202085,-2.5506468981042505
1759644248021386500,10.745386474609376,5.694738412541151,7.564215941369533,-2.5540125751450655
1759644248031342800,10.7553427734375,5.695707549834251,7.562052625855803,-2.558253281454742
1759644248041298700,10.765298583984375,5.696950243371725,7.559836703372001,-2.5620330922544
1759644248051254800,10.7752548828125,5.6980099815577265,7.558242712178826,-2.5643808244243265
1759644248061210600,10.785210693359375,5.698392843395471,7.557537778779864,-2.56560539778322
1759644248071166700,10.795166748046874,5.698213395175338,7.557510890772939,-2.5660835366889834
1759644248081122600,10.80512255859375,5.697995953032374,7.557679817599058,-2.5660680468589065
1759644248091078700,10.81507861328125,5.698766937404871,7.557355992472171,-2.5653113832727072
1759644248101034800,10.82503466796875,5.700261559876799,7.556607219931482,-2.5641958232462403
1759644248110990800,10.834990966796875,5.701656813627481,7.555608856543898,-2.564036541031301
1759644248120946700,10.84494677734375,5.702528335765003,7.554576590886712,-2.5651392415761944
1759644248130901500,10.854901611328126,5.702990108057857,7.553598685765266,-2.566992175966501
1759644248140857600,10.864857666015626,5.703157865840196,7.552462959733605,-2.569958916817605
1759644248150813700,10.874813720703125,5.70316955627799,7.551078227376937,-2.5739965017706155
1759644248160769800,10.884769775390625,5.7033560187608,7.5493854519844055,-2.5785434975504873
1759644248170725600,10.8947255859375,5.703845848104358,7.547570511516928,-2.5827710521176455
1759644248180681700,10.904681640625,5.703860461151599,7.5460338034689425,-2.587224232134223
1759644248190637600,10.914637451171876,5.70305849711895,7.544931395184993,-2.592204943156242
1759644248200593700,10.92459375,5.702387465989589,7.543912573531269,-2.5966391262114046
1759644248210549500,10.934549560546875,5.702719474422931,7.542780939152836,-2.599196701739728
1759644248220505600,10.944505615234375,5.703960414394736,7.541578577625751,-2.5999609641104935
1759644248230461700,10.954461669921875,5.705721578848362,7.54029379851222,-2.599825355032086
1759644248240417800,10.964417724609374,5.707758637633919,7.5387676118582485,-2.5997791778028008
1759644248250373600,10.97437353515625,5.7102463627964255,7.536663333055377,-2.6004177679672837
1759644248260329700,10.984329833984376,5.713603272008895,7.533752414044737,-2.6014795519798994
1759644248270285600,10.99428564453125,5.718136823785304,7.530342313340306,-2.6013912891745568
1759644248280242200,11.0042421875,5.72314383829236,7.526752764415741,-2.60076935788393
1759644248290198300,11.0141982421875,5.727234322476387,7.52345313834846,-2.601311794197559
1759644248300154000,11.024154052734374,5.729825508013367,7.5205486490786075,-2.604003225238621
1759644248310111200,11.034111328125,5.7311330834805965,7.517872123345732,-2.608850957530737
1759644248320067000,11.044067138671876,5.731836847835779,7.51504186835587,-2.6154499174043533
1759644248330023200,11.054023193359376,5.732267055946588,7.512008784270286,-2.6232085687071085
1759644248339979300,11.063979248046875,5.732128524258733,7.509090266475081,-2.6318504325851797
1759644248349935400,11.073935302734375,5.731158802443742,7.506744580131769,-2.640641057284176
1759644248359891200,11.08389111328125,5.729937736216187,7.504897490960359,-2.648528595663607
1759644248369847300,11.093847412109374,5.728918330040574,7.503540815654397,-2.6545699216544625
1759644248379803100,11.10380322265625,5.7278819727301595,7.50271371718049,-2.6591414673537015
1759644248389759200,11.11375927734375,5.726693055206537,7.50239690631628,-2.662592192329466
1759644248399715000,11.123715087890625,5.725674818074703,7.502297537595033,-2.6650644276618958
1759644248409671400,11.13367138671875,5.725004371467232,7.502156083297729,-2.666903041265905
1759644248419627300,11.143627197265625,5.724603389450907,7.501723537099361,-2.6689792630180715
1759644248429583400,11.153583251953124,5.724227541875839,7.50094086228907,-2.671982536487281
1759644248439539200,11.163539306640626,5.723607364150881,7.500021993878483,-2.6758859736666083
1759644248449495300,11.173495361328126,5.722302126771211,7.499516966965794,-2.680090147358179
1759644248459451100,11.183451171875,5.72034690105021,7.499550869235396,-2.6841671875387427
1759644248469407200,11.1934072265625,5.718309257742762,7.500105580508708,-2.686956818257272
1759644248479363300,11.20336328125,5.716446386480331,7.501212664967775,-2.6878321397870777
1759644248489319400,11.2133193359375,5.713251389831305,7.50305040178895,-2.6894959813460706
1759644248499275300,11.223275146484376,5.710623379415273,7.504140535113215,-2.6920325140863657
1759644248509231400,11.2332314453125,5.709505189040303,7.503654797422885,-2.6957567953065036
1759644248519187200,11.243187255859375,5.708629575249552,7.502310981598496,-2.7013465781375765
1759644248529143300,11.253143310546875,5.708216318273544,7.500753230762482,-2.706539470605552
1759644248539099100,11.26309912109375,5.707920550197363,7.500012057006359,-2.7092162885993716
1759644248549055200,11.27305517578125,5.707433643463253,7.50047616738677,-2.7089552995756265
1759644248559011300,11.28301123046875,5.70689880593419,7.501761531022191,-2.706522227209806
1759644248568967400,11.292967529296876,5.706884192886948,7.503052155354618,-2.7029744716003536
1759644248578923300,11.30292333984375,5.7080064749151465,7.503662396207451,-2.698907952813804
1759644248588879400,11.31287939453125,5.710612273499369,7.503374811437726,-2.6941908611640333
1759644248598835200,11.322835205078125,5.714684052982926,7.502386969444156,-2.688299465037882
1759644248608791000,11.332791015625,5.719238647547364,7.501182854351401,-2.681968508450687
1759644248618747100,11.3427470703125,5.723195860740542,7.499754867374897,-2.677518251043558
