time,seconds_elapsed,z,y,x
1759503496303286800,0.034286865234375,1.6972851250417529,9.579871873414517,-1.2311333019308746
1759503496313270800,0.044270751953125,1.695473253314197,9.580336568316817,-1.2299978681601582
1759503496323254500,0.054254638671875,1.6940214470706878,9.580683189797401,-1.2293040406771003
1759503496333237800,0.06423779296875,1.6927767077066003,9.581041501715779,-1.2282255977906287
1759503496343221800,0.0742216796875,1.6910153971225022,9.581521978709102,-1.2269039937980473
1759503496353204700,0.084204833984375,1.6878693541817367,9.582160276612639,-1.2262494754120707
1759503496363188700,0.094188720703125,1.6851390524350105,9.582807926866412,-1.2249496448598802
1759503496373171700,0.104171630859375,1.6833438395813107,9.583357377442717,-1.2231251328464596
1759503496383155700,0.11415576171875,1.6823079206623135,9.583795768859982,-1.2210961843021213
1759503496393138700,0.124138671875,1.6816851125888526,9.584100304764508,-1.2195710936266928
1759503496403122700,0.134122802734375,1.680610615225136,9.58449076538682,-1.217978709868714
1759503496413105700,0.144105712890625,1.67962905684188,9.584832126170395,-1.2166438080031423
1759503496423089700,0.154089599609375,1.6785690263949333,9.585206220179796,-1.2151666481226682
1759503496433073000,0.164072998046875,1.677191308300942,9.585655132991075,-1.2135257490478455
1759503496443056600,0.174056640625,1.675484358252585,9.58615080755353,-1.211969094190374
1759503496453040600,0.18404052734375,1.672817184869945,9.586602058452367,-1.2120721161734311
1759503496463023600,0.194023681640625,1.6700829376004636,9.586847557646035,-1.2139087570160627
1759503496473007600,0.204007568359375,1.6673127422347664,9.587096563971041,-1.2157340727470813
1759503496482990800,0.213990966796875,1.6642805349320173,9.587373627346754,-1.2177163326054812
1759503496492974800,0.223974853515625,1.660832001913339,9.587563596960901,-1.2209179781910031
1759503496502957600,0.23395751953125,1.6569449313469231,9.587731939265131,-1.2248759220365435
1759503496512941600,0.243941650390625,1.6528170377619564,9.58786637929976,-1.2293876273073254
1759503496522924500,0.253924560546875,1.6487816447660326,9.587943536189197,-1.2341988269813358
1759503496532908800,0.26390869140625,1.6451444573074578,9.588007833597063,-1.238543139795959
1759503496542891800,0.273891845703125,1.64184863063246,9.588080314311384,-1.2423507153853772
1759503496552875800,0.283875732421875,1.638483391983062,9.588258593487739,-1.245413610087335
1759503496562859800,0.29385986328125,1.6352366651467978,9.588522797381877,-1.2476480911411345
1759503496572842500,0.303842529296875,1.6322969584330915,9.588756606137752,-1.249688510927558
1759503496582826500,0.313826416015625,1.6298182933598755,9.588819734501838,-1.252442778071761
1759503496592809700,0.323809814453125,1.627872127728164,9.588707506299018,-1.2558292056396603
1759503496602793700,0.333793701171875,1.6266377636276184,9.588569559133052,-1.2584772359304128
1759503496612776700,0.343776611328125,1.6259044809170067,9.588560206782818,-1.2594872897557914
1759503496622760700,0.3537607421875,1.62498868124634,9.588663667157292,-1.2598876872502267
1759503496632743700,0.36374365234375,1.6236434041172265,9.5887595287472,-1.2608892655082047
1759503496642727700,0.373727783203125,1.6217888622917234,9.588862404599785,-1.2624980158790946
1759503496652710700,0.383710693359375,1.6194899376995862,9.58904009925425,-1.2640930299855768
1759503496662694700,0.393694580078125,1.6170650486402212,9.589235329565405,-1.2657241383187472
1759503496672677600,0.403677734375,1.6145871142193675,9.589332360199093,-1.2681414285935462
1759503496682662000,0.413661865234375,1.612377621476352,9.58937678386271,-1.2706103029251097
1759503496692646000,0.42364599609375,1.6107612723208964,9.589400749260186,-1.2724861797995866
1759503496702628600,0.433628662109375,1.6097084022670984,9.589441081270575,-1.2735155228473245
1759503496712612600,0.443612548828125,1.6090778492785989,9.589574352261424,-1.2733083098374307
1759503496722595600,0.453595703125,1.6082624412424862,9.589714637514948,-1.273287997701764
1759503496732579600,0.46357958984375,1.6064146214187145,9.589836218068003,-1.274700202587247
1759503496742562800,0.473562744140625,1.6032047194615004,9.590090485090016,-1.2768230399601161
1759503496752546800,0.483546875,1.5991498911127446,9.590434183961152,-1.2793195329509675
1759503496762529500,0.493529541015625,1.5947034330978989,9.59081236962378,-1.2820435510873793
1759503496772513500,0.503513427734375,1.5908235229246317,9.591198154070973,-1.2839666281044482
1759503496782496800,0.513496826171875,1.5879750016257166,9.591572248080372,-1.2846940655961632
1759503496792480800,0.523480712890625,1.5853750482603908,9.59191243982017,-1.285366996421665
1759503496802463700,0.533463623046875,1.5823293969541787,9.592176643714309,-1.287162939927727
1759503496812447700,0.54344775390625,1.5795330442339182,9.592406360816955,-1.2888868411108851
1759503496822431700,0.553431640625,1.5776054371722041,9.59269628367424,-1.289076372333616
1759503496832414700,0.563414794921875,1.5754019357785582,9.59304875037372,-1.2891500220917165
1759503496842398700,0.573398681640625,1.571798212198168,9.593529811888933,-1.2899654301278292
1759503496852381700,0.583381591796875,1.5666902215346694,9.594212533456087,-1.2911115314230321
1759503496862365700,0.59336572265625,1.5608547933794557,9.595056583064794,-1.2918917220152915
1759503496872348700,0.6033486328125,1.5545622691065073,9.596041502448916,-1.29217404608801
1759503496882333000,0.6133330078125,1.548203693860024,9.596999533826112,-1.2926983622230588
1759503496892315600,0.623315673828125,1.5424940840415655,9.597755320629476,-1.2939146061450242
1759503496902299600,0.633299560546875,1.5377758233480154,9.598313539034127,-1.2953824867404997
1759503496912282600,0.64328271484375,1.5343855963878332,9.59877355776131,-1.295987028504908
1759503496922266600,0.6532666015625,1.5317013257399201,9.599290275111795,-1.2953304642923176
1759503496932249900,0.663249755859375,1.5293999169297516,9.599802900809049,-1.2942635657131671
1759503496942233900,0.67323388671875,1.5276530732624232,9.600193945953249,-1.2934215619310736
1759503496952217600,0.683217529296875,1.5268381036177276,9.60034066094756,-1.2932871218964457
1759503496962200600,0.69320068359375,1.5271975845798849,9.60021148160994,-1.293834526646137
1759503496972184600,0.7031845703125,1.528230434758961,9.599954876500368,-1.294515494647622
1759503496982167800,0.713167724609375,1.529238588888198,9.59978419610858,-1.2945832991868256
1759503496992151800,0.72315185546875,1.5297643663279712,9.599781273499131,-1.2939843103803694
1759503497002134800,0.733134765625,1.5301137642875313,9.599843817341327,-1.2931143956780433
1759503497012118500,0.743118408203125,1.5311675111241638,9.599860183954238,-1.2917385772801935
1759503497022101800,0.753101806640625,1.5335123206846415,9.599735096269846,-1.2898881271079181
1759503497032085800,0.763085693359375,1.5370716206014154,9.599450434109569,-1.287766020387411
1759503497042068700,0.77306884765625,1.5408080306507645,9.598993922513722,-1.2866995601996778
1759503497052052700,0.783052734375,1.5441849597379564,9.598464345681666,-1.2866104206115008
1759503497062036700,0.79303662109375,1.5473198967628181,9.597893267795444,-1.2871084332615137
1759503497072019500,0.80301953125,1.5500298863738775,9.597366029050946,-1.287768066214025
1759503497082003700,0.813003662109375,1.552626186477393,9.596980244603753,-1.2875116072349249
1759503497091986700,0.822986572265625,1.555115665205568,9.596820085605978,-1.2857019274644552
1759503497101970700,0.832970703125,1.5574186814509332,9.596807810646295,-1.2830053818568588
1759503497111953200,0.842953125,1.5596284664548932,9.596781507161259,-1.280524378696084
1759503497121937200,0.852937255859375,1.5616012278325855,9.596746435847878,-1.2783807907961309
1759503497131920100,0.862920166015625,1.563290934485197,9.59674234419465,-1.276336425486952
1759503497141904100,0.872904052734375,1.5643480423226952,9.596790859511493,-1.2746806211039423
1759503497151887000,0.88288720703125,1.565283715737611,9.596738837063311,-1.273917673907429
1759503497161871000,0.89287109375,1.56666070317924,9.596596798244118,-1.2732988113567232
1759503497171855000,0.902855224609375,1.5678637953586876,9.596467618906498,-1.2727974377058446
1759503497181838300,0.91283837890625,1.5692030811384319,9.596398060801624,-1.2716720869377254
1759503497191822300,0.922822265625,1.570188000522554,9.596383447754382,-1.2705562346503139
1759503497201805000,0.93280517578125,1.5707820208929477,9.59648223195374,-1.269079878487438
1759503497211789000,0.9427890625,1.5710529467888175,9.596614333900808,-1.2677455611437558
1759503497221772300,0.952772216796875,1.5714087744891643,9.596725393059849,-1.2664645814225077
1759503497231756300,0.96275634765625,1.5721271518915891,9.596688568180799,-1.2658579938314853
1759503497241739300,0.9727392578125,1.573664882852882,9.596545944839715,-1.2650250501386822
1759503497251723300,0.98272314453125,1.575611194615066,9.59646118916571,-1.2632345134600995
1759503497261706200,0.992706298828125,1.5777677881270646,9.596442484465241,-1.260682198628783
1759503497271690200,1.002690185546875,1.579120956301689,9.596509119960665,-1.2584816198445856
1759503497281673200,1.012673095703125,1.5795315829291938,9.596604981550573,-1.257226797477901
1759503497291657200,1.0226572265625,1.5792109726727008,9.596785598814487,-1.256261605707556
1759503497301640200,1.03264013671875,1.5786271814353763,9.597088965675233,-1.2546728752113878
1759503497311624200,1.042624267578125,1.5782779296062885,9.597406945583224,-1.2526809707418083
1759503497321608200,1.052608154296875,1.5784810509629548,9.59758054858446,-1.251096331898868
1759503497331591200,1.062591064453125,1.5790173497967421,9.597587562847137,-1.2503658256672323
1759503497341575200,1.0725751953125,1.579481021785736,9.597533786833285,-1.2501954375363886
1759503497351558100,1.08255810546875,1.5797678759030997,9.597586978325246,-1.2494159775964915
1759503497361542100,1.092542236328125,1.579579075332731,9.597774609851836,-1.2482060172848404
1759503497371525400,1.102525390625,1.5791883224494754,9.597962241378426,-1.247264937042445
1759503497381509400,1.11250927734375,1.5791669874005019,9.598106033763289,-1.2461955542452632
1759503497391492000,1.1224921875,1.5800526841938494,9.598218846487999,-1.2442001426443456
1759503497401476000,1.13247607421875,1.5805959972903132,9.598363807916641,-1.2423818411760033
1759503497411459300,1.142459228515625,1.5802286252826452,9.598504677692056,-1.24176736253947
1759503497421443300,1.152443359375,1.5796417653053998,9.598736148360372,-1.2407206299655138
1759503497431427300,1.16242724609375,1.5794399591229855,9.599053543746471,-1.2385269193135202
1759503497441410300,1.172410400390625,1.5792669406436384,9.59942997584343,-1.2358179526157675
1759503497451394000,1.18239404296875,1.5789702957846223,9.599740356966853,-1.2337757792636752
1759503497461377000,1.192376953125,1.5782506032079457,9.600088732013106,-1.2319981020666657
1759503497471361300,1.202361328125,1.5776853705406189,9.600455227237939,-1.2298621129512786
1759503497481344300,1.21234423828125,1.5767369837746024,9.600859131863713,-1.227928368409723
1759503497491328300,1.222328369140625,1.5748288120657206,9.601343700510263,-1.2265893748909233
1759503497501311200,1.232311279296875,1.5728801622159778,9.601886721345782,-1.224828648828715
1759503497511295000,1.242294921875,1.5718011348076164,9.602421558874845,-1.2220208979316054
1759503497521278200,1.2522783203125,1.571117244196683,9.602929508396983,-1.218901889128238
1759503497531262200,1.26226220703125,1.5702724639356136,9.60349123393297,-1.21555959296301
1759503497541246200,1.27224609375,1.569195190092921,9.604083939129113,-1.212259893830493
1759503497551229200,1.282229248046875,1.5679535194687544,9.604600656479597,-1.2097733377117663
1759503497561213200,1.292213134765625,1.566518225968629,9.605033787199854,-1.2081997317194937
1759503497571196200,1.302196044921875,1.5650748952925204,9.605475685748457,-1.2065578827966004
1759503497581180200,1.31218017578125,1.5639000062942503,9.60591816881895,-1.2045490271922201
1759503497591163100,1.3221630859375,1.5631740301072596,9.606357144758105,-1.2019926207076757
1759503497601147100,1.332147216796875,1.5625189271993933,9.60673883755207,-1.1997872196178883
1759503497611130000,1.342130126953125,1.5611556760221719,9.60712929817438,-1.1984437691196799
1759503497621114400,1.3521142578125,1.5589542204551399,9.607581718116998,-1.197672638616711
1759503497631097000,1.36209716796875,1.5563500293061137,9.608074470070004,-1.1971177081476896
1759503497641081000,1.3720810546875,1.553780032687634,9.608613983774184,-1.1961167144116014
1759503497651064000,1.38206396484375,1.5518448268413543,9.60912777851522,-1.194500146060437
1759503497661048000,1.392048095703125,1.5505680849038064,9.609567338976264,-1.1926254382297397
1759503497671032000,1.402031982421875,1.5500369006365537,9.609901685497164,-1.1906222086485474
1759503497681015300,1.412015380859375,1.5498713348113,9.61017056556642,-1.1886571191206574
1759503497690999300,1.421999267578125,1.5492992340117693,9.610485038343072,-1.1868589105922729
1759503497700982000,1.43198193359375,1.548624695751071,9.610771454069019,-1.1854201830260456
1759503497710966000,1.441966064453125,1.548067792520672,9.610993572387098,-1.184351165555045
1759503497720949200,1.45194921875,1.5478652556858956,9.611152562341093,-1.1833104973956943
1759503497730933200,1.461933349609375,1.5480534717343746,9.611330256995558,-1.181620498482138
1759503497740916200,1.471916259765625,1.5481475797586142,9.611627194115519,-1.1790825044371187
1759503497750900200,1.481900146484375,1.5476638878948985,9.612031098741292,-1.1764249026004225
1759503497760883200,1.49188330078125,1.5468911499567328,9.61235200125873,-1.1748157138381152
1759503497770867200,1.5018671875,1.5461156355395913,9.612560675573349,-1.1741397142726928
1759503497780851200,1.511851318359375,1.545279623106867,9.612740123793483,-1.1737640128280966
1759503497790834200,1.521834228515625,1.5446490701183675,9.612927755320072,-1.1730554992325604
1759503497800818200,1.531818115234375,1.544596901539713,9.613055765613913,-1.1720872387222945
1759503497810801200,1.54180126953125,1.5448098136380315,9.613149873638152,-1.171027646666765
1759503497820785400,1.551785400390625,1.5454301374934614,9.613157472422719,-1.1701532749850303
1759503497830768000,1.56176806640625,1.5465682016126812,9.61309960475564,-1.1691166254136711
1759503497840752000,1.571752197265625,1.5478108951501548,9.61305985726714,-1.1677969941824673
1759503497850735000,1.581735107421875,1.5492026417694984,9.613038814479111,-1.1661283303178847
1759503497860719000,1.591718994140625,1.5505420736797153,9.613027708563209,-1.1644387697957455
1759503497870702300,1.601702392578125,1.5512189500279723,9.613072132226824,-1.1631664848376064
1759503497880686300,1.611686279296875,1.5506015487819909,9.613253334012628,-1.1624890239674597
1759503497890669000,1.6216689453125,1.5496177984416484,9.613448564323782,-1.1621820038449018
1759503497900653000,1.631653076171875,1.549475613491982,9.613643794634937,-1.1607563549559563
1759503497910637000,1.641636962890625,1.5503341300174593,9.613868835562467,-1.1577471632026135
1759503497920620300,1.651620361328125,1.552008931361884,9.61397521854639,-1.1546207748103887
1759503497930604300,1.661604248046875,1.5534953705273569,9.613912674704194,-1.1531383542329072
1759503497940587300,1.671587158203125,1.5541957738816736,9.613878187912702,-1.1524820822812616
1759503497950571300,1.6815712890625,1.5545894493743777,9.61386299034357,-1.1520752550460398
1759503497960554200,1.69155419921875,1.5549294949837027,9.613816813114285,-1.1519999247875063
1759503497970538200,1.701538330078125,1.555425169546157,9.613779403713345,-1.151649065523222
1759503497980521200,1.711521240234375,1.5562325404062867,9.613704000389575,-1.1511805712286383
1759503497990505200,1.721505126953125,1.5566608488209546,9.613708676564693,-1.150565654200688
1759503498000488200,1.73148828125,1.5563864157937466,9.613795770326256,-1.1502004741501062
1759503498010472200,1.74147216796875,1.5568736147888005,9.61380512267649,-1.1494726713322103
1759503498020456200,1.751456298828125,1.5586574294656514,9.613579497227072,-1.1489359341070056
1759503498030439200,1.761439208984375,1.561139455539733,9.613227030527591,-1.1485133247807622
1759503498040423200,1.771423095703125,1.5640855919942258,9.612841830602287,-1.1477283849481492
1759503498050406100,1.78140625,1.5669648006923496,9.61253671017587,-1.1463641839228569
1759503498060390100,1.79139013671875,1.5696242291599511,9.612135143637657,-1.1460850016552955
1759503498070373400,1.801373291015625,1.5701595050804316,9.611879707571864,-1.1474965489536524
1759503498080357000,1.811357177734375,1.5695758599735796,9.611720133095979,-1.1496266197849065
1759503498090340000,1.821340087890625,1.569508786086738,9.61158803114891,-1.1508286159858108
1759503498100324000,1.831323974609375,1.5705499657027422,9.61136649735272,-1.1512537095300852
1759503498110307300,1.841307373046875,1.5720399119995534,9.611030397266148,-1.1520187756184488
1759503498120291800,1.851291748046875,1.5734263979218899,9.610665655606985,-1.153173937002942
1759503498130275800,1.86127587890625,1.574772844094783,9.610205052357912,-1.1551769473884255
1759503498140258800,1.8712587890625,1.5757530873037873,9.60974152649939,-1.1576985017552972
1759503498150242800,1.881242919921875,1.5767036660268903,9.609527006965875,-1.1581842394456268
1759503498160225800,1.891225830078125,1.5769786835759878,9.609451019120216,-1.1584454476650803
1759503498170209800,1.901209716796875,1.5768571030229328,9.60942588467896,-1.1588198339354245
1759503498180193000,1.911193115234375,1.5771498023591934,9.609372108665108,-1.1588621387071907
1759503498190177000,1.921177001953125,1.5779459211729465,9.60927390898764,-1.158581860461086
1759503498200159700,1.93115966796875,1.5793131178729236,9.609156420087814,-1.1577041277784854
1759503498210143700,1.941143798828125,1.5806456816509364,9.608971711170673,-1.1574144241169095
1759503498220127000,1.951126953125,1.5815779940649866,9.608737317892908,-1.1580884509209544
1759503498230111000,1.961111083984375,1.5826020764157176,9.608553193497658,-1.158217630258575
1759503498240095000,1.971094970703125,1.583366484916955,9.608390111890435,-1.158529180425778
1759503498250078000,1.981077880859375,1.5834896729052066,9.608297757431863,-1.1591227624047546
1759503498260062000,1.99106201171875,1.5833546483486889,9.608227030283212,-1.159888120754063
1759503498270045000,2.001044921875,1.583369845917821,9.60823287550211,-1.1598276958037168
1759503498280029000,2.01102880859375,1.5839830093801022,9.608125323474408,-1.1598767956424503
1759503498290012000,2.021011962890625,1.5851893164299427,9.607905543243884,-1.1600486450780183
1759503498299996000,2.030995849609375,1.5867884221896529,9.60763140247762,-1.1601302589468658
1759503498309979000,2.040978759765625,1.5884999022826551,9.607347324839234,-1.1601380769271403
1759503498319963000,2.050962890625,1.5901866863258183,9.607051556763052,-1.1602844996605068
1759503498329945900,2.06094580078125,1.5916814549282192,9.606790860000253,-1.1603963625371456
1759503498339929900,2.070929931640625,1.592691947145015,9.60662660934925,-1.1603650906160474
1759503498349912800,2.080912841796875,1.5934567940376698,9.606541269153356,-1.1600127700470386
1759503498359896800,2.090896728515625,1.5939529069915412,9.606507366883754,-1.1596103997912257
1759503498369880800,2.100880859375,1.5941870080083607,9.606441315910219,-1.159849250048399
1759503498379864000,2.110864013671875,1.594210681144893,9.60634720788598,-1.1605929080225525
1759503498389848000,2.12084814453125,1.5945860903285443,9.606201661935447,-1.1612796481776981
1759503498399830800,2.130830810546875,1.5956128030277787,9.605988311445712,-1.1616256851363926
1759503498409814800,2.140814697265625,1.596747506146133,9.60576970025897,-1.161883970746398
1759503498419798000,2.150798095703125,1.5976184437617658,9.605579730644822,-1.1622511235583572
1759503498429782000,2.160781982421875,1.5980767089232801,9.605488545230031,-1.1623805951569228
1759503498439765000,2.170764892578125,1.5981798770368099,9.605485038098692,-1.1622667595189065
1759503498449749000,2.1807490234375,1.597876656306535,9.605566871163248,-1.1620065742127597
1759503498459731700,2.190731689453125,1.5969111722752451,9.605715924245118,-1.1620958599314093
1759503498469715700,2.2007158203125,1.5956727165214717,9.605933366388083,-1.1620047475818545
1759503498479700000,2.210699951171875,1.594770068593323,9.606126843133568,-1.1616412480317055
1759503498489683000,2.220682861328125,1.5943883757993578,9.60619990836978,-1.16156789053455
1759503498499667000,2.2306669921875,1.5942748324222862,9.60617711201608,-1.1619205764297396
1759503498509650000,2.24064990234375,1.5942400533698498,9.606136780005693,-1.1622962048090995
1759503498519634000,2.250634033203125,1.5948073318637908,9.60605027076602,-1.1622351953368633
1759503498529617000,2.260616943359375,1.5959133934095502,9.605858547586202,-1.1623044611807911
1759503498539601000,2.270600830078125,1.5964872477747498,9.605687867194414,-1.162923689057678
1759503498549584000,2.280583984375,1.5962544619321821,9.605704818329215,-1.1631024066254496
1759503498559568000,2.29056787109375,1.5956399832956492,9.605853286889195,-1.1627189602658152
1759503498569551000,2.300551025390625,1.5948716292716563,9.606078327816725,-1.1619156079936772
1759503498579535000,2.31053515625,1.5941794092237949,9.606265374821424,-1.1613112854249774
1759503498589518800,2.320518798828125,1.593453725297749,9.606430209994315,-1.1609470552224666
1759503498599501800,2.330501708984375,1.5928443612277507,9.606564650028943,-1.160666850041598
1759503498609485800,2.34048583984375,1.5926679817475378,9.60655412863493,-1.161000246714428
1759503498619468800,2.35046875,1.592550931239128,9.606400983899832,-1.1624304256480187
1759503498629453000,2.360453125,1.5923416724026203,9.606249008208513,-1.1639645764127373
1759503498639436000,2.37043603515625,1.5921234996072946,9.606166590622067,-1.164937001641467
1759503498649419800,2.380419677734375,1.5920853595539926,9.606092356342076,-1.1656007993124424
1759503498659402800,2.39040283203125,1.5922506331183015,9.605999417361616,-1.1661484232578425
1759503498669386800,2.40038671875,1.5920811217702924,9.60599357214272,-1.166425486633554
1759503498679370000,2.410369873046875,1.5916076590396462,9.606074820685386,-1.1664021788232029
1759503498689354000,2.42035400390625,1.5916164268679915,9.606129765743017,-1.165937849247083
1759503498699338000,2.430337890625,1.5922417191594838,9.60610346225798,-1.165298455365002
1759503498709320700,2.44032080078125,1.5931478742189704,9.605990649533272,-1.1649841287188232
1759503498719304700,2.4503046875,1.5936822733566165,9.605898879596591,-1.1650087517034262
1759503498729288000,2.460287841796875,1.593853976661712,9.60578782043755,-1.1657033829040824
1759503498739272000,2.47027197265625,1.5935617157168684,9.605673254147172,-1.1670494637507944
1759503498749255000,2.4802548828125,1.593023663317412,9.605570962816476,-1.1686305954623968
1759503498759239000,2.490239013671875,1.5921899889722466,9.605561025944352,-1.169842674665898
1759503498769222000,2.500221923828125,1.5912233358971775,9.605568624728917,-1.1710942090969532
1759503498779206000,2.510205810546875,1.5905767085567115,9.605518355846405,-1.1723763578619808
1759503498789188900,2.52018896484375,1.5905727630339561,9.605390930074453,-1.1734202408917247
1759503498799172900,2.5301728515625,1.591129666264355,9.60522609490156,-1.1740213485900313
1759503498809156900,2.540156982421875,1.5922503408573567,9.605005730149148,-1.1743022844232618
1759503498819139800,2.550139892578125,1.5937180753223597,9.604757308346032,-1.1743454659778625
1759503498829124000,2.5601240234375,1.5946287604264915,9.604601241001486,-1.1743925930552184
1759503498839106800,2.57010693359375,1.59410912046656,9.604624037355183,-1.1749134751241654
1759503498849090800,2.5800908203125,1.5927353478953241,9.604736265558003,-1.1758530940618366
1759503498859073800,2.59007373046875,1.5914809639200567,9.604830373582244,-1.1767718163419514
1759503498869057800,2.600057861328125,1.590589714168757,9.604883565074205,-1.177545942519605
1759503498879041000,2.610041015625,1.5902762643054127,9.60479647131264,-1.1786812301598488
1759503498889025000,2.62002490234375,1.590815924140066,9.604579029169678,-1.1797319813217968
1759503498899007700,2.6300078125,1.5921265683472157,9.604265725436806,-1.1805113681964576
1759503498908991700,2.63999169921875,1.593112364514172,9.6039600204885,-1.181666967972368
1759503498918975700,2.649975830078125,1.593034038580954,9.603823242366314,-1.1828785357192158
1759503498928959000,2.659958984375,1.5921195540845394,9.603863574376701,-1.1837843985177576
1759503498938943000,2.66994287109375,1.5910264981508253,9.603963527619838,-1.1844435200136154
1759503498948926000,2.679926025390625,1.5901171282209454,9.604081601041555,-1.1847080161686987
1759503498958910000,2.689909912109375,1.5893362069763242,9.604111411657929,-1.1855156062245369
1759503498968893000,2.699892822265625,1.5885468101643025,9.604093291479348,-1.186709930575639
1759503498978877000,2.709876953125,1.5881193785324692,9.604016719111799,-1.1878971675988286
1759503498988860000,2.71985986328125,1.5885877266965807,9.603836686369776,-1.1887309880744665
1759503498998844000,2.729843994140625,1.5895893049545584,9.603657822671533,-1.1888459927562625
1759503499008827000,2.739826904296875,1.5908448579736052,9.603467853057383,-1.1887037347413598
1759503499018811000,2.749810791015625,1.592023400233686,9.603264439439773,-1.1887686897363512
1759503499028795000,2.759794921875,1.592434465252608,9.60302653903067,-1.190135813371092
1759503499038777900,2.76977783203125,1.591604736430198,9.602869887164234,-1.1925131369616835
1759503499048761900,2.779761962890625,1.5903941915966568,9.6029172334373,-1.1937393908210099
1759503499058744800,2.789744873046875,1.5896045025236905,9.60304407468736,-1.1937701512854546
1759503499068728800,2.799728759765625,1.5895608095124363,9.603136429145932,-1.1930866990659386
1759503499078712000,2.809712158203125,1.5897788361772893,9.603177930200099,-1.1924698823418467
1759503499088696000,2.819696044921875,1.5899354880437253,9.603122985142468,-1.1926903201594947
1759503499098678800,2.8296787109375,1.5901909241095185,9.60298971415162,-1.1934263793490827
1759503499108662800,2.839662841796875,1.5902239495962858,9.60276525774598,-1.1951845481280237
1759503499118648300,2.8496484375,1.5901223889179528,9.602452538534997,-1.1978322861578314
1759503499128631000,2.859631103515625,1.5894798532307146,9.602228666651248,-1.200485431015119
1759503499138615000,2.869614990234375,1.5884493411391973,9.602230420216918,-1.2018313657313584
1759503499148598300,2.879598388671875,1.5876656434156,9.602277766489982,-1.202492825314775
1759503499158582300,2.889582275390625,1.587374551514536,9.602250293961166,-1.20309203331694
1759503499168565200,2.899565185546875,1.5874248203970491,9.602201778644323,-1.2034114014644175
1759503499178549200,2.90954931640625,1.5871186770573258,9.602217560735344,-1.2036896338839083
1759503499188532200,2.9195322265625,1.5867263167388737,9.602235096392034,-1.2040600746314971
1759503499198516200,2.92951611328125,1.5859886501140892,9.602221652388572,-1.2051407094750552
1759503499208499200,2.939499267578125,1.5844124868385492,9.60224444874227,-1.2070302495487033
1759503499218483200,2.949483154296875,1.582346055828035,9.602330373460054,-1.209047142329067
1759503499228467200,2.95946728515625,1.5805689631529152,9.60250631454885,-1.2099833272006362
1759503499238450200,2.9694501953125,1.5794843827866016,9.60261737370789,-1.2105186031211166
1759503499248434400,2.979434326171875,1.5787158826321364,9.602664719980954,-1.2111396576289086
1759503499258417200,2.989417236328125,1.577839976580441,9.602678163984418,-1.2121807641796767
1759503499268401200,2.999401123046875,1.5774249660387634,9.602637247452138,-1.2130409612055868
1759503499278384000,3.009384033203125,1.577331588666886,9.602528526380658,-1.2140295338515192
1759503499288368000,3.0193681640625,1.577430080605298,9.602451369491218,-1.2145103031057864
1759503499298351400,3.029351318359375,1.5772789816968142,9.602385903039574,-1.2152309455305337
1759503499308335400,3.03933544921875,1.576463427530229,9.602387656605243,-1.216273148059845
1759503499318318000,3.049318115234375,1.5744662623636423,9.602541385862231,-1.2176380797374993
1759503499328302000,3.059302001953125,1.5721512634195387,9.602837738460302,-1.2182848532084374
1759503499338286000,3.0692861328125,1.5703208331219851,9.603065701997279,-1.2188570270732044
1759503499348269300,3.079269287109375,1.5689508599430322,9.603218846732377,-1.2194134188469499
1759503499358253300,3.08925341796875,1.567989759825915,9.6033082785815,-1.2199458452232181
1759503499368236300,3.099236328125,1.56764006960541,9.603367315292358,-1.2199307937845587
1759503499378220000,3.109219970703125,1.5673760118417441,9.603422260349989,-1.2198436269577593
1759503499388203300,3.119203369140625,1.5671346043013035,9.603435704353451,-1.22003798048608
1759503499398187300,3.129187255859375,1.5658016021318732,9.603532150465249,-1.2209984230160713
1759503499408170200,3.139170166015625,1.5643274379260836,9.603768881830572,-1.2210258224796504
1759503499418154200,3.149154296875,1.5633267364509402,9.604027240505815,-1.22027361587286
1759503499428137200,3.15913720703125,1.563114555004984,9.604183307850361,-1.2193168266046792
1759503499438121000,3.169120849609375,1.5633546473711728,9.604216625598072,-1.2187461871098726
1759503499448105200,3.179105224609375,1.5634619071379303,9.60427566230893,-1.218143910367787
1759503499458088200,3.189088134765625,1.5634451021336018,9.604396658340097,-1.217216201063618
1759503499468072200,3.199072265625,1.5632866967014967,9.604487843754887,-1.2166826787088065
1759503499478055200,3.20905517578125,1.5625497607290744,9.604633974227308,-1.2164852564405648
1759503499488039200,3.2190390625,1.5611540685869751,9.604804070097208,-1.2169324156861752
1759503499498022100,3.229022216796875,1.5598906245224178,9.60489467099011,-1.2178363057233392
1759503499508006100,3.239006103515625,1.5591097032777965,9.604952538657187,-1.2183712163176388
1759503499517989000,3.248989013671875,1.5589606501959263,9.604941432741283,-1.2186511292375624
1759503499527973000,3.25897314453125,1.5590670331798493,9.604937925609946,-1.218550445342064
1759503499537956400,3.268956298828125,1.5593242228113113,9.604990532580018,-1.2178052529979497
1759503499547940400,3.2789404296875,1.5596227673664689,9.60509691556394,-1.2165877669669687
1759503499557924400,3.28892431640625,1.5598808337807655,9.605168227234483,-1.2156976862594484
1759503499567907000,3.298906982421875,1.5598111295454202,9.60533832310438,-1.214437384000048
1759503499577891000,3.30889111328125,1.5587221652649341,9.605610710304974,-1.2136764095649122
1759503499587874000,3.3188740234375,1.5569748832061885,9.605915246209502,-1.2135157391104847
1759503499597858300,3.3288583984375,1.5548153670847416,9.606255437949299,-1.2135892427381128
1759503499607841300,3.33884130859375,1.5523225273557006,9.606600305864214,-1.2140493345305323
1759503499617825300,3.3488251953125,1.550021410806477,9.606906010812521,-1.2145748927745967
1759503499627808000,3.35880810546875,1.5485053071551025,9.607124621999263,-1.2147757491089404
1759503499637792000,3.3687919921875,1.548150648498535,9.607225159764289,-1.2144308811940252
1759503499647775200,3.378775146484375,1.5485940083518623,9.60726081559956,-1.2135830321930348
1759503499657759200,3.38875927734375,1.54917677667588,9.60729647143483,-1.2125642836045474
1759503499667743200,3.3987431640625,1.5496064002647996,9.6073946711123,-1.211231646761298
1759503499677726200,3.408726318359375,1.5489365381792186,9.607661797615885,-1.2099722943499684
1759503499687710200,3.418710205078125,1.5465250931233168,9.608159225744009,-1.2091041332133114
1759503499697693200,3.428693115234375,1.542821708560735,9.60884603896439,-1.2083660281971096
1759503499707677200,3.43867724609375,1.5390106258399783,9.609590719851852,-1.2073158615570514
1759503499717660200,3.44866015625,1.535942616571486,9.610328970998525,-1.2053417119398713
1759503499727644200,3.45864404296875,1.534068054871261,9.610907063147424,-1.2031187021281569
1759503499737627400,3.46862744140625,1.5328629168651997,9.611490415993332,-1.1999845688208937
1759503499747611400,3.478611328125,1.5315670318357646,9.612167292341589,-1.1962130143929273
1759503499757595400,3.488595458984375,1.5293540319614112,9.613049920395015,-1.1919405247054993
1759503499767578000,3.498578125,1.5255333046294748,9.61421896417439,-1.187400689318776
1759503499777562000,3.50856201171875,1.5198070359371603,9.61559843583405,-1.183568636875227
1759503499787545000,3.518545166015625,1.5124899909220635,9.617074938127399,-1.1809382153064012
1759503499797529300,3.528529296875,1.504839622299373,9.618454409787057,-1.1794685811452568
1759503499807512300,3.53851220703125,1.497619461787492,9.619711131849884,-1.1784332467481493
1759503499817496300,3.548496337890625,1.4905654516227542,9.620955578953026,-1.1772141532819718
1759503499827479000,3.55847900390625,1.4823219394125045,9.622380058798193,-1.1759767204415053
1759503499837463000,3.568463134765625,1.4713880190744995,9.62406640444994,-1.1759018285743892
1759503499847446300,3.5784462890625,1.4567033679008483,9.626081835925579,-1.1776882005345075
1759503499857430300,3.58843017578125,1.4388072073347866,9.62848422089219,-1.180056171774864
1759503499867414300,3.598414306640625,1.4187794415675103,9.631156654971837,-1.1824842757046221
1759503499877397200,3.608397216796875,1.3969272368520498,9.633898062634467,-1.1861669828053563
1759503499887381000,3.618381103515625,1.373837745426595,9.636685647526383,-1.1904865995701401
1759503499897364200,3.6283642578125,1.3488371596828101,9.639859016865492,-1.1933854628168046
1759503499907348200,3.63834814453125,1.3201833121284843,9.643842533543705,-1.1932339255169033
1759503499917331200,3.648331298828125,1.2875250512383878,9.648675945049524,-1.1898469864923507
1759503499927315200,3.658315185546875,1.2512453849807381,9.654194416210055,-1.1837713198404758
1759503499937298200,3.668298095703125,1.2125756087161599,9.660050156500935,-1.1762169589381664
1759503499947282200,3.6782822265625,1.173104233745113,9.665618896543979,-1.1704764425247907
1759503499957265200,3.68826513671875,1.1327600945275276,9.670738139253855,-1.1679197437793016
1759503499967249200,3.698249267578125,1.0913472300998865,9.675694300356506,-1.1663114317998289
1759503499977232100,3.708232177734375,1.0499936946440487,9.680689039903879,-1.1628167946171015
1759503499987216100,3.718216064453125,1.0103826189413667,9.68546341469884,-1.158145514870435
1759503499997200100,3.7282001953125,0.9732688399471342,9.68950889069736,-1.156103560714051
1759503500007183000,3.73818310546875,0.9396589043553918,9.692776368060708,-1.1565064424265175
1759503500017167000,3.7481669921875,0.9113600807838141,9.695884270948172,-1.1531056210070847
1759503500027150000,3.758150146484375,0.8896047605715691,9.698958856087922,-1.1441986764520407
1759503500037134000,3.768134033203125,0.871098505283147,9.702261404764652,-1.1303566135823726
1759503500047117300,3.778117431640625,0.8457980598099529,9.706422616097331,-1.1137253583855926
1759503500057101300,3.788101318359375,0.8080972747080027,9.710690210413933,-1.1044762493293732
1759503500067084000,3.798083984375,0.7708093812558799,9.71351286661923,-1.1063091638449578
1759503500077068000,3.808068115234375,0.7379859198667108,9.715364631965755,-1.112420632462576
1759503500087051300,3.81805126953125,0.7043610789667815,9.717336808821559,-1.116974204113707
1759503500097035300,3.82803515625,0.6680780517082661,9.719922733661532,-1.1167604882977902
1759503500107019300,3.838019287109375,0.630653160938248,9.723393040120602,-1.1082810484398156
1759503500117002800,3.848002685546875,0.5931491770500317,9.727275434511899,-1.0948296653881668
1759503500126986800,3.85798681640625,0.555300580975227,9.73083926447332,-1.082955833851546
1759503500136969500,3.867969482421875,0.5161101053047925,9.733650230240821,-1.077071378922835
1759503500146953500,3.877953369140625,0.47533838832490144,9.735681443807483,-1.0774812018327415
1759503500156936700,3.887936767578125,0.43288818020615727,9.73749579975307,-1.078969613759592
1759503500166920700,3.897920654296875,0.38970757545363155,9.739688925883174,-1.0756260754853486
1759503500176903700,3.907903564453125,0.3473353279419243,9.742535547485947,-1.064290880870074
1759503500186887700,3.9178876953125,0.3067947893694043,9.746026312211155,-1.044613316779956
1759503500196870700,3.92787060546875,0.2681888538549654,9.749847916325926,-1.019275827232003
1759503500206854700,3.937854736328125,0.23130353158805517,9.753571905285119,-0.992324984203279
1759503500216837600,3.947837646484375,0.19677297402005642,9.757005386865139,-0.9656678634241223
1759503500226821600,3.957821533203125,0.1660400186367333,9.760468094539641,-0.9359913217585534
1759503500236805600,3.9678056640625,0.13956164282481184,9.764081608861684,-0.9020134296372533
1759503500246788900,3.977788818359375,0.11586316178869456,9.767681094658375,-0.8656667625579982
1759503500256772900,3.98777294921875,0.09334573463015258,9.771081258490682,-0.829242354067415
1759503500266755600,3.997755615234375,0.07141036340957507,9.77421546486318,-0.7937238083753735
1759503500276739600,4.007739501953125,0.04984374786957632,9.777042212721705,-0.7598165703374892
1759503500286722600,4.01772265625,0.028675082138599827,9.779546304497122,-0.7280328272596002
1759503500296706600,4.02770654296875,0.008449669769973843,9.781770410287379,-0.6980529187332838
1759503500306689800,4.037689697265625,-0.010947300409385933,9.783698748001456,-0.6704542793203145
1759503500316673800,4.047673828125,-0.030875046718155497,9.785317873635888,-0.6457533341102302
1759503500326656500,4.057656494140625,-0.052493056801962666,9.786645907369255,-0.6238553905569016
1759503500336640500,4.067640625,-0.07581114651863463,9.787692201551794,-0.6047447396345437
1759503500346624500,4.07762451171875,-0.10043429551846347,9.78849942628145,-0.5878440563792362
1759503500356607700,4.087607666015625,-0.12537729672295972,9.78911668139696,-0.572563302475959
1759503500366591700,4.097591796875,-0.14968692279420792,9.789574946558474,-0.55875828368105
1759503500376574700,4.10757470703125,-0.17278713654307648,9.789859024196863,-0.5470153119824827
1759503500386558500,4.117558349609375,-0.19508931351574138,9.789903447860478,-0.5386137596663088
1759503500396541700,4.127541748046875,-0.216927343575377,9.78973452103436,-0.5332959987096488
1759503500406525700,4.137525634765625,-0.23808809542795642,9.789479084968566,-0.528933784912154
1759503500416508700,4.1475087890625,-0.2585484621925279,9.789206113246083,-0.5243872275236994
1759503500426492700,4.15749267578125,-0.2783397523228079,9.788882288119197,-0.5202869891306385
1759503500436475600,4.1674755859375,-0.2959301714079454,9.788635035359858,-0.515230326795578
1759503500446459600,4.177459716796875,-0.3103013361856341,9.788552617773414,-0.5082431713219732
1759503500456442600,4.187442626953125,-0.32173633791357276,9.788570737951993,-0.5007472991412505
1759503500466426600,4.197426513671875,-0.3306011968925595,9.788561970123649,-0.4951366561852395
1759503500476410600,4.20741064453125,-0.3359726242652163,9.788528067854045,-0.4921553022868931
1759503500486393600,4.2173935546875,-0.3368671619521454,9.788568399864435,-0.4907411611726507
1759503500496377600,4.227377685546875,-0.3332584334030747,9.788814483579992,-0.4882803240170702
1759503500506360600,4.237360595703125,-0.32660335942804813,9.789289115354418,-0.48325186486318705
1759503500516344600,4.247344482421875,-0.3191660125015303,9.789812846967576,-0.47756337089799344
1759503500526327600,4.25732763671875,-0.3117808341536671,9.79029215491712,-0.47260772125199435
1759503500536311600,4.2673115234375,-0.30427959167808294,9.790770293822884,-0.4675416700340807
1759503500546294800,4.277294677734375,-0.2972484326659702,9.791268890994786,-0.46163281131647527
1759503500556278800,4.28727880859375,-0.29190146388113497,9.79171195858717,-0.4555977324033156
1759503500566261500,4.297261474609375,-0.2897436830590479,9.79200831118524,-0.4505508608099073
1759503500576245500,4.30724560546875,-0.29015359730049967,9.792262578207254,-0.4447425398573279
1759503500586229500,4.3172294921875,-0.29091709248628467,9.792634918650984,-0.43594230707976966
1759503500596212700,4.327212646484375,-0.2895600701204501,9.79327613916397,-0.4222221900893375
1759503500606196700,4.33719677734375,-0.2846203852285631,9.794074596065283,-0.4067894604947418
1759503500616179700,4.3471796875,-0.2753150890056975,9.794698280921578,-0.39809619522299616
1759503500626163700,4.357163818359375,-0.2623797657174058,9.795790167811512,-0.3794868814188987
1759503500636146400,4.367146484375,-0.24813025455800816,9.797167885905504,-0.3525678948331624
1759503500646130700,4.377130615234375,-0.23493052644617854,9.798564893221855,-0.3214250800073147
1759503500656113700,4.38711376953125,-0.22244057230520992,9.79991338522136,-0.287403659271542
1759503500666097700,4.39709765625,-0.20865603004274888,9.801238496345281,-0.25020212892862037
1759503500676080600,4.40708056640625,-0.19259415396545082,9.802501063627004,-0.210441945345141
1759503500686064600,4.417064697265625,-0.1719944700617343,9.803713946548104,-0.1673224048637785
1759503500696047600,4.427047607421875,-0.14428818728951737,9.804870130845904,-0.11883181146909481
1759503500706031600,4.437031494140625,-0.10902347936122678,9.805856219273805,-0.060739203927293414
1759503500716014600,4.4470146484375,-0.06911177217757794,9.806405669850111,0.004322148361054132
1759503500725998600,4.45699853515625,-0.026831865424709393,9.806380535408854,0.06750864782987628
1759503500735982600,4.466982666015625,0.015774755956808804,9.805857388317584,0.12358039423567242
1759503500745965800,4.4769658203125,0.055644556802557775,9.805040226715803,0.16876188134867698
1759503500755949800,4.48694970703125,0.09152380729946308,9.804109083345532,0.20355004867324605
1759503500765932500,4.4969326171875,0.12709882328594102,9.802986801317333,0.23599503213884307
1759503500775916500,4.50691650390625,0.1645508395249024,9.801504453805089,0.2716865232449956
1759503500785899500,4.5168994140625,0.20175375810731203,9.79965444202423,0.3105731388643384
1759503500795883800,4.5268837890625,0.2342168800177984,9.797552501308918,0.3514364065852016
1759503500805866800,4.53686669921875,0.26011770253693683,9.79534651569724,0.3923162966473028
1759503500815850800,4.546850830078125,0.2822099265533499,9.793098444509505,0.43122083151582624
1759503500825833500,4.55683349609375,0.30524310294799506,9.790710672590135,0.46819797851834444
1759503500835817500,4.5668173828125,0.33099552997238935,9.788086169305442,0.5041783695684746
1759503500845800700,4.57680078125,0.35740126980636266,9.785281048756838,0.5393587693473324
1759503500855784700,4.58678466796875,0.38168472025673833,9.782491125777364,0.5723583910210058
1759503500865768700,4.596768798828125,0.4016114368023351,9.779916891375183,0.6019491906318813
1759503500875751700,4.606751708984375,0.416654692155309,9.77772201167941,0.6268498231325298
1759503500885735700,4.616735595703125,0.42775936595033853,9.776028067243098,0.6455102460693568
1759503500895718700,4.62671875,0.43582909249626095,9.774861946073173,0.6576596066117286
1759503500905702700,4.63670263671875,0.4395151605978608,9.77417863998413,0.6653035454936325
1759503500915685600,4.646685546875,0.43758927056919783,9.773926711049675,0.6702706663817167
1759503500925669600,4.656669677734375,0.429340936053358,9.774077517697215,0.6733856565970927
1759503500935652600,4.666652587890625,0.4152208234272897,9.774581375566123,0.6749239720802753
1759503500945636900,4.676636962890625,0.3957604822844267,9.77537457177043,0.6751178141519427
1759503500955619600,4.68661962890625,0.3727638202415779,9.776322666275501,0.6744861651849001
1759503500965603600,4.696603515625,0.3480603908134624,9.777298817831277,0.6735354403313248
1759503500975586600,4.706586669921875,0.3217596091913059,9.778220024329423,0.6732530431933701
1759503500985570600,4.716570556640625,0.29343934097290036,9.77904478471577,0.6742148008976131
1759503500995553800,4.7265537109375,0.2607007996545173,9.779667300528287,0.6786301331218332
1759503501005537800,4.736537841796875,0.22485397185618056,9.779948455557227,0.6873433086704462
1759503501015521800,4.746521728515625,0.1877270776520483,9.779760239508747,0.7010362453930079
1759503501025504500,4.75650439453125,0.1521747758208774,9.778910344681144,0.721213648764044
1759503501035488500,4.766488525390625,0.12026229179678484,9.777212308591604,0.7496956468828022
1759503501045471700,4.7764716796875,0.09243659302913583,9.77473861195445,0.7850727382775395
1759503501055455700,4.786455810546875,0.06797230611913838,9.772050395783781,0.8202423974666744
1759503501065438700,4.796438720703125,0.04711703088600188,9.769707632049917,0.8490900870926678
1759503501075422700,4.806422607421875,0.030587311251380013,9.767626734122633,0.8734561012599616
1759503501085405700,4.81640576171875,0.017285762166313362,9.765482123309374,0.8974802431870251
1759503501095389700,4.8263896484375,0.004185464139112445,9.763281982916594,0.9212445651341229
1759503501105372700,4.83637255859375,-0.010457463074318366,9.761083596089481,0.9442004202425479
1759503501115354600,4.846354736328125,-0.026106898451293818,9.759048875391482,0.964715750331059
1759503501125337600,4.856337646484375,-0.0411266359313624,9.757242118230462,0.9823084709711373
1759503501135321600,4.866321533203125,-0.05409745522472076,9.7556416972965,0.9974486108273267
1759503501145305600,4.8763056640625,-0.06523491247792262,9.754311909997462,1.0097213785536587
1759503501155288600,4.88628857421875,-0.07577319369500037,9.753145788827538,1.0201892157498746
1759503501165272600,4.8962724609375,-0.08641900410689413,9.752073191159964,1.029551575922221
1759503501175255600,4.906255615234375,-0.09763708428167737,9.75118296432197,1.036956080025062
1759503501185239600,4.916239501953125,-0.10816098991353064,9.750649880358576,1.0409050368465482
1759503501195222500,4.926222412109375,-0.1157737938716542,9.750684367150068,1.0397786631651222
1759503501205206500,4.93620654296875,-0.11792575687430798,9.751470549091696,1.03213392056562
1759503501215189500,4.946189453125,-0.11391394568337126,9.753076815244555,1.0172997779186814
1759503501225173500,4.956173583984375,-0.10459826506380923,9.75571826966405,0.9926652490083128
1759503501235156500,4.966156494140625,-0.09240567730106412,9.759515323859453,0.955865358268842
1759503501245140500,4.976140380859375,-0.08178514289432205,9.764308403354883,0.9066255996078252
1759503501255123700,4.986123779296875,-0.07663801666367799,9.76953461357057,0.8489606154941022
1759503501265107700,4.996107666015625,-0.07880207196292467,9.77449603537023,0.7895794751122593
1759503501275090400,5.00609033203125,-0.08730007039089686,9.778779996299743,0.7336432144872844
1759503501285074400,5.016074462890625,-0.0989088395168539,9.782340903651713,0.6829289993595331
1759503501295058400,5.026058349609375,-0.11054132744511588,9.785503167074918,0.6340989174779504
1759503501305041700,5.036041748046875,-0.12155108036515302,9.788590611696243,0.5823180594993755
1759503501315025700,5.046025634765625,-0.13199832229791209,9.791670457533002,0.52551100738924
1759503501325008600,5.056008544921875,-0.14476988812554628,9.79447148642838,0.4666719745274633
1759503501334992400,5.065992431640625,-0.16011508556716142,9.7966692887336,0.41234950577467677
1759503501344975400,5.075975341796875,-0.17881456187274306,9.798157481464743,0.36679044492039825
1759503501354959400,5.08595947265625,-0.20225518655711783,9.799024327427148,0.32955914049372076
1759503501364942600,5.095942626953125,-0.22812999785216523,9.799393160739541,0.3004335472417995
1759503501374926600,5.105926513671875,-0.2559103505075909,9.79939257621765,0.2771348700450733
1759503501384909600,5.11590966796875,-0.28548916741972785,9.799142400848865,0.2563038798698224
1759503501394893300,5.125893310546875,-0.3131709733378142,9.798814484068751,0.23569891700278967
1759503501404876500,5.13587646484375,-0.33575445146989075,9.798601133579016,0.21236980813518166
1759503501414860500,5.145860595703125,-0.3509482942746952,9.798618669235706,0.18514555499255655
1759503501424843500,5.155843505859375,-0.357519562423788,9.798913852789997,0.1544674533353187
1759503501434827500,5.16582763671875,-0.35612383374907075,9.799406604743004,0.12325634991307742
1759503501444811500,5.1758115234375,-0.34910080324448645,9.799977098107338,0.0946950486135669
1759503501454794500,5.18579443359375,-0.3392112043276429,9.800526548683642,0.07061597076202743
1759503501464778500,5.195778564453125,-0.32789522586949166,9.80103566724956,0.050499503797991195
1759503501474761500,5.205761474609375,-0.3147251439772546,9.801545954859256,0.032085178276454095
1759503501484745500,5.215745361328125,-0.2991081073243171,9.802077869778872,0.013136397676699562
1759503501494728400,5.225728515625,-0.2816032841634005,9.802603939479589,-0.0075014787959575184
1759503501504712700,5.235712646484375,-0.26416531569361684,9.803047591593861,-0.029226229198358485
1759503501514695400,5.2456953125,-0.24841126345647496,9.803374923852086,-0.05012698982432484
1759503501524679400,5.255679443359375,-0.23500455979676915,9.80358885886371,-0.06954249174504075
1759503501534662400,5.265662353515625,-0.22343988554086536,9.803719791767001,-0.08667425750959665
1759503501544646400,5.275646484375,-0.2136139447110705,9.803802793875336,-0.10091952175213954
1759503501554629600,5.285629638671875,-0.2049990784377791,9.803875859111546,-0.1112571384311188
1759503501564613600,5.295613525390625,-0.19733318345239384,9.803958276697992,-0.11776721444488503
1759503501574596400,5.305596435546875,-0.19266272568963466,9.803917360165714,-0.1284219159827102
1759503501584580400,5.315580322265625,-0.18922760014180093,9.803841372320056,-0.13889579932722262
1759503501594563600,5.3255634765625,-0.18266095336889848,9.803986918270587,-0.13734028611406682
1759503501604547600,5.335547607421875,-0.17386742432676255,9.804284439912438,-0.12719365282938816
1759503501614531600,5.345531494140625,-0.16301873458679764,9.804612941214442,-0.1157650991085451
1759503501624514600,5.3555146484375,-0.14954760565506295,9.804946118691563,-0.10511096382630057
1759503501634498600,5.36549853515625,-0.13476555852154268,9.805252992683648,-0.09611984811914152
1759503501644481500,5.3754814453125,-0.12089497281028888,9.805510766837001,-0.0881046830383595
1759503501654465500,5.385465576171875,-0.1093901937817689,9.805709504279493,-0.08052274914253503
1759503501664448500,5.395448486328125,-0.10029126118542626,9.80586498710215,-0.07316236274263356
1759503501674432500,5.4054326171875,-0.09120416515734978,9.806000596180558,-0.06640921238772571
1759503501684415500,5.41541552734375,-0.08066080590635538,9.806130360040068,-0.06071402838684153
1759503501694399500,5.4253994140625,-0.06965515833927784,9.806253694158793,-0.05406941187374759
1759503501704382500,5.435382568359375,-0.059912155685736795,9.806361246186494,-0.04571720599147957
1759503501714366500,5.445366455078125,-0.05371381250226404,9.806431973335146,-0.0371629450483364
1759503501724349400,5.455349365234375,-0.052925730864494105,9.80646061490774,-0.02984561005558353
1759503501734333400,5.46533349609375,-0.057923141859564924,9.806448924469947,-0.02407572141725104
1759503501744316700,5.475316650390625,-0.0661438029171899,9.806406254372,-0.019515176602639257
1759503501754300700,5.48530078125,-0.07362557807390112,9.806358908098936,-0.016728997074876677
1759503501764284700,5.49528466796875,-0.07759534478797576,9.80633085104823,-0.015393179610563674
1759503501774267400,5.505267333984375,-0.07812974392562173,9.806326174873114,-0.014886773591540985
1759503501784251400,5.51525146484375,-0.07744865719312802,9.8063326046139,-0.014612630541989345
1759503501794234600,5.525234619140625,-0.0765514297921909,9.806339034354686,-0.015708262025279692
1759503501804218600,5.535218505859375,-0.07338038027433212,9.806355985489487,-0.02001185581209138
1759503501814201600,5.54520166015625,-0.06598494539393578,9.806391056802868,-0.027247608902037607
1759503501824185600,5.555185546875,-0.054692731403862126,9.806435480466485,-0.03476774787433678
1759503501834168300,5.565168212890625,-0.0415885817541508,9.80648048865199,-0.04018563788735773
1759503501844152600,5.575152587890625,-0.028471768985688685,9.806530757534503,-0.03909096081871539
1759503501854135600,5.585135498046875,-0.01646729566507856,9.806585702592134,-0.03157814663634635
1759503501864119600,5.59511962890625,-0.0060436760656797555,9.806623696514963,-0.021938259580696465
1759503501874102500,5.6051025390625,0.0023855723988897804,9.806641232171653,-0.01376716072775307
1759503501884086500,5.61508642578125,0.006796240007141022,9.806644154781102,-0.008479828587864176
1759503501894069500,5.625069580078125,0.006231628394321887,9.806647661912441,-0.004161643445052323
1759503501904053500,5.635053466796875,0.002303566660630895,9.806651169043779,0.001960847748434753
1759503501914036500,5.645036376953125,-0.0009939557842924842,9.806646492868662,0.00926587239053042
1759503501924020500,5.6550205078125,0.00019582184345463247,9.806635971474646,0.017186437969194956
1759503501934004500,5.66500439453125,0.007653020662436029,9.806614928686619,0.024699543270864523
1759503501943987700,5.67498779296875,0.020111222250049465,9.806578103807569,0.03143451408168767
1759503501953971700,5.6849716796875,0.03567905174968764,9.80651848257482,0.03595160563035169
1759503501963954400,5.694954345703125,0.05270674521841574,9.806431973335146,0.03859234081392642
1759503501973938400,5.7049384765625,0.06796784000657498,9.806328512960672,0.041253280818602064
1759503501983921400,5.71492138671875,0.07820713827707804,9.806246095374226,0.042431827645259906
1759503501993905700,5.72490576171875,0.08396067856880836,9.806206932407617,0.04053334164675325
1759503502003888600,5.734888671875,0.08688817425491288,9.80619991814494,0.03566509857286
1759503502013872600,5.74487255859375,0.08777978933239355,9.806213362148403,0.029268917562614658
1759503502023855400,5.75485546875,0.08674590710685588,9.806236743023991,0.024178789066080935
1759503502033839400,5.76483935546875,0.08299882953302003,9.806270645293592,0.02337310098967282
1759503502043822600,5.774822509765625,0.07588255408729892,9.806316238000989,0.02774403009987436
1759503502053806600,5.784806640625,0.06623402478417847,9.806358908098936,0.036444346166914325
1759503502063789600,5.79478955078125,0.05514569933575112,9.806378197321296,0.04787389996817801
1759503502073773600,5.804773681640625,0.04295079175175633,9.806365337839722,0.06095929468506947
1759503502083756500,5.814756591796875,0.02953606233251048,9.806323836785554,0.0741947973631788
1759503502093740500,5.824740478515625,0.014698910311155486,9.806247848939895,0.0875281252594199
1759503502103724500,5.834724609375,-0.0008400766864884644,9.806141465955973,0.10002495666574686
1759503502113707500,5.84470751953125,-0.016194232611049665,9.80599650452733,0.11208595393807627
1759503502123691000,5.85469091796875,-0.03037296524780104,9.805812380132078,0.12461928142989054
1759503502133674200,5.86467431640625,-0.043060846263798885,9.805592015379666,0.13746692643472924
1759503502143658200,5.874658203125,-0.05427514987918548,9.805336579313874,0.1511060232113581
1759503502153641200,5.88464111328125,-0.0647567096400773,9.805032627931237,0.16590912226606158
1759503502163625200,5.894625244140625,-0.07469924432055558,9.804677823144196,0.18199779501874
1759503502173608200,5.904608154296875,-0.08443406823421828,9.804263397124409,0.19919757081847636
1759503502183592200,5.91459228515625,-0.0955437013321556,9.80377707491219,0.21731937510026617
1759503502193575200,5.9245751953125,-0.11089903657529503,9.803170341190695,0.236508278890606
1759503502203559200,5.93455908203125,-0.1291005732960999,9.802363700982928,0.2595959436851554
1759503502213542100,5.944542236328125,-0.14967051964867858,9.801309808015823,0.286880000723619
1759503502223526100,5.954526123046875,-0.17198623195635154,9.799956639841199,0.31880678726769984
1759503502233509000,5.964509033203125,-0.19573517367122695,9.798245159748197,0.3556139845307916
1759503502243493000,5.9744931640625,-0.22292322298930956,9.796121591722965,0.3958423153489828
1759503502253476000,5.98447607421875,-0.2537497749402188,9.79359411907196,0.4376169988263398
1759503502263460000,5.994460205078125,-0.2862823453577235,9.790717686852812,0.4798630261424929
1759503502273443300,6.004443359375,-0.3204103865394369,9.787596339961885,0.5202645946357399
1759503502283427300,6.01442724609375,-0.3567554827161133,9.784465056198835,0.5544188662372529
1759503502293411300,6.024411376953125,-0.3934786549575627,9.781614927464723,0.5792787648687139
1759503502303394000,6.03439404296875,-0.4272815193055197,9.779144153437018,0.5967865106390788
1759503502313378000,6.0443779296875,-0.4545027767734602,9.777075530469418,0.6104361196765675
1759503502323361300,6.054361328125,-0.4748622221805155,9.775358205157518,0.6223123988986015
1759503502333345300,6.06434521484375,-0.4916786977510899,9.773789932927489,0.6337853945493698
1759503502343328300,6.074328369140625,-0.5072013706514612,9.772404031527042,0.6428530826240778
1759503502353312300,6.084312255859375,-0.5207336734522133,9.771265382885932,0.6493059120252728
1759503502363295000,6.094294921875,-0.5303744121745229,9.770386261963843,0.6547030218284576
1759503502373279000,6.104279052734375,-0.5354395500769839,9.769718153443932,0.6605050591707229
1759503502383262200,6.11426220703125,-0.5357635943995789,9.76919968252778,0.6678872783765196
1759503502393246200,6.12424609375,-0.5327543295809999,9.768896900188922,0.67469615467377
1759503502403229200,6.134229248046875,-0.5268377990135923,9.768998022475838,0.6778739809922874
1759503502413213200,6.144213134765625,-0.5192448596665635,9.76955331827104,0.6757501207061112
1759503502423196200,6.154196044921875,-0.5101840031914413,9.770547590005398,0.6682165103308856
1759503502433180200,6.16418017578125,-0.5002854903157801,9.772095403969287,0.6528877160347998
1759503502443163100,6.1741630859375,-0.4886339962929487,9.774287361055611,0.628448271305114
1759503502453147100,6.184147216796875,-0.47430016785096374,9.77709014351666,0.5949261235946789
1759503502463130000,6.194130126953125,-0.45718123873509464,9.780359374445677,0.5531074548451229
1759503502473114400,6.2041142578125,-0.43769192722607403,9.783805130985378,0.5059387303045019
1759503502483097000,6.21409716796875,-0.4170268134033307,9.787222245952487,0.45470779782626775
1759503502493081000,6.2240810546875,-0.39557493311706926,9.79045932817757,0.40100857553835956
1759503502503065000,6.234065185546875,-0.37374190802611407,9.793402980414033,0.34634262711014596
1759503502513048000,6.244048095703125,-0.35380613139122724,9.795938051849603,0.2912731759149581
1759503502523032000,6.254031982421875,-0.336894744078815,9.798001414120197,0.23679681350840254
1759503502533015300,6.264015380859375,-0.32271438916549083,9.799619955232739,0.18354244891116395
1759503502542999000,6.2739990234375,-0.31082466593999414,9.800834007197619,0.13199807570273986
1759503502552982000,6.28398193359375,-0.3021082755209878,9.80163304862082,0.08429290619785897
1759503502562966000,6.293966064453125,-0.29735552803594617,9.802046890118717,0.04291276586288586
1759503502572949200,6.30394921875,-0.295346380170621,9.802197112244366,0.009086718143807956
1759503502582933200,6.313933349609375,-0.29292910816213114,9.802257902520894,-0.0186011841549247
1759503502592916200,6.323916259765625,-0.2869238398653455,9.80236019385159,-0.04218618232111912
1759503502602900200,6.333900146484375,-0.2761024947900325,9.80256419199109,-0.062140759554598475
1759503502612883200,6.34388330078125,-0.26113628672864286,9.802855868414044,-0.07874149174895137
1759503502622867200,6.3538671875,-0.24354937477484345,9.80318027806282,-0.09338080594353378
1759503502632850200,6.36385009765625,-0.22330148171717298,9.803528068587184,-0.10660670054308138
1759503502642834200,6.373834228515625,-0.1998167986953631,9.80389047215879,-0.11920010592537
1759503502652817200,6.383817138671875,-0.17319752570856362,9.804216635373233,-0.13324076010705901
1759503502662801200,6.39380126953125,-0.14430842635994776,9.80446564169824,-0.14837048816708848
1759503502672784100,6.4037841796875,-0.11561469431980512,9.804604173386096,-0.16362839091774076
1759503502682768100,6.41376806640625,-0.08758966445461847,9.80465268870294,-0.17755983083760365
1759503502692751000,6.423751220703125,-0.06149066618198994,9.80461586382389,-0.19009031791836023
1759503502702735000,6.433735107421875,-0.037977037910197395,9.804481423789262,-0.20273148056566714
1759503502712718300,6.44371826171875,-0.014867576842370908,9.804313666006923,-0.21354898971607908
1759503502722702300,6.453702392578125,0.00780733101638034,9.804142401093245,-0.22164925753073766
1759503502732686000,6.46368603515625,0.02905800334184896,9.80392729703784,-0.22929337907573208
1759503502742669000,6.4736689453125,0.048805285367043684,9.803656663402915,-0.23734421825809404
1759503502752653000,6.483653076171875,0.06670821360060945,9.80334803584516,-0.24557850598227232
1759503502762636300,6.49363623046875,0.08158778455816208,9.803035316634178,-0.2534714146565646
1759503502772620300,6.503620361328125,0.09392195448237471,9.802797416225076,-0.25832375005856156
1759503502782603300,6.513603271484375,0.1033316426614765,9.80265771549344,-0.26001141088455915
1759503502792587000,6.5235869140625,0.11025234530274755,9.802596340695024,-0.2594685361795127
1759503502802570000,6.533570068359375,0.11535598858469165,9.802585819301008,-0.25767929640887305
1759503502812554200,6.54355419921875,0.11817960377121343,9.802617968004942,-0.2551110533560626
1759503502822537200,6.553537109375,0.11903277740129269,9.802705061766504,-0.25135964666698124
1759503502832521200,6.563521240234375,0.1174996860824991,9.802826642319559,-0.2473638002301566
1759503502842504200,6.573504150390625,0.11366259213765151,9.802971019226312,-0.24334813484800977
1759503502852488000,6.583488037109375,0.10773712934511713,9.803163911449909,-0.2382537160521373
1759503502862471200,6.59347119140625,0.09935953329326584,9.80340473446846,-0.23194442330747841
1759503502872455200,6.603455078125,0.08954605008624493,9.803698164457082,-0.22330760093070565
1759503502882438100,6.613438232421875,0.07895579208675771,9.804072842988372,-0.21050392293175682
1759503502892422100,6.623422119140625,0.06677018662064801,9.804473240482807,-0.1955347739946097
1759503502902405400,6.6334052734375,0.05296006695893593,9.804850257101654,-0.1803027546038851
1759503502912389000,6.64338916015625,0.03799097282071598,9.805182850056886,-0.16539507179670035
1759503502922372000,6.6533720703125,0.022789686494972556,9.805458159866928,-0.15123489202172494
1759503502932356000,6.663356201171875,0.007330352592063718,9.80568027818501,-0.13770598675445653
1759503502942340000,6.673340087890625,-0.008566400047153,9.805849789533019,-0.12501381543911994
1759503502952323000,6.683322998046875,-0.025153308070485943,9.805969616520404,-0.11283054349399171
1759503502962307300,6.693307373046875,-0.043043538935971445,9.806042097234725,-0.1004531554825604
1759503502972290000,6.7032900390625,-0.06254272795161232,9.80605320315063,-0.08827944595022126
1759503502982274000,6.713274169921875,-0.08310165971983223,9.805989490264654,-0.07758687835372984
1759503502992257000,6.723257080078125,-0.10384219513265415,9.805861479970812,-0.06857820872357115
1759503503002241000,6.733240966796875,-0.12321893137898296,9.80567969366312,-0.06203767363945953
1759503503012224300,6.743224365234375,-0.13948699755286798,9.805482709786295,-0.05892538227124605
1759503503022208300,6.753208251953125,-0.15308883105902932,9.805276958081125,-0.05928590897959657
1759503503032191000,6.76319091796875,-0.16593807436591013,9.805048410022259,-0.06230940325292758
1759503503042175000,6.773175048828125,-0.17945225698808207,9.80478362160623,-0.06627613319312221
1759503503052158200,6.783158203125,-0.1935516190870665,9.804491945183276,-0.06990110049094073
1759503503062142200,6.79314208984375,-0.20687206923542542,9.804202022325992,-0.07226751909502782
1759503503072125200,6.803125244140625,-0.2175462426587008,9.803954769566655,-0.07456748943335842
1759503503082109200,6.813109130859375,-0.22511475995052604,9.803772983258963,-0.07581409196096937
1759503503092092200,6.823092041015625,-0.2305186648206785,9.803658416968583,-0.07440354930961038
1759503503102076200,6.833076171875,-0.23579587457124143,9.80355378755033,-0.07158140912754461
1759503503112059100,6.84305908203125,-0.241222338333074,9.803431037953496,-0.07024689542104023
1759503503122045400,6.85304541015625,-0.24534690744979307,9.803318225228786,-0.07169188376469537
1759503503132028400,6.8630283203125,-0.2477675221928395,9.803201905372738,-0.07896856936994008
1759503503142012400,6.873012451171875,-0.2513864433423616,9.802996153667568,-0.09194633442731574
1759503503151995400,6.882995361328125,-0.25866288235243406,9.80265888453722,-0.10663618236589245
1759503503161979400,6.8929794921875,-0.267729510981217,9.802274269133806,-0.11882881579441018
1759503503171962600,6.902962646484375,-0.2742075844215229,9.802015325936674,-0.12531582145984285
1759503503181946600,6.912946533203125,-0.2740336160941049,9.802001881933212,-0.12673641058118082
1759503503191929300,6.922929443359375,-0.26542128883777183,9.80222809190452,-0.12754856721428223
1759503503201913300,6.932913330078125,-0.249770185518451,9.802595756173133,-0.13089188629281706
1759503503211897300,6.9428974609375,-0.2304388775827363,9.803006090539693,-0.1355848572814837
1759503503221880300,6.95288037109375,-0.21098989808410404,9.80331121096611,-0.1447015538633801
1759503503231864600,6.962864501953125,-0.19258692050706594,9.80336557150185,-0.1653063705999404
1759503503241847600,6.97284765625,-0.17288029471924526,9.803320563316344,-0.18813216958791015
1759503503251831600,6.98283154296875,-0.1530641806749627,9.803210673201084,-0.2097986424729228
1759503503261814300,6.992814208984375,-0.13513474802696146,9.803012520280479,-0.23035554668083785
1759503503271798300,7.00279833984375,-0.11890210022632963,9.802740717601775,-0.2500442897520959
1759503503281781500,7.012781494140625,-0.10313593742628581,9.802444365003705,-0.268033097037673
1759503503291765500,7.022765625,-0.08664361577616073,9.802190097981692,-0.28278440197305754
1759503503301748500,7.03274853515625,-0.06988533209965098,9.801971486794947,-0.2947477018914185
1759503503311732500,7.042732421875,-0.05504454051621724,9.801787946921586,-0.30384112719558176
1759503503321715500,7.052715576171875,-0.043044890642841345,9.801699684116244,-0.3085972356814891
1759503503331699500,7.062699462890625,-0.03358341976086376,9.801738847082852,-0.3085324268169701
1759503503341682400,7.072682373046875,-0.02565656315119704,9.801838800325989,-0.30611844274410976
1759503503351666400,7.08266650390625,-0.017509850962483323,9.801990776017307,-0.3017835188123397
1759503503361649400,7.0926494140625,-0.007872525756678078,9.80215327310264,-0.2968829786207527
1759503503371633400,7.10263330078125,0.004726716852997197,9.802272515568136,-0.292944305731263
1759503503381616400,7.112616455078125,0.020824441703455522,9.802329214191436,-0.2903007872188464
1759503503391600400,7.122600341796875,0.039722632618644275,9.802333305844664,-0.2881683235011063
1759503503401583400,7.132583251953125,0.0602883959864499,9.802308171403407,-0.28554014868829397
1759503503411567400,7.1425673828125,0.08125493587460368,9.802256733477115,-0.28202784798471253
1759503503421550600,7.152550537109375,0.10250920209637843,9.802150935015082,-0.27876588704669847
1759503503431534600,7.16253466796875,0.12523125758208334,9.801906020343303,-0.27813906038524583
1759503503441517300,7.172517333984375,0.15051049587046728,9.801422620740531,-0.2825892995260656
1759503503451501300,7.182501220703125,0.17868324537696315,9.800665080371498,-0.2923159264335409
1759503503461484500,7.192484619140625,0.2092444791888818,9.799645089673996,-0.30589424206679683
1759503503471468500,7.202468505859375,0.24024342856463043,9.798456756672262,-0.3207624513801187
1759503503481451500,7.212451416015625,0.26926378961009906,9.797236859488487,-0.3346600438293069
1759503503491435500,7.222435546875,0.2944978187835775,9.79611282389462,-0.3461348295783624
1759503503501419500,7.23241943359375,0.3164484606385231,9.795129658076167,-0.35450383133180435
1759503503511402500,7.242402587890625,0.33687786600925024,9.794251121675968,-0.35995431529004124
1759503503521386500,7.252386474609375,0.3573912964016199,9.793384275713562,-0.3637285000665113
1759503503531369500,7.262369384765625,0.3775562786825001,9.792498140528798,-0.367201729135029
1759503503541353500,7.272353515625,0.39493919249679893,9.791703775280714,-0.37008561400827017
1759503503551336400,7.28233642578125,0.40764107235539704,9.791129774785041,-0.37147809127997605
1759503503561320400,7.292320556640625,0.4146774737982079,9.790854464974998,-0.3709488067088648
1759503503571303400,7.302303466796875,0.41701220035608855,9.79081647105217,-0.3693106841130182
1759503503581287400,7.312287353515625,0.417950175325945,9.790857387584447,-0.36717180892080065
1759503503591270400,7.3222705078125,0.42060295485705135,9.790860310193896,-0.3640295288396999
1759503503601254400,7.33225439453125,0.42645321525521573,9.790805949658155,-0.35867446807995434
1759503503611237600,7.342237548828125,0.4346262560451403,9.79072353207171,-0.3510414159182459
1759503503621221600,7.3522216796875,0.4439783140191808,9.790607212215662,-0.3424554104132578
1759503503631204400,7.362204345703125,0.45404078528489916,9.790419580689072,-0.3345139498895034
1759503503641188400,7.372188232421875,0.46552919770050794,9.790086403211951,-0.32848340102098883
1759503503651171300,7.38217138671875,0.47765473897587507,9.789574946558474,-0.326316359180212
1759503503661155600,7.392155517578125,0.48882824022341514,9.78893255700171,-0.328971440266259
1759503503671138600,7.402138671875,0.498562685111165,9.788176770198344,-0.3367369597012177
1759503503681122600,7.41212255859375,0.5080183495901525,9.787257901787758,-0.34911527016125615
1759503503691105300,7.422105224609375,0.5175938410565257,9.786180627945065,-0.3649239934613928
1759503503701089300,7.43208935546875,0.5256685725711285,9.785031457909941,-0.3836921145563945
1759503503711072500,7.442072509765625,0.5314686371520161,9.783929634147881,-0.40330910756569355
1759503503721056500,7.452056396484375,0.5363218858694657,9.782820211601257,-0.4232829877212643
1759503503731039500,7.46203955078125,0.5410434344986453,9.781570503801106,-0.44556145502477884
1759503503741023500,7.4720234375,0.5446235580077394,9.780210905885696,-0.4703756148183718
1759503503751006500,7.48200634765625,0.5462225907022134,9.77893606364429,-0.49443435313478107
1759503503760990500,7.491990478515625,0.5457739336192607,9.777842423188686,-0.516080148557946
1759503503770973400,7.501973388671875,0.5422203327909112,9.77699428192675,-0.5355188623908906
1759503503780957400,7.51195751953125,0.5335835104141384,9.776402745774387,-0.554650081177242
1759503503790940400,7.5219404296875,0.5205100938294083,9.775964938879012,-0.5744092591362073
1759503503800924400,7.53192431640625,0.5049679855762049,9.775668586280942,-0.5930153580699116
1759503503810908700,7.54190869140625,0.4895946214860305,9.775593182957172,-0.6070244480695575
1759503503820891400,7.551891357421875,0.4761232916248962,9.775797181096673,-0.6144090784281492
1759503503830875400,7.56187548828125,0.46436088457349683,9.776181796500087,-0.6172530696824192
1759503503840858400,7.5718583984375,0.4535574952799827,9.776568165469168,-0.6191544463243335
1759503503850842400,7.58184228515625,0.4415925148611888,9.776823601534963,-0.6237843711473048
1759503503860825600,7.59182568359375,0.42742315626591443,9.776803727790712,-0.633882863574475
1759503503870809600,7.6018095703125,0.4131766407812014,9.776974408182502,-0.6406691627137363
1759503503880792300,7.611792236328125,0.398103757474944,9.777530288499593,-0.6417112921778112
1759503503890776300,7.6217763671875,0.3822522179463878,9.778471368741988,-0.6369868940044194
1759503503900759600,7.631759521484375,0.36697767458818853,9.779570269894599,-0.6290517170909792
1759503503910743600,7.64174365234375,0.3542804709047079,9.780572724935412,-0.6207115395732223
1759503503920726500,7.6517265625,0.3440251439480111,9.781499776652455,-0.6117980922121554
1759503503930710500,7.66171044921875,0.3333474268607795,9.782522689959407,-0.6012502120496704
1759503503940693500,7.671693603515625,0.3201346748705953,9.783642633900046,-0.5901107226695865
1759503503950677500,7.681677490234375,0.30455402470529075,9.784819860985875,-0.5787278895203024
1759503503960660500,7.691660400390625,0.2878721352998167,9.786021053469181,-0.566841052371636
1759503503970644500,7.70164453125,0.2719543621346354,9.78715736402273,-0.554947420156002
1759503503980627500,7.71162744140625,0.25903312217062335,9.788128254881501,-0.5438925403194501
1759503503990611500,7.721611572265625,0.2505086923934519,9.78885598463416,-0.5347022122457623
1759503504000594400,7.731594482421875,0.24631244628001003,9.789348736587167,-0.5275919418491423
1759503504010578400,7.741578369140625,0.24464498799182474,9.789601834565401,-0.5236677541427314
1759503504020561400,7.7515615234375,0.24377671725731342,9.789629891616105,-0.5235317066729068
1759503504030545400,7.76154541015625,0.24320562110478058,9.789478500446677,-0.5266396826256067
1759503504040528600,7.771528564453125,0.2427788287937641,9.789311327186226,-0.529921846101433
1759503504050512600,7.7815126953125,0.24255727673126384,9.789272748741507,-0.5307281940482557
1759503504060495400,7.791495361328125,0.24291540598655117,9.789393160250782,-0.5283650816461071
1759503504070479400,7.801479248046875,0.2437912024403922,9.789647427272795,-0.5232388612061739
1759503504080462300,7.81146240234375,0.2451075822685845,9.789963069093227,-0.5166649627085775
1759503504090446600,7.821446533203125,0.2474986786562018,9.790189863586425,-0.5111789690455422
1759503504100429600,7.8314296875,0.25108550590071826,9.790256499081849,-0.5081847191330046
1759503504110413600,7.84141357421875,0.25427454773299396,9.79025591455996,-0.5065824350355193
1759503504120395000,7.85139501953125,0.2563781141498126,9.790296246570348,-0.5047517124770209
1759503504130379000,7.86137890625,0.2592987508368678,9.790438285389541,-0.5004857621282339
1759503504140362000,7.871362060546875,0.2646954770475626,9.790696644064784,-0.4925435709521174
1759503504150346000,7.881345947265625,0.27202059577126053,9.791016962060331,-0.4820472383137792
1759503504160329200,7.8913291015625,0.27873600336508825,9.791269475516676,-0.47300464814770965
1759503504170313200,7.901313232421875,0.28321325837699696,9.791471135568619,-0.46610750904511655
1759503504180296000,7.9112958984375,0.2851742197190411,9.791689162233471,-0.4603193175651133
1759503504190280000,7.921280029296875,0.2841807699685916,9.791928816208243,-0.45577908031959086
1759503504200264000,7.931263916015625,0.282432793790102,9.791946936386823,-0.4564843059794977
1759503504210247000,7.941246826171875,0.2831534910137765,9.791536017498373,-0.464795184337534
1759503504220231200,7.951231201171875,0.28792214845400305,9.790809456789493,-0.4769934255229309
1759503504230214100,7.961214111328125,0.2951543464635499,9.790089325821398,-0.4872665803972631
1759503504240198100,7.9711982421875,0.3019684469251893,9.789570854905246,-0.4934886697825044
1759503504250180900,7.981180908203125,0.30563268678747113,9.789221895337104,-0.49810726949386297
1759503504260164900,7.991164794921875,0.30593093908168373,9.78906056729555,-0.5010851527934894
1759503504270148000,8.001148193359375,0.3042130109815858,9.789084532693028,-0.5016583495715633
1759503504280132000,8.011132080078125,0.302410564669501,9.789216634640097,-0.500175600200519
1759503504290115000,8.021114990234375,0.30278500573877243,9.789249367865919,-0.4993152935767546
1759503504300099000,8.03109912109375,0.3058571797257289,9.7889500926584,-0.503271191595681
1759503504310082000,8.04108203125,0.31056897414587437,9.788418177738786,-0.5106755130354315
1759503504320066000,8.051066162109375,0.3159984883813187,9.787938285267353,-0.5165515654619783
1759503504330049000,8.061049072265625,0.3222739153889939,9.787673496851324,-0.5176636548897251
1759503504340033000,8.071032958984375,0.33075609519332644,9.787599847093224,-0.513713054100424
1759503504350016000,8.08101611328125,0.34108704466950146,9.787375975209473,-0.5111980390721932
1759503504360000300,8.091000244140625,0.3507434924175963,9.786826524633168,-0.5151816288156434
1759503504369983000,8.10098291015625,0.3590237564416602,9.786087688964605,-0.523436466137506
1759503504379967000,8.110967041015625,0.36682737939730287,9.78512381236851,-0.5358882436925545
1759503504389950000,8.120949951171875,0.37839367935471235,9.78395067693591,-0.5491037721617147
1759503504399934000,8.130933837890625,0.3973177216637879,9.78262556581199,-0.5592380665546283
1759503504409917200,8.140917236328125,0.4227192528912797,9.781181212222576,-0.5658432004407048
1759503504419901200,8.150901123046875,0.4513799685778096,9.779428815597296,-0.5739489116154611
1759503504429884000,8.1608837890625,0.48044221426993605,9.777412799599766,-0.5845953933142125
1759503504439868000,8.170867919921875,0.508276708265394,9.775283970877528,-0.5965383810969069
1759503504449851100,8.18085107421875,0.5347884292244911,9.773138191020488,-0.6083983667712658
1759503504459835100,8.190835205078125,0.5604734170358627,9.770987734988331,-0.61970426222682
1759503504469818000,8.200818115234375,0.5845869542794302,9.768874688357114,-0.6306650705717504
1759503504479802000,8.210802001953125,0.6044510173849761,9.766998373091221,-0.6409202148653567
1759503504489784800,8.220784912109375,0.6192661630704999,9.765480369743704,-0.6498492251217365
1759503504499769000,8.23076904296875,0.6305087109662592,9.764337629449367,-0.6561717792067676
1759503504509752000,8.240751953125,0.6392402258891612,9.76358593429923,-0.6589142097827047
1759503504519736000,8.250736083984375,0.6452632855709641,9.7632135938555,-0.6585423077303916
1759503504529719000,8.260718994140625,0.6480277087830006,9.763169754713774,-0.6564920972023159
1759503504539703000,8.270703125,0.6472961065728217,9.763328160145878,-0.6548260636862367
1759503504549686000,8.28068603515625,0.6433784216724335,9.763595286649466,-0.6547293253134936
1759503504559670000,8.290669921875,0.636725101263076,9.76399685318768,-0.6552361057918519
1759503504569653000,8.300653076171875,0.6276254836801439,9.764627552306651,-0.654606429586187
1759503504579637000,8.310636962890625,0.6171165838211774,9.765501412531734,-0.6515613628018647
1759503504589620200,8.3206201171875,0.6072587317494675,9.766467627215384,-0.6463322299767286
1759503504599604200,8.330604248046875,0.5996955664861947,9.767382988494633,-0.6395005573257804
1759503504609587000,8.3405869140625,0.5944132787017151,9.768198396530746,-0.6319299759410322
1759503504619571000,8.350571044921875,0.5903438373057172,9.768941908374428,-0.6242139947362244
1759503504629554000,8.360553955078124,0.585812733214721,9.769619953766465,-0.6178438021171838
1759503504639538200,8.3705380859375,0.5791039928236976,9.770245976710319,-0.6142508191265166
1759503504649522200,8.380522216796875,0.5700479951867833,9.770856802085042,-0.6130304104860872
1759503504659505200,8.390505126953125,0.5598416584709659,9.771478733375668,-0.612510149471648
1759503504669489000,8.400489013671875,0.5493147845638916,9.772236273744701,-0.6099485918879508
1759503504679471900,8.410471923828124,0.5379399885905907,9.773100197097659,-0.6062305577455088
1759503504689455900,8.420455810546875,0.5254531031895429,9.774031340467928,-0.60217887120191
1759503504699439000,8.430439208984374,0.511703285180591,9.775071789431571,-0.597095686186105
1759503504709423000,8.440423095703125,0.4962889680255204,9.776188226240873,-0.5918024020835757
1759503504719406000,8.450406005859374,0.4790025003230199,9.777337396275996,-0.5870424942053855
1759503504729389800,8.460389892578124,0.4593454675642773,9.778513454318047,-0.5831693790990858
1759503504739373000,8.470373046875,0.4365116314003244,9.779810508391261,-0.5789198684284463
1759503504749357000,8.480357177734374,0.409766576609388,9.781353646180033,-0.5723557972051203
1759503504759340000,8.490340087890624,0.37762269498221573,9.78326035658419,-0.5617941077129915
1759503504769324000,8.500323974609374,0.3394412867564708,9.785493230202794,-0.547068138148263
1759503504779307000,8.51030712890625,0.2975250576502643,9.787821965411306,-0.5295146535400301
1759503504789291000,8.520291015625,0.2538362659135833,9.789964822658895,-0.5123644159704447
1759503504799274000,8.53027392578125,0.20964838381465523,9.791734754940867,-0.4983503940673545
1759503504809258000,8.540258056640624,0.16572463254462927,9.793044083973765,-0.4890771369505673
1759503504819241000,8.550240966796874,0.12291276977295056,9.793896901410818,-0.48463045974001284
1759503504829225000,8.560224853515624,0.08153206318239681,9.794394914060831,-0.4833163449341431
1759503504839208200,8.570208251953124,0.04133701357929967,9.794666132217644,-0.4829058279044926
1759503504849192000,8.58019189453125,0.0019054311917017911,9.794793557989596,-0.4820852322366088
1759503504859175000,8.5901748046875,-0.03629754897421226,9.79478537468314,-0.4809015388773754
1759503504869159000,8.600158935546874,-0.07230919824570882,9.794631645426154,-0.4799300634967163
1759503504879142100,8.61014208984375,-0.10497557394360192,9.794308404821157,-0.4805248510520905
1759503504889126100,8.620126220703124,-0.1326434335347265,9.793795194602012,-0.48412956101316956
1759503504899109000,8.630109130859376,-0.15444189876895398,9.793054605367779,-0.4925740026229992
1759503504909093000,8.640093017578126,-0.16950747555159032,9.792034614670277,-0.5076263545978814
1759503504919075800,8.650075927734376,-0.17746473643267527,9.790709503546356,-0.5300021813286468
1759503504929060000,8.66006005859375,-0.17873433624338358,9.789129540878534,-0.5580172560553998
1759503504939043000,8.67004296875,-0.17363646511510014,9.787318107542395,-0.5904531794317066
1759503504949027000,8.680027099609376,-0.16379234930779785,9.785262928578257,-0.6262644244600087
1759503504959010000,8.690010009765626,-0.1526817846280988,9.783107211849092,-0.661730217051506
1759503504968994000,8.699994140625,-0.14303765750546008,9.781143218299746,-0.6922027314003557
1759503504978977000,8.70997705078125,-0.13497973099518568,9.779568516328931,-0.7156753769244998
1759503504988961000,8.7199609375,-0.12754458515890874,9.778304195481539,-0.734069038683921
1759503504998944000,8.729944091796876,-0.12052811225927434,9.777009479495883,-0.7523069253597409
1759503505008928000,8.739927978515626,-0.11466360414004884,9.775402628821134,-0.7737791177816689
1759503505018911200,8.7499111328125,-0.11037363359485752,9.773449741187692,-0.7986739050634205
1759503505028895200,8.759895263671876,-0.10523796947314404,9.771571672356128,-0.8220167867280542
1759503505038878000,8.7698779296875,-0.09821299360664561,9.77022610296607,-0.8387091975275427
1759503505048862000,8.779862060546876,-0.09107852948368526,9.769449857896566,-0.8484815267402678
1759503505058845000,8.789844970703125,-0.08507128842552192,9.769133047032355,-0.8527456869907677
1759503505068829200,8.7998291015625,-0.07954600393171422,9.769062904405594,-0.8540848997052758
1759503505078812200,8.809812255859375,-0.07425481132157147,9.769078101974726,-0.8543704386483877
1759503505088796200,8.819796142578125,-0.0689283008028753,9.769114926853776,-0.8544112821154296
1759503505098779000,8.82977880859375,-0.06310304241522681,9.769017896220088,-0.8559745128441602
1759503505108763000,8.839762939453125,-0.05492086847077589,9.768968796381353,-0.8570874425221234
1759503505118745900,8.849745849609375,-0.04248832990573719,9.769252874019742,-0.8545656689595431
1759503505128729600,8.8597294921875,-0.026865078141144475,9.769743872407078,-0.8495737789563834
1759503505138712600,8.869712646484375,-0.00968896520314156,9.770126149722934,-0.8455422584179788
1759503505148696600,8.879696533203125,0.008469439053768292,9.770496152079104,-0.8412649464249611
1759503505158679800,8.8896796875,0.026616005600767673,9.770976044550537,-0.8352941283870488
1759503505168663800,8.899663818359375,0.04393454209209885,9.771582193750142,-0.8274251485776156
1759503505178646800,8.909646728515625,0.060407236593146806,9.772236273744701,-0.8186165498305111
1759503505188630500,8.919630615234375,0.0769765187698882,9.772852944338322,-0.8098221257392316
1759503505198613800,8.92961376953125,0.09484544426915235,9.773380767604708,-0.8015120510987936
1759503505208597800,8.93959765625,0.11483526177937164,9.773734987869858,-0.7945487148921936
1759503505218580700,8.949580810546875,0.13705008012899197,9.773991008457541,-0.7878604692999273
1759503505228564700,8.959564697265625,0.1612865952982567,9.774266318267584,-0.7797990356583148
1759503505238548700,8.969548828125,0.18713413499388842,9.774500127023458,-0.7710657671697437
1759503505248531500,8.979531494140625,0.21373992744460701,9.774703540641068,-0.7614934175085276
1759503505258515700,8.989515625,0.2404942980531603,9.77492741252482,-0.7505578897353261
1759503505268498700,8.999498779296875,0.2668749399784952,9.775091078653931,-0.739440867915377
1759503505278482700,9.009482666015625,0.2928231453033164,9.775057760906218,-0.7299899526767433
1759503505288465700,9.019465576171875,0.3179803829135373,9.77477485231161,-0.7232084758430719
1759503505298449700,9.02944970703125,0.3421387091469019,9.774314249062538,-0.7184012947570532
1759503505308432600,9.0394326171875,0.3648841729076579,9.773754861614108,-0.7148239477269351
1759503505318416600,9.049416748046875,0.38618221433907746,9.773163325461745,-0.7117162640351802
1759503505328399600,9.059399658203125,0.40661720920037475,9.772529703733325,-0.7090183301880956
1759503505338383600,9.069383544921875,0.4261870385996997,9.771896082004904,-0.706247988691926
1759503505348366800,9.079366943359375,0.4440550690498203,9.771322666031121,-0.7031698964208364
1759503505358350800,9.089350830078125,0.4593189448835328,9.770883690091967,-0.699457597899437
1759503505368333600,9.09933349609375,0.4713861435677856,9.770637021854519,-0.6948421399932354
1759503505378317600,9.109317626953125,0.479225385826081,9.770726453703642,-0.6881949570637196
1759503505388300500,9.119300537109375,0.48246268724687397,9.771208684262632,-0.6790314073991031
1759503505398284800,9.129284912109375,0.48165217458158727,9.771970900806783,-0.6685796445548534
1759503505408267800,9.139267822265625,0.47700639460235833,9.772920164355636,-0.6579575666449964
1759503505418251800,9.149251708984375,0.46673437223918735,9.774098560485243,-0.6477424621008336
1759503505428234500,9.159234375,0.44999523622114207,9.775526547461748,-0.6379468250777572
1759503505438218500,9.169218505859375,0.42949798977859316,9.777007141408324,-0.629313655962795
1759503505448201700,9.17920166015625,0.4091124600822106,9.778308287134767,-0.6226495218984782
1759503505458185700,9.189185791015625,0.3915507191022858,9.77932593974471,-0.6179494544487446
1759503505468168700,9.199168701171875,0.3754453144105151,9.780086402723192,-0.6158880649395286
1759503505478152700,9.209152587890625,0.358352359986119,9.780734637498854,-0.6157830701950937
1759503505488135700,9.2191357421875,0.33913324372060594,9.781407422193885,-0.6159902832049876
1759503505498119700,9.22911962890625,0.3191062451383099,9.782114109158515,-0.6154841603137552
1759503505508102700,9.2391025390625,0.2997824446556158,9.782733702361583,-0.6153150873571634
1759503505518086700,9.249086669921875,0.2815499830735847,9.783235806664823,-0.6159437406495213
1759503505528069600,9.259069580078124,0.2630280552919954,9.78369231826067,-0.6168908853065223
1759503505538053600,9.2690537109375,0.24313547847801817,9.784096807408332,-0.6186360484734177
1759503505548036600,9.27903662109375,0.2219238914873451,9.784428815841673,-0.6213549520432948
1759503505558020600,9.2890205078125,0.20085947614870964,9.784648011550306,-0.6250871243089438
1759503505568003600,9.299003662109374,0.18203443723469973,9.784877144131064,-0.6272484670612961
1759503505577987600,9.308987548828124,0.1665499043876305,9.785248315531016,-0.6257359436064959
1759503505587970800,9.318970703125,0.15199152820846065,9.78561013458073,-0.623796573041752
1759503505597954800,9.328954833984374,0.1355341134749353,9.785957340583204,-0.6221554547712207
1759503505607937500,9.3389375,0.11873794090687297,9.786571673089265,-0.615893690962717
1759503505617921500,9.348921630859374,0.10621893420135602,9.787491126021742,-0.6034254371969029
1759503505627904800,9.35890478515625,0.10154491450833156,9.788467862099408,-0.5881778549108654
1759503505637888800,9.368888671875,0.10469378872700034,9.789184485936165,-0.5755820657752454
1759503505647871700,9.378871826171874,0.11312214685170911,9.789374455550313,-0.5707562165213749
1759503505657855700,9.388855712890624,0.12494970982749945,9.789129540878534,-0.5724676966143771
1759503505667838500,9.39883837890625,0.13818048153156415,9.788747263562678,-0.5759724533323198
1759503505677822500,9.408822509765624,0.1502294687056914,9.788228792646526,-0.5817502330161631
1759503505687805700,9.4188056640625,0.16120394024979323,9.78766063736975,-0.5883142311742529
1759503505697789700,9.428789794921874,0.17192498502209783,9.787135152190922,-0.5939730606535449
1759503505707772700,9.438772705078126,0.1822894714416936,9.786752290353178,-0.5971611526377498
1759503505717756700,9.448756591796876,0.19241302524488418,9.786458275842666,-0.5988229118375107
1759503505727739600,9.45873974609375,0.2035141553759575,9.786147894719242,-0.6002245953289792
1759503505737723600,9.4687236328125,0.21688646357571706,9.785905902656912,-0.5994958061303943
1759503505747706600,9.47870654296875,0.23144021837869658,9.78579835062921,-0.5958239126846194
1759503505757690600,9.488690673828126,0.24578738122629,9.785825823158024,-0.589565034952946
1759503505767673900,9.498673828125,0.2587977425121702,9.785936882317065,-0.5821226099925115
1759503505777657900,9.508657958984376,0.2710975626422092,9.786038589125871,-0.5747498892674222
1759503505787640600,9.518640625,0.2843121595296077,9.786005855900049,-0.5689002864563837
1759503505797624600,9.52862451171875,0.29996686131181194,9.785738144874573,-0.5654274957792833
1759503505807607600,9.538607666015626,0.31874891960062085,9.785225519177317,-0.5640502160767092
1759503505817591600,9.548591552734376,0.3407491544846445,9.78447616211474,-0.5641841081220657
1759503505827574800,9.55857470703125,0.36674839587695895,9.783455586895347,-0.5655753067521379
1759503505837558800,9.568558837890626,0.3974331282043829,9.782116447246073,-0.5680196311643346
1759503505847541500,9.57854150390625,0.4323639006037265,9.780381586277484,-0.5723568566510453
1759503505857525500,9.588525390625,0.469908508763276,9.778247496858238,-0.579180747854337
1759503505867508700,9.5985087890625,0.5071221314027905,9.775821146494149,-0.5886572724582627
1759503505877492700,9.60849267578125,0.5412942674545571,9.773288997668027,-0.6001519319515675
1759503505887475700,9.618475830078125,0.571477845326811,9.77082173077166,-0.6122277888663112
1759503505897459700,9.628459716796876,0.5990347279572859,9.768531574007868,-0.6223826876558363
1759503505907442700,9.638442626953125,0.625059140323475,9.76649568426609,-0.6286819339305162
1759503505917426700,9.6484267578125,0.6499725592404604,9.764653855791687,-0.6320261297918855
1759503505927409700,9.65840966796875,0.6734324183482676,9.762907304385305,-0.6344275649104267
1759503505937393700,9.6683935546875,0.6948383406009525,9.761223296821116,-0.6372535821165889
1759503505947376600,9.678376708984375,0.7132813944600522,9.759642165109515,-0.6410817621026188
1759503505957360600,9.688360595703125,0.7282815413236617,9.75827029223442,-0.6451137940976769
1759503505967343900,9.69834375,0.7392175074882805,9.7572058778733,-0.6487606261674315
1759503505977327600,9.70832763671875,0.7453832635764032,9.756579270407556,-0.651117856818065
1759503505987310600,9.718310546875,0.7450564427748322,9.75657459423244,-0.6515750260010361
1759503505997294600,9.728294677734375,0.7369298349425196,9.757327458426357,-0.6495285418000072
1759503506007277800,9.73827783203125,0.7217288317445665,9.75873674070239,-0.6454144575446844
1759503506017261800,9.74826171875,0.7022112074565142,9.76049030637145,-0.6404251248247921
1759503506027244800,9.758244873046875,0.6816230313275009,9.762264330306648,-0.6355955857764929
1759503506037228500,9.768228515625,0.6623080900046974,9.763849553671479,-0.6316385917790234
1759503506047211500,9.77821142578125,0.6441728599857539,9.765226102721691,-0.6291129457589238
1759503506057195800,9.78819580078125,0.6253283126536756,9.766554136455058,-0.6275251651108265
1759503506067178800,9.7981787109375,0.6040589127948507,9.7679517282933,-0.6265978211328387
1759503506077162800,9.808162841796875,0.5806327367609366,9.76942355441153,-0.625772403159365
1759503506087145700,9.818145751953125,0.5572564277507365,9.770791920155286,-0.6256738381557166
1759503506097129500,9.82812939453125,0.5364318855825811,9.77179262163043,-0.6282498261235654
1759503506107112700,9.83811279296875,0.5206634942928329,9.772194188168644,-0.6352350819010287
1759503506117097500,9.848097412109375,0.511182731905207,9.771964471065997,-0.6463669359639287
1759503506127080200,9.858080078125,0.5066406680287793,9.771237325835227,-0.6607863603301346
1759503506137064200,9.868064208984375,0.5042848621502518,9.770189862608909,-0.6778567375965416
1759503506147047200,9.878047119140625,0.5023356277786195,9.76886592052877,-0.6980958810921758
1759503506157031400,9.888031494140625,0.5011695431413129,9.767133397647738,-0.7227082712359726
1759503506167014400,9.898014404296875,0.5025243187511339,9.764850255146623,-0.7520290582664311
1759503506176998400,9.907998291015625,0.5074225756540894,9.76203812033534,-0.7845574091665446
1759503506186981000,9.917981201171875,0.5156702160501853,9.758703422954678,-0.8198709338057786
1759503506196965000,9.927965087890625,0.5254921565582975,9.754767837071418,-0.8595051711883396
1759503506206948400,9.9379482421875,0.5338351470876485,9.750361126545071,-0.903256853827089
1759503506216932400,9.947932373046875,0.5381198752021417,9.74575509405434,-0.9492534658484161
1759503506226915300,9.957915283203125,0.5381432560777292,9.741474055734276,-0.9922104179129004
1759503506236899300,9.9678994140625,0.5341675573797896,9.738047003895044,-1.0273857761904597
1759503506246883000,9.977883056640625,0.525629921061173,9.735612470224499,-1.0544886679757386
1759503506256866300,9.9878662109375,0.5124456645131111,9.733916772222518,-1.0764145224492996
1759503506266849300,9.997849365234375,0.49585079580396413,9.73242331879437,-1.0974748461347072
1759503506276833300,10.007833251953125,0.47883401188831776,9.730812960988283,-1.1191107777509837
1759503506286817300,10.0178173828125,0.4634793159659952,9.729329444432258,-1.1382961744099855
1759503506296800300,10.02780029296875,0.4499463190454989,9.728379596361517,-1.1517661160316317
1759503506306784500,10.037784423828125,0.4379696847215295,9.728007255917786,-1.1595128577008842
1759503506316767200,10.047767333984375,0.428266913613677,9.728042911753057,-1.1628223475750534
1759503506326751200,10.057751220703125,0.4216134836064651,9.728346278613806,-1.1627246593542397
1759503506336734200,10.067734130859375,0.4181649505877867,9.728772979593277,-1.1603897136006505
1759503506346717400,10.077717529296875,0.41712833754904566,9.729189743700623,-1.1572684397749602
1759503506356701400,10.087701416015625,0.41836584345474837,9.7295878031075,-1.1534718239709734
1759503506366685400,10.097685546875,0.42180648542791604,9.729804076206683,-1.1503783149350433
1759503506376668200,10.107668212890625,0.427322508903034,9.72955156275034,-1.1504825790271163
1759503506386652200,10.117652099609375,0.4341563004458323,9.729134214121103,-1.1514487937107682
1759503506396635400,10.127635498046875,0.44102037752903994,9.728789346206188,-1.1517474113311619
1759503506406619400,10.137619384765625,0.44718796024806795,9.728727971407771,-1.149889143178612
1759503506416602400,10.147602294921874,0.45243079280499365,9.729014387133716,-1.1454079061113298
1759503506426586400,10.15758642578125,0.4568016648329794,9.729287358856201,-1.1413542468063533
1759503506436569000,10.167569091796874,0.46102662558425217,9.729411862018704,-1.138582297874987
1759503506446553300,10.17755322265625,0.4659985687779262,9.729442257156968,-1.1362894376974553
1759503506456536300,10.187536376953124,0.47212844983506946,9.729369191920757,-1.134391495121643
1759503506466520300,10.197520263671874,0.4803075185069814,9.729148827168345,-1.1328557369217276
1759503506476503300,10.20750341796875,0.4907638844611123,9.728682963222266,-1.132372410384193
1759503506486487300,10.2174873046875,0.5044101324977353,9.727899703890085,-1.1331067160081119
1759503506496470300,10.22747021484375,0.5221943936545401,9.72678677421212,-1.1345954932611435
1759503506506454300,10.237454345703124,0.5440895241962745,9.725325469487904,-1.1368423954050988
1759503506516437200,10.247437255859374,0.5687069193087518,9.723615158438681,-1.1394142917197196
1759503506526421200,10.257421142578124,0.5949830414136872,9.721674545764923,-1.142557777377218
1759503506536404500,10.267404541015624,0.6221565507497638,9.719437580493093,-1.1471104722455143
1759503506546388500,10.277388427734374,0.6501927047971635,9.716780928504466,-1.1540377872906624
1759503506556371200,10.28737109375,0.6806899151958524,9.713609312731027,-1.1631227187611162
1759503506566355200,10.297355224609374,0.7143935934856533,9.710083476692438,-1.1723032195605336
1759503506576338200,10.307338134765626,0.749077661114931,9.706512047946452,-1.1802097549013792
1759503506586322400,10.317322509765624,0.7810221477124839,9.70332523460388,-1.185704187599197
1759503506596305400,10.327305419921874,0.8066684109486639,9.700768535858392,-1.1894341679077596
1759503506606289400,10.337289306640624,0.8233931896477937,9.699047118893265,-1.1920053335700183
1759503506616272100,10.347272216796876,0.8313911295991391,9.698213006156683,-1.1932445199761539
1759503506626256100,10.357256103515626,0.8347374443523585,9.698076812556385,-1.1920143205940723
1759503506636239400,10.3672392578125,0.8397234160713851,9.698159230142831,-1.1878319203428924
1759503506646223400,10.377223388671876,0.8499176970232277,9.697866969197987,-1.182958980544284
1759503506656206300,10.387206298828126,0.862608544031158,9.696939332959055,-1.1813756568755953
1759503506666190300,10.3971904296875,0.8745567559782416,9.695806529536842,-1.1818973426621406
1759503506676173300,10.40717333984375,0.8849790735322982,9.694782447186112,-1.182539366892725
1759503506686157300,10.4171572265625,0.8947003301449119,9.69383376815915,-1.1830026004903018
1759503506696140300,10.427140380859376,0.903611731679365,9.692931850883364,-1.1836191249534487
1759503506706124300,10.437124267578126,0.9111104168716817,9.692146253463624,-1.1843058651085943
1759503506716107300,10.447107177734376,0.9169416072431951,9.691573422011732,-1.184493277439475
1759503506726091300,10.45709130859375,0.9209029851548373,9.69122153983414,-1.184306157369539
1759503506736074200,10.46707421875,0.9227101807072758,9.69096142759323,-1.1850208084449172
1759503506746058200,10.477058349609376,0.9222623638745396,9.690765612760186,-1.186974353665486
1759503506756041200,10.487041259765626,0.9202238437842577,9.690649877426027,-1.1894949581842869
1759503506766025200,10.497025146484376,0.9165784730192273,9.690769119891524,-1.191331160635501
1759503506776008400,10.507008544921876,0.9102906249213963,9.691308049073815,-1.1917665563780813
1759503506785992400,10.516992431640626,0.9022660161588341,9.692276601845025,-1.1899873448111116
1759503506795975200,10.52697509765625,0.8951507773261517,9.693432201620936,-1.1859390923336148
1759503506805959200,10.536959228515625,0.891233603882417,9.694453361362218,-1.1805365757029502
1759503506815942400,10.5469423828125,0.8927447390977292,9.69510218065977,-1.174043414291367
1759503506825926400,10.556926513671876,0.899032514130324,9.695285136011242,-1.1677223945762962
1759503506835909400,10.566909423828125,0.9062401804868131,9.694814595890044,-1.1660582607563585
1759503506845893400,10.576893310546875,0.9121499159872531,9.693567810699344,-1.1717943932555615
1759503506855876000,10.5868759765625,0.9170982591096312,9.69182301285863,-1.1823241167068481
1759503506865860000,10.596860107421875,0.9232803818106651,9.689962479683757,-1.1927211536891758
1759503506875843300,10.60684326171875,0.9319372971273958,9.68833224813342,-1.1992095658604054
1759503506885827300,10.616827392578125,0.9439113011028617,9.686936409860849,-1.201113865111768
1759503506895810300,10.626810302734375,0.9577201192900537,9.685594932124019,-1.2010034635398537
1759503506905794300,10.636794189453125,0.972021470234543,9.683832014104723,-1.203729381372407
1759503506915777300,10.64677734375,0.9878705620776861,9.681274730837345,-1.2113679134268314
1759503506925761300,10.65676123046875,1.0053305231835692,9.678172088646889,-1.2217497528400272
1759503506935744300,10.666744140625,1.0216044893752783,9.675112116554379,-1.2324375163972376
1759503506945728300,10.676728271484375,1.0354965288665146,9.672206458240748,-1.2436094832748175
1759503506955711500,10.68671142578125,1.04761111035645,9.669281510704755,-1.2561373948059975
1759503506965695500,10.696695556640625,1.0587493941601365,9.666253687316178,-1.2700281191229819
1759503506975678200,10.70667822265625,1.0675799855433403,9.66349123686552,-1.2835771903954445
1759503506985662200,10.716662109375,1.0718570052754133,9.661500355309247,-1.2949636768065391
1759503506995645200,10.726645263671875,1.0698935231827198,9.660738138765096,-1.3022512034662068
1759503507005629200,10.736629150390625,1.061439290831238,9.661372345015407,-1.3044609884701668
1759503507015612400,10.7466123046875,1.048096994177252,9.663051676404475,-1.302815851611644
1759503507025596400,10.756596435546875,1.0315355893462896,9.665223759746551,-1.2999201301701366
1759503507035579100,10.7665791015625,1.0134930060468614,9.667401688307523,-1.2979101055219768
1759503507045562400,10.776562255859375,0.9952583342414348,9.669503629022836,-1.296357176991552
1759503507055546400,10.78654638671875,0.9775588652912527,9.671589787647127,-1.2942689725406467
1759503507065529300,10.796529296875,0.960625485342741,9.673668347486853,-1.2914087608039377
1759503507075513300,10.806513427734375,0.94493311843127,9.675796007165312,-1.2870314225025474
1759503507085497300,10.816497314453125,0.9306465266644954,9.678159813687206,-1.2796589940384029
1759503507095480300,10.826480224609375,0.9180882199950515,9.680659229287505,-1.269773121448606
1759503507105464300,10.83646435546875,0.9069245825543999,9.683323480060697,-1.257420274223387
1759503507115446800,10.84644677734375,0.8967848082687705,9.68611340304017,-1.243123745584488
1759503507125429500,10.856429443359374,0.8883638205997645,9.688936059245467,-1.2270752587117253
1759503507135413800,10.866413818359375,0.8824271240271627,9.691624859938026,-1.2100054659672081
1759503507145397800,10.876397705078125,0.8800903516426682,9.693952426102756,-1.1929511630527674
1759503507155380700,10.886380615234375,0.880846869098395,9.695919926783441,-1.1762791374541819
1759503507165364700,10.89636474609375,0.8818773081246762,9.697821961012481,-1.1597153214704246
1759503507175347700,10.90634765625,0.8809740026094018,9.69997124800086,-1.1422928428307175
1759503507185331500,10.91633154296875,0.8764392817892134,9.702571785888075,-1.1235307130850851
1759503507195314700,10.926314697265624,0.8680911401607095,9.705393273049593,-1.1054991626363246
1759503507205297700,10.936297607421874,0.8568276225421577,9.708094933223723,-1.090467378525436
1759503507215281700,10.94628173828125,0.8444095280610024,9.710514853847027,-1.0785469313681124
1759503507225265000,10.956264892578124,0.831241418930143,9.712769354775547,-1.0684279806748032
1759503507235249000,10.966248779296874,0.8155390420813113,9.715127900600432,-1.0590326680809259
1759503507245231600,10.976231689453124,0.7962420748066157,9.717748312231898,-1.0496452465325594
1759503507255215600,10.986215576171874,0.7746541470505297,9.720551679214834,-1.0397908650595695
1759503507265198600,10.996198486328124,0.7535224386293441,9.723253923910855,-1.0300058224957436
1759503507275182800,11.006182861328124,0.7345569683313369,9.725500241532922,-1.0224804684922097
1759503507285165800,11.016165771484374,0.7172471562858671,9.727176065790653,-1.0188038988713175
1759503507295149800,11.02614990234375,0.7010750430334359,9.72840940697789,-1.0182957301534712
1759503507305132500,11.036132568359376,0.686780414090678,9.729279760071634,-1.0197222558252512
1759503507315116500,11.046116455078124,0.6743278328180313,9.729965404248237,-1.0214881695192306
1759503507325099800,11.056099853515626,0.6626395869813859,9.73064812581539,-1.0226464727088809
1759503507335083800,11.066083740234374,0.6522843433141708,9.731382869830727,-1.0223024085115642
1759503507345066800,11.076066650390626,0.6438871018469333,9.732133395937085,-1.0204881986964494
1759503507355050800,11.08605078125,0.6370839246381074,9.732741298702358,-1.0189425036244093
1759503507365033700,11.09603369140625,0.6317158947989344,9.733097272533177,-1.0188793752603231
1759503507375017700,11.106017822265626,0.6286095993466675,9.7331130546242,-1.0206576369792222
1759503507385000700,11.116000732421876,0.627621026700735,9.732610365799069,-1.0260356767557561
1759503507394984700,11.125984619140626,0.628043124570325,9.731454181501269,-1.036692387587577
1759503507404967700,11.1359677734375,0.630966099344939,9.72964333268702,-1.051810169481486
1759503507414951700,11.14595166015625,0.637135800955817,9.727282448774575,-1.0697810027189552
1759503507424934700,11.1559345703125,0.6439126016143709,9.724539872068165,-1.0904481623683124
1759503507434918700,11.165918701171876,0.6488045383743941,9.721526077204942,-1.1141665993470697
1759503507444901600,11.175901611328126,0.6516583203703165,9.718458506327867,-1.1389902941539882
1759503507454885600,11.1858857421875,0.6526194935526698,9.715762106850743,-1.1612269681423901
1759503507464868900,11.195868896484376,0.6505941982701421,9.713608143687248,-1.1802232719700783
1759503507474852900,11.205852783203126,0.6458567214194685,9.711799632960558,-1.1975817454628646
1759503507484835600,11.215835693359375,0.6391727136109024,9.709803490707278,-1.217197131036967
1759503507494819600,11.225819580078126,0.6334663186628371,9.707572955176234,-1.2377956824295222
1759503507504802800,11.235802734375,0.6306769071400166,9.705310270941258,-1.2568173398941755
1759503507514786800,11.245786865234376,0.6313903891716152,9.703507605433463,-1.270312635152787
1759503507524769800,11.255769775390625,0.6341203986573964,9.70243033159077,-1.2771537332192062
1759503507534753800,11.26575390625,0.6378120927821844,9.701920043981074,-1.279195322049409
1759503507544736500,11.275736572265625,0.6424803768541664,9.701617261642218,-1.279152651951462
1759503507554720800,11.285720703125,0.6482246926598251,9.70127414729297,-1.2788498696126043
1759503507564703700,11.295703857421875,0.6548083818990736,9.700850368922948,-1.278721859318763
1759503507574687700,11.305687744140625,0.6618738633058965,9.700362877666949,-1.2787760737240315
1759503507584670700,11.315670654296875,0.6700762397881597,9.699853174579143,-1.2783724613592027
1759503507594654700,11.32565478515625,0.6799754102509469,9.699286772868037,-1.2774326962910592
1759503507604637700,11.3356376953125,0.6916988735314458,9.698657827314733,-1.2759200997710227
1759503507614621700,11.34562158203125,0.704678401287645,9.69817910388708,-1.272446870702505
1759503507624604700,11.355604736328125,0.7165619505006819,9.698121236220002,-1.2662420247130095
1759503507634588700,11.365588623046875,0.7258438658479601,9.698431617343426,-1.2585508856885135
1759503507644572000,11.375572021484375,0.7326070763725787,9.698827338662744,-1.251565556845814
1759503507654556000,11.385555908203125,0.7385549519263207,9.699085697337985,-1.2460511773385108
1759503507664538600,11.39553857421875,0.7456305894009768,9.698973469135165,-1.2427061046943069
1759503507674522600,11.405522705078125,0.7546957201924175,9.698541507458685,-1.240598026499152
1759503507684505600,11.415505615234375,0.7654684586193412,9.69788275128901,-1.2391609794333576
1759503507694489600,11.425489501953125,0.777770306309685,9.697084294387698,-1.2377452674165368
1759503507704472800,11.435472900390625,0.7912630442850291,9.696341951587796,-1.2350104356251657
1759503507714456800,11.445456787109375,0.805763205737248,9.69577438083291,-1.2300842312693596
1759503507724439600,11.455439453125,0.820918762358278,9.695386842820048,-1.223085385357961
1759503507734423600,11.465423583984375,0.8360214197482914,9.695169985198975,-1.214549977529049
1759503507744406800,11.47540673828125,0.8499845517143607,9.695079968827962,-1.2055556469514965
1759503507754390800,11.485390869140625,0.862002029505372,9.695101011615991,-1.1968109802860767
1759503507764373800,11.495373779296875,0.8721260216999799,9.695222007647157,-1.1884551668077707
1759503507774357800,11.505357666015625,0.8816626424606889,9.695441787877678,-1.1796089394640177
1759503507784340700,11.5153408203125,0.8919766042694449,9.695915835130213,-1.1678954861208797
1759503507794324700,11.52532470703125,0.9029874623011798,9.696730074122547,-1.152568518455699
1759503507804307700,11.5353076171875,0.9143128661748021,9.697888011986016,-1.133748594108224
1759503507814291700,11.545291748046875,0.9255603094413876,9.699284434780479,-1.1124808382172138
1759503507824274700,11.555274658203125,0.9362150475118308,9.700671505224705,-1.0912740917984396
1759503507834258700,11.5652587890625,0.9461262006733566,9.701801970559359,-1.0724984449841082
1759503507844241700,11.57524169921875,0.9548085426922887,9.702591659632324,-1.0575764779232442
1759503507854225700,11.5852255859375,0.9606161329925059,9.703212421879172,-1.0465632818039505
1759503507864208600,11.595208740234375,0.9616525633681565,9.703920862409472,-1.039014400794357
1759503507874192600,11.605192626953125,0.9552098900347947,9.705113287064432,-1.0337972506679594
1759503507884176000,11.61517578125,0.9389723833959549,9.707097738879918,-1.0300501000288873
1759503507894160000,11.625159912109375,0.9137610044457017,9.70991104273498,-1.026190940382704
1759503507904142600,11.635142578125,0.881780862012878,9.713422850248216,-1.0209054011952132
1759503507914126600,11.645126708984375,0.8468050448954105,9.717247376972436,-1.014098351528868
1759503507924109800,11.65510986328125,0.813250858078897,9.720956168362498,-1.0060000930082051
1759503507934093800,11.66509375,0.7836793111577629,9.724166362580656,-0.9984153369676321
1759503507944076800,11.675076904296875,0.7580689229525626,9.726855163273214,-0.9919737596128135
1759503507954060800,11.685060791015625,0.7334578479830175,9.729295542162657,-0.9865207549039274
1759503507964043500,11.69504345703125,0.7078217408146709,9.731661686772107,-0.98189769821316
1759503507974027500,11.705027587890624,0.6813797240909188,9.73398866841495,-0.9775270088482647
1759503507984010800,11.7150107421875,0.6546693387545645,9.736271810916065,-0.9730297704942524
1759503507993994800,11.724994873046874,0.6270173617191612,9.738605222299695,-0.9678856125388294
1759503508003977700,11.734977783203124,0.599265577571094,9.741025727444887,-0.9610799511119723
1759503508013961700,11.744961669921874,0.5743975321657955,9.743411745798587,-0.9520494532424956
1759503508023944700,11.75494482421875,0.5540505809141323,9.745604871928691,-0.9415915529184042
1759503508033928700,11.7649287109375,0.5360785055676475,9.74758523209095,-0.9314433030653745
1759503508043911700,11.77491162109375,0.5178471216978505,9.749381467857956,-0.9229241157189011
1759503508053895700,11.784895751953124,0.4998015792563557,9.751132110917567,-0.9143326668538153
1759503508063878700,11.794878662109374,0.4825485388994217,9.752762342467904,-0.9061859660815447
1759503508073863000,11.80486279296875,0.4649069010837003,9.754013803833722,-0.901914937698841
1759503508083845600,11.814845703125,0.44528040959369386,9.754987617301941,-0.9012894992768764
1759503508093829600,11.82482958984375,0.4242928954161703,9.756122174289821,-0.8991403584189712
1759503508103812600,11.8348125,0.40636728955991563,9.757456053242088,-0.8929249179702251
1759503508113796600,11.844796630859374,0.39352523404564704,9.759347566077112,-0.8778835623133927
1759503508123779300,11.854779296875,0.38492311765607445,9.76183353767395,-0.8537111710220575
1759503508133763300,11.864763427734376,0.37944885096345093,9.764348735365271,-0.8269779893320053
1759503508143746300,11.874746337890626,0.3766563341680914,9.766342539530992,-0.8044212896090001
1759503508153730300,11.884730224609376,0.3759647717073559,9.767288295948505,-0.7931733348857611
1759503508163713500,11.894713623046876,0.3767428068751469,9.766939920902251,-0.797077794978395
1759503508173697500,11.904697509765626,0.37875228353403506,9.765722361806034,-0.8109249724145978
1759503508183680300,11.91468017578125,0.38101021852865813,9.764411863729357,-0.8255258908275515
1759503508193664300,11.924664306640626,0.3819316076898947,9.763584180733561,-0.8348221269611269
1759503508203647500,11.9346474609375,0.3819903156071901,9.763354463630915,-0.8374922229532152
1759503508213631500,11.944631591796876,0.38207985705416647,9.763466107311844,-0.8361529371734708
1759503508223614500,11.954614501953126,0.3822501355871558,9.763862413153051,-0.8314311693485825
1759503508233598500,11.964598388671876,0.3811375712353736,9.764584882208704,-0.823412332739681
1759503508243581200,11.974581298828125,0.3780269649341702,9.765593766990303,-0.8127953693963587
1759503508253565200,11.984565185546876,0.3734853029165417,9.76677800833881,-0.8005944978624582
1759503508263548400,11.99454833984375,0.368467767015472,9.768017194744944,-0.7877039635639638
1759503508273532400,12.004532470703126,0.36362164215855297,9.76921721818447,-0.7749775337859988
1759503508283515400,12.014515380859375,0.35932043783329426,9.770338915690779,-0.7627202558897436
1759503508293499400,12.02449951171875,0.3561823224706575,9.771339032644033,-0.7513068084064871
1759503508303482400,12.034482421875,0.3552387214776128,9.772228674960136,-0.7401087572395801
1759503508313466400,12.04446630859375,0.35768322855290025,9.772956989234686,-0.7292251057840883
1759503508323449300,12.054449462890625,0.3638798181707039,9.77352689807713,-0.7184505407262594
1759503508333432300,12.064432373046875,0.37302148479707536,9.773960028797388,-0.7077911995459347
1759503508343416600,12.07441650390625,0.3850126591030508,9.774244106435775,-0.6973627445120364
1759503508353399600,12.084399658203125,0.39836299293301997,9.774475577104091,-0.6865151872832328
1759503508363383300,12.09438330078125,0.4118115264404565,9.774667300283909,-0.6757786161482334
1759503508373366300,12.1043662109375,0.4244131607949733,9.77485084015727,-0.6652217854943127
1759503508383350300,12.114350341796875,0.4371745888210833,9.774958392184972,-0.6553243685971946
1759503508393333500,12.12433349609375,0.4516122794963419,9.774867206770182,-0.6468254933863878
1759503508403317500,12.1343173828125,0.4674151575775817,9.774505972242356,-0.6410451564192772
1759503508413300500,12.144300537109375,0.4833351226998493,9.773874104079603,-0.6388620402265339
1759503508423284200,12.1542841796875,0.4970145058210939,9.773186706337333,-0.6389077059991657
1759503508433267500,12.164267333984375,0.50576406785734,9.772768773186206,-0.6384388463784009
1759503508443251500,12.17425146484375,0.5081878974707796,9.772762927967308,-0.6366022786010056
1759503508453234400,12.184234375,0.5038192173998802,9.773132345801592,-0.6343578606750816
1759503508463218400,12.194218505859375,0.49262098356988276,9.773758368745446,-0.6335036549985409
1759503508473201400,12.204201416015625,0.47486068781055507,9.774635151579975,-0.6335790583223104
1759503508483185400,12.214185302734375,0.4501595599373802,9.775860893982648,-0.6326835707873105
1759503508493168400,12.22416845703125,0.41857762304190543,9.777439103084802,-0.6299803031779825
1759503508503152400,12.23415234375,0.3811780128436163,9.779239430505037,-0.6257359436064959
1759503508513135400,12.24413525390625,0.33972262444850054,9.78109821011424,-0.6205532072063535
1759503508523119400,12.254119384765625,0.2972219647841528,9.782861712655425,-0.6145513364430517
1759503508533102600,12.2641025390625,0.2549367927676998,9.784429984885454,-0.6085712391201407
1759503508543086300,12.27408642578125,0.2123555056151934,9.785756265053152,-0.603561667329818
1759503508553069300,12.2840693359375,0.16888643931010738,9.786890237519144,-0.5988659107290208
1759503508563053300,12.29405322265625,0.12496242317860014,9.787916657957433,-0.5928302107613533
1759503508573036500,12.30403662109375,0.0823915204227902,9.78874550999701,-0.5865684469528496
1759503508583020500,12.3140205078125,0.042553842023154716,9.78926573447883,-0.5821115040766075
1759503508593003500,12.32400341796875,0.006434733197145396,9.789515909847617,-0.5794159083170816
1759503508602987300,12.3339873046875,-0.025968088202225043,9.789541628810763,-0.5784527258407324
1759503508612970200,12.34397021484375,-0.05448300677647348,9.789317172405124,-0.5802496922601014
1759503508622954500,12.35395458984375,-0.07922078143218532,9.788798116967081,-0.5861031309960409
1759503508632937500,12.3639375,-0.0998727252461016,9.787983877974748,-0.5964868335727602
1759503508642921500,12.37392138671875,-0.11686522410386241,9.786948105186223,-0.610238405147381
1759503508652904400,12.383904541015625,-0.13047779819974675,9.785752173399924,-0.6264220992397517
1759503508662888200,12.39388818359375,-0.1410160794168245,9.78449194420576,-0.643598274968192
1759503508672871400,12.403871337890624,-0.14902750903740525,9.783220609095691,-0.6608992461200803
1759503508682855400,12.41385546875,-0.15474080865029244,9.78184522908926,-0.6796708743464202
1759503508692838400,12.42383837890625,-0.15842430120231582,9.78025766763687,-0.701317692682892
1759503508702822400,12.433822509765625,-0.16006887180525808,9.778446818822621,-0.725757210477814
1759503508712805600,12.4438056640625,-0.15971107134353368,9.776564658337831,-0.7507656142018735
1759503508722789400,12.453789306640624,-0.15730841238228604,9.774818691453337,-0.7736580486852676
1759503508732772400,12.4637724609375,-0.15455283006383105,9.773307117846608,-0.7930887984074652
1759503508742756400,12.47375634765625,-0.15322644029827787,9.77197791506946,-0.8095384864922612
1759503508752739300,12.4837392578125,-0.15397994381301103,9.770868492522835,-0.8226864296179265
1759503508762723300,12.493723388671874,-0.1556368441745639,9.769773098501563,-0.8352877717114985
1759503508772706600,12.50370654296875,-0.155626834237203,9.768611653506754,-0.8487452922429889
1759503508782690300,12.513690185546874,-0.15066059013195335,9.76782196443379,-0.8586859637599438
1759503508792673300,12.52367333984375,-0.14155158366616816,9.767308754214644,-0.8660435599811375
1759503508802657300,12.5336572265625,-0.12990686644399538,9.766747028678655,-0.8741508055258542
1759503508812640500,12.543640625,-0.1159033476686105,9.766007023966312,-0.8843476437609642
1759503508822624500,12.55362451171875,-0.09925612771771848,9.76520739802122,-0.8951147561646997
1759503508832607500,12.563607421875,-0.0809944948401302,9.764541043066977,-0.9041831748917698
1759503508842591200,12.57359130859375,-0.06179539844933897,9.76408686955869,-0.9105904846508055
1759503508852574500,12.583574462890626,-0.041173228719178584,9.764000944840907,-0.9126749627746641
1759503508862558500,12.593558349609374,-0.017177286548359552,9.764192668020724,-0.9114041391212493
1759503508872541400,12.60354150390625,0.009173037870525149,9.76447966826856,-0.9084300917465239
1759503508882525400,12.613525390625,0.03603557356977835,9.764807585048676,-0.9042086015939712
1759503508892508400,12.62350830078125,0.060896047589974474,9.76520973610878,-0.8985422463953494
1759503508902492200,12.6334921875,0.08213468698435462,9.76569430475533,-0.8915501224856823
1759503508912475400,12.643475341796876,0.10020119001548737,9.766154908004403,-0.8846306254208087
1759503508922459400,12.65345947265625,0.11751955069359392,9.76647581052184,-0.8789400856290012
1759503508932442400,12.6634423828125,0.13502322307704015,9.766633046910167,-0.8746758523132652
1759503508942426400,12.67342626953125,0.1527368849493563,9.766614342209696,-0.8719578985914588
1759503508952409600,12.68340966796875,0.17111701137376947,9.766434309467673,-0.8705714126691222
1759503508962392300,12.693392333984375,0.19089538722354918,9.766144386610389,-0.869695579682663
1759503508972376300,12.703376220703126,0.21194844091795384,9.765848618534207,-0.8681410437170416
1759503508982359300,12.713359375,0.23404000734724104,9.765532976713777,-0.8660176218222826
1759503508992343600,12.723343505859376,0.256487072683312,9.765210905152559,-0.8632967454910278
1759503509002326500,12.733326416015625,0.2781420195273124,9.764956638130545,-0.8594473035212605
1759503509012310500,12.743310546875,0.29791750930026173,9.764745625728368,-0.8552218678459524
1759503509022293200,12.753293212890625,0.3152789784677327,9.764583713164924,-0.850833423628658
1759503509032277200,12.76327734375,0.33018085258863866,9.764507725319266,-0.8460250004336237
1759503509042260500,12.773260498046875,0.34360363060031085,9.764615277346968,-0.8394097470123321
1759503509052244500,12.783244384765625,0.35672530677355824,9.764882988372445,-0.8307743859402835
1759503509062227500,12.7932275390625,0.3701145843744278,9.765333070227504,-0.8195545613329858
1759503509072211500,12.80321142578125,0.38312136546373365,9.765928698033093,-0.8063619753479957
1759503509082194400,12.8131943359375,0.39538174863252784,9.76655355193317,-0.7927741795003413
1759503509092178400,12.823178466796875,0.4066857809245586,9.767197695055604,-0.778995756451413
1759503509102161400,12.833161376953125,0.4161437104258686,9.767870479750632,-0.7654588140081614
1759503509112145400,12.8431455078125,0.4220614100370556,9.768557877492904,-0.753325600882992
1759503509122128600,12.853128662109375,0.42259120606482026,9.769366855788231,-0.742469568086788
1759503509132112600,12.863112548828125,0.4169814398916438,9.77033716212511,-0.7328107822511345
1759503509142096000,12.873095947265625,0.4061279643787071,9.771430218058825,-0.7242720864865928
1759503509152080000,12.883079833984375,0.39039921097960323,9.772692785340547,-0.715869876583293
1759503509162062800,12.893062744140625,0.3704313952386379,9.774063489171862,-0.707717476722598
1759503509172046600,12.903046630859375,0.3477584487248212,9.775412565693259,-0.7005583987481891
1759503509182029800,12.91302978515625,0.3246204785151407,9.776599145129323,-0.6950674731817096
1759503509192013800,12.923013916015625,0.3017507855865173,9.777533795630932,-0.6922049964226782
1759503509201996800,12.932996826171875,0.27708545967908577,9.77824340520501,-0.6925024449992925
1759503509211980800,12.942980712890625,0.24924475513854993,9.778850723448395,-0.6945076473418623
1759503509221963800,12.9529638671875,0.21748603690406307,9.779514155793189,-0.6958402841851115
1759503509231947800,12.96294775390625,0.18195265896907076,9.780248899808525,-0.6957123469565063
1759503509241930800,12.9729306640625,0.14389558037589303,9.780958509382605,-0.6946529740966856
1759503509251914800,12.982914794921875,0.10563704266017303,9.781503283783794,-0.6938362508863211
1759503509261897700,12.992897705078125,0.06958658661509398,9.781865687355399,-0.6932727717846632
1759503509271881700,13.0028818359375,0.03568383067279356,9.782184836307167,-0.6913485987890511
1759503509281865000,13.012864990234375,0.0021577023340403683,9.78251333760917,-0.6876035670418292
1759503509291848700,13.0228486328125,-0.031623679978237486,9.782916657713056,-0.681109090455994
1759503509301831700,13.032831787109375,-0.06398451512460597,9.783363816958666,-0.6723582863107324
1759503509311815700,13.042815673828125,-0.0935218675151933,9.78376596801877,-0.662996583725512
1759503509321799000,13.052798828125,-0.11899908519424497,9.784091546711325,-0.6540385665703564
1759503509331783000,13.062782958984375,-0.13869940910544246,9.78441654088199,-0.6452451653923839
1759503509341766000,13.072765869140625,-0.15133332916120998,9.784804078894853,-0.6364666695225983
1759503509351749600,13.08274951171875,-0.1585312139092013,9.785099846971034,-0.6301467457860708
1759503509361732600,13.092732666015625,-0.16455756152663378,9.785166482466458,-0.6275698810353875
1759503509371716900,13.102716796875,-0.17351287526804954,9.785100431492925,-0.6261762347199022
1759503509381699800,13.112699951171875,-0.18573868031380697,9.78516589794457,-0.6216481628362089
1759503509391683800,13.122683837890625,-0.19813299206057564,9.785605458405612,-0.6107963312910869
1759503509401666800,13.132666748046875,-0.20459533820878714,9.7865073756814,-0.5939678364891559
1759503509411650600,13.142650634765625,-0.20022072158744558,9.787712659817933,-0.5753130395755172
1759503509421633800,13.1526337890625,-0.18601687620067966,9.789048876857757,-0.5570770525958388
1759503509431616800,13.16261669921875,-0.16371535681514068,9.790269358563423,-0.5423992330217734
1759503509441600800,13.172600830078125,-0.13661176177696324,9.791321497964859,-0.5307962908484042
1759503509451583700,13.182583740234374,-0.10875725703993812,9.792087221640347,-0.5230458593847229
1759503509461568000,13.192568115234375,-0.08210202682376838,9.79249463339746,-0.5202877928482368
1759503509471550700,13.20255078125,-0.05737948626980651,9.792681095880269,-0.5201072121169418
1759503509481534700,13.21253466796875,-0.034175474219745955,9.792688110142945,-0.5220004785176366
1759503509491517700,13.222517578125,-0.011137190108431968,9.792543733236194,-0.5257155900506303
1759503509501501700,13.232501708984374,0.011803937788319308,9.792413969376682,-0.5280831594321876
1759503509511485000,13.24248486328125,0.034727292566362304,9.792395264676212,-0.527413333879225
1759503509521469000,13.252468994140624,0.058433118942007416,9.792434427642823,-0.5245912621958181
1759503509531451600,13.26245166015625,0.08439022909249179,9.79243735025227,-0.5209818395270034
1759503509541435600,13.272435546875,0.11112322811945341,9.792353179100155,-0.5175582948191091
1759503509551419000,13.2824189453125,0.13486890016500838,9.7921976962775,-0.5148215998642146
1759503509561403000,13.29240283203125,0.15329260086966678,9.791996620747446,-0.5135038317965344
1759503509571385900,13.3023857421875,0.1668598105870187,9.791765150079131,-0.5136984045205637
1759503509581369900,13.312369873046874,0.1770626584378071,9.79154478532672,-0.5144940118776634
1759503509591352600,13.3223525390625,0.18544848346188664,9.79130279326439,-0.5161076210867613
1759503509601336800,13.3323369140625,0.19321844160994514,9.791043265545367,-0.5181832583170384
1759503509611319800,13.34231982421875,0.2007295661587268,9.790810041311383,-0.5197411918161436
1759503509621303800,13.3523037109375,0.2085679316341877,9.790622994306682,-0.5201975207488984
1759503509631286800,13.362286865234376,0.21833458002479747,9.790454067480564,-0.5193717739818617
1759503509641270800,13.372270751953126,0.22995704888254404,9.790297415614127,-0.5172722809519619
1759503509651253800,13.382253662109376,0.24289370561139656,9.790167067232728,-0.5138060661461203
1759503509661237800,13.39223779296875,0.25653485734779385,9.790020352238416,-0.5100013401009142
1759503509671220700,13.402220703125,0.2707040698125958,9.789857270631193,-0.505784526123479
1759503509681204700,13.412204833984376,0.2851231471189298,9.789672561714053,-0.5014137636933476
1759503509691188000,13.42218798828125,0.29982703271601346,9.789475577837228,-0.49666298896968364
1759503509701172000,13.432171875,0.3148732106784358,9.789327109277247,-0.49024165068529546
1759503509711154700,13.44215478515625,0.33088348443266,9.78921137394309,-0.48194965969081965
1759503509721138700,13.452138671875,0.34812282505780456,9.78908161008358,-0.4723090305663645
1759503509731121700,13.46212158203125,0.36557840224951504,9.788941909351944,-0.4618751321723684
1759503509741106000,13.47210595703125,0.38123460186906155,9.788814483579992,-0.45182310923542823
1759503509751089000,13.4820888671875,0.39307909771334376,9.788709269639849,-0.44388395026661454
1759503509761073000,13.492072998046876,0.4005224359892309,9.78867010667324,-0.4380575822006911
1759503509771055600,13.5020556640625,0.40345052533037956,9.788767137306928,-0.43318745541367676
1759503509781039600,13.51203955078125,0.4020497551543638,9.78904478520453,-0.4281772991014644
1759503509791022800,13.52202294921875,0.3968909841516986,9.789534030026196,-0.42177831877935673
1759503509801006800,13.5320068359375,0.3884489171620458,9.790227857509255,-0.41344698215518144
1759503509810989800,13.54198974609375,0.37745194152519107,9.791064892855285,-0.4036943440236151
1759503509820973800,13.551973876953125,0.36500012743752447,9.791940506646036,-0.3937670799775049
1759503509830956800,13.561956787109375,0.35238040943704546,9.792751823028922,-0.3849813871819526
1759503509840939800,13.571939697265625,0.33994550995156164,9.79344331242442,-0.3785109855914488
1759503509850923800,13.581923828125,0.327648922958225,9.793988671347499,-0.37525925378650427
1759503509860906800,13.59190673828125,0.31604397149085994,9.794365687966346,-0.37537597550135104
1759503509870890800,13.601890869140625,0.30491018119920044,9.794645673951505,-0.3772661000968888
1759503509880873700,13.611873779296875,0.29344664749652144,9.794925075414776,-0.3790775334330275
1759503509890857700,13.621857666015625,0.2806563404357992,9.795292739683388,-0.37931495891809464
1759503509900840700,13.6318408203125,0.2664828171220608,9.79570248952806,-0.3789086796721443
1759503509910824700,13.64182470703125,0.2510529553379863,9.796125683376193,-0.3784934499347582
1759503509920808000,13.651807861328125,0.23445578507389872,9.796493347644805,-0.37961485518012195
1759503509930792000,13.6617919921875,0.21694157303012906,9.796780932414531,-0.3826240104008466
1759503509940774700,13.671774658203125,0.19759978023301808,9.797010649517178,-0.38721499145291743
1759503509950758700,13.681758544921875,0.17669420871790498,9.797216985744237,-0.3920552710909396
1759503509960741600,13.69174169921875,0.15594907019520177,9.797420983883738,-0.39575061847753823
1759503509970726000,13.701725830078125,0.13736053431765174,9.797655377161503,-0.39685675308853385
1759503509980708900,13.711708984375,0.12158145723710767,9.797912566792965,-0.3956354311326518
1759503509990692900,13.72169287109375,0.10805920090633443,9.798072725790739,-0.395552648220025
1759503510000675600,13.731675537109375,0.09653601857144385,9.79803239378035,-0.3995209673291072
1759503510010659600,13.74165966796875,0.08657501665251328,9.797844177731871,-0.40638164687883105
1759503510020642800,13.751642822265625,0.07688094030776992,9.79754724061191,-0.415417076651752
1759503510030626800,13.761626708984375,0.06552460243976675,9.79713807528913,-0.42684561210628597
1759503510040609800,13.77160986328125,0.05183145108807366,9.796603822281956,-0.4407636262889951
1759503510050593800,13.78159375,0.03637582467508037,9.79586790922284,-0.45829340122807766
1759503510060576800,13.79157666015625,0.020492109043127857,9.794873052966594,-0.48001898388918485
1759503510070560800,13.801560791015625,0.005610100674960995,9.793570738196372,-0.5062948137331754
1759503510080543700,13.811543701171875,-0.007873623447687715,9.792028184929489,-0.5352936022676528
1759503510090527700,13.82152783203125,-0.019610572401667012,9.790433609214425,-0.5633925193529575
1759503510100510700,13.8315107421875,-0.03237060533842304,9.788737326690555,-0.591571004480496
1759503510110495000,13.841494873046875,-0.05009869074502494,9.786858088815212,-0.6207194306187331
1759503510120478200,13.851478271484375,-0.07328979764773975,9.784877728652953,-0.6489817215722054
1759503510130462200,13.861462158203125,-0.0992373864846304,9.78302070260942,-0.6730711838204413
1759503510140445200,13.871445068359375,-0.12492572616371325,9.781403915062546,-0.6920476869691163
1759503510150429200,13.88142919921875,-0.14806023490782827,9.780031457665562,-0.7067379641659557
1759503510160412200,13.891412109375,-0.16571557245533913,9.778772982037067,-0.7201102906320244
1759503510170395100,13.90139501953125,-0.17317794422525912,9.77776059012413,-0.7319792267978191
1759503510180379100,13.911379150390625,-0.16774475846169515,9.77748177318275,-0.7369497817520052
1759503510190362000,13.921362060546874,-0.15174973707553,9.77764719287753,-0.7382142487298696
1759503510200346000,13.93134619140625,-0.1284011563224718,9.777898537290096,-0.7393186297751962
1759503510210329000,13.9413291015625,-0.09996052226056344,9.778117732998728,-0.7408119370728731
1759503510220313000,13.95131298828125,-0.06815825714529491,9.778380183327197,-0.7409629629161208
1759503510230296000,13.961296142578124,-0.033414018010708965,9.778678874012828,-0.7393890646629036
1759503510240280000,13.971280029296874,0.004763253181446634,9.778946585038303,-0.7365901546593755
1759503510250263300,13.98126318359375,0.04660318591261748,9.779024910971522,-0.7340867935363203
1759503510260247300,13.991247314453124,0.09208440032429062,9.778801039087773,-0.732771107827872
1759503510270230000,14.00122998046875,0.14072823891877195,9.778276138430833,-0.7320561644915491
1759503510280214000,14.011214111328124,0.19139698007013647,9.777443779259919,-0.731674910089001
1759503510290197200,14.021197265625,0.24173094544233753,9.776394562467932,-0.7307953507754952
1759503510300181200,14.03118115234375,0.29037286607436835,9.775123811879753,-0.7300988198786974
1759503510310164200,14.041164306640624,0.33721473328080026,9.773501763635874,-0.7316643156297504
1759503510320148200,14.051148193359374,0.3828986991563812,9.771483409550786,-0.7361305012583732
1759503510330131000,14.061130859375,0.4278637761728838,9.769033093789218,-0.7438420985490083
1759503510340115000,14.071114990234374,0.471951193572022,9.766117498603462,-0.7553774188462644
1759503510350098200,14.08109814453125,0.5148955784158781,9.762873986637592,-0.7691388907603919
1759503510360082200,14.091082275390624,0.5564260413412004,9.759474991849064,-0.7832230187576263
1759503510370065200,14.101065185546876,0.595871953077428,9.756001178258657,-0.7973561735283583
1759503510380049200,14.111049072265626,0.6332073754657059,9.752503983792662,-0.8112485052805394
1759503510390032100,14.1210322265625,0.6675757282093167,9.749103235438465,-0.8244528547685593
1759503510400016100,14.13101611328125,0.6984842958878725,9.745856800863146,-0.837127554359287
1759503510409999000,14.1409990234375,0.7260626231651752,9.742764095544814,-0.8495609925400466
1759503510419983000,14.150983154296876,0.7517253991447389,9.73984323966205,-0.8606719499453902
1759503510429966300,14.16096630859375,0.777049079363048,9.736959208658337,-0.8707690541330725
1759503510439950300,14.170950439453126,0.8027800252079963,9.73393430787921,-0.8811658719196915
1759503510449933000,14.18093310546875,0.8289698938015848,9.730672091212869,-0.8928663927160203
1759503510459917000,14.1909169921875,0.8552701639670878,9.727240947720407,-0.9053581369552761
1759503510469900000,14.200900146484376,0.8808173507429659,9.723772979348897,-0.9180275027837603
1759503510479884000,14.210884033203126,0.9046436320103705,9.720392689260839,-0.9305887320626527
1759503510489867300,14.2208671875,0.9251984903916716,9.717419226408005,-0.9413572327058761
1759503510499850000,14.23085009765625,0.9436891827847808,9.714961896383763,-0.9483575399219989
1759503510509834000,14.240833984375,0.9601434009142219,9.713028882494568,-0.951610477303341
1759503510519817200,14.250817138671875,0.9728851743917911,9.711409756860137,-0.9551826367016881
1759503510529801200,14.26080126953125,0.980234514241293,9.70991279630065,-0.9628796209450811
1759503510539784200,14.2707841796875,0.9824304899156093,9.708415251219272,-0.9756574155841022
1759503510549768200,14.280768310546875,0.9802516115065664,9.706709616345167,-0.9946304116014391
1759503510559751000,14.2907509765625,0.9754131584994494,9.704743284708261,-1.0182862316727637
1759503510569735200,14.300735107421875,0.9667007136031984,9.70297101433873,-1.0431779502145946
1759503510579718100,14.31071826171875,0.9505518350958824,9.701869775098562,-1.0679753415364772
1759503510589702100,14.3207021484375,0.92669099397175,9.701087684810162,-1.0956903738707304
1759503510599685000,14.33068505859375,0.9101634914103894,9.7003827514112,-1.1155939287364482
1759503510609669000,14.340669189453125,0.8966017798520625,9.700501409354805,-1.1255156763572245
1759503510619652000,14.350652099609375,0.8856341033749282,9.700690209925174,-1.1325398759055882
1759503510629636000,14.360635986328125,0.8780848570391535,9.700225515022874,-1.14235122195445
1759503510639619000,14.370619140625,0.8739786638293415,9.698843120753764,-1.157139041241631
1759503510649603000,14.38060302734375,0.8717590150184928,9.696792033442854,-1.1758677071090786
1759503510659586300,14.39058642578125,0.869051290429756,9.6946357321918,-1.1954707446582615
1759503510669570300,14.4005703125,0.8641496359933167,9.692836573815345,-1.2134929427567869
1759503510679553000,14.410552978515625,0.8579922824073583,9.691534259045124,-1.228180005083233
1759503510689537000,14.420537109375,0.852752043666318,9.69058850262761,-1.2392267381459474
1759503510699520000,14.43052001953125,0.8508743401609361,9.689728086405992,-1.2472279660329222
1759503510709504000,14.44050390625,0.8545371735174209,9.688749596762657,-1.252323535606265
1759503510719487200,14.4504873046875,0.8654636412013321,9.687496381831169,-1.254510816517472
1759503510729471200,14.46047119140625,0.8833359825003891,9.68581588139832,-1.2550224193014203
1759503510739454000,14.470453857421875,0.9060115593627095,9.683256260043382,-1.2586105069212614
1759503510749438000,14.48043798828125,0.9321779740154743,9.679593645882607,-1.2676445849873126
1759503510759421200,14.490421142578125,0.9666266254536807,9.675180505615472,-1.2755059660121797
1759503510769405200,14.5004052734375,1.008121688272059,9.670660982364415,-1.277642978040874
1759503510779388200,14.51038818359375,1.0517569049242883,9.666448917627333,-1.2743420367993414
1759503510789371100,14.52037109375,1.0946111272666603,9.6623531727463,-1.2693000971093773
1759503510799355100,14.530355224609375,1.135268424086645,9.6581931304574,-1.2652524291537701
1759503510809338000,14.540338134765625,1.172859538269043,9.654045363128185,-1.2626263184338806
1759503510819322000,14.550322021484375,1.2049575349278747,9.650421911934018,-1.2600941696077586
1759503510829305000,14.56030517578125,1.2288733941748737,9.647405778983234,-1.2600918315201997
1759503510839289000,14.5702890625,1.246605157959461,9.64473042229414,-1.263150780699402
1759503510849272300,14.580272216796875,1.2616266398720442,9.642173139026761,-1.2677503834493458
1759503510859256000,14.590256103515625,1.276323273744434,9.639629299762845,-1.2723669373340905
1759503510869239000,14.600239013671874,1.291651045127213,9.63714040555656,-1.275759356251359
1759503510879223000,14.61022314453125,1.3088869882188736,9.634815762001276,-1.275754533945769
1759503510889206300,14.620206298828125,1.3281111825183034,9.63245604713261,-1.273698332068324
1759503510899190300,14.630190185546875,1.3491506095461547,9.629653264671564,-1.2727755181349814
1759503510909173200,14.64017333984375,1.3719514932885766,9.626276481714845,-1.2739493842199443
1759503510919157200,14.6501572265625,1.396151722434908,9.622570028412342,-1.2756485893532632
1759503510929140000,14.660139892578124,1.4203459602318704,9.618969958093762,-1.2760953102074564
1759503510939124200,14.670124267578124,1.4428556059427557,9.615953825142979,-1.2735679836869238
1759503510949107200,14.680107177734374,1.4635525031432508,9.613578328183292,-1.2678681646101175
1759503510959091200,14.69009130859375,1.4830283341161905,9.61156874192655,-1.2604542350918053
1759503510969074200,14.70007421875,1.5021050827689468,9.609560909235476,-1.2531566254295408
1759503510979058200,14.71005810546875,1.5206106074050068,9.607193595582245,-1.2489751019611954
1759503510989041200,14.720041259765624,1.5370722051233052,9.604527006721495,-1.2493427662298082
1759503510999025200,14.730025146484374,1.5504915125362575,9.601953941363096,-1.2525341096170246
1759503511009008000,14.740008056640624,1.5605628246955572,9.599787118718028,-1.256630439019948
1759503511018992000,14.7499921875,1.5684823656484483,9.598322306862473,-1.257962272145599
1759503511028975400,14.759975341796874,1.5752840084873139,9.597553660577535,-1.2553173105947673
1759503511038958000,14.7699580078125,1.5811515853464602,9.597366029050946,-1.2493642474092543
1759503511048942000,14.779942138671874,1.5865318170800804,9.597371874269843,-1.2424752185478807
1759503511058925000,14.789925048828126,1.592045612065494,9.596962708947062,-1.2385844947196543
1759503511068909000,14.799908935546876,1.597774803367257,9.595783143773675,-1.2403531118273734
1759503511078892300,14.809892333984376,1.6035471031583846,9.594068741071224,-1.246148646363616
1759503511088876300,14.819876220703126,1.6091294333353638,9.592569442424178,-1.250479807435721
1759503511098859000,14.82985888671875,1.615238856126368,9.591900164860487,-1.2477249557696282
1759503511108843000,14.839843017578126,1.6217140434898436,9.592277181479334,-1.236384354326874
1759503511118826000,14.849825927734376,1.627070163695514,9.593601708081364,-1.2189485047489403
1759503511128810000,14.85981005859375,1.6325355894945561,9.5949542917341,-1.200854264327511
1759503511138793000,14.86979296875,1.6392019155159592,9.595467501953244,-1.1875953351080417
1759503511148777000,14.87977685546875,1.6472705095507203,9.594832126659155,-1.1815635075978934
1759503511158760200,14.88976025390625,1.6565740522079169,9.593369652891159,-1.1804226669996976
1759503511168744200,14.899744140625,1.665395656567067,9.591731822556257,-1.1813192505132406
1759503511178727000,14.909726806640625,1.672572562459111,9.590338906893134,-1.1824913630325347
1759503511188711000,14.9197109375,1.6777078795209526,9.58958019748032,-1.1813646240249276
1759503511198694000,14.92969384765625,1.6815721537336705,9.58965560080409,-1.175254762842506
1759503511208678000,14.939677978515626,1.6842967563919722,9.590447043442726,-1.1648426013562827
1759503511218661000,14.9496611328125,1.6860243108369408,9.591566402861476,-1.1530663849752396
1759503511228645000,14.95964501953125,1.6873592127025125,9.592458383265138,-1.143649810397625
1759503511238627800,14.9696279296875,1.6877973118588327,9.592836568927764,-1.1398284254785627
1759503511248611800,14.97961181640625,1.6871335872530937,9.592821371358632,-1.1409469811797142
1759503511258595000,14.989594970703125,1.6846721655756234,9.59273310855329,-1.145310217890516
1759503511268578000,14.999578125,1.6817760057426987,9.592634324353932,-1.1503777304131537
1759503511278562000,15.00956201171875,1.6795346565566955,9.592610943478345,-1.153843872153759
1759503511288545000,15.019544921875,1.6786952831231057,9.592608605390787,-1.1550843737341463
1759503511298529000,15.029529052734375,1.6800269701182842,9.592630817222595,-1.1529575908385217
1759503511308512000,15.039511962890625,1.6835681498564778,9.592623218438028,-1.1478528150454164
1759503511318496000,15.04949609375,1.6880463181838392,9.592555998420714,-1.141826832754165
1759503511328479000,15.05947900390625,1.6929618550151586,9.592145664054154,-1.137994195788726
1759503511338463000,15.069462890625,1.6983093535229563,9.591290508529543,-1.137215393435955
1759503511348446200,15.0794462890625,1.7039830152451991,9.590174071720241,-1.138154281721264
1759503511358430000,15.089429931640625,1.708767034651339,9.589221885561942,-1.139004030418396
1759503511368413000,15.099412841796875,1.7124938000895082,9.58857189722061,-1.1388767507769166
1759503511378397000,15.10939697265625,1.7159449634566901,9.588133505803347,-1.1373701456062495
1759503511388380200,15.119380126953125,1.7198697356849908,9.587710311955213,-1.1350153261084108
1759503511398364200,15.1293642578125,1.7245466414548456,9.587050386741756,-1.1334950577385723
1759503511408347100,15.13934716796875,1.730332823640853,9.586164836078881,-1.1321548221107571
1759503511418331000,15.149330810546875,1.7361682517960666,9.585380407702923,-1.129854217018187
1759503511428313900,15.15931396484375,1.741011307913065,9.584660276734828,-1.1285200458049773
1759503511438298000,15.169298095703125,1.7446037794470786,9.583889876884221,-1.1295085453856735
1759503511448281000,15.179281005859375,1.7466314858824015,9.583149287649988,-1.1326579493273048
1759503511458265000,15.18926513671875,1.7471446961015462,9.582591069245337,-1.1365834522079676
1759503511468248000,15.199248046875,1.7470812754765153,9.582266659596561,-1.1394017975643276
1759503511478231800,15.209231689453125,1.7476615595825016,9.582239771589636,-1.1387473522435874
1759503511488215000,15.219215087890625,1.7490579823769627,9.582429741203784,-1.134992895080894
1759503511498199000,15.229198974609375,1.7506991737127302,9.582778700771927,-1.1295220624543725
1759503511508182000,15.23918212890625,1.7516075207293031,9.583416998675466,-1.1226740231905132
1759503511518165000,15.2491650390625,1.751085834942758,9.584232406711578,-1.116496649729833
1759503511528149200,15.259149169921875,1.748981117748469,9.585069442057609,-1.1126058528363705
1759503511538132000,15.269132080078125,1.7467174106001853,9.585677929344772,-1.1109207492936402
1759503511548116000,15.279115966796875,1.7458683925554155,9.585631752115487,-1.1126574368931352
1759503511558099000,15.289098876953124,1.7465524292968213,9.585082886061072,-1.116307776094228
1759503511568083000,15.2990830078125,1.748138237183541,9.58439782640636,-1.1196893813565372
1759503511578066200,15.309066162109374,1.7499119688577949,9.583073884326218,-1.128223254815489
1759503511588050200,15.31905029296875,1.762451278565824,9.579150573402643,-1.1419397185441107
1759503511598033000,15.329032958984374,1.7752205976374447,9.575714753735065,-1.1509282769680023
1759503511608017000,15.339016845703124,1.7806451069042086,9.574621697801351,-1.1516565181773155
1759503511618000100,15.349000244140624,1.7809873444706201,9.574902268308401,-1.1487903881564736
1759503511627984100,15.358984130859374,1.781039366918802,9.574946107450128,-1.1483367991700768
1759503511637967000,15.368967041015624,1.7833751163899898,9.574068740093708,-1.1520288586210459
1759503511647951000,15.378951171875,1.7874084635592995,9.572673486343026,-1.1573646666910498
1759503511657933800,15.388933837890624,1.7913493101395666,9.571333762171864,-1.1623377058632671
1759503511667918000,15.39891796875,1.7945539513997733,9.570380991491675,-1.1652399301107972
1759503511677901000,15.408901123046874,1.7969060674838722,9.569992868956923,-1.1647970086488872
1759503511687885000,15.418885009765624,1.7982699031829832,9.570206219446659,-1.160935145588964
1759503511697868000,15.428867919921874,1.7983888533875345,9.570896539798378,-1.1550492293555288
1759503511707852000,15.43885205078125,1.797777005099505,9.571682721740007,-1.149466753048077
1759503511717835000,15.4488349609375,1.7972769466228782,9.572150923773647,-1.14634657520093
1759503511727818000,15.45881787109375,1.797042261084169,9.572170797517895,-1.1465454587738961
1759503511737802000,15.468802001953126,1.79697051102221,9.571889642488955,-1.1489948977526276
1759503511747785200,15.47878515625,1.796354278820008,9.571680968174338,-1.15170386445038
1759503511757769200,15.488769287109376,1.7941170212872326,9.571860416394472,-1.153702198660746
1759503511767752000,15.498751953125,1.79039186328426,9.5724992988199,-1.154177268826589
1759503511777736000,15.50873583984375,1.786644055058062,9.573323474684358,-1.153147341256961
1759503511787719000,15.518718994140626,1.783652472026646,9.574168693336844,-1.1507626380775122
1759503511797703000,15.528702880859376,1.7816718196034431,9.574926233705877,-1.1475246790695934
1759503511807686100,15.53868603515625,1.7809011274918913,9.575420739224553,-1.1446003891207277
1759503511817670100,15.548670166015626,1.7809604564636945,9.575581482744216,-1.1431617346197367
1759503511827652900,15.55865283203125,1.7814464864149688,9.575268763533234,-1.1450085315302014
1759503511837636900,15.568636962890626,1.781558860748261,9.574929156315326,-1.1476741705428808
1759503511847620000,15.5786201171875,1.7809984503865242,9.57497708711028,-1.148151797991991
1759503511857604000,15.58860400390625,1.7798485496990382,9.575392097651958,-1.146469178667292
1759503511867587000,15.598587158203125,1.778492020523548,9.576119827404618,-1.1424976446878163
1759503511877571000,15.608571044921876,1.7764999699234962,9.576943418747186,-1.138683127900958
1759503511887554000,15.618553955078125,1.7745863913871347,9.57753495489955,-1.1366829670596867
1759503511897538000,15.6285380859375,1.772878272294998,9.577938859525322,-1.135942743151635
1759503511907521000,15.63852099609375,1.770516365469247,9.578397124686836,-1.1357640255838632
1759503511917504000,15.64850390625,1.767469252858311,9.578982815620302,-1.1355664571851491
1759503511927488000,15.658488037109375,1.76393669481799,9.579653846749663,-1.135404179295525
1759503511937471000,15.668470947265625,1.7604267870008945,9.580265841168165,-1.1356802197579294
1759503511947455000,15.678455078125,1.756406737704575,9.580924597337841,-1.136354465757683
1759503511957438000,15.68843798828125,1.7516835085749625,9.58171077927947,-1.1370189940810203
1759503511967422000,15.698421875,1.7466757634155452,9.582714987885952,-1.136260211602971
1759503511977405200,15.7084052734375,1.7412999155960975,9.583941314810513,-1.1341641161065548
1759503511987389200,15.71838916015625,1.73557466981709,9.58538508387804,-1.1307330456793308
1759503511997372000,15.728371826171875,1.7301818708628416,9.586882628959417,-1.1262968898627905
1759503512007356000,15.73835595703125,1.7249837176978586,9.588303017151356,-1.12217871395424
1759503512017339000,15.7483388671875,1.7195565780825912,9.58967489002645,-1.1187756275124847
1759503512027323000,15.758322998046875,1.7141848219163716,9.591028058201074,-1.115410169667378
1759503512037306000,15.76830615234375,1.7088132118806243,9.59241571316719,-1.111713580171764
1759503512047290000,15.7782900390625,1.7038931450046597,9.593611060431599,-1.108947257263586
1759503512057272800,15.78827294921875,1.6992035258837044,9.594527006232738,-1.1082122209873049
1759503512067256800,15.7982568359375,1.6942726453527808,9.595412556895614,-1.1081081030257045
1759503512077240000,15.808239990234375,1.6890256846100091,9.596346038353442,-1.1080248817216605
1759503512087224000,15.81822412109375,1.683285679653287,9.5973403100878,-1.1081460969485342
1759503512097207000,15.82820703125,1.6775605800047515,9.59834744130373,-1.108105472677201
1759503512107190000,15.83818994140625,1.6717684064693747,9.599355157041549,-1.1081327260103075
1759503512117174000,15.848174072265625,1.6660586505204438,9.600402620267868,-1.107647280580923
1759503512127157000,15.858156982421875,1.6609385310277343,9.601379940867423,-1.1068773191217331
1759503512137141000,15.86814111328125,1.65675466947183,9.602136896714567,-1.106590245808661
1759503512147123700,15.878123779296875,1.6532675580084324,9.60260159161687,-1.1077697379168123
1759503512157107700,15.888107666015625,1.6508150502897798,9.60289794421494,-1.1088479616075753
1759503512167091000,15.898091064453125,1.6488054640330374,9.603284313184023,-1.1084927914943545
1759503512177075000,15.908074951171875,1.646570252326876,9.603893384993075,-1.1065306245759128
1759503512187058000,15.918057861328125,1.6441428790494799,9.604639234924315,-1.103670412839204
1759503512197042000,15.9280419921875,1.641878148987889,9.605420740690827,-1.1002346662368625
1759503512207025000,15.93802490234375,1.6398060188889503,9.606189386975764,-1.0966164757397026
1759503512217009000,15.9480087890625,1.6383559662111102,9.606804304003715,-1.093378955123201
1759503512226991900,15.957991943359374,1.6372604260593653,9.607069092419742,-1.0927039054058492
1759503512236975900,15.967975830078124,1.6365784351445734,9.606969723698496,-1.0946036746125667
1759503512246958800,15.977958740234374,1.63626746949926,9.606816578963398,-1.0963964763134717
1759503512256943000,15.987943115234375,1.6357887460716067,9.606893151330947,-1.0964460145436226
1759503512266925800,15.99792578125,1.6347753312453626,9.60731400709152,-1.0942614370461552
1759503512276909800,16.007909912109376,1.6334890908271074,9.607871640974283,-1.0912860744971782
1759503512286892800,16.017892822265626,1.63236023292765,9.608411739200353,-1.0882248602956532
1759503512296876000,16.0278759765625,1.6312724376909433,9.608886955496668,-1.0856467534359544
1759503512306860000,16.037860107421874,1.6301280899614095,9.609252281677723,-1.084135910481587
1759503512316842800,16.0478427734375,1.6292958769209682,9.60935106587708,-1.0845069357510655
1759503512326826800,16.05782666015625,1.6292925159201026,9.609352234920859,-1.084492541899532
1759503512336810000,16.06781005859375,1.629750488820672,9.609566169932483,-1.0819162616707383
1759503512346794000,16.0777939453125,1.6301101159133016,9.610074703976512,-1.076850575779006
1759503512356777000,16.08777685546875,1.630352838627994,9.610679099610447,-1.0710710425294936
1759503512366761000,16.097760986328126,1.630920847774297,9.610996494996547,-1.0673484418097883
1759503512376743700,16.10774365234375,1.6319209647275505,9.61078782068193,-1.0677091648809611
1759503512386728000,16.11772802734375,1.6329259039863944,9.61024713793397,-1.0710214312341064
1759503512396711000,16.1277109375,1.6338912418872118,9.609670214828848,-1.0747199934910983
1759503512406695000,16.13769482421875,1.6344557439021765,9.609465632167458,-1.0756845276743172
1759503512416678000,16.147677978515624,1.6342326026707887,9.609771337115765,-1.0733003359515219
1759503512426662000,16.157661865234374,1.6334965434812008,9.610326632910967,-1.069438911283016
1759503512436644900,16.167644775390624,1.6328278504393994,9.611070729276538,-1.0637551665581761
1759503512446628900,16.17762890625,1.6328367643982171,9.611820086339115,-1.0569499435227363
1759503512456611800,16.18761181640625,1.6335734081096946,9.612420974841713,-1.050327529708296
1759503512466594800,16.1975947265625,1.6343489225268364,9.612699207261205,-1.0465740954589098
1759503512476579000,16.2075791015625,1.6349803522981703,9.612574119576811,-1.0467281169768423
1759503512486562000,16.21756201171875,1.6353141142971812,9.612422728407383,-1.047596570374444
1759503512496545800,16.2275458984375,1.634828814998269,9.612655368119478,-1.0462122033439576
1759503512506528800,16.23752880859375,1.633056398498267,9.613372576478124,-1.0423912568163125
1759503512516512800,16.2475126953125,1.6304346716925502,9.614343467336893,-1.0375358526743947
1759503512526496000,16.25749609375,1.6282206489048898,9.615292146363855,-1.0322060359537601
1759503512536480000,16.26747998046875,1.6271816612459717,9.615992403587699,-1.0273054044306278
1759503512546463000,16.277462890625,1.6271245242312549,9.616341363155842,-1.0241229019369928
1759503512556446700,16.28744677734375,1.6275838123060762,9.616318566802143,-1.0236053808689116
1759503512566430000,16.297429931640625,1.628174617806077,9.616174774417281,-1.0240129387564956
1759503512576414000,16.3074140625,1.628626599357277,9.616165422067045,-1.0233872811388223
1759503512586397000,16.31739697265625,1.6281702338919042,9.616514381635188,-1.0208446109186857
1759503512596381000,16.327380859375,1.6268103437155483,9.617055648905039,-1.0178996435079724
1759503512606364000,16.337364013671873,1.6258514355555176,9.617579380518197,-1.0144745644301176
1759503512616347000,16.347346923828123,1.6258932288706303,9.618032384982705,-1.0101094280231744
1759503512626331000,16.357330810546873,1.6267875473618507,9.618408817079663,-1.0050682920508085
1759503512636313900,16.36731396484375,1.627833987674862,9.618751346907018,-1.0000879463549703
1759503512646297900,16.3772978515625,1.628379492728412,9.619128948047756,-0.9955478187073021
1759503512656281000,16.387281005859375,1.6282174340344964,9.619554479983448,-0.99170984797962
1759503512666265000,16.39726513671875,1.6276352502323685,9.619972413134574,-0.9885960998732596
1759503512676247800,16.407247802734375,1.6267057142972945,9.620404374811052,-0.985922789010778
1759503512686231800,16.417231689453125,1.6255860626176,9.620796004477143,-0.9839418443266301
1759503512696215000,16.427215087890627,1.6241938776068388,9.621241410157085,-0.9818943372122942
1759503512706199000,16.437198974609377,1.6229368632830679,9.621674540877342,-0.9797193312607705
1759503512716182000,16.44718212890625,1.6219672875985502,9.622160278567671,-0.9765481538787484
1759503512726166000,16.457166015625,1.6216083911582826,9.622682256615162,-0.971986106660217
1759503512736148700,16.467148681640627,1.6216951926589012,9.623149874126911,-0.9671974110789596
1759503512746132700,16.4771328125,1.6216875938743351,9.623568391799926,-0.963052201033011
1759503512756116000,16.487115966796875,1.6211624009564518,9.623940147721767,-0.960208209778741
1759503512766100000,16.497099853515625,1.6200407034501432,9.624357496351003,-0.9579154226664454
1759503512776083000,16.5070830078125,1.618659185963869,9.624787119939922,-0.9559286327634006
1759503512786066000,16.51706591796875,1.617390335071832,9.625164136558771,-0.9542788927949964
1759503512796050000,16.5270498046875,1.6162864654831588,9.625505497342347,-0.9527099629778415
1759503512806033000,16.537032958984376,1.6154944383226335,9.625813540378212,-0.9509356467816978
1759503512816017000,16.547016845703126,1.6150041705876588,9.626064300268888,-0.949245136411488
1759503512826000000,16.556999755859376,1.614192269682884,9.626292848327756,-0.9482989416025578
1759503512835984000,16.56698388671875,1.6132684328362346,9.6264150134027,-0.9486253240127116
1759503512845966800,16.576966796875,1.6122148321300744,9.62651029047072,-0.9494530070085078
1759503512855950800,16.586950927734375,1.611063324007392,9.626690323212742,-0.9495877393040806
1759503512865933800,16.596933837890624,1.609743619710952,9.627020578080415,-0.9484686721462756
1759503512875917800,16.606917724609374,1.6083201627790926,9.627449032625556,-0.9465326625823974
1759503512885901000,16.616901123046876,1.6068872073665261,9.627910804918407,-0.9442606990624218
1759503512895885000,16.626885009765626,1.605772231861949,9.628227031260728,-0.9429276238277554
1759503512905867800,16.63686767578125,1.6050312042362986,9.628120063754915,-0.9452850006088613
1759503512915851800,16.646851806640626,1.6051583377473055,9.627717328172922,-0.9491563621494918
1759503512925835000,16.6568349609375,1.605910909680277,9.627388826870918,-0.951226811747998
1759503512935818000,16.66681787109375,1.6062715596862136,9.62721580839157,-0.9523717439994216
1759503512945802000,16.676802001953124,1.6059316602073608,9.627132221761345,-0.9537783959269523
1759503512955784700,16.68678466796875,1.6054042753323912,9.627152680027484,-0.954464478494972
1759503512965768700,16.696768798828124,1.6046825369291007,9.627334466335176,-0.9538510227717458
1759503512975752000,16.706751953125,1.6039391712158917,9.627595747619866,-0.9524612489137798
1759503512985736000,16.71673583984375,1.603299850399047,9.627842415857314,-0.9510404953956604
1759503512995719000,16.726718994140626,1.602808705881238,9.627836570638417,-0.9519207122962922
1759503513005703000,16.736702880859376,1.6029003296874462,9.627451955235005,-0.9556603372160345
1759503513015686000,16.746685791015626,1.6038281120568514,9.627028761386871,-0.9583524989094585
1759503513025670000,16.756669921875,1.6044235937319695,9.626829439422488,-0.9593509353622793
1759503513035652900,16.76665283203125,1.6044775158762932,9.626734746876359,-0.96020996334441
1759503513045636900,16.776636962890624,1.6044504817388952,9.626672787556052,-0.9608790217123925
1759503513055619800,16.786619873046874,1.604541959414631,9.626687985125184,-0.960570759480819
1759503513065604000,16.79660400390625,1.6042874001316725,9.62684229890406,-0.9594524229753761
1759503513075586800,16.8065869140625,1.6038661059796808,9.62703051495254,-0.9582605828423052
1759503513085569800,16.81656982421875,1.603947939044237,9.627132806283235,-0.9571087093934416
1759503513095553800,16.8265537109375,1.6046090333014726,9.62706733983159,-0.9566615501478314
1759503513105537000,16.836537109375,1.6054577590852974,9.626908349877596,-0.9568361760623753
1759503513115521000,16.84652099609375,1.6065290415786206,9.626686816081405,-0.9572749328058212
1759503513125504000,16.85650390625,1.6075940404616296,9.626370589739084,-0.9586552081830799
1759503513135488000,16.866488037109374,1.6085830514989792,9.626072483575344,-0.9599916444186121
1759503513145471000,16.876470947265624,1.6090082911737262,9.626016953995823,-0.9598287089418619
1759503513155455200,16.886455322265626,1.6088162757329643,9.626222121179103,-0.9580801847741007
1759503513165438000,16.89643798828125,1.608674529174715,9.62643138001561,-0.9562227934043854
1759503513175422000,16.906421875,1.608955830334127,9.626347208863496,-0.9565990793708711
1759503513185405000,16.916405029296875,1.6097195081830025,9.62580184994042,-0.9607989422135055
1759503513195389000,16.926388916015625,1.6107055966109036,9.62505249287784,-0.9666431381970644
1759503513205372200,16.9363720703125,1.6119808772437274,9.624410103321075,-0.970897507705912
1759503513215356200,16.946356201171874,1.6128322333760559,9.624100891241431,-0.9725491473704576
1759503513225339000,16.9563388671875,1.6126611145928502,9.623955345290899,-0.9742678609218448
1759503513235322000,16.966322021484373,1.6117656270578502,9.623905660930275,-0.9762425950609147
1759503513245306000,16.97630615234375,1.6104001839235424,9.623915013280511,-0.9783942201368511
1759503513255289000,16.9862890625,1.6091848167844116,9.623874096748231,-0.9807906137540936
1759503513265273000,16.996273193359375,1.6089396098516882,9.62361690711677,-0.9837163650076836
1759503513275255800,17.006255859375,1.6092346472755072,9.623214756056665,-0.9871566416546702
1759503513285239800,17.01623974609375,1.6094807309910655,9.622818450215458,-0.9906162075240165
1759503513295223000,17.02622314453125,1.6096730386927722,9.622568274846673,-0.9927369990702718
1759503513305207000,17.03620703125,1.6093609040036796,9.622580549806356,-0.9931275327578186
1759503513315190000,17.04618994140625,1.608217286926508,9.622792731252312,-0.9929319371204822
1759503513325174000,17.056174072265627,1.6066925615772605,9.623082069587706,-0.992577278463915
1759503513335157000,17.066156982421877,1.605296431043744,9.623434536287188,-0.9914262087326496
1759503513345141000,17.07614111328125,1.604415118164569,9.623770636373758,-0.9895924904994666
1759503513355124000,17.0861240234375,1.60386303723976,9.624038931921124,-0.987874653730914
1759503513365108000,17.09610791015625,1.6033225006222724,9.624238253885506,-0.9868170344367623
1759503513375091200,17.10609130859375,1.602914796604216,9.624351651132105,-0.9863550429482012
1759503513385074200,17.11607421875,1.6027951157473026,9.624462710291146,-0.9854743876561521
1759503513395058000,17.126057861328125,1.6028934615552424,9.624579030147194,-0.984185078497976
1759503513405041000,17.136041015625,1.603005251366645,9.624727498707175,-0.9825470289673656
1759503513415025000,17.14602490234375,1.6030224947623908,9.624806409162282,-0.9817367354977875
1759503513425008000,17.156008056640626,1.6029086591243742,9.624924482584,-0.9807721282493322
1759503513434992000,17.1659921875,1.602663159930706,9.625074704709649,-0.9796946352109313
1759503513444975000,17.17597509765625,1.60286555063501,9.62514660090208,-0.9786550630301236
1759503513454958800,17.185958740234376,1.6034899661436677,9.625078796362876,-0.9782981393512338
1759503513464942000,17.195942138671874,1.604138493180275,9.624913961189984,-0.9788507317326962
1759503513474926000,17.205926025390625,1.6043820926778019,9.624808162727952,-0.9794861800920218
1759503513484909000,17.215908935546874,1.6040410241551697,9.624824529340863,-0.9798886964783072
1759503513494893000,17.22589306640625,1.6033777379408478,9.624895256489514,-0.9802824450362473
1759503513504876000,17.2358759765625,1.6030800701685248,9.624925651627779,-0.9804635006915777
1759503513514859000,17.24585888671875,1.6032285387285052,9.624939680153132,-0.9800871416598558
1759503513524843000,17.255843017578126,1.6037617688223718,9.624925651627779,-0.9793451641861349
1759503513534826000,17.265825927734376,1.604233185726404,9.624910454058647,-0.9787336081590503
1759503513544810000,17.27581005859375,1.6046331448294222,9.624856678044795,-0.9786060362566262
1759503513554793200,17.285793212890624,1.6051199054330587,9.624721068966387,-0.9791390471547842
1759503513564777200,17.295777099609374,1.6054989678785203,9.624575523015857,-0.9799512403205036
1759503513574760000,17.305760009765624,1.6057513352043926,9.624468555510044,-0.9805877115931362
1759503513584744000,17.315743896484374,1.6061632770061491,9.62436158800423,-0.9809656780600547
1759503513594727000,17.325726806640624,1.6073590626619756,9.624114919766782,-0.9814307382885367
1759503513604711200,17.335711181640626,1.6090741960167885,9.62374784002006,-0.9822226923838258
1759503513614694100,17.345694091796876,1.6109481731951236,9.623309448602795,-0.9834430279590188
1759503513624678100,17.35567822265625,1.61273593339473,9.622844169178604,-0.9850557969179004
1759503513634660900,17.365660888671876,1.6143109276264904,9.622408700370787,-0.9867264335438608
1759503513644644000,17.37564404296875,1.6152712970912455,9.622095981159806,-0.9881976020749658
1759503513654628000,17.385628173828124,1.6157793927438555,9.621820086827874,-0.9900631036859006
1759503513664611000,17.395611083984374,1.6157568886511027,9.621675125399232,-0.9915030002959072
1759503513674595000,17.405594970703124,1.6153803104236721,9.621516719967126,-0.9936447615649551
1759503513684578000,17.415578125,1.615059992428124,9.621322074177861,-0.9960519688371569
1759503513694562000,17.42556201171875,1.6151583382360637,9.621035658451914,-0.9986590825956314
1759503513704545000,17.435544921875,1.6156151420928537,9.620738136810063,-1.0007826506208628
1759503513714529000,17.445529052734376,1.6163551468051969,9.620500820922851,-1.0018652582257985
1759503513724512000,17.455511962890625,1.6170758622951804,9.620331894096731,-1.0023280534319579
1759503513734496000,17.46549609375,1.6178136750504373,9.620103930559754,-1.0033271474719048
1759503513744479000,17.47547900390625,1.6177315497249365,9.620057168808579,-1.003900855706632
1759503513754463000,17.485462890625,1.6179193273819983,9.619694180715083,-1.007082043026015
1759503513764446000,17.495446044921874,1.6187014176703989,9.619248775035143,-1.0100642006419598
1759503513774429200,17.50542919921875,1.6195777621135115,9.61887994172275,-1.0121787816431373
1759503513784413200,17.5154130859375,1.6207394993692636,9.618500002494454,-1.0139177342649548
1759503513794396000,17.52539599609375,1.6224331515446304,9.618054596814513,-1.015434349372983
1759503513804380000,17.5353798828125,1.6239618224166332,9.617618543484806,-1.0171237637646495
1759503513814363000,17.54536279296875,1.625098132970184,9.617242111387847,-1.018873749237135
1759503513824347100,17.55534716796875,1.6258320002026856,9.616943420702219,-1.0205221009660512
1759503513834330000,17.565330078125,1.6263829120837152,9.616676878720522,-1.0221418111223728
1759503513844314000,17.575314208984373,1.627055550648272,9.616397477257252,-1.0237092065695672
1759503513854296800,17.585296875,1.6282302935160695,9.616075405696034,-1.0248637834321708
1759503513864280800,17.59528076171875,1.6299894121430814,9.615683191508055,-1.0257427582237868
1759503513874264000,17.60526416015625,1.632213225672394,9.615204468080401,-1.0266882954455911
1759503513884248000,17.615248046875,1.6342060069248079,9.614723991087079,-1.028027435094863
1759503513894231000,17.62523095703125,1.6354304341532289,9.614318917417526,-1.0298776660714297
1759503513904214000,17.635214111328125,1.6359383836753665,9.613982232809066,-1.0322143653906881
1759503513914198000,17.645197998046875,1.6364125770583748,9.613637364894151,-1.0346558402586727
1759503513924181000,17.655180908203125,1.6376403652876614,9.613317631420493,-1.035690078677237
1759503513934165000,17.6651650390625,1.6390869108341632,9.613108372583985,-1.0353430188052355
1759503513944148000,17.67514794921875,1.6409858763232825,9.612899113747478,-1.034279919618368
1759503513954132000,17.685132080078127,1.643179440844804,9.612551323223114,-1.0340351510770618
1759503513964115000,17.695114990234377,1.6454086612015961,9.61188789087832,-1.0366506673377007
1759503513974099000,17.705098876953127,1.647581621326506,9.611094110152125,-1.0405428524706513
1759503513984082000,17.71508203125,1.64956052018404,9.610433600416778,-1.0435007524281739
1759503513994066000,17.72506591796875,1.6509509516291319,9.610030864834785,-1.0450227012984454
1759503514004049200,17.735049072265625,1.6518553531229494,9.609725159886478,-1.046391140107438
1759503514014033200,17.745033203125,1.653131218277663,9.609416532328725,-1.0472047945778817
1759503514024016100,17.75501611328125,1.6549474739193915,9.60914414512813,-1.0468437061805278
1759503514033998800,17.764998779296874,1.6566501861840486,9.608950668382644,-1.0459350669030099
1759503514043983000,17.774983154296876,1.6581369176104663,9.60877122016251,-1.0452296951126308
1759503514053966000,17.784966064453126,1.6593229125246405,9.608572482720017,-1.0451738732721656
1759503514063950000,17.7949501953125,1.659956680383533,9.608369069102405,-1.0460388195384294
1759503514073933000,17.80493310546875,1.6600256539665161,9.60821358627975,-1.0473446414399892
1759503514083917000,17.8149169921875,1.6598421140931545,9.608134675824642,-1.0483647052027285
1759503514093900000,17.824900146484374,1.6597107427984474,9.608038229712843,-1.049457688071206
1759503514103884000,17.834884033203124,1.659854096791893,9.6078932682842,-1.050559731028974
1759503514113867000,17.844866943359374,1.6606034538544714,9.607705052235723,-1.051095883732289
1759503514123851000,17.85485107421875,1.6617191600114105,9.607551907500625,-1.0507229587666689
1759503514133834200,17.864834228515626,1.6630224976949393,9.607418636509776,-1.0498834392026066
1759503514143817000,17.87481689453125,1.6643476088188587,9.607256723946332,-1.0492700565446167
1759503514153801000,17.884801025390626,1.6652571248792112,9.60711059347391,-1.0491551979932934
1759503514163784000,17.894783935546876,1.6654200603559612,9.607034021106362,-1.0495939547367394
1759503514173768000,17.904767822265626,1.664815226330608,9.607077275726198,-1.0501626945354043
1759503514183751200,17.914751220703124,1.664034451216459,9.607151510006188,-1.0507254429847002
1759503514193735200,17.924735107421874,1.663637560853362,9.60718658131957,-1.0510365547604859
1759503514203718000,17.9347177734375,1.6638251923799514,9.60717021470666,-1.050889328309521
1759503514213702000,17.944701904296874,1.664552191480249,9.607032852062583,-1.0509916927054523
1759503514223685000,17.95468505859375,1.665854944641888,9.60670142815113,-1.0519566652800887
1759503514233669000,17.964669189453126,1.666981610584259,9.606342531710862,-1.0534512877520172
1759503514243652000,17.974652099609376,1.6675709547795354,9.606022213715315,-1.055434205197543
1759503514253636000,17.984635986328126,1.6680105152405797,9.605724107551573,-1.0574483214989303
1759503514263619000,17.994619140625,1.6680945402622223,9.605518940368293,-1.059175145291537
1759503514273602000,18.00460205078125,1.6681879176340997,9.605381577724218,-1.0602819374896586
1759503514283586000,18.0145859375,1.6689136015601456,9.605185762891173,-1.060913878717646
1759503514293569000,18.024569091796874,1.6700516656793654,9.604951954135299,-1.0612385806273668
1759503514303553000,18.034552978515624,1.671624614084512,9.60464858727455,-1.0615035151738672
1759503514313536300,18.044536376953126,1.673549883058667,9.604313071709871,-1.0615046111524105
1759503514323520300,18.054520263671876,1.6757843641124666,9.60390390638709,-1.0616848630901425
1759503514333503000,18.0645029296875,1.677627215500176,9.603465514969825,-1.0627349566649644
1759503514343487000,18.074487060546875,1.6786641573324799,9.603087913829087,-1.0645121954705565
1759503514353470200,18.08447021484375,1.6794143911778925,9.602609774923325,-1.0676403374284504
1759503514363454200,18.0944541015625,1.6804050096504388,9.601748189657926,-1.0738099659740925
1759503514373437200,18.104437255859374,1.6818888184674083,9.600701895475387,-1.080812319016829
1759503514383420000,18.114419921875,1.6847941845200956,9.599712299916147,-1.0850753102235495
1759503514393404000,18.12440380859375,1.688639169510454,9.598969957116246,-1.0856644352231175
1759503514403387100,18.13438720703125,1.6923966223478317,9.598313539034127,-1.0856200115595012
1759503514413371100,18.14437109375,1.6959307878233492,9.597623218682408,-1.0862058486234396
1759503514423354000,18.15435400390625,1.698869325493276,9.596956863728165,-1.087499395565316
1759503514433338000,18.164338134765625,1.7010488614894448,9.596412089326977,-1.088898448708281
1759503514443321000,18.174321044921875,1.7028193782933054,9.595960253906249,-1.0901071669109166
1759503514453305000,18.18430517578125,1.7052203019551933,9.595499650657176,-1.0904081956841052
1759503514463288000,18.1942880859375,1.7085419937238095,9.59499053209126,-1.0896898913469164
1759503514473272000,18.20427197265625,1.7122596990726888,9.594401334026456,-1.0890376379832625
1759503514483255000,18.214255126953127,1.7158827118754385,9.593789924129844,-1.0887257224898785
1759503514493238000,18.224238037109377,1.7193921813011168,9.593257424688339,-1.0878832072511315
1759503514503222000,18.234221923828127,1.7224585831344126,9.59282780109942,-1.0868094405397772
1759503514513205000,18.244205078125,1.725427077551186,9.592289456439017,-1.0868524759639053
