time,seconds_elapsed,z,y,x
1759611242443071700,0.01707177734375,8.040102099770307,5.5107630703717465,-1.0763956716183571
1759611242453155800,0.02715576171875,8.029463216856122,5.526995243248344,-1.07257881674394
1759611242463238700,0.03723876953125,8.018754775837063,5.543193513855337,-1.0690920706067233
1759611242473322000,0.047322021484375,8.007900788867474,5.559314627572894,-1.0667365935217588
1759611242483404800,0.05740478515625,7.997007638931274,5.5749681237787,-1.0667623855501414
1759611242493487900,0.06748779296875,7.98575091637969,5.590622204506397,-1.0691668894086033
1759611242503571700,0.07757177734375,7.97388921367228,5.606758515793085,-1.0731906650319696
1759611242513655000,0.087655029296875,7.961659262174368,5.623194686809182,-1.077986009549722
1759611242523737900,0.09773779296875,7.949615773159265,5.639351456362009,-1.0824537295483052
1759611242533821000,0.107821044921875,7.93785753082633,5.655255127936601,-1.0857643884662538
1759611242543904800,0.11790478515625,7.926162416857481,5.671362797650694,-1.0871876262024045
1759611242553987800,0.12798779296875,7.91456316447854,5.687331935676932,-1.0882692108940333
1759611242564071000,0.13807080078125,7.902917734870314,5.702970234313607,-1.09105869548209
1759611242574154000,0.148154052734375,7.891349462151527,5.718016996797919,-1.0960290312405676
1759611242584236800,0.15823681640625,7.879610509040951,5.732821182698011,-1.1031258576337248
1759611242594321000,0.16832080078125,7.867550068891048,5.747645242342353,-1.1120328752540052
1759611242604403700,0.17840380859375,7.855676675745844,5.761819898167253,-1.1225704897508024
1759611242614487000,0.188487060546875,7.843553691753745,5.775938439890742,-1.1347195580322296
1759611242624569900,0.19856982421875,7.8310887624561785,5.789978655681014,-1.149164116839692
1759611242634653000,0.20865283203125,7.818212329748272,5.804157987681031,-1.165202447644621
1759611242644736800,0.21873681640625,7.804875878313183,5.819020041248202,-1.1803837962940336
1759611242654819800,0.22881982421875,7.791083499804139,5.8348611689805985,-1.1932283725589512
1759611242664903000,0.23890283203125,7.777010550788044,5.851425350290537,-1.2038730276267975
1759611242674986000,0.248986083984375,7.7624448498189444,5.8688616382598875,-1.212970014861226
1759611242685069800,0.25906982421875,7.747088290733099,5.887329022842645,-1.221622180937603
1759611242695152600,0.269152587890625,7.730558596214651,5.9071203495055435,-1.2307649070098996
1759611242705235700,0.279235595703125,7.712353661960363,5.928446046128869,-1.242382133436948
1759611242715319000,0.289319091796875,7.692607343482971,5.950099075010418,-1.2611508390538393
1759611242725401900,0.29940185546875,7.670879495799541,5.971244738891721,-1.2931462521210313
1759611242735485700,0.309485595703125,7.646404395234584,5.992518997588753,-1.33887807572633
1759611242745568800,0.31956884765625,7.617897847196459,6.015544483867287,-1.396870099837333
1759611242755651800,0.32965185546875,7.585421811005473,6.039618017894029,-1.4679158129192889
1759611242765735000,0.33973486328125,7.548059756338596,6.063874507272243,-1.5577552199289202
1759611242775818800,0.34981884765625,7.502978505596518,6.08930120947361,-1.6721598900049923
1759611242785901800,0.35990185546875,7.447036838144063,6.117794898030161,-1.8123516200274228
1759611242795984600,0.369984619140625,7.377524325978755,6.150911570212244,-1.977070473062992
1759611242806068000,0.38006787109375,7.292404494836926,6.188754686394334,-2.165765098839253
1759611242816150800,0.39015087890625,7.188827215984463,6.230570797860622,-2.3814165589936076
1759611242826235000,0.40023486328125,7.063738362547755,6.2752370380610225,-2.625907598532736
1759611242836317700,0.410317626953125,6.9150237188518044,6.321234819126129,-2.8973817759349942
1759611242846400800,0.42040087890625,6.7409922630697485,6.367965006119013,-3.190363728529215
1759611242856483800,0.43048388671875,6.539767679935693,6.416691335365176,-3.4968402457296848
1759611242866568000,0.44056787109375,6.310645036050677,6.469792810955643,-3.8062995781332254
1759611242876650800,0.450650634765625,6.055037120822072,6.5294421007543795,-4.107711213159561
1759611242886733800,0.46073388671875,5.776572646141052,6.598247925955056,-4.389158210782706
1759611242896816600,0.470816650390625,5.4814019513309,6.678277740481495,-4.639527933096885
1759611242906900000,0.48089990234375,5.177583255162835,6.7710057085394855,-4.849382105149329
1759611242916983800,0.49098388671875,4.874005089752376,6.876266410434246,-5.0131250988900655
1759611242927067000,0.50106689453125,4.57805814987272,6.993917807346582,-5.128049701187014
1759611242937149700,0.511149658203125,4.29423273268044,7.123287114581466,-5.195069227492809
1759611242947232500,0.521232421875,4.025311454631388,7.262624858123064,-5.217426605251431
1759611242957315300,0.5313154296875,3.7739243719682096,7.408881587272882,-5.199650710064172
1759611242967399400,0.5413994140625,3.5414810592278836,7.558332144027948,-5.147804202970862
1759611242977482200,0.551482177734375,3.3275556922137737,7.7072724131733175,-5.069095407915115
1759611242987565300,0.5615654296875,3.1296783736810085,7.853844199621677,-4.969166714698076
1759611242997648400,0.5716484375,2.9447049603849647,7.998162654185295,-4.8506169076412915
1759611243007732500,0.581732421875,2.77240602748394,8.140895885384083,-4.712742806911468
1759611243017815300,0.591815185546875,2.6168919329062104,8.281347143125533,-4.554291782099008
1759611243027898400,0.6018984375,2.4822642667517063,8.41822638759911,-4.3751817078784105
1759611243037981200,0.611981201171875,2.3680703168168664,8.550369835722446,-4.177774929466843
1759611243048064500,0.622064453125,2.2696580195121467,8.67710645636618,-3.965709218844771
1759611243058148400,0.6321484375,2.1811394858427344,8.79758927731216,-3.7437206646233796
1759611243068231400,0.6422314453125,2.099940773667395,8.909938476163148,-3.5176164917767045
1759611243078314200,0.652314208984375,2.0261530684009195,9.012476475095749,-3.292468889002502
1759611243088397300,0.662397216796875,1.9599882592283189,9.104633949789404,-3.071558777667582
1759611243098481400,0.6724814453125,1.90164406067878,9.186921772375703,-2.8556235321357843
1759611243108564500,0.682564453125,1.8523995527774095,9.259973564583063,-2.6442127782911062
1759611243118647300,0.692647216796875,1.813432985523343,9.32456323339343,-2.436053719718754
1759611243128730400,0.70273046875,1.785546469079703,9.381320308881998,-2.2300343035236
1759611243138813200,0.712813232421875,1.7687050782635807,9.430576799482107,-2.026401490204036
1759611243148897500,0.7228974609375,1.762473490397632,9.472561837774515,-1.826101182308048
1759611243158980400,0.73298046875,1.767142505121976,9.507443766063451,-1.6297566263005137
1759611243169063400,0.7430634765625,1.7824445575416088,9.535656884112953,-1.4368538813099265
1759611243179146200,0.753146240234375,1.8070400696158408,9.557677577263116,-1.24730687648803
1759611243189230300,0.763230224609375,1.8396027611769734,9.574028992605209,-1.0602899016004055
1759611243199313400,0.7733134765625,1.879567107296735,9.584940262719988,-0.8755174177039414
1759611243209396500,0.783396484375,1.925559919925779,9.59077554474473,-0.692553955990821
1759611243219479300,0.793479248046875,1.9766107465967535,9.591692075067758,-0.5126913829024881
1759611243229562400,0.803562255859375,2.031642021206021,9.587980945590138,-0.3367915759652853
1759611243239646500,0.813646484375,2.0899416499614714,9.579934417256712,-0.1654676621088758
1759611243249729300,0.823729248046875,2.1502492575384675,9.568010170707106,0.00015362709765950056
1759611243259812400,0.833812255859375,2.210768315909058,9.552885082289576,0.15899435617523267
1759611243269895400,0.8438955078125,2.2697411677509547,9.53534650298953,0.30954956797026095
1759611243279979500,0.8539794921875,2.325873827730864,9.516204580146074,0.45004086546115574
1759611243290062300,0.864062255859375,2.378044890603423,9.496327913287281,0.5788305096445605
1759611243300145400,0.8741455078125,2.425575141932815,9.476462936866282,0.6954297306228429
1759611243310228200,0.884228271484375,2.4685788557484742,9.457043950647115,0.8005038239043205
1759611243320311300,0.894311279296875,2.5067121870487927,9.438538572141528,0.8948487987048923
1759611243330395400,0.9043955078125,2.5397826820015905,9.42130102161467,0.9792743639722465
1759611243340478500,0.914478515625,2.5681290710419415,9.40556218521297,1.0538011971682308
1759611243350561300,0.924561279296875,2.5927248753771184,9.391378177037835,1.1181135834071785
1759611243360644400,0.934644287109375,2.6146315867587924,9.378764194658398,1.1716862567059696
1759611243370727400,0.9447275390625,2.634152864308655,9.36805633816123,1.212906959562376
1759611243380811500,0.9548115234375,2.6510923086717724,9.35951296622157,1.241622401110828
1759611243390894300,0.964894287109375,2.6651632118612527,9.353267934352159,1.2584458178788422
1759611243400977400,0.974977294921875,2.675691912399232,9.34940482918322,1.2647840809896587
1759611243411060200,0.985060302734375,2.681740544913709,9.347947031590342,1.2627478989869356
1759611243421144600,0.99514453125,2.6821912112906574,9.348972867506742,1.2541723783433436
1759611243431227400,1.005227294921875,2.676224119579792,9.352401672911643,1.2412930230259895
1759611243441310500,1.015310546875,2.6639830621659755,9.357819021785259,1.2267058408774434
1759611243451393300,1.025393310546875,2.644408593124151,9.365306747192143,1.2118239135660231
1759611243461477400,1.035477294921875,2.6172166348159314,9.374853743216395,1.196949000517279
1759611243471560400,1.045560546875,2.582421215766668,9.386368239921332,1.1821924531511963
1759611243481643500,1.0556435546875,2.5407503579899666,9.399549208533763,1.1676654036920517
1759611243491726300,1.065726318359375,2.4924288101524112,9.414224799618124,1.1534973968036473
1759611243501809400,1.075809326171875,2.437471039170772,9.430479768848418,1.138052721042931
1759611243511893200,1.085893310546875,2.377713612822443,9.44800958032012,1.1189154743745922
1759611243521976600,1.0959765625,2.314142765665799,9.466727140271663,1.0937024149239063
1759611243532059400,1.106059326171875,2.246085128483921,9.486714281767606,1.0619500168323517
1759611243542142500,1.116142578125,2.173345909357071,9.507775774496793,1.024277507976815
1759611243552225300,1.126225341796875,2.0969847003407773,9.529388471367955,0.9817339590188116
1759611243562309400,1.136309326171875,2.0171632678680123,9.55108884652257,0.937095045216754
1759611243572392400,1.146392333984375,1.9338081083111465,9.572429156193136,0.8940683158516883
1759611243582475500,1.1564755859375,1.8461346471637485,9.593120646566152,0.8568539990924299
1759611243592558300,1.166558349609375,1.7535615774065254,9.612844168689847,0.8298440462876111
1759611243602642200,1.17664208984375,1.6572509285561738,9.63113502766192,0.8155633728049695
1759611243612725200,1.186725341796875,1.5594111704424023,9.647663553136587,0.8131583574898541
1759611243622808600,1.19680859375,1.4614482243403792,9.662485274693369,0.8191071828916668
1759611243632891400,1.206891357421875,1.3640199696369468,9.675832832044362,0.8295283314019442
1759611243642974500,1.216974365234375,1.267079206189513,9.688000239700079,0.841149503351748
1759611243653058300,1.227058349609375,1.1709202407695352,9.699106155604124,0.8524652626141905
1759611243663141400,1.237141357421875,1.0762926496353,9.709068162170052,0.86370298820436
1759611243673224400,1.247224365234375,0.9837877497434615,9.717739544403553,0.8764107863470911
1759611243683307500,1.2573076171875,0.8948551553804427,9.724862528151274,0.8925739125754684
1759611243693391400,1.267391357421875,0.8102682620715349,9.730293321028352,0.9139259857490658
1759611243703474200,1.27747412109375,0.7304818278469145,9.733976977977155,0.9415209719002247
1759611243713557500,1.2875576171875,0.6558592061262577,9.735947401267289,0.9754942609116435
1759611243723640300,1.297640380859375,0.58727283236254,9.73618880880773,1.0159426642213016
1759611243733723400,1.307723388671875,0.5250377638543025,9.734811675235628,1.0621488273400812
1759611243743807200,1.31780712890625,0.469295418366231,9.731944595366716,1.1132858709897846
1759611243753890300,1.327890380859375,0.4199957827441394,9.727767017421126,1.1681373320527375
1759611243763973400,1.337973388671875,0.37636505960393696,9.722578801128268,1.2248203924570231
1759611243774056400,1.348056396484375,0.3379783745970577,9.71667980621755,1.2815312176510691
1759611243784140300,1.358140380859375,0.3037135187605396,9.71034008180201,1.3369564600139856
1759611243794223400,1.368223388671875,0.2725190650789998,9.703729723751545,1.3905886814802884
1759611243804306200,1.37830615234375,0.24250185674959793,9.69685457728505,1.443115279792249
1759611243814389500,1.388389404296875,0.211510780153051,9.689448684942722,1.4967431173443793
1759611243824472300,1.398472412109375,0.17831709721200167,9.681201665601133,1.5533583001442253
1759611243834556400,1.408556396484375,0.14239746903893538,9.67177157395482,1.6145954436562955
1759611243844639200,1.41863916015625,0.1031001354605425,9.660883684715628,1.6813848144680261
1759611243854722300,1.428722412109375,0.060065999107155946,9.648191376402973,1.7547560478881001
1759611243864805400,1.438805419921875,0.013114215527643682,9.633428691557048,1.8350145566038787
1759611243874889500,1.448889404296875,-0.03736700483663007,9.616314475148915,1.9223611238844691
1759611243884972300,1.45897216796875,-0.09028884954387321,9.596673370611667,2.0164501511625943
1759611243895055400,1.469055419921875,-0.1443205369228497,9.57453285047412,2.1160943283498286
1759611243905138400,1.479138427734375,-0.19659089545141906,9.550203880381584,2.219314610458165
1759611243915221500,1.489221435546875,-0.24438193487515672,9.524367428335546,2.3231613539017735
1759611243925305300,1.499305419921875,-0.2895661345350556,9.497540211686491,2.42554708488211
1759611243935388400,1.509388427734375,-0.33355898725222793,9.470478017237783,2.5237200204730033
1759611243945471200,1.51947119140625,-0.379386489784345,9.444627536666392,2.6125588721379636
1759611243955554800,1.529554931640625,-0.4293380865091458,9.420756831735371,2.6898656914412973
1759611243965638700,1.539638671875,-0.4835586657900363,9.398744321891664,2.7568416708663106
1759611243975721500,1.549721435546875,-0.5410746698871255,9.378318204456567,2.8150951223924756
1759611243985804800,1.5598046875,-0.6015988793568685,9.359910441106557,2.863653401595354
1759611243995887900,1.569887939453125,-0.6682678021267056,9.344615841341017,2.8986119022518393
1759611244005970700,1.579970703125,-0.743453464557603,9.333684697481988,2.915474189725518
1759611244016054500,1.590054443359375,-0.8247999146405607,9.327272492352128,2.914118098941445
1759611244026137600,1.6001376953125,-0.9052942779388278,9.324461526584624,2.899177719441056
1759611244036220700,1.610220703125,-0.9765709502324461,9.324292599758506,2.8765014849916097
1759611244046303700,1.6203037109375,-1.0303746558081357,9.326306277668476,2.851086765488982
1759611244056387600,1.6303876953125,-1.0600331503603606,9.329959539479017,2.82817906037122
1759611244066470700,1.640470703125,-1.0615494001422077,9.334721639314294,2.8118460574686526
1759611244076553700,1.6505537109375,-1.0323515088390558,9.340213806989789,2.8044647150456905
1759611244086636800,1.66063671875,-0.9735419578000902,9.346532488617301,2.804450978781283
1759611244096719600,1.6707197265625,-0.8885342087306082,9.354074574559926,2.807525271660089
1759611244106803700,1.6808037109375,-0.7814787323735654,9.363415818879007,2.80822348305732
1759611244116886500,1.690886474609375,-0.6564364214923233,9.374958957156538,2.80171424729377
1759611244126969900,1.700969970703125,-0.516865124923177,9.388990989640355,2.783899481400847
1759611244137052700,1.711052734375,-0.3661376435674727,9.405594918438792,2.7515675298556683
1759611244147136800,1.72113671875,-0.20905693899383768,9.42475203885138,2.7019845837801695
1759611244157219600,1.731219482421875,-0.04950340999930631,9.446251338475943,2.6336758944466707
1759611244167302700,1.741302734375,0.10898122025523334,9.469522323948144,2.546891052702069
1759611244177385700,1.7513857421875,0.26348325171358883,9.493878182047604,2.4427919419325885
1759611244187468800,1.76146875,0.4121334153385833,9.518676523217557,2.3227856524571777
1759611244197552600,1.771552734375,0.5534380750389769,9.54319897005558,2.188939638199657
1759611244207635700,1.7816357421875,0.6864500861577689,9.566695580977202,2.043893015491962
1759611244217718500,1.791718505859375,0.8097697379648685,9.588432196488975,1.8911979238577186
1759611244227801900,1.8018017578125,0.9220727595865726,9.607870471930504,1.734638265749812
1759611244237885700,1.8118857421875,1.0217656712863594,9.624732174882292,1.5782535258173942
1759611244247968800,1.82196875,1.107966867924109,9.639051207613944,1.4252980296812952
1759611244258051600,1.832051513671875,1.180620673789829,9.65090238892734,1.2793002437286078
1759611244268134700,1.842134765625,1.2400269486129283,9.660610128471255,1.142516568583995
1759611244278217700,1.8522177734375,1.2874492095232009,9.668504681113362,1.0163147124040872
1759611244288301800,1.8623017578125,1.324425333612412,9.674910456502436,0.9013361148975789
1759611244298384600,1.872384521484375,1.3525783920377492,9.68008990496695,0.7979927909314632
1759611244308467700,1.8824677734375,1.3717898729860782,9.68441770503819,0.7075638935960828
1759611244318550800,1.89255078125,1.3806804509282111,9.688504682090878,0.630072292310372
1759611244328634600,1.902634521484375,1.3808425096221268,9.692497551119327,0.5649583804301918
1759611244338717700,1.9127177734375,1.3775444909900425,9.695907651823758,0.511990943015553
1759611244348800800,1.92280078125,1.376082163352519,9.698288409480451,0.4690251500574872
1759611244358883600,1.932883544921875,1.3811027679935097,9.699185650581121,0.434440049290657
1759611244368967000,1.942966796875,1.3960909321583808,9.698242816773057,0.40667920505329963
1759611244379050800,1.95305078125,1.421065360547602,9.695583826696872,0.38287962912973017
1759611244389133600,1.963133544921875,1.453840964207053,9.691626028981805,0.3593414440887049
1759611244399216600,1.973216552734375,1.493377440303564,9.686604985949396,0.33148652835972603
1759611244409299700,1.9832998046875,1.5390893901646137,9.680681441119313,0.29326736367316913
1759611244419383800,1.9933837890625,1.5883878202103077,9.67417921961844,0.24016031685844064
1759611244429466600,2.003466552734375,1.6387074099972843,9.66729705888927,0.16849975981377063
1759611244439549700,2.0135498046875,1.6857643447265027,9.660372228062153,0.07610954950989689
1759611244449632800,2.0236328125,1.7264130198486147,9.653416417574881,-0.038016148361167866
1759611244459715600,2.033715576171875,1.7545421128764747,9.646859835538267,-0.1733918792368844
1759611244469799700,2.043799560546875,1.7656921601831912,9.640732877090572,-0.3301375249035656
1759611244479882800,2.0538828125,1.7596275994472204,9.63421019732356,-0.5060515430292114
1759611244489965600,2.063965576171875,1.7383974721528588,9.626459437066316,-0.6925621392972767
1759611244500048600,2.074048583984375,1.701949609721452,9.617881578335165,-0.8775600294474512
1759611244510132700,2.0841328125,1.6508320014245808,9.609974166211485,-1.0457198897823692
1759611244520215800,2.0942158203125,1.5895893049545584,9.604272739699482,-1.1838654278647154
1759611244530298600,2.104298583984375,1.5260012144021688,9.601520226120948,-1.2854992444992064
1759611244540381700,2.114381591796875,1.4667632818832992,9.601376433736085,-1.353730338551849
1759611244550464500,2.124464599609375,1.4163338019810616,9.60235433885753,-1.3996959709130228
1759611244560548900,2.134548828125,1.3771237813599406,9.60252385020554,-1.437171130565554
1759611244570631700,2.144631591796875,1.3503205301083623,9.60026701118946,-1.4771286085531115
1759611244580714800,2.15471484375,1.3358932146966456,9.59497182739079,-1.523906580210477
1759611244590797600,2.164797607421875,1.3324835523836314,9.587018822559713,-1.5760584999911487
1759611244600880600,2.174880615234375,1.336580904699862,9.57749520741105,-1.6295792239069937
1759611244610964700,2.18496484375,1.3443785728387534,9.567848258143663,-1.6790809214398263
1759611244621047800,2.1950478515625,1.3527248147711157,9.559456861895322,-1.71968926455155
1759611244631130600,2.205130615234375,1.3597330860979855,9.553452068522573,-1.7473014940984546
1759611244641213700,2.215213623046875,1.3635536672994493,9.550890693601966,-1.7582934282340108
1759611244651297800,2.2252978515625,1.3613660941272974,9.55263490692079,-1.7504961984865366
1759611244661380900,2.235380859375,1.3509797246694564,9.558999181255698,-1.7235951859489083
1759611244671463700,2.245463623046875,1.3320958682402968,9.569653261739015,-1.678585246877372
1759611244681546800,2.255546630859375,1.3057178566634655,9.583812135472893,-1.6174153233826158
1759611244691629600,2.265629638671875,1.2727915924869477,9.600644612330198,-1.5420814115874468
1759611244701714000,2.2757138671875,1.235018911192566,9.619132455179095,-1.4551324653223157
1759611244711796700,2.285796630859375,1.1933933538623154,9.63846200954914,-1.3587706708066165
1759611244721879800,2.2958798828125,1.1478424397818743,9.6580458309412,-1.2549971387296914
1759611244731962600,2.305962646484375,1.0976128663659095,9.677495796820521,-1.1453037881497292
1759611244742046700,2.316046630859375,1.0421125860054046,9.69646353214085,-1.0310070354275405
1759611244752129800,2.3261298828125,0.9806349117357284,9.714676065179704,-0.9131322050228714
1759611244762212900,2.336212890625,0.9138815620854497,9.731733582964539,-0.7928316087760031
1759611244772295700,2.346295654296875,0.8425706952612847,9.747238026088475,-0.6721877520494163
1759611244782378800,2.356378662109375,0.7667891127638519,9.760916422829032,-0.5540061937831342
1759611244792462800,2.366462890625,0.6882884075008332,9.77252210494876,-0.44098004551865155
1759611244802545700,2.376545654296875,0.6096161450631916,9.78192004789114,-0.33585981154050676
1759611244812628700,2.386628662109375,0.5324294815408066,9.789218388205766,-0.2410454108635895
1759611244822711800,2.3967119140625,0.4583793624784797,9.794677822655439,-0.1567546144244261
1759611244832795600,2.406795654296875,0.3882004222936928,9.798618669235706,-0.08225192015585489
1759611244842878700,2.416878662109375,0.32093006303198635,9.801384626817702,-0.016659202649630604
1759611244852961800,2.4269619140625,0.2544943279635161,9.803262695649266,0.04084052159951534
1759611244863044900,2.437044921875,0.187313510148786,9.804436415603757,0.09135904519180767
1759611244873127700,2.447127685546875,0.1184745224640239,9.804994049486517,0.13591026244410312
1759611244883211500,2.45721142578125,0.04860188544916454,9.804962485304474,0.17523250213488936
1759611244893294800,2.467294921875,-0.02226735225445591,9.80437387176156,0.21015059771575031
1759611244903377700,2.477377685546875,-0.09307463520434685,9.803239899295567,0.24121632871739565
1759611244913460700,2.487460693359375,-0.16361496518058702,9.80159563921988,0.2689697933658957
1759611244923543800,2.497543701171875,-0.23374836745690553,9.79946739501953,0.2935738175401464
1759611244933627600,2.507627685546875,-0.3041024450128898,9.796861011913418,0.3153141593789682
1759611244943710700,2.517710693359375,-0.3759524236824363,9.793713361537456,0.334953254622221
1759611244953793300,2.527793212890625,-0.4477020837826654,9.790018598672747,0.3542379104046151
1759611244963876400,2.53787646484375,-0.5153513593593612,9.785860894471407,0.3764580351170152
1759611244973960200,2.547960205078125,-0.5745237523613498,9.781450676813721,0.4043787460912019
1759611244984043000,2.55804296875,-0.6238524679474532,9.776963302266598,0.43840577458385377
1759611244994126300,2.568126220703125,-0.663896309044212,9.77246073015034,0.47815976588856424
1759611245004209400,2.57820947265625,-0.6929530383110046,9.768057526755332,0.5246433577092364
1759611245014292200,2.588292236328125,-0.7078806313950567,9.763892808291315,0.5793589174328372
1759611245024376000,2.5983759765625,-0.707447135348618,9.75996774380207,0.6426079487565904
1759611245034459100,2.608459228515625,-0.6923005657516419,9.755966106945277,0.715714247630164
1759611245044542200,2.618542236328125,-0.6640449967999011,9.751289931827783,0.801110484560579
1759611245054625300,2.628625244140625,-0.6239557821914553,9.745300920546054,0.9000924715120345
1759611245064709000,2.638709228515625,-0.5738434419469908,9.737527948457002,1.010759124103561
1759611245074792200,2.648792236328125,-0.5148786638136953,9.727772862640023,1.1294801960740237
1759611245084875000,2.658875,-0.4489423661673441,9.716170687651633,1.2509488862521945
1759611245094958300,2.668958251953125,-0.3782757885960862,9.703509358999133,1.3671937773674725
1759611245105041200,2.679041259765625,-0.30463267943207173,9.691349550127983,1.4681021292716263
1759611245115125200,2.689125244140625,-0.23049157588435334,9.68146937662661,1.5448032377667724
1759611245125208000,2.6992080078125,-0.15923397361738606,9.674997550264,1.5935617157168684
1759611245135291100,2.709291015625,-0.0942826958198566,9.672029348108172,1.6165826719507574
1759611245145374200,2.719374267578125,-0.03795798158327816,9.671960959047079,1.6192955841712653
1759611245155458300,2.729458251953125,0.008917336943250847,9.674002694007754,1.6074712908647955
1759611245165541000,2.739541015625,0.046436725038220175,9.677426238715649,1.5860836349211633
1759611245175624200,2.749624267578125,0.07662321182019077,9.68167571285367,1.5587427696615457
1759611245185707000,2.75970703125,0.10441977582490071,9.686195236104727,1.5287673181146382
1759611245195790300,2.769790283203125,0.13581594435730948,9.690602531152964,1.4980578532047568
1759611245205874200,2.779874267578125,0.17626995542384682,9.694571434783935,1.4678526845552027
1759611245215957200,2.789957275390625,0.2287110491431318,9.697907885730267,1.438286106070131
1759611245226040000,2.8000400390625,0.2943616799822077,9.700553431802987,1.4081953575804829
1759611245236123400,2.810123291015625,0.37335349323041733,9.702457219597697,1.3759898088939486
1759611245246206200,2.820206298828125,0.4638333170354366,9.70355144457519,1.3402695300847292
1759611245256290300,2.830290283203125,0.5638998478205874,9.703714526182413,1.3001252973534165
1759611245266373000,2.840373046875,0.6706560855027288,9.702743050801754,1.255941726103425
1759611245276456200,2.850456298828125,0.7809978169888258,9.700345342010259,1.2098435534037648
1759611245286539300,2.860539306640625,0.8913766656149178,9.696282914876937,1.1652960442122071
1759611245296623000,2.870623046875,0.9989596729774027,9.690399117535351,1.1263404367435723
1759611245306706200,2.8807060546875,1.100891230449453,9.682883919599652,1.095534233460948
1759611245316789200,2.890789306640625,1.195243219512701,9.673995095223187,1.0749825168848037
1759611245326872000,2.9008720703125,1.280963500765711,9.664117844331264,1.0650525128923356
1759611245336955400,2.910955322265625,1.3578892117969692,9.653622169280052,1.064939992428571
1759611245347039200,2.921039306640625,1.4258075866386293,9.642948799574375,1.07283797913678
1759611245357122300,2.931122314453125,1.4849975883625446,9.632404609206318,1.0871844113320113
1759611245367205000,2.941205078125,1.5362544589996336,9.622110009685159,1.1069429317038506
1759611245377288200,2.9512880859375,1.5803746096245943,9.611892567053436,1.1332854335758835
1759611245387372300,2.961372314453125,1.6181208413034676,9.6015909532696,1.1668442235022782
1759611245397455000,2.971455078125,1.6501351052016018,9.591270050263404,1.2062194446224719
1759611245407538200,2.9815380859375,1.6779773441120982,9.580886603415012,1.2495480795435607
1759611245417621200,2.991621337890625,1.705682220378518,9.570174655264616,1.2933547803051768
1759611245427704000,3.0017041015625,1.7358257219687103,9.559099719020724,1.3345095052532852
1759611245437788200,3.0117880859375,1.768653201945871,9.54804699460864,1.370054865887016
1759611245447871200,3.021871337890625,1.803826076005399,9.537833059108257,1.395118287733942
1759611245457954000,3.0319541015625,1.8396144516147672,9.529738599979877,1.4036657513268291
1759611245468037000,3.042037109375,1.8708206140004098,9.52540787729919,1.391759624955803
1759611245478120400,3.052120361328125,1.892676179716736,9.525960250484943,1.3580299354419112
1759611245488204300,3.062204345703125,1.9034147236131131,9.531306872209907,1.3044577735997736
1759611245498287000,3.072287109375,1.9037091765150427,9.540453470739722,1.235331484273076
1759611245508370200,3.0823701171875,1.8934557857871055,9.551933480653167,1.1600762637373059
1759611245518453200,3.092453369140625,1.8723109986886382,9.564220130774379,1.0911167823448777
1759611245528537300,3.102537353515625,1.8395003237158059,9.576443652531504,1.0384294405132533
1759611245538620200,3.1126201171875,1.79516141577363,9.588279636275768,1.0063208493951707
1759611245548703200,3.122703125,1.7432430124878882,9.599254619276524,0.9928693932782858
1759611245558786000,3.1327861328125,1.6894968092530964,9.609210780623554,0.9894636034227907
1759611245568869000,3.142869140625,1.6375592628754674,9.619113165956735,0.9805390501458198
1759611245578953200,3.152953125,1.5857565949238837,9.630922846215963,0.9492662522647529
1759611245589036300,3.163036376953125,1.5308143137723207,9.645594345647096,0.8885409307323395
1759611245599119000,3.173119140625,1.4728832260683178,9.66201765718162,0.804018919353187
1759611245609202200,3.1832021484375,1.4164558209255338,9.67805693783462,0.7065913222368806
1759611245619285000,3.193284912109375,1.3672466765984892,9.69196914333105,0.6056149100651964
1759611245629369300,3.203369384765625,1.3296848615758121,9.702866384920478,0.5066452346060425
1759611245639452200,3.2134521484375,1.305383948533982,9.710734634077548,0.40987858561649915
1759611245649535200,3.22353515625,1.29400608382076,9.71595324550867,0.31017602930553256
1759611245659618000,3.2336181640625,1.2930715794496237,9.718959441587328,0.20046519786780698
1759611245669702400,3.243702392578125,1.2989867948427796,9.719935593143106,0.07674836343666538
1759611245679785200,3.25378515625,1.307468938114494,9.718916186967492,-0.05983081581152509
1759611245689868300,3.263868408203125,1.3147604102969168,9.715967858555912,-0.20437974096303804
1759611245699951000,3.273951171875,1.3183631109640002,9.711354227280616,-0.349176900688
1759611245710034200,3.2840341796875,1.3183129882119595,9.705461077588796,-0.48627355077192186
1759611245720118300,3.2941181640625,1.3153776654124258,9.698829092228411,-0.6106479723289608
1759611245730201300,3.304201416015625,1.3118711185961962,9.691842302080989,-0.7194113485824316
1759611245740284200,3.3142841796875,1.3081067976266145,9.685043143460154,-0.8118878991626203
1759611245750367200,3.3243671875,1.3033794768437743,9.678983405029774,-0.8881825457487255
1759611245760451300,3.334451416015625,1.296285719190538,9.674173958921433,-0.948900633822754
1759611245770534400,3.344534423828125,1.2866498758390545,9.670883100682497,-0.9944438029881566
1759611245780617200,3.3546171875,1.2749997700557112,9.66917805033028,-1.0255488430868833
1759611245790700300,3.3647001953125,1.2624079995080828,9.668980481931566,-1.042845430324599
1759611245800783000,3.374783203125,1.2505902820728718,9.669984690538048,-1.047749422848597
1759611245810867200,3.3848671875,1.241955870848894,9.671704938459396,-1.0421492647539823
1759611245820950300,3.3949501953125,1.2383970093235372,9.673567809721828,-1.029000590975955
1759611245831033300,3.405033447265625,1.2405986110210419,9.675139589083194,-1.0114275248844176
1759611245841116200,3.4151162109375,1.2482350972488523,9.676165424999594,-0.9920252706043422
1759611245851199200,3.42519921875,1.2610090924955903,9.67643196698129,-0.9730806238986551
1759611245861283300,3.435283447265625,1.2784849818229675,9.67585679744184,-0.9558541062224656
1759611245871366100,3.4453662109375,1.3010554178103804,9.674263390770554,-0.941420580265671
1759611245881449200,3.45544921875,1.328840665836632,9.671498017710446,-0.9309607802454382
1759611245891532300,3.4655322265625,1.3615481726959346,9.667456048843263,-0.9256681537300347
1759611245901615000,3.475614990234375,1.3978401139132677,9.662194767314196,-0.9265062850546091
1759611245911699200,3.48569921875,1.436467366210371,9.655790745490789,-0.9341629372876137
1759611245921782300,3.4957822265625,1.4765082846976816,9.648314125999807,-0.948876376164332
1759611245931865000,3.505864990234375,1.516864260483533,9.639853756168485,-0.9709535487420856
1759611245941948200,3.5159482421875,1.5568812135733663,9.630475102448463,-1.0002259665861726
1759611245952032800,3.52603271484375,1.595587230195105,9.620381578457355,-1.0357325295794755
1759611245962115800,3.53611572265625,1.6335390674486756,9.609626375687121,-1.0756565436888486
1759611245972198700,3.54619873046875,1.6722000758849083,9.59814168959856,-1.1179395420145242
1759611245982282000,3.556281982421875,1.7124163509391248,9.585872575134038,-1.1614912451017647
1759611245992364800,3.56636474609375,1.7544110338427126,9.572836567950247,-1.2054966833058745
1759611246002449000,3.576448974609375,1.7970424072146414,9.559528758087753,-1.2475735646001993
1759611246012531700,3.58653173828125,1.8388320690654216,9.546772736889123,-1.2838202053710817
1759611246022614800,3.59661474609375,1.8785054694145917,9.535408462309837,-1.310570703522116
1759611246032697900,3.60669775390625,1.9144059270963072,9.526180615237354,-1.3256388010554014
1759611246042781000,3.616781005859375,1.9432042976878583,9.519961886852979,-1.3284165952056646
1759611246052864800,3.62686474609375,1.9615148842737078,9.517800909426807,-1.316932055247575
1759611246062947800,3.63694775390625,1.9663259378172455,9.520589078840613,-1.2893218715272843
1759611246073031000,3.647031005859375,1.9563411348976194,9.528647297611831,-1.2441913748160003
1759611246083114000,3.657114013671875,1.9320092421956359,9.541866844668984,-1.1791988973584024
1759611246093197800,3.66719775390625,1.8958203229613602,9.559407177534698,-1.0926926533594727
1759611246103281000,3.677281005859375,1.8509755113236606,9.57988181028664,-0.984943714845553
1759611246113363700,3.68736376953125,1.799629062706977,9.601898996305465,-0.8574837483633309
1759611246123447000,3.697447021484375,1.7410476944006978,9.624303720337151,-0.7154681639146059
1759611246133529900,3.70752978515625,1.6758035072043538,9.645840429362654,-0.5655431580482051
1759611246143613700,3.71761376953125,1.6076244355998932,9.665160631382465,-0.4130187833383679
1759611246153696800,3.72769677734375,1.5403883439339696,9.681366500774025,-0.262121626237873
1759611246163779800,3.73777978515625,1.4777750897631048,9.693979898631572,-0.1154069515869487
1759611246173863000,3.74786279296875,1.4225180435739457,9.702895611014961,0.025347291706048415
1759611246183946000,3.757946044921875,1.3765759382188318,9.708245155349374,0.15933790891589597
1759611246194029800,3.76802978515625,1.3418757962375878,9.710203303679823,0.28585478586172686
1759611246204113000,3.77811279296875,1.3189397418081759,9.709115508443116,0.4047963869813829
1759611246214195700,3.78819580078125,1.3049269985467196,9.705615975889563,0.5182260014802217
1759611246224279000,3.798279052734375,1.2941609821215272,9.700462246388197,0.6297554814461618
1759611246234363000,3.80836279296875,1.281510028732568,9.694065238827466,0.7437725404441357
1759611246244445700,3.81844580078125,1.2637743194252251,9.686501525574922,0.8631075065292417
1759611246254528800,3.82852880859375,1.2402863302014768,9.677662385559081,0.9873848243873565
1759611246264611800,3.83861181640625,1.2135094555001704,9.667280692276359,1.1142188409909606
1759611246274695000,3.84869482421875,1.1886956245001405,9.655030282512307,1.2400785326696933
1759611246284778800,3.85877880859375,1.1734012439303099,9.640631754803657,1.3607853716298937
1759611246294861800,3.86886181640625,1.1743464158259331,9.62402607243955,1.4728938935928046
1759611246304944600,3.878944580078125,1.1956260813504456,9.605399697902799,1.5738963535211978
1759611246315028000,3.889028076171875,1.2380750838927923,9.585053075444698,1.6626174240253864
1759611246325111000,3.899111083984375,1.2997550027363,9.563295417144895,1.7390742023706436
1759611246335195000,3.90919482421875,1.3775738632149994,9.540119708740711,1.805210954492539
1759611246345277700,3.919277587890625,1.4673472192510961,9.515379819759726,1.864085460526496
1759611246355359700,3.92935986328125,1.5643904201596974,9.488791672563552,1.919872375808656
1759611246365442800,3.93944287109375,1.6636381453752516,9.460257067474723,1.9764225305482743
1759611246375527000,3.94952685546875,1.7592103969484567,9.430148929458856,2.0366320845782755
1759611246385610000,3.95960986328125,1.846121641551703,9.399194988268613,2.1017507456988094
1759611246395692800,3.96969287109375,1.9203747723728417,9.368508173581958,2.171083663513511
1759611246405776000,3.97977587890625,1.9802150546990334,9.339022551378607,2.243167633602023
1759611246415858700,3.989858642578125,2.025450765350461,9.31182650141716,2.314701422461867
1759611246425942800,3.99994287109375,2.0570240074828265,9.287707959204912,2.38275511412099
1759611246436025900,4.01002587890625,2.0771514342322943,9.266702580577135,2.446232145514339
1759611246446109000,4.02010888671875,2.0891618977606297,9.247944688615203,2.5062504147559403
1759611246456191700,4.030191650390625,2.097496449255198,9.229994021382927,2.5647847290501
1759611246466275800,4.04027587890625,2.107755685202032,9.210857943758368,2.624469966945052
1759611246476359000,4.05035888671875,2.1270969300098717,9.188620392987131,2.6860943562090394
1759611246486441700,4.060441650390625,2.1621512922562656,9.162018217265606,2.7482573823943732
1759611246496524800,4.07052490234375,2.2163404169529675,9.131043233287334,2.8075410537511107
1759611246506607900,4.08060791015625,2.2889019414253533,9.097357821306586,2.8582179325431585
1759611246516692000,4.09069189453125,2.3754855615094304,9.064580171820522,2.89151492972821
1759611246526774800,4.10077490234375,2.470073770481348,9.037161419019103,2.8980785260275006
1759611246536857900,4.11085791015625,2.5650278901562094,9.019828591424226,2.869440752825141
1759611246546941000,4.12094091796875,2.6516028885424134,9.01687324874997,2.7991736229002475
1759611246557023700,4.131023681640625,2.7241365020945665,9.029608811682461,2.686190510059893
1759611246567107800,4.14110791015625,2.7808891936689615,9.055347064051032,2.5372686533540487
1759611246577191000,4.15119091796875,2.8222669137179848,9.088442693445087,2.3675768342114982
1759611246587273700,4.161273681640625,2.8493314462542534,9.123519267523289,2.193879871080816
1759611246597356800,4.171356689453125,2.865391769695282,9.15606077016592,2.0313670036569236
1759611246607440000,4.18143994140625,2.8738240824759003,9.183452050438524,1.8909598773181437
1759611246617524000,4.19152392578125,2.87610021071434,9.20576032835841,1.775498683926463
1759611246627606800,4.201606689453125,2.8719571195602414,9.224687731668352,1.6814837447978555
1759611246637689900,4.21168994140625,2.8579887999624014,9.243041134482622,1.6026460626654326
1759611246647772700,4.221772705078125,2.8302894766539333,9.263423412775992,1.5325927216216921
1759611246657857000,4.23185693359375,2.785015333688259,9.28763781657815,1.467606746970117
1759611246667939800,4.24193994140625,2.71991508500725,9.316498000359534,1.4054597951367496
1759611246678023000,4.25202294921875,2.6368054246440527,9.349494845554233,1.3433520062699913
1759611246688105700,4.262105712890625,2.5404353006914255,9.38543826559484,1.2767621035531163
1759611246698188800,4.272188720703125,2.4371223718635737,9.42258872333765,1.202353782170266
1759611246708273000,4.28227294921875,2.3313949292398988,9.459535182940959,1.1190147700306028
1759611246718356000,4.29235595703125,2.226398723500222,9.49517523612082,1.027215022733435
1759611246728438800,4.302438720703125,2.1248678557835516,9.528564295503497,0.9283182298474013
1759611246738523000,4.31252294921875,2.029642225690931,9.55888169235587,0.823835526587814
1759611246748607000,4.32260693359375,1.9434940744146703,9.585530045306681,0.7147217294614762
1759611246758689800,4.332689697265625,1.8674188427329061,9.608493572264909,0.5999893618009984
1759611246768772900,4.34277294921875,1.8014875500552354,9.627909635874628,0.47791240353137254
1759611246778855700,4.352855712890625,1.7448460637703538,9.643913845214247,0.34759211571458726
1759611246788938800,4.362938720703125,1.6958220667518675,9.656672204500437,0.20798686207691205
1759611246799022800,4.37302294921875,1.6515157459050416,9.666402740398048,0.05959974700200837
1759611246809106000,4.38310595703125,1.6079375932022928,9.673454412475227,-0.09591846206183545
1759611246819188700,4.393188720703125,1.561463426797092,9.67815104585886,-0.25614461592119186
1759611246829271800,4.403271728515625,1.5104777743168174,9.680616559189557,-0.4177444236207753
1759611246839356000,4.41335595703125,1.4558653096415102,9.680806528803705,-0.5769077979536726
1759611246849439000,4.42343896484375,1.399619836936891,9.678731476095319,-0.7304713064529001
1759611246859521800,4.433521728515625,1.3446966988772153,9.674405429589747,-0.8763846289925277
1759611246869604900,4.44360498046875,1.2938690134376287,9.66791256043911,-1.0137819059908388
1759611246879687700,4.453687744140625,1.2490256631046532,9.65938964676559,-1.143015969473496
1759611246889772000,4.46377197265625,1.2108977386318147,9.648983988085389,-1.2653884766235948
1759611246899854800,4.473854736328125,1.17971649149172,9.636834116086364,-1.3820559770651162
1759611246909938000,4.48393798828125,1.155771479215473,9.623054012537002,-1.493793619889021
1759611246920020700,4.494020751953125,1.138454360646382,9.607736031895875,-1.601791199401766
1759611246930103800,4.504103759765625,1.1276138176802546,9.590937457308172,-1.7066934432476757
1759611246940188000,4.51418798828125,1.1230704751621932,9.5726068508476,-1.8095011990323662
1759611246950270500,4.5242705078125,1.1251770920526236,9.552685760325193,-1.9106429213009775
1759611246960353300,4.534353271484375,1.1331186256416141,9.5311882142663,-2.010693048940599
1759611246970436600,4.5444365234375,1.145548702821508,9.508184355297685,-2.1101063399814066
1759611246980519400,4.55451953125,1.1615822113208472,9.483644957324861,-2.2094297607816755
1759611246990603500,4.564603515625,1.1798618913117795,9.45763373323381,-2.309000288210809
1759611247000686300,4.574686279296875,1.1992528204802424,9.430316102719306,-2.4085950732983648
1759611247010769400,4.584769287109375,1.219959654552862,9.401590943494439,-2.508418114183843
1759611247020852500,4.5948525390625,1.241489422380924,9.371588603940605,-2.60814514734894
1759611247030935600,4.604935546875,1.2644715079091489,9.340102747830748,-2.7081372611910104
1759611247041019400,4.615019287109375,1.2903290027432144,9.307009456524252,-2.8080285450071094
1759611247051102500,4.6251025390625,1.3213807052195072,9.272146817457676,-2.907167549151182
1759611247061185300,4.635185302734375,1.3572405386298894,9.235760914346574,-3.004826836131513
1759611247071268600,4.6452685546875,1.3951089353837072,9.198716255065799,-3.0996272265493867
1759611247081351400,4.655351318359375,1.4312640984788536,9.163318193948268,-3.186769211168587
1759611247091435500,4.665435546875,1.464150030644983,9.131085903385282,-3.263425165347755
1759611247101518300,4.675518310546875,1.4974289076514542,9.099702338606118,-3.3351913016587496
1759611247111601400,4.685601318359375,1.5340116485089064,9.066444212126731,-3.4083404167607423
1759611247121684500,4.6956845703125,1.5742209093004464,9.032406917968391,-3.479629290948808
1759611247131767600,4.705767578125,1.6169759090520441,9.002107641294598,-3.538052546083927
1759611247141851400,4.715851318359375,1.6599810841724276,8.981286971583962,-3.570899169152975
1759611247151934500,4.7259345703125,1.7034271349281072,8.974244067335128,-3.568144902008772
1759611247162017300,4.736017333984375,1.7491167268268764,8.983428659787773,-3.5226378270700573
1759611247172100600,4.7461005859375,1.7967678280569612,9.009595366701483,-3.4306270673707124
1759611247182184400,4.756184326171875,1.8433249965704976,9.051175915846228,-3.2937443157657977
1759611247192267500,4.766267578125,1.8840218947485088,9.104033061286806,-3.1204841366171836
1759611247202350300,4.776350341796875,1.9131525660343467,9.163542065832019,-2.9222844542622566
1759611247212433700,4.78643359375,1.9275801737070082,9.225490280222893,-2.710193316937983
1759611247222516500,4.7965166015625,1.928425392359495,9.286225611692666,-2.4935104679092763
1759611247232600600,4.8066005859375,1.918075701650232,9.342930664733052,-2.2805725044973193
1759611247242683400,4.816683349609375,1.8974393024653196,9.3942423342973,-2.0780559818565845
1759611247252766500,4.826766357421875,1.866387307728082,9.439863683265447,-1.8910184756375847
1759611247262849500,4.836849609375,1.8264277839139103,9.479930320715903,-1.722055263030529
1759611247272932600,4.8469326171875,1.7787164769291877,9.515131397956608,-1.5712505151875316
1759611247283016400,4.857016357421875,1.7243375287488103,9.546552956658601,-1.4354028057187795
1759611247293099500,4.867099609375,1.6667070314265786,9.574841478031873,-1.3095330310374498
1759611247303182300,4.877182373046875,1.6119379148848354,9.59970528565347,-1.190664659550786
1759611247313265700,4.887265625,1.5686299574255942,9.62009107107818,-1.0787222148697824
1759611247323348500,4.897348388671875,1.5439749702490866,9.63503320414424,-0.9760412272699177
1759611247333432300,4.907432373046875,1.5344666988000273,9.64549380788207,-0.8833193236265331
1759611247343515400,4.917515380859375,1.5331576620280742,9.653106036451458,-0.7983456960223615
1759611247353598500,4.927598388671875,1.536280908615142,9.659095047733187,-0.7156216009106486
1759611247363681500,4.937681640625,1.542376010619849,9.664270404544473,-0.6271613002344966
1759611247373764600,4.9477646484375,1.5493058098830281,9.669207276424766,-0.5257991401482374
1759611247383848400,4.957848388671875,1.5554063187152147,9.674000940442085,-0.4059409904392436
1759611247393931300,4.96793115234375,1.5606161623179913,9.678041155743598,-0.2653094990263693
1759611247404014300,4.978014404296875,1.5668059568688273,9.680106856101752,-0.10511328364755027
1759611247414097700,4.98809765625,1.5764534906581043,9.678848380473255,0.07121158486788626
1759611247424180500,4.998180419921875,1.5898538011096417,9.673453243431448,0.2589334794547409
1759611247434264300,5.008264404296875,1.6055322856262326,9.663709263530373,0.45319786818735297
1759611247444347400,5.018347412109375,1.6213257748246193,9.649806410384178,0.6503155274592339
1759611247454430500,5.028430419921875,1.6357681416749954,9.632058572247624,0.8473952658735215
1759611247464513500,5.038513427734375,1.6496840004332363,9.61046808720827,1.0429877614047378
1759611247474597400,5.048597412109375,1.6648495669916272,9.58484381660819,1.2366970735378562
1759611247484680400,5.058680419921875,1.6821189739614724,9.555205049669741,1.42789973661229
1759611247494763300,5.06876318359375,1.7023114287711678,9.52187853412926,1.6144240326121448
1759611247504846600,5.0788466796875,1.7278657028749584,9.484890573471784,1.794914309144765
1759611247514929400,5.088929443359375,1.7612815041340886,9.444411848089098,1.9675781298354267
1759611247525013500,5.099013427734375,1.8041456633485853,9.40080359250903,2.1308076210960745
1759611247535096300,5.109096435546875,1.8566764994442462,9.354453344744444,2.284153577854484
1759611247545179400,5.119179443359375,1.918102005135268,9.30567090139687,2.4281151818044484
1759611247555262500,5.129262451171875,1.9876697546191513,9.254542187184095,2.563786950184405
1759611247565345500,5.139345458984375,2.0644652633994816,9.201371153488754,2.6913059533774852
1759611247575429400,5.149429443359375,2.145717751588672,9.147083682984114,2.8101863075628875
1759611247585512400,5.159512451171875,2.2272667385064064,9.093008978447317,2.9200772996068
1759611247595595300,5.16959521484375,2.306749002152681,9.040271075472235,3.0203990837946533
1759611247605678600,5.1796787109375,2.3799536468341946,8.99024476954341,3.1115465046629307
1759611247615761400,5.189761474609375,2.442776890493929,8.944180937504768,3.194501558986306
1759611247625845500,5.199845458984375,2.4941250926762817,8.903429824921488,3.267822815784812
1759611247635928300,5.20992822265625,2.5337571381017563,8.868739619812368,3.3310546402454375
1759611247646011400,5.220011474609375,2.5625734827414153,8.841588578036427,3.3808129428878426
1759611247656094500,5.230094482421875,2.583471601602435,8.822992598637938,3.4133348640471697
1759611247666177500,5.240177490234375,2.5997695331916213,8.813490026277304,3.425492042569816
1759611247676261400,5.250261474609375,2.6130229825183746,8.812648899278043,3.417562418614328
1759611247686344400,5.260344482421875,2.623202431227267,8.818032345882058,3.3958073906630277
1759611247696427300,5.27042724609375,2.6291239302307368,8.826630662879348,3.36877851396203
1759611247706510600,5.280510498046875,2.6298341243267056,8.836050817653536,3.343439197783172
1759611247716593400,5.290593505859375,2.625074070318043,8.84572114779651,3.3215368703156707
1759611247726677500,5.300677490234375,2.6144565224528313,8.856794914996623,3.300327785809338
1759611247736760300,5.31076025390625,2.5966101923778653,8.87159091759026,3.274582519178092
1759611247746843600,5.32084375,2.5692387858495116,8.892605648568273,3.23897373791933
1759611247756926500,5.330926513671875,2.5303940914094447,8.920798308351635,3.191684163478017
1759611247767010600,5.341010498046875,2.477686875833571,8.955886572867632,3.1342531342506406
1759611247777093400,5.35109326171875,2.4093463300570845,8.996175328636168,3.0715257521808144
1759611247787176400,5.361176513671875,2.3265246928550303,9.039507689884305,3.007484364902973
1759611247797259500,5.371259521484375,2.232139605239779,9.084375005614756,2.9431378571987152
1759611247807342600,5.381342529296875,2.128342692287266,9.130431823390722,2.8767607204496857
1759611247817426400,5.391426513671875,2.01781544816643,9.177404002445936,2.8060753651127217
1759611247827509500,5.401509521484375,1.9034639695823192,9.225211463281513,2.728125279469788
1759611247837592300,5.41159228515625,1.7878299038417635,9.27379633823037,2.640217571175098
1759611247847675600,5.421675537109375,1.6743050853401422,9.322960474371909,2.539582190993428
1759611247857758500,5.431758544921875,1.5659918640069663,9.372451942771672,2.4238839739754794
1759611247867842600,5.441842529296875,1.4653979848794638,9.421477547225356,2.293198761836439
1759611247877925400,5.45192529296875,1.3744834959842265,9.46910088366568,2.1487904370322823
1759611247888008400,5.462008544921875,1.2940681892715393,9.514248769903183,1.9937015821292996
1759611247898091500,5.472091552734375,1.2239077345915137,9.556118657383323,1.8311267553851007
1759611247908174600,5.482174560546875,1.1630910815138369,9.594163433617354,1.6642200369164346
1759611247918258400,5.492258544921875,1.1106035000380128,9.628172086203097,1.4950817600034176
1759611247928341500,5.502341552734375,1.065676124683395,9.658076810601353,1.3252436642579735
1759611247938424300,5.51242431640625,1.0279606534689665,9.68398457431793,1.155041630570963
1759611247948507600,5.522507568359375,0.9969580508314072,9.706005267468095,0.9848482185818255
1759611247958590500,5.532590576171875,0.9723474873185157,9.72415876379609,0.8158933354116976
1759611247968674600,5.542674560546875,0.9544549800142645,9.738400639638304,0.6503552018824964
1759611247978757600,5.552757568359375,0.9430709778212011,9.748829094672203,0.4912802364854142
1759611247988840700,5.5628408203125,0.9390517322424798,9.755646957993507,0.34049550851713867
1759611247998923500,5.572923583984375,0.9454588958710431,9.758918527010083,0.20006682793367653
1759611248009006600,5.583006591796875,0.9674885029800235,9.758571321007608,0.06820218305198941
1759611248019090700,5.593090576171875,1.0067704197935758,9.754650348171591,-0.06003476371867582
1759611248029173500,5.603173583984375,1.0584561103019863,9.74756769643426,-0.1869941785339266
1759611248039256600,5.613256591796875,1.1186951826874165,9.737616795784234,-0.3126034756481647
1759611248049339600,5.623339599609375,1.1860964748524128,9.724855513888597,-0.43675745938755567
1759611248059422500,5.63342236328125,1.259356210722029,9.709366852855682,-0.5591108234457671
1759611248069506600,5.643506591796875,1.3365173379443585,9.691423199886083,-0.678543770012632
1759611248079589600,5.653589599609375,1.415894095389545,9.671352471759915,-0.7940962949495762
1759611248089672400,5.66367236328125,1.497645765272528,9.649190908834338,-0.9058414634928107
1759611248099755500,5.673755615234375,1.5829698868148028,9.624728083229064,-1.0144855972807854
1759611248109838600,5.683838623046875,1.6741463876470923,9.597230419972538,-1.1228512794535606
1759611248119922700,5.693922607421875,1.771800413930416,9.565935117998718,-1.2344964947536587
1759611248130005500,5.704005615234375,1.8757824741914868,9.530046058493852,-1.3527880892656743
1759611248140088600,5.714088623046875,1.9844965314105152,9.48892903520763,-1.480661751115322
1759611248150171400,5.72417138671875,2.0934778612636027,9.442659451463818,-1.6198532180540264
1759611248160254500,5.73425439453125,2.1961741194978357,9.392195923161506,-1.77026852818802
1759611248170338600,5.744338623046875,2.2870127666778863,9.339057622691989,-1.929233932263404
1759611248180421600,5.754421630859375,2.362793983849138,9.285214388823508,-2.091023746109754
1759611248190504400,5.76450439453125,2.424742928892374,9.232475316804647,-2.24775598430559
1759611248200587500,5.77458740234375,2.476921736679971,9.182568253341316,-2.3907535655289887
1759611248210670600,5.784670654296875,2.5225723117426035,9.137638978290557,-2.512088327129185
1759611248220754700,5.794754638671875,2.5626678830265996,9.100134884804486,-2.605890646420419
1759611248230837500,5.80483740234375,2.598044609095156,9.071478699162602,-2.6699849329292773
1759611248240920600,5.814920654296875,2.6306372574031354,9.051883771854639,-2.7043530664771795
1759611248251003400,5.82500341796875,2.6626889307022092,9.04078253212571,-2.7101173290923235
1759611248261087700,5.835087646484375,2.6945050416797396,9.037785103875398,-2.6885826658934353
1759611248271170600,5.845170654296875,2.72627526768893,9.042289429557323,-2.6409868019819256
1759611248281253600,5.855253662109375,2.7575620940953494,9.053722677719593,-2.56833657631278
1759611248291336400,5.86533642578125,2.7857869025826454,9.071634181985258,-2.472902271905541
1759611248301419500,5.87541943359375,2.8048563447117805,9.095808253777026,-2.3599647517725826
1759611248311503600,5.885503662109375,2.807391416147351,9.125806501677632,-2.2379876006156203
1759611248321586700,5.895586669921875,2.793538247361779,9.15930428213179,-2.1151041482686996
1759611248331669500,5.90566943359375,2.7665336283192037,9.194803465536236,-1.9930527628317474
1759611248341752600,5.915752685546875,2.726719212064147,9.23252500116527,-1.8697193747602403
1759611248351835400,5.92583544921875,2.675800341209769,9.272042188039421,-1.7434791593313217
1759611248361919700,5.935919677734375,2.61654735725224,9.312190658554433,-1.6146787380255758
1759611248372002600,5.94600244140625,2.55130886914432,9.351689140728116,-1.4856383704841136
1759611248382085600,5.956085693359375,2.481531860823929,9.389470882111787,-1.3602277377471328
1759611248392168400,5.96616845703125,2.408493366489559,9.424657346305251,-1.2431351437613367
1759611248402251500,5.97625146484375,2.3333665215738115,9.456841706073284,-1.1375068506632
1759611248412335600,5.986335693359375,2.2585985730983316,9.485657466191054,-1.0447081554565578
1759611248422418700,5.996418701171875,2.186311189392209,9.511095274308323,-0.9641123045451938
1759611248432501500,6.00650146484375,2.11805437637642,9.533352698823808,-0.8941108398191631
1759611248442584600,6.01658447265625,2.054969997562468,9.552714401897788,-0.832556958508119
1759611248452667400,6.02666748046875,1.9978005418807268,9.569486088478564,-0.7772483282621949
1759611248462751700,6.036751708984375,1.946774265129119,9.584016718134283,-0.7260016867581754
1759611248472834600,6.04683447265625,1.902229751612246,9.59664765164852,-0.6754863552033901
1759611248482917600,6.056917724609375,1.8646005704417823,9.607642508393525,-0.6219805365957319
1759611248493000400,6.06700048828125,1.8330572850562632,9.61737012168169,-0.5625843082426115
1759611248503083500,6.07708349609375,1.8065471715323627,9.626016953995823,-0.4965753472188487
1759611248513167600,6.087167724609375,1.783749210399389,9.633708093020319,-0.42460265548508613
1759611248523250700,6.097250732421875,1.7644798617839812,9.640316697505115,-0.34826701930146664
1759611248533333500,6.10733349609375,1.7487997698321938,9.645732292813062,-0.26822246386362236
1759611248543416600,6.11741650390625,1.7368888211555777,9.649855510222912,-0.18413679807512087
1759611248553499600,6.127499755859375,1.7292808303698897,9.652513915777206,-0.09456095563881099
1759611248563583500,6.13758349609375,1.7266471208654344,9.653447397235036,0.002314408428581373
1759611248573666600,6.14766650390625,1.7297018322609363,9.652298227199912,0.10790618403539992
1759611248583749600,6.15774951171875,1.7378285862237215,9.648851886138319,0.2235861256111413
1759611248593832400,6.16783251953125,1.7504501673877237,9.642833064240216,0.3494289392203092
1759611248603915800,6.177915771484375,1.7660034180894493,9.634151745134591,0.4845003670869395
1759611248613999600,6.18799951171875,1.7827577151440084,9.62288800832033,0.626238851627335
1759611248624082700,6.198082763671875,1.7994518064439295,9.609211949667333,0.7716287348147481
1759611248634165500,6.20816552734375,1.8156006849512456,9.593372575500608,0.9171670134969055
1759611248644248600,6.21824853515625,1.830793431777507,9.575771452358364,1.0598005106482655
1759611248654331600,6.22833154296875,1.8458314264334736,9.556766892158985,1.19645456806384
1759611248664415500,6.23841552734375,1.8610909548856316,9.536719544908404,1.325778647917509
1759611248674498600,6.24849853515625,1.8766072345778344,9.515938622686267,1.4476320265643299
1759611248684581600,6.25858154296875,1.8922085622049867,9.494680730602145,1.562359644984454
1759611248694664400,6.26866455078125,1.9075994619518517,9.47315162036121,1.6705813886418939
1759611248704747800,6.278747802734375,1.9216363167412578,9.451667518305777,1.7730385774232447
1759611248714831600,6.28883154296875,1.9331223180040715,9.430664477765559,1.8697627755105495
1759611248724914400,6.29891455078125,1.9415632524825632,9.410810607260466,1.9589143463864922
1759611248734997500,6.30899755859375,1.947016549452394,9.392963984924554,2.037576964212954
1759611248745080600,6.31908056640625,1.9523009195961056,9.377243268701434,2.1038569241978227
1759611248755163600,6.32916357421875,1.959088680040091,9.363632091978191,2.1574913376212117
1759611248765247500,6.33924755859375,1.9659788779452443,9.352988532888888,2.1970251833692194
1759611248775330600,6.34933056640625,1.970284612315148,9.347557155489921,2.2161982320033013
1759611248785413400,6.359413330078125,1.967671068815887,9.349409505358338,2.2107003652393815
1759611248795496700,6.36949658203125,1.9520446067474782,9.358372564014791,2.186497651875019
1759611248805579800,6.379579833984375,1.9196447045326233,9.372863446182013,2.15285140286088
1759611248815663600,6.38966357421875,1.8721254129886626,9.391099360096455,2.1148966429978606
1759611248825746400,6.399746337890625,1.8159014214634894,9.41108124089539,2.0747148547351357
1759611248835829500,6.40982958984375,1.7589852098904548,9.431685052984953,2.0297031620979307
1759611248845912600,6.41991259765625,1.7064299700058996,9.4528564358294,1.9753410189218819
1759611248855995600,6.42999560546875,1.6594168744184077,9.474763731732963,1.9093356380946933
1759611248866079500,6.44007958984375,1.6169472674794494,9.497070840609073,1.833444384677708
1759611248876162600,6.45016259765625,1.5769921275794505,9.519229480925201,1.7514998225711285
1759611248886245400,6.460245361328125,1.5391434584394097,9.540731118637323,1.6660951831385493
1759611248896328700,6.47032861328125,1.5047159959197043,9.56126829523146,1.5774579915255307
1759611248906411500,6.48041162109375,1.475935891637206,9.580762684774399,1.4835672632984815
1759611248916495600,6.49049560546875,1.4545989429675041,9.59911024236977,1.38261258803457
1759611248926578400,6.500578369140625,1.4414973232015966,9.616023383247851,1.2745911892548203
1759611248936661500,6.51066162109375,1.4356303308643399,9.631299278312921,1.1607863117028028
1759611248946744600,6.52074462890625,1.4342761397764086,9.645005732104181,1.04263850957565
1759611248956827100,6.5308271484375,1.4345074643142521,9.657239775255322,0.9221091460742056
1759611248966911000,6.540910888671875,1.434448865994811,9.668017774379253,0.8013577373199164
1759611248976994000,6.550994140625,1.4327123975910245,9.677333884257077,0.683327131831646
1759611248987077000,6.5610771484375,1.4288481233783066,9.685233113074302,0.5701392171341926
1759611248997160200,6.57116015625,1.4231651093058286,9.691818921205401,0.4622084192473441
1759611249007243300,6.5812431640625,1.4153693408630788,9.697326870971917,0.3591430719723925
1759611249017327000,6.5913271484375,1.4043446735017,9.702080202978848,0.2604664429093711
1759611249027410000,6.601409912109375,1.3889875298939645,9.70636591747403,0.1660073767424561
1759611249037493000,6.611492919921875,1.369792853949964,9.710217332205175,0.07569204105045646
1759611249047576000,6.621576171875,1.3490980025760828,9.713403561025858,-0.010631419985293177
1759611249057659100,6.6316591796875,1.3296151573404669,9.715640526297689,-0.09392497755652293
1759611249067743000,6.641742919921875,1.3134914132744073,9.716716046574712,-0.17475933166518806
1759611249077826000,6.651825927734375,1.3022798450388013,9.71647756164372,-0.2539910363501869
1759611249087908900,6.661908935546875,1.297073508567363,9.714808167126774,-0.33242830272186547
1759611249097992200,6.6719921875,1.2987566393487155,9.711562901595235,-0.4112963799925521
1759611249108075300,6.6820751953125,1.3083271623790262,9.706513801512122,-0.492176418140158
1759611249118159000,6.6921591796875,1.3267295189015567,9.699396078461408,-0.57608756761197
1759611249128242000,6.702241943359375,1.3552379666358232,9.689883569228648,-0.6632112493894994
1759611249138325000,6.712324951171875,1.3946566615715623,9.677690442609787,-0.7534186859939247
1759611249148408000,6.722407958984375,1.4458042266152797,9.662481767562031,-0.8464495825212448
1759611249158491100,6.7324912109375,1.5088589409433304,9.643979896187782,-0.9420181808326393
1759611249168575000,6.742574951171875,1.5827881005071103,9.621977907738088,-1.0405394914697854
1759611249178658000,6.752657958984375,1.6648225328542292,9.596531916314364,-1.1425181029539555
1759611249188740900,6.762740966796875,1.7510804281152783,9.567969838696717,-1.2482264755509793
1759611249198824200,6.77282421875,1.836804801021516,9.537042200991511,-1.3569699049949646
1759611249208907000,6.782906982421875,1.9155005904652178,9.505066515538095,-1.4679793796747922
1759611249218991000,6.7929912109375,1.9845472386844456,9.472976263794303,-1.5794617325633764
1759611249229074000,6.803073974609375,2.046304898939282,9.440779044544696,-1.6895925247125327
1759611249239157200,6.8131572265625,2.102408040563762,9.408528633803128,-1.7971831308595836
1759611249249240000,6.823239990234375,2.151366425000131,9.377294706627726,-1.8995730996236204
1759611249259323100,6.8333232421875,2.190868560435623,9.349078081446885,-1.9912851686373352
1759611249269407000,6.843406982421875,2.222073699907958,9.325670317852497,-2.065105753260106
1759611249279490000,6.853489990234375,2.2497828139580784,9.307978009295462,-2.1143365248970687
1759611249289573000,6.863572998046875,2.279258791550249,9.296413243708013,-2.1335629111535845
1759611249299656200,6.87365625,2.3144931865386664,9.290618293693662,-2.120831001482904
1759611249309739000,6.883739013671875,2.3596276287727056,9.288909736210107,-2.0781535970121623
1759611249319823000,6.893822998046875,2.4159843067668376,9.289534590110183,-2.0094656991027295
1759611249329906000,6.903906005859375,2.482090371489525,9.291114552778005,-1.9195817222990095
1759611249339989200,6.9139892578125,2.554551504327357,9.29263489421308,-1.8142760122187434
1759611249350072000,6.924072021484375,2.6286820316821333,9.29375542267561,-1.6989786310866475
1759611249360155100,6.934155029296875,2.6988842796772716,9.294863676178455,-1.5785824655108154
1759611249370239000,6.944239013671875,2.7594766955450174,9.296932883667946,-1.4569522280953824
1759611249380322000,6.954322021484375,2.8061612898305057,9.3008573636353,-1.3378744516417382
1759611249390405000,6.964405029296875,2.8364477070227263,9.30722046892643,-1.2249942146539687
1759611249400488200,6.97448828125,2.8500787574902176,9.316267698734999,-1.1200865639805793
1759611249410571000,6.984571044921875,2.847731902103126,9.328376654201746,-1.020885235190019
1759611249420655000,6.994655029296875,2.8317431825935837,9.343447382083534,-0.9228202169530093
1759611249430738000,7.004738037109375,2.8055405275836587,9.360920494931936,-0.8200524278525263
1759611249440821200,7.0148212890625,2.7738182323694227,9.379549792078137,-0.7073572651080787
1759611249450904000,7.024904052734375,2.739940220426023,9.398198378446697,-0.5805048360649496
1759611249460987100,7.034987060546875,2.7052745652362704,9.415960829630494,-0.4376674138393253
1759611249471071000,7.045071044921875,2.6698320804551243,9.432001279327272,-0.28234707000171766
1759611249481154000,7.055154052734375,2.6327216624617575,9.445876075422763,-0.12075630412511527
1759611249491237000,7.065237060546875,2.5938755067169663,9.457308154541254,0.03891663629827089
1759611249501320200,7.0753203125,2.5528476230189203,9.46667745591104,0.1880456420819275
1759611249511403000,7.085403076171875,2.5086279575422403,9.474941426387428,0.3203879920445382
1759611249521487000,7.095487060546875,2.460117609134316,9.483132331627607,0.43405875835549085
1759611249531570200,7.105570068359375,2.4073326521471143,9.491711943924427,0.5315433828886598
1759611249541653200,7.1156533203125,2.3524976307623087,9.500198617240786,0.6183551857054234
1759611249551736000,7.125736083984375,2.299927047178149,9.50735141160488,0.700704967612028
1759611249561819100,7.135819091796875,2.254387239013612,9.511797869619727,0.7834740709092468
1759611249571903000,7.145903076171875,2.220648781671375,9.512249120518565,0.869618641988933
1759611249581986300,7.155986328125,2.202296401770413,9.507782788759469,0.960390507543087
1759611249592069000,7.166069091796875,2.2001756102241576,9.49840062790811,1.0535618354544043
1759611249602152200,7.176152099609375,2.212799383345246,9.484885897296667,1.1449194650072603
1759611249612235000,7.186235107421875,2.2378461463183164,9.46839302765727,1.2296212899327277
1759611249622319000,7.196319091796875,2.271120054888725,9.450458142516016,1.3043100356921553
1759611249632402200,7.206402099609375,2.3093170990750194,9.432171375197171,1.368057554589957
1759611249642485200,7.2164853515625,2.349591972448677,9.414024893131852,1.423348210787773
1759611249652568000,7.226568115234375,2.3894357609286905,9.396115142431855,1.4744481372974811
1759611249662651100,7.236651123046875,2.4271003056734797,9.378388931605219,1.5249275938212872
1759611249672735000,7.24673486328125,2.46224614559561,9.360358184874057,1.5784268365576863
1759611249682818000,7.256818115234375,2.495296182282269,9.341644716575741,1.636331913037598
1759611249692901000,7.266901123046875,2.5284438341245052,9.321536579048633,1.698923101507127
1759611249702984200,7.276984130859375,2.5630150890290735,9.299719884037971,1.7653775412760675
1759611249713067000,7.28706689453125,2.597205527922511,9.276666925230622,1.8353128088980912
1759611249723150800,7.29715087890625,2.6273174653306604,9.25300489461422,1.9103698034480212
1759611249733234200,7.307234130859375,2.653041981434822,9.227970991122723,1.9940673467017709
1759611249743317200,7.317317138671875,2.677135681466758,9.199654412698745,2.0903762419864536
1759611249753400000,7.327400146484375,2.7035116472169753,9.165827546420692,2.2020437421835957
1759611249763483100,7.337483154296875,2.7356021912217137,9.12467077564597,2.329644870702177
1759611249773567200,7.347567138671875,2.777719331461191,9.075131960973144,2.469139704501629
1759611249783650000,7.357650146484375,2.833423683026433,9.017256695109605,2.6136463751137256
1759611249793733000,7.367733154296875,2.9052751595333217,8.951884936010837,2.7556308337718245
1759611249803816200,7.377816162109375,2.9910093231812116,8.880625287917256,2.8911501880690453
1759611249813899000,7.38789892578125,3.0848078430801626,8.805948524856566,3.018211802883446
1759611249823983000,7.397983154296875,3.1792388156637545,8.731028016167878,3.1355981191188094
1759611249834066200,7.408066162109375,3.267492560917139,8.659393689543009,3.241721575322747
1759611249844149000,7.41814892578125,3.3438580077171323,8.594443955248593,3.3353491225689647
1759611249854232000,7.428232177734375,3.4066432574540375,8.538038761937617,3.415709776484966
1759611249864315100,7.438315185546875,3.4560601993128657,8.490952601113914,3.482781617499888
1759611249874399200,7.448399169921875,3.4920290460556744,8.454140581545234,3.5360488050460814
1759611249884482000,7.45848193359375,3.5175235527962445,8.427478784590958,3.5742139927893875
1759611249894565000,7.468565185546875,3.534147063077986,8.410707098010182,3.597247370113432
1759611249904648200,7.478648193359375,3.5410593266844748,8.403887481123208,3.606376725247502
1759611249914731000,7.48873095703125,3.536752861662209,8.406903614073991,3.6035748195692894
1759611249924814000,7.49881396484375,3.5212864124611016,8.419154608359932,3.590095452532172
1759611249934898200,7.508898193359375,3.493236960540712,8.44127993092835,3.565455516794324
1759611249944981000,7.51898095703125,3.449246427644789,8.475513039919733,3.5268645048543807
1759611249955065000,7.529065185546875,3.386541257406771,8.523355572068692,3.4719039573937653
1759611249965148000,7.53914794921875,3.302639862143993,8.584405960837007,3.401608770418167
1759611249975231000,7.54923095703125,3.1960245307698845,8.656336055538057,3.320188670577109
1759611249985315000,7.559315185546875,3.067876289762556,8.73533243536353,3.233032072910666
1759611249995398100,7.569398193359375,2.923167082315683,8.816606112471222,3.1453023515313863
1759611250005481000,7.57948095703125,2.7677470957621932,8.896644110304116,3.0593568832203744
1759611250015564000,7.58956396484375,2.6082354559808967,8.973174392277002,2.974836771537363
1759611250025646800,7.599646728515625,2.452546297097206,9.044785338026285,2.889165736253559
1759611250035731200,7.609731201171875,2.3072613355889917,9.111379916918278,2.798162107770145
1759611250045814000,7.61981396484375,2.176550404486805,9.173447958296537,2.6983041417017577
1759611250055897000,7.62989697265625,2.0631620718464254,9.231468185588717,2.5872289083093403
1759611250065980000,7.63997998046875,1.9686410828918217,9.28543475357592,2.464861588791013
1759611250076063000,7.65006298828125,1.8923912252955137,9.33558790075481,2.3315382832333444
1759611250086147000,7.66014697265625,1.830317630959302,9.382612102258205,2.187902257975936
1759611250096230100,7.670230224609375,1.777867166623473,9.427104739457368,2.0345169921204445
1759611250106313000,7.68031298828125,1.7316329464539884,9.469388468435406,1.8715021665237843
1759611250116396000,7.69039599609375,1.690211971785128,9.509225973305105,1.6994753285624087
1759611250126478800,7.700478759765625,1.6527553707025944,9.546056697574258,1.5203968185238539
1759611250136563000,7.71056298828125,1.6178341333165764,9.579466215223073,1.3367191441267727
1759611250146646000,7.72064599609375,1.583837755690515,9.609221886539459,1.150950707995519
1759611250156729000,7.73072900390625,1.5497953469656407,9.635242462980747,0.9646941230211407
1759611250166812000,7.74081201171875,1.516522169047594,9.657283029875158,0.7793789105501026
1759611250176895000,7.75089501953125,1.484506882236153,9.675243633979559,0.5969124751063063
1759611250186979000,7.76097900390625,1.4548206228941678,9.689094464677572,0.41870647358596325
1759611250197062000,7.771061767578125,1.427328512595594,9.699089788991213,0.2465380899957381
1759611250207145000,7.78114501953125,1.4027309546947477,9.705462246632575,0.08213950015679002
1759611250217228000,7.79122802734375,1.3815019964441657,9.708580086392164,-0.0728370352118276
1759611250227310800,7.801310791015625,1.3651575953647495,9.708730308517813,-0.21744115658272056
1759611250237395000,7.81139501953125,1.3558452848792075,9.706103467145562,-0.3515916702121496
1759611250247478000,7.82147802734375,1.3557299879364668,9.700799515518545,-0.47628447353597725
1759611250257561000,7.83156103515625,1.366468531832844,9.692925421142577,-0.5918776227442547
1759611250267644000,7.841643798828125,1.3888557202078402,9.682554833775757,-0.6997105497471988
1759611250277727000,7.85172705078125,1.4214295176848768,9.669939682352542,-0.8013827986959368
1759611250287811000,7.86181103515625,1.4619114579379557,9.655258246049284,-0.8995394407391548
1759611250297894000,7.871893798828125,1.507784735840559,9.63859118888676,-0.9972625136706977
1759611250307977000,7.88197705078125,1.5567821371130643,9.619864861106873,-1.0977345199842006
1759611250318060000,7.89206005859375,1.606832846830785,9.598930209627747,-1.203760214902088
1759611250328142800,7.902142822265625,1.6559000984691084,9.575570376828312,-1.3178903788857161
1759611250338227000,7.91222705078125,1.7025411458738147,9.54939022591114,-1.4425322192072867
1759611250348310000,7.92231005859375,1.7452656043566763,9.520221414572,-1.5779196176879107
1759611250358392000,7.93239208984375,1.7821346148096024,9.488284892085193,-1.7224549298726022
1759611250368475000,7.942474853515625,1.8100655549168585,9.454408341446518,-1.8730173933923244
1759611250378558000,7.952557861328125,1.8261162337467074,9.419987016406655,-2.0247280040338635
1759611250388641000,7.96264111328125,1.8286885684527456,9.386758700543641,-2.1714177177734673
1759611250398724000,7.97272412109375,1.8190818050652742,9.356707845672965,-2.30506777106747
1759611250408808000,7.982807861328125,1.8012671853028237,9.331618997123837,-2.417992431718856
1759611250418891000,7.99289111328125,1.7805033603459595,9.31259280961454,-2.5051558975175023
1759611250428973800,8.002973876953124,1.761746052905917,9.299475553888081,-2.5663945023342967
1759611250439057200,8.01305712890625,1.7484625007018446,9.291241394028066,-2.6050135713249443
1759611250449140000,8.023139892578126,1.741642445423454,9.287032251900435,-2.6245173132181168
1759611250459224000,8.03322412109375,1.740184063308686,9.28627704961896,-2.628155085198581
1759611250469307000,8.043306884765625,1.7426329177655278,9.289061127379536,-2.616666891978681
1759611250479390000,8.053389892578124,1.7473709060728548,9.296277050107717,-2.587723413828015
1759611250489473000,8.06347314453125,1.752538664099574,9.309321240597964,-2.5368375684604048
1759611250499556000,8.07355615234375,1.7546647163428366,9.32915289927125,-2.4613912823319435
1759611250509640000,8.083639892578125,1.7490952456474302,9.355684932366014,-2.362677517862618
1759611250519723000,8.093722900390626,1.7324957007631658,9.387729006880521,-2.2448608473859726
1759611250529805800,8.103805908203125,1.7033543619528413,9.423808620521426,-2.1120605427891013
1759611250539889200,8.11388916015625,1.6619567681595682,9.462492863702774,-1.9671090510189533
1759611250549972000,8.123971923828124,1.6107929826334118,9.502392912414669,-1.8111464820213614
1759611250560056000,8.13405615234375,1.554113064034283,9.542384146541357,-1.6425599937722086
1759611250570139000,8.144138916015624,1.4950830751776694,9.581502104964851,-1.4594215408183633
1759611250580222000,8.154221923828125,1.4361118307709693,9.618418753951788,-1.262535279149562
1759611250590305000,8.164304931640626,1.3786140199176966,9.65140390870869,-1.0584090562898665
1759611250600388000,8.17438818359375,1.3235343761220573,9.678977559810876,-0.8579302500218152
1759611250610472000,8.184471923828125,1.2728016754895448,9.70039853350222,-0.672794193509966
1759611250620555000,8.194554931640624,1.2290680399641394,9.715884271925686,-0.5112573680439964
1759611250630637800,8.204637939453125,1.1939149665836244,9.72641794089973,-0.37650001109521836
1759611250640721200,8.21472119140625,1.1656035757914185,9.733478380805254,-0.26671136518092825
1759611250650804000,8.224803955078125,1.1403209582358598,9.738552615329622,-0.17496912022465838
1759611250660888000,8.23488818359375,1.1160056513424963,9.742513920176028,-0.09132882358347996
1759611250670971000,8.244970947265625,1.0927098236899822,9.745579737487434,-0.007080200056164176
1759611250681054200,8.25505419921875,1.0742282644513994,9.747277773576974,0.0834882113520056
1759611250691137000,8.265136962890624,1.0656715215735137,9.746869192776083,0.18241866904562337
1759611250701220000,8.27522021484375,1.0714316194701938,9.743689978218079,0.287975869668927
1759611250711303000,8.285302978515626,1.0932179193425924,9.7375109973222,0.39514804947450755
1759611250721387000,8.295386962890625,1.1297565287973732,9.728582425457239,0.49873033329565075
1759611250731470000,8.305469970703125,1.1781713809415697,9.717437346586584,0.5947291397178546
1759611250741553200,8.31555322265625,1.237057431282848,9.704349901476501,0.6823886819377541
1759611250751637000,8.325636962890625,1.305378103315085,9.689353407874703,0.7634144486989826
1759611250761720000,8.335719970703124,1.382098208771646,9.672250881904363,0.841273933449015
1759611250771803000,8.345802978515625,1.4662237681791186,9.652692194953561,0.9198372556194663
1759611250781886200,8.35588623046875,1.555854208613187,9.630364043289422,1.0028952588606626
1759611250791969000,8.365968994140625,1.6486869522199035,9.605123803570866,1.0926131583824754
1759611250802052900,8.376052978515625,1.742571981358528,9.576924129524826,1.1901136746045202
1759611250812136000,8.386135986328124,1.8363123413294553,9.545822888818382,1.2944552888929843
1759611250822219000,8.396218994140625,1.9292638890102505,9.511914189475775,1.4042146173812449
1759611250832302000,8.406302001953126,2.0208159451566634,9.475355267885327,1.5180024707332254
1759611250842385200,8.41638525390625,2.1105741036236285,9.436253676074744,1.634922046239674
1759611250852469000,8.426468994140626,2.19818925871253,9.394693000674247,1.7544499045483768
1759611250862551800,8.4365517578125,2.2832369014009832,9.35070889751911,1.876557842478156
1759611250872635000,8.446634765625,2.3648665523394943,9.304544527715445,2.0008084915250537
1759611250882718200,8.45671826171875,2.442716538608819,9.256237300664186,2.1273418446816503
1759611250892801000,8.466801025390625,2.5165491059303284,9.205987707373499,2.255469627422839
1759611250902884900,8.476884765625,2.58572873287946,9.15397227345407,2.385197100445628
1759611250912968000,8.486968017578125,2.649583657674491,9.100603086838126,2.515769645990431
1759611250923051000,8.497051025390626,2.706987214373052,9.046685034167766,2.645771990431845
1759611250933134000,8.507134033203124,2.7571172729372977,8.993106588715314,2.7735762403070927
1759611250943217200,8.517217041015625,2.799991076762974,8.941063097745179,2.896173861449957
1759611250953301000,8.527301025390624,2.835443498416245,8.892319232842326,3.0095351599529385
1759611250963383300,8.53738330078125,2.8629715568110345,8.848597580015658,3.110639326690137
1759611250973466000,8.547466064453126,2.8808628950715063,8.811447706794738,3.1983430368453263
1759611250983549200,8.557549072265624,2.886673334915936,8.782915439793467,3.2707644221946595
1759611250993632000,8.567632080078125,2.8776106152772902,8.765610669249297,3.324727483050525
1759611251003715000,8.577715087890626,2.851437770883739,8.762069635641573,3.356458253832161
1759611251013799200,8.587799072265625,2.8116075725376604,8.77377001030743,3.359497475397587
1759611251023882200,8.59788232421875,2.7646391928747294,8.79993847078681,3.329899332730472
1759611251033965000,8.607965087890625,2.7161504717767238,8.83686447212398,3.2715047191679476
1759611251044048100,8.618048095703125,2.6702175726413726,8.878767677351831,3.194963915801048
1759611251054131000,8.628130859375,2.631221487031877,8.920251780384778,3.1106536474764344
1759611251064215300,8.63821533203125,2.603546421381831,8.958089635869861,3.0239997386351227
1759611251074298000,8.648298095703124,2.588720023649931,8.991948650851846,2.9349212329953906
1759611251084381200,8.658381103515625,2.584962132421136,9.023321694236992,2.8404268397867676
1759611251094464000,8.668464111328126,2.587779527929425,9.054570818981528,2.7365207673713563
1759611251104547000,8.678547119140624,2.592194421762228,9.087495767983794,2.620749777378142
1759611251114631200,8.688631103515625,2.59243232217133,9.123150434210896,2.4935516767024994
1759611251124714200,8.69871435546875,2.5836492962568998,9.161997758999467,2.356469749263674
1759611251134797000,8.708797119140625,2.5632208407342434,9.203824391859769,2.2113111906141043
1759611251144880000,8.718880126953126,2.5311104229852557,9.247811417624353,2.0595752994008363
1759611251154963000,8.728962890625,2.4891627940937875,9.29291488019824,1.901629886022955
1759611251165047300,8.73904736328125,2.440125206941366,9.338127063843608,1.736541907414049
1759611251175130000,8.749130126953125,2.3874479481123387,9.382505134752392,1.561752472871542
1759611251185213200,8.759213134765625,2.3345121844775973,9.425078786587715,1.3741637625105678
1759611251195296000,8.7692958984375,2.2853521399892864,9.464353396877646,1.171989696631953
1759611251205379000,8.779379150390625,2.243480206682533,9.498701656681298,0.9548976092152297
1759611251215463200,8.789463134765626,2.2109072859883305,9.526703762328625,0.7240059098310768
1759611251225546200,8.799546142578125,2.1888548825256526,9.547064413312077,0.48255281321574
1759611251235629000,8.809629150390625,2.177089918190986,9.559076922667026,0.23393590765194966
1759611251245712100,8.819712158203124,2.1736701728753745,9.562698035773634,-0.018442401980195425
1759611251255795200,8.829795166015625,2.1750914378501474,9.55854500774741,-0.27128453658167273
1759611251265879000,8.839879150390624,2.1785918471865355,9.547370702782272,-0.5213813967712223
1759611251275962000,8.849962158203125,2.1814866918452083,9.5301226308614,-0.7669936954252421
1759611251286045200,8.860045166015626,2.1803705472968518,9.508140516155958,-1.0058022323485463
1759611251296128000,8.8701279296875,2.1706229141339657,9.48325858835578,-1.2355604707233607
1759611251306211300,8.88021142578125,2.149578810930997,9.45712695275545,-1.4534201084464788
1759611251316295200,8.890295166015624,2.117170871540159,9.431046755081415,-1.6562939200922846
1759611251326378000,8.9003779296875,2.076439778831601,9.405887763905525,-1.8406684907123445
1759611251336461000,8.9104609375,2.0312879470713434,9.38236134236753,-2.0038797156639396
1759611251346544000,8.920544189453125,1.985597916781157,9.361082992017268,-2.1442744209125637
1759611251356627200,8.930627197265625,1.9435389364697038,9.34215091253221,-2.2621374147489663
1759611251366711000,8.9407109375,1.9089694351308046,9.325447615012527,-2.358442072249949
1759611251376794000,8.950794189453125,1.8847423179775475,9.310748643052577,-2.434768940605223
1759611251386877200,8.960877197265624,1.8731044871538876,9.297407515442371,-2.4940052656888962
1759611251396960000,8.9709599609375,1.874977441418916,9.28468948816657,-2.5395646553367377
1759611251407043300,8.981043212890626,1.8914159505225716,9.271828837549686,-2.574122758498788
1759611251417126100,8.991126220703125,1.9231357615187763,9.258436272013187,-2.5987097950056195
1759611251427210000,9.0012099609375,1.9695400775581597,9.244368583694099,-2.613992119811475
1759611251437293000,9.01129296875,2.029211433058232,9.229785931590198,-2.6198762094140053
1759611251447376100,9.021376220703125,2.1013696374267337,9.214580763673782,-2.616514331765473
1759611251457459200,9.031459228515626,2.18408459938392,9.198818546396494,-2.6042092692047354
1759611251467542300,9.041542236328125,2.2754591070063412,9.182275992396473,-2.5842770727664233
1759611251477626000,9.051626220703126,2.3733497185245156,9.1645462744385,-2.5590415092229843
1759611251487709000,9.061708984375,2.4754648158699273,9.145364019584655,-2.5307658473312853
1759611251497792300,9.071792236328125,2.5788454031065107,9.124433459758759,-2.5029294536396858
1759611251507875300,9.081875244140624,2.680821091981232,9.101533645686507,-2.4790453047052026
1759611251517958100,9.091958251953125,2.77882173974514,9.076779728180169,-2.4618290892273187
1759611251528042000,9.1020419921875,2.870382417589426,9.05024009630084,-2.454471712201834
1759611251538125000,9.112125,2.953410244888067,9.022513884985447,-2.458046063557267
1759611251548208000,9.1222080078125,3.0263442559346556,8.994292583629488,-2.472716686205566
1759611251558291200,9.132291259765625,3.089154932373762,8.966027443131804,-2.4975699724331495
1759611251568374300,9.142374267578125,3.142000095115602,8.938073268279433,-2.531614865376055
1759611251578458000,9.1524580078125,3.1848253836244345,8.910919303894042,-2.5734774463325736
1759611251588541000,9.162541015625,3.217670253127813,8.88552241230905,-2.620015033362806
1759611251598624300,9.172624267578126,3.239423819774389,8.863732020783424,-2.6666020124927163
1759611251608707000,9.18270703125,3.248276696054637,8.847773404151202,-2.7085022951111197
1759611251618790100,9.1927900390625,3.2422745330303906,8.840013876065612,-2.7408362924829124
1759611251628874000,9.2028740234375,3.2209815696328876,8.842281820997595,-2.758570978876948
1759611251638957000,9.21295703125,3.1845246471121906,8.855732838723062,-2.757752063709497
1759611251649040100,9.2230400390625,3.1340684253334996,8.880047780290246,-2.7372899981781837
1759611251659123200,9.233123291015625,3.0717052004009484,8.913834899079799,-2.6978815323755145
1759611251669206000,9.2432060546875,3.0008816056370735,8.955017973339556,-2.640594880054891
1759611251679290000,9.2532900390625,2.9251991726651787,9.001424335205554,-2.566700791804492
1759611251689373000,9.263373046875,2.846491838914156,9.05120923359394,-2.4786048674613235
1759611251699456300,9.273456298828124,2.7649969202712175,9.10283537593484,-2.379829728193581
1759611251709539000,9.2835390625,2.6797964251086115,9.154788266012073,-2.2757281332060693
1759611251719622100,9.2936220703125,2.591534204287827,9.205406692615151,-2.1713633572377264
1759611251729706000,9.3037060546875,2.5008146534428,9.254167508652806,-2.0680168184012175
1759611251739789000,9.3137890625,2.40768599562943,9.301255423042178,-1.9647090041399
1759611251749872000,9.3238720703125,2.3129383583121,9.346509107741714,-1.8610415627859531
1759611251759955200,9.333955078125,2.2196432578906418,9.389337611120938,-1.7561049782790243
1759611251770038000,9.3440380859375,2.1310024130158127,9.429162256509064,-1.649273227675259
1759611251780122000,9.3541220703125,2.0495633162133395,9.465922838151455,-1.5381819199308753
1759611251790205200,9.364205078125,1.9769718349941074,9.499663779711723,-1.4206936046257614
1759611251800288300,9.374288330078125,1.9133270458184182,9.530475682082772,-1.295994335028529
1759611251810371000,9.38437109375,1.856853171185404,9.558315875166654,-1.1666481164082885
1759611251820454100,9.3944541015625,1.805463175687939,9.58294119785726,-1.0382323835711926
1759611251830538000,9.4045380859375,1.757990207503736,9.60405471303463,-0.9176019708480685
1759611251840621300,9.414621337890624,1.7132335125409066,9.621744098982214,-0.810721266536042
1759611251850704100,9.4247041015625,1.6708584520176053,9.636358315268158,-0.7205718437291682
1759611251860787200,9.434787109375,1.6316142368659377,9.648391282889246,-0.6455914946120231
1759611251870870000,9.4448701171875,1.5982108566969633,9.658094930779933,-0.580799910021387
1759611251880954000,9.4549541015625,1.5736331725403665,9.665604283496737,-0.5197776879016309
1759611251891037200,9.465037109375,1.5597510699212551,9.671031569242476,-0.45685653682537375
1759611251901120300,9.475120361328125,1.5572814649373292,9.674442838990688,-0.38786260517407206
1759611251911203000,9.485203125,1.5660732586801052,9.67581763447523,-0.3104110801704228
1759611251921286100,9.4952861328125,1.5866513518065213,9.674874216145277,-0.22305810141535476
1759611251931370000,9.505369873046876,1.6195133185751736,9.671166593798995,-0.12687505186689085
1759611251941453300,9.515453369140625,1.6634598661988973,9.664507720431684,-0.024032596944866234
1759611251951536000,9.5255361328125,1.715923774538189,9.654998718330264,0.08345234545418061
1759611251961619000,9.535618896484374,1.774036502419412,9.642886840254068,0.19471737493081018
1759611251971702000,9.545701904296875,1.8349656028956174,9.62843161392212,0.31078141132015735
1759611251981786000,9.5557861328125,1.8973608304016292,9.611623686984181,0.4325469655530527
1759611251991869000,9.565868896484375,1.9609933446176349,9.592203531721234,0.5608052428061142
1759611252001952000,9.575951904296875,2.025948778000474,9.569826864740252,0.6959432331029325
1759611252012034800,9.586034912109374,2.091382496419549,9.544382626882195,0.8374269026320427
1759611252022118100,9.5961181640625,2.156349766370654,9.515940960773825,0.9835797330159693
1759611252032202000,9.606201904296874,2.2195751610904932,9.48487946755588,1.1317899343211204
1759611252042285000,9.61628515625,2.279627186471224,9.451743506151438,1.2799334270656109
1759611252052368000,9.626367919921876,2.3356625235565005,9.416971467977762,1.4267790620192884
1759611252062451000,9.636450927734375,2.3876705048218367,9.380956736266613,1.5706890819124877
1759611252072534000,9.646533935546875,2.4362913278669116,9.343905647245048,1.7106480260923504
1759611252082618000,9.6566181640625,2.482251991792023,9.305928091028331,1.8462202796205878
1759611252092701000,9.666700927734375,2.52654209215641,9.267002440306543,1.977284992596507
1759611252102784000,9.676783935546876,2.5698914045393466,9.227049200102686,2.104190832327306
1759611252112867000,9.6868671875,2.611676536345482,9.186273537600039,2.2275373721413314
1759611252122950100,9.6969501953125,2.6517726921513676,9.144726306203006,2.347862372177094
1759611252133034000,9.707033935546875,2.69002818852663,9.10266703363061,2.4648688953146336
1759611252143117000,9.717116943359375,2.7263024479568,9.060492025724052,2.5778172291025516
1759611252153199900,9.727199951171874,2.7586151102796195,9.019180356648564,2.6860420414999124
1759611252163283200,9.737283203125,2.7842195071354507,8.979504179820418,2.7905229911938307
1759611252173366000,9.747365966796876,2.8007378034770487,8.942156738200783,2.892074024915695
1759611252183449900,9.757449951171875,2.8057833964288235,8.90791836851239,2.9911440554767847
1759611252193533000,9.767532958984376,2.7984698585450647,8.877325077328086,3.087399905399978
1759611252203616000,9.777615966796875,2.7771666660144922,8.8510549100399,3.180651897332072
1759611252213699000,9.787698974609375,2.740252939637005,8.829836180922388,3.270383021661639
1759611252223782100,9.7977822265625,2.6864798483952876,8.814687127107382,3.354774538528919
1759611252233866000,9.807865966796875,2.615214062821865,8.806648197558522,3.431323525202274
1759611252243949000,9.817948974609376,2.526735861162841,8.806963839378952,3.4961969793900844
1759611252254032000,9.828031982421875,2.4217007847175003,8.817073145461082,3.5447096658855672
1759611252264115200,9.838115234375,2.302170003799349,8.83774125495851,3.572775192157924
1759611252274198000,9.848197998046874,2.1713277014024555,8.869065198504924,3.577065290567279
1759611252284281900,9.85828173828125,2.031482885121554,8.910041936537622,3.5573353387027975
1759611252294365000,9.868364990234374,1.8866696327783166,8.957924800696969,3.5165982546448706
1759611252304448000,9.878447998046875,1.7429023823566734,9.008478345370293,3.4612112984657286
1759611252314531000,9.888531005859376,1.6065318180575965,9.056685034656525,3.4008670121401545
1759611252324614100,9.8986142578125,1.483646027623117,9.097344961825012,3.347758230026066
1759611252334698000,9.908697998046875,1.3800393765456973,9.12737769651711,3.3101144358083605
1759611252344780800,9.91878076171875,1.3010662314653396,9.146821817177534,3.28835034776777
1759611252354863900,9.92886376953125,1.2507758677728473,9.158215317851305,3.276131209924817
1759611252364947200,9.938947265625,1.2328792688153682,9.166268860447406,3.2603523337736724
1759611252375030000,9.949030029296875,1.2449433622270822,9.178461402544379,3.2212291146531697
1759611252385113900,9.95911376953125,1.2788397866100072,9.200790723252297,3.143314100323617
1759611252395197000,9.969197021484375,1.3291859721429646,9.23306626843512,3.0255817471295594
1759611252405280000,9.979280029296875,1.391229317471385,9.271545928955078,2.8763322659045456
1759611252415363000,9.989363037109374,1.46012735100016,9.310886590218544,2.710314312969148
1759611252425446100,9.999446044921875,1.5291253377720713,9.345757997113466,2.5473472720369696
1759611252435530000,10.009530029296876,1.5933080332167446,9.372806163036822,2.404631138103455
1759611252445612800,10.01961279296875,1.6498747006997465,9.391492743328213,2.290884347414225
1759611252455696100,10.029696044921875,1.6976789466649294,9.402944696190954,2.2074662056237457
1759611252465779000,10.039779052734374,1.734855854023248,9.409113740214705,2.151562678224593
1759611252475862000,10.049862060546875,1.762045766504854,9.411797280210257,2.1174698544867336
1759611252485945900,10.05994580078125,1.7819800087697804,9.41264775955975,2.0969038901895285
1759611252496029000,10.07002880859375,1.7965110768169164,9.413506422215699,2.0805887152045965
1759611252506112000,10.080112060546876,1.8071267249859868,9.415831065770982,2.0607807296678424
1759611252516195000,10.090195068359375,1.816610008124262,9.420261157172918,2.0319972643844784
1759611252526278100,10.100278076171875,1.8278661461539565,9.426945164981484,1.9904744367763398
1759611252536362000,10.110362060546874,1.8426678478360174,9.435664478009938,1.934729460939765
1759611252546444800,10.12044482421875,1.8607438950136304,9.446056108164786,1.8654903588883578
1759611252556528000,10.130528076171874,1.880833181709796,9.457560667997598,1.785331218893826
1759611252566611000,10.14061083984375,1.9011380108527838,9.469787696886062,1.6968081551797687
1759611252576694000,10.150694091796876,1.9193183951877058,9.482767005446552,1.6011730675034224
1759611252586777900,10.16077783203125,1.9334290458656846,9.496376428604126,1.5003589697539805
1759611252596861000,10.17086083984375,1.9416303263694046,9.510460483536123,1.3969916803903877
1759611252606944000,10.180944091796874,1.943053783301264,9.524806988796591,1.2934354443259537
1759611252617027000,10.191027099609375,1.9378093067765234,9.539192657023667,1.1912438476782292
1759611252627110000,10.20110986328125,1.927005442558974,9.553479541051388,1.0899839058574288
1759611252637194000,10.211194091796875,1.912461953421682,9.5675741173774,0.9871183554708957
1759611252647277000,10.221277099609376,1.8964213575944304,9.581223872545362,0.8798344771854579
1759611252657360100,10.231360107421875,1.8797845494396983,9.59430021173954,0.7656513409055768
1759611252667443000,10.24144287109375,1.8633868107378482,9.606581601163745,0.6416940487820655
1759611252677526000,10.251526123046874,1.849309039416164,9.617401101341843,0.5060126723235473
1759611252687609900,10.26160986328125,1.8404317593470214,9.625784314283727,0.3570189924905076
1759611252697693200,10.271693115234376,1.8388851144269107,9.630753334867954,0.193628739443887
1759611252707776000,10.28177587890625,1.846252574454993,9.631277066481113,0.01551054292951594
1759611252717859000,10.291859130859375,1.8626517744615674,9.626519058299063,-0.1762209103840403
1759611252727943000,10.30194287109375,1.886456282288581,9.61604442603588,-0.3786572256617248
1759611252738026000,10.31202587890625,1.9159666005417704,9.599753216448425,-0.5866953612681478
1759611252748109000,10.322109130859374,1.9507218337111174,9.577749474433064,-0.7948494514044374
1759611252758192000,10.332192138671875,1.990704300009459,9.550459316447377,-0.9980939960587769
1759611252768275000,10.34227490234375,2.036269827137142,9.51861807102859,-1.1916015020094812
1759611252778359000,10.352359130859375,2.0882418603062627,9.483039392647147,-1.3717119854442774
1759611252788441900,10.36244189453125,2.1457404018118975,9.444622275969385,-1.537948257305473
1759611252798525200,10.372525146484374,2.20758413291499,9.404022554555535,-1.6915420513451098
1759611252808608000,10.38260791015625,2.2726129237949846,9.361275884240865,-1.8363297308556734
1759611252818691000,10.392691162109376,2.3397153060786424,9.31632264379263,-1.9754121844619512
1759611252828775000,10.40277490234375,2.407933540649712,9.269068725186585,-2.111071239490807
1759611252838858000,10.41285791015625,2.47767898478806,9.21976897996664,-2.2421749693028628
1759611252848941000,10.422941162109375,2.549275025229156,9.169314219492673,-2.3654288623973727
1759611252859024100,10.433024169921875,2.6215824288100005,9.119386697763204,-2.4767870043843985
1759611252869107000,10.44310693359375,2.6931048194929956,9.071550010833144,-2.573820268420875
1759611252879191000,10.45319091796875,2.7629215753018856,9.02660962986648,-2.6564947522372004
1759611252889273900,10.46327392578125,2.8297672063454984,8.985106237611173,-2.7259266003817317
1759611252899357200,10.473357177734375,2.8927383340433237,8.947176027667522,-2.7839743002027273
1759611252909440000,10.48343994140625,2.95153071475178,8.912773407328128,-2.832192387665808
1759611252919523000,10.493523193359374,3.00614639429748,8.881648201224207,-2.8722449965909123
1759611252929607000,10.50360693359375,3.0566312576487658,8.853494119885564,-2.9056895855531093
1759611252939690200,10.513690185546874,3.102621732190251,8.828410532033443,-2.933139902536571
1759611252949773000,10.52377294921875,3.143896284125745,8.806478686210513,-2.9550375538289546
1759611252959856400,10.5338564453125,3.1808620329514143,8.787187125763296,-2.972849689373374
1759611252969939500,10.543939453125,3.2145588431090113,8.76972628787458,-2.988127045743167
1759611252980023300,10.554023193359376,3.2469510004088282,8.753013053482771,-3.002074322552979
1759611252990106400,10.5641064453125,3.279366246323287,8.73581875757575,-3.0168855227157474
1759611253000189200,10.574189208984375,3.3122742441907524,8.717071971529721,-3.035107700365782
1759611253010272300,10.584272216796874,3.346135597260296,8.695748028472066,-3.0590380265295503
1759611253020355600,10.59435546875,3.3819735110998153,8.671124459347128,-3.089372374516725
1759611253030439400,10.604439453125,3.4214980044975873,8.642482886752486,-3.125895640271902
1759611253040522200,10.614522216796875,3.4673329962164163,8.609401285883784,-3.1664161589697
1759611253050605300,10.624605224609375,3.521729772314429,8.571143159160018,-3.2098762382507324
1759611253060688400,10.6346884765625,3.5867847205489873,8.527334997093677,-3.2542151461929083
1759611253070771500,10.644771484375,3.662973057216406,8.477875677397847,-3.2982784520640966
1759611253080855300,10.654855224609374,3.7507232368618246,8.422410395285487,-3.3414754964947697
1759611253090938400,10.6649384765625,3.850549346487224,8.360695989650488,-3.382662077885866
1759611253101021200,10.675021240234376,3.9626971775472164,8.292658810734748,-3.420411670565605
1759611253111104500,10.6851044921875,4.086380548100173,8.21913881649375,-3.452193002490699
1759611253121187300,10.695187255859375,4.219945261198282,8.14160666400194,-3.4751524377956984
1759611253131271400,10.705271484375,4.361363902667165,8.061640562361479,-3.486953350226581
1759611253141354200,10.715354248046875,4.50937887366116,7.980821643283963,-3.484591881792247
1759611253151437300,10.725437255859376,4.662893026593327,7.900292647063732,-3.4660067160487174
1759611253161520400,10.735520263671875,4.821043022632598,7.820725773873924,-3.429895245964825
1759611253171603500,10.745603515625,4.98247394003868,7.743466593104601,-3.374028689575195
1759611253181687300,10.755687255859375,5.1420338028758765,7.671711854970455,-3.2976837010413407
1759611253191770400,10.765770263671875,5.294761189344525,7.607029247179627,-3.2045281552210447
1759611253201853200,10.775853271484374,5.439640200400352,7.5482579092592,-3.0991148931130765
1759611253211936500,10.7859365234375,5.577185799828172,7.492649419283866,-2.9875740880355237
1759611253222019300,10.796019287109376,5.708608532461524,7.437181799083947,-2.875848281779885
1759611253232103400,10.806103515625,5.833818381929397,7.380335876268148,-2.7690426885306834
1759611253242186200,10.816186279296875,5.953016423761844,7.3218410172015425,-2.6688264105439186
1759611253252269300,10.826269287109374,6.065156948298216,7.262545947667956,-2.576759829004109
1759611253262352400,10.836352294921875,6.17009265602231,7.2037220027774564,-2.491332539348304
1759611253272435500,10.846435546875,6.267859202769398,7.14660895345807,-2.410455606473237
1759611253282519300,10.856519287109375,6.358579338136315,7.091663311305641,-2.3339155337586996
1759611253292602400,10.866602294921876,6.442203962284326,7.039395948451757,-2.261701653680205
1759611253302685200,10.876685302734375,6.518550704383849,6.990087435403466,-2.1948946010813115
1759611253312768500,10.8867685546875,6.587832914924621,6.944101929298043,-2.133140886349231
1759611253322852400,10.896852294921874,6.650683631113171,6.90098701019287,-2.0773009257055817
1759611253332935400,10.906935302734375,6.7086664490044114,6.859867064297199,-2.0264276475585996
1759611253343018200,10.917018310546876,6.762489809128642,6.8207531975269315,-1.9790024640388786
1759611253353101600,10.9271015625,6.813142722523212,6.785167504882812,-1.9269060738377273
1759611253363184400,10.937184326171876,6.860474382540583,6.752348938864469,-1.8735146753899752
1759611253373268500,10.9472685546875,6.904241043552756,6.718969816353916,-1.8322903923369942
1759611253383351300,10.957351318359375,6.944196037322282,6.683409842672944,-1.8112329912610352
1759611253393434400,10.967434326171874,6.981044881770014,6.645670771387219,-1.808441314715892
1759611253403517400,10.977517333984375,7.015975909897684,6.6063377089083195,-1.817352058663219
1759611253413600500,10.9876005859375,7.050496019136905,6.566450519677996,-1.8282798415213821
1759611253423684400,10.997684326171875,7.084886949038506,6.527441282325983,-1.835014702734351
1759611253433767400,11.007767333984376,7.119280217027664,6.490152877417207,-1.8341640772543846
1759611253443850200,11.017850341796875,7.153522093847394,6.455180348235368,-1.8243226283282041
1759611253453933600,11.02793359375,7.188046879261732,6.42255818157196,-1.803638882870227
1759611253464016400,11.038016357421874,7.222322658351064,6.392246629938483,-1.7741554526239633
1759611253474100200,11.048100341796875,7.255437576967477,6.363539590892195,-1.7419462506756185
1759611253484183300,11.058183349609376,7.286986561441421,6.335764864259958,-1.7112262643717229
1759611253494266400,11.068266357421875,7.31666156873703,6.30899785336554,-1.683268728518486
1759611253504349400,11.078349365234375,7.344668935081362,6.283040989810228,-1.6581958081908523
1759611253514432500,11.0884326171875,7.371129656505584,6.2580941800802945,-1.6349600401625035
1759611253524516400,11.098516357421875,7.3960244437873355,6.234281927338242,-1.613362833121419
1759611253534599400,11.108599365234374,7.419801040694117,6.211090436843037,-1.5935148078352213
1759611253544682200,11.11868212890625,7.4423986569494005,6.1892006765961645,-1.5731746151179073
1759611253554765600,11.128765625,7.4634484592407935,6.169102475941181,-1.5522576454259454
1759611253564848400,11.138848388671875,7.483268427476286,6.150093824088573,-1.5321328490249813
1759611253574932200,11.14893212890625,7.501808877295256,6.132441847541928,-1.5120893011666834
1759611253585015300,11.159015380859374,7.518832492810487,6.116675538611411,-1.4912499267555772
1759611253595098400,11.169098388671875,7.534515799632668,6.102426648506522,-1.4703246276266873
1759611253605181400,11.179181396484376,7.54924575125277,6.089177875354886,-1.4495498428843914
1759611253615264500,11.189264404296875,7.563349095407128,6.077135555383562,-1.4263760341763496
1759611253625348400,11.199348388671876,7.577021062406897,6.066332421818375,-1.3995542243547736
1759611253635431200,11.20943115234375,7.59001439949274,6.056461016145348,-1.3716221152037382
1759611253645514500,11.219514404296875,7.602263640213012,6.047136722961068,-1.3446610430419443
1759611253655597600,11.22959765625,7.613833666497468,6.038051499229669,-1.3197963586375117
1759611253665680400,11.239680419921875,7.62515234836936,6.02892886609733,-1.295940559014678
1759611253675764200,11.24976416015625,7.6368685051262375,6.019154491057992,-1.2721649850212038
1759611253685847300,11.259847412109375,7.649003764078021,6.008706162279844,-1.2484293046467005
1759611253695930400,11.269930419921875,7.660998153254389,5.998025778311491,-1.2260446004897356
1759611253706013400,11.280013427734374,7.6725243403971195,5.988002981469035,-1.2027370093341916
1759611253716096500,11.290096435546875,7.683608628991246,5.978375321424007,-1.1796491253439336
1759611253726180400,11.300180419921874,7.693831916841864,5.9693795295417305,-1.1583805657353252
1759611253736263200,11.31026318359375,7.703211739605665,5.96087648961246,-1.139681637419015
1759611253746346500,11.320346435546876,7.71226598367691,5.952143148058653,-1.1239796258963644
1759611253756429300,11.33042919921875,7.7210010787963865,5.943020514926314,-1.1122215296939015
1759611253766512400,11.340512451171875,7.729223548218608,5.933824232035875,-1.1041812119055538
1759611253776596200,11.35059619140625,7.73681005782485,5.92497398610413,-1.0985597918272019
1759611253786679300,11.36067919921875,7.743643703237176,5.916753270247578,-1.094710203726962
1759611253796762400,11.370762451171874,7.750106177249551,5.90891716979444,-1.0912990801092237
1759611253806845400,11.380845458984375,7.756211508387326,5.901717029157281,-1.086882213515043
1759611253816928500,11.390928466796876,7.7619392383843655,5.8952609848856925,-1.0810092298284173
1759611253827012400,11.401012451171875,7.767199935391544,5.889453175389766,-1.0748632013540715
1759611253837095200,11.41109521484375,7.772181815457343,5.883989649286866,-1.0687565550420433
1759611253847178500,11.421178466796874,7.77716895622015,5.8786529644340275,-1.0618241984955965
1759611253857261300,11.43126123046875,7.782065496090054,5.873682190284133,-1.0534249112017453
1759611253867345400,11.441345458984374,7.786431874606013,5.869848895731568,-1.0424675369229166
1759611253877428200,11.45142822265625,7.790217238363623,5.867483920165896,-1.0273949824102222
1759611253887511600,11.461511474609376,7.793942396366596,5.865771855551004,-1.0087456653892994
1759611253897594400,11.471594482421875,7.798454905354976,5.862599655255675,-0.9921757849909365
1759611253907677400,11.481677490234375,7.803193039792776,5.858384667909145,-0.9797419084187596
1759611253917761300,11.49176123046875,7.807613778844475,5.854169680562615,-0.9696646049100905
1759611253927844400,11.50184423828125,7.811980741882324,5.8499704753071065,-0.9597847967348992
1759611253937927400,11.511927490234376,7.815937370553613,5.846041903686523,-0.9514737722463905
1759611253948010500,11.522010498046875,7.819903936097026,5.841770217716694,-0.9451005108874291
1759611253958093300,11.53209326171875,7.824048780816793,5.83668487727642,-0.9422116575781255
1759611253968177000,11.542177001953124,7.828930123117566,5.830656703028082,-0.9389773518320172
1759611253978260000,11.552260009765625,7.8340277385175225,5.824776412817836,-0.9329396060377358
