time,seconds_elapsed,z,y,x
1759645074759216400,0.04921630859375,5.981006254449486,7.208153263223171,-2.905248856048286
1759645074769173500,0.059173583984375,5.989048106607794,7.211510756957531,-2.880240671519935
1759645074779130400,0.06913037109375,5.995627484998106,7.215164018768072,-2.8573130926579235
1759645074789088300,0.079088134765625,6.001183365559577,7.218942952784896,-2.8360256822183727
1759645074799045400,0.08904541015625,6.005255729565024,7.22266460365653,-2.817872770412266
1759645074809002500,0.09900244140625,6.007488603183627,7.226738721227646,-2.8026255169197913
1759645074818960400,0.10896044921875,6.008593934077024,7.230712301033734,-2.7899779245316982
1759645074828917200,0.118917236328125,6.009799218213558,7.233571197596192,-2.7799548354282972
1759645074838874400,0.128874267578125,6.0125026319533585,7.234902738460898,-2.7706273273736235
1759645074848831500,0.13883154296875,6.017281098401546,7.234938978818058,-2.760139835628867
1759645074858789400,0.148789306640625,6.024110652160644,7.233937108299136,-2.747838864721358
1759645074868746200,0.158746337890625,6.032685588282346,7.232181789064407,-2.7336124787092206
1759645074878703400,0.168703369140625,6.042270578229427,7.2295227989882225,-2.719439284189045
1759645074888660500,0.178660400390625,6.052481591120362,7.225794133853912,-2.7066131203636528
1759645074898618400,0.188618408203125,6.062470485693216,7.221110944473743,-2.696738792081177
1759645074908575200,0.1985751953125,6.071277477005124,7.214885786348581,-2.693586757791042
1759645074918532400,0.208532470703125,6.078623748114705,7.2068620543688535,-2.6984908964455125
1759645074928489500,0.218489501953125,6.083859310680627,7.1975126267433165,-2.711614289651811
1759645074938447400,0.228447265625,6.086338268014789,7.187057868224382,-2.7336899278596043
1759645074948404200,0.238404296875,6.086071141511201,7.1766335048437115,-2.761530997726321
1759645074958361300,0.248361328125,6.085031861591339,7.166433013346791,-2.790162048926949
1759645074968318500,0.258318359375,6.08545739352703,7.157069557195902,-2.8131737989410754
1759645074978276400,0.2682763671875,6.087981359046697,7.149768878793716,-2.8262478000476956
1759645074988233200,0.278233154296875,6.09028905146718,7.146714167398214,-2.82899914458245
1759645074998190300,0.2881904296875,6.09013882934153,7.148954639801382,-2.8236569067716597
1759645075008147200,0.298147216796875,6.0878767296284435,7.1557608126848935,-2.811267380797863
1759645075018105300,0.308105224609375,6.084493516930937,7.165703530028462,-2.793208284755051
1759645075028062500,0.3180625,6.078345515695214,7.178502221325039,-2.773663041807711
1759645075038019300,0.328019287109375,6.065630995550752,7.194964111304283,-2.758803910849988
1759645075047977500,0.3379775390625,6.042808338367939,7.215960137581825,-2.7540476562336087
1759645075057934600,0.3479345703125,6.010135318300128,7.240113751107454,-2.7621377314478157
1759645075067891500,0.357891357421875,5.973988484641909,7.262592124897242,-2.781472838775813
1759645075077848300,0.367848388671875,5.938970362752675,7.279482469421625,-2.8121429945886134
1759645075087806500,0.377806396484375,5.905698792269826,7.289922030371427,-2.854844656717777
1759645075097763600,0.387763671875,5.875425234559178,7.294220019826293,-2.9058748789921403
1759645075107720400,0.397720458984375,5.849657756096124,7.293906131571531,-2.9581796512469647
1759645075117677600,0.407677490234375,5.8300184051245445,7.291357031610608,-3.002897037112713
1759645075127635500,0.417635498046875,5.817850412946939,7.288560678890347,-3.033132600900531
1759645075137592600,0.427592529296875,5.813379405012727,7.287410339811444,-3.0444480679020285
1759645075147549400,0.437549560546875,5.806273372399807,7.291266430717706,-3.0487708995372054
1759645075157506600,0.447506591796875,5.791122565019131,7.299915016597509,-3.0568817252784966
1759645075167464400,0.45746435546875,5.77209930011928,7.308559510824084,-3.0721655113890765
1759645075177421600,0.467421630859375,5.7531748194187875,7.313273679864406,-3.0963527349233626
1759645075187378400,0.47737841796875,5.734808557122945,7.313852941057085,-3.128884885215759
1759645075197335600,0.48733544921875,5.714871099987626,7.312500357404351,-3.1682766921445724
1759645075207293400,0.49729345703125,5.690802242136002,7.312287006914615,-3.2117931777879596
1759645075217250600,0.50725048828125,5.664604555562138,7.31429133247435,-3.253273481428623
1759645075227207400,0.51720751953125,5.641532892054319,7.316440619462728,-3.2883409954175353
1759645075237165600,0.52716552734375,5.627037333711981,7.316590257066488,-3.312755305705964
1759645075247122400,0.537122314453125,5.61851734264791,7.315871879664063,-3.3287644834816454
1759645075257079300,0.547079345703125,5.609046334469318,7.315921564024686,-3.3445904136449096
1759645075267036400,0.557036376953125,5.596103850787878,7.316817051559687,-3.3642516841873524
1759645075276994600,0.56699462890625,5.581287389928102,7.316831664606928,-3.388745197191834
1759645075286951400,0.576951416015625,5.567912360048294,7.314187872099876,-3.4163431059524414
1759645075296908300,0.586908203125,5.5597173631548875,7.307903092741966,-3.443035882566869
1759645075306865400,0.596865478515625,5.558286453568935,7.299103115692734,-3.463946860909462
1759645075316823600,0.606823486328125,5.56303277131319,7.290129535642266,-3.4752062138095496
1759645075326780700,0.61678076171875,5.57133298214674,7.283415132695436,-3.475990642185509
1759645075336737300,0.6267373046875,5.5814750214546915,7.279880528828501,-3.467110001115501
1759645075346694400,0.6366943359375,5.593337308683991,7.278616792502999,-3.450608071386814
1759645075356652500,0.646652587890625,5.6059974682927125,7.2783292077332735,-3.430611285279691
1759645075366609700,0.656609619140625,5.617079418799281,7.278461894202232,-3.412153253047168
1759645075376566500,0.66656640625,5.623481687057018,7.279095515930652,-3.4002345594555137
1759645075386523400,0.6765234375,5.625690010756254,7.28040542948544,-3.3937744235306977
1759645075396481500,0.6864814453125,5.62763646864891,7.282749946784973,-3.3855066536620257
1759645075406438700,0.696438720703125,5.632438900494575,7.286441202518343,-3.3695410227671263
1759645075416395500,0.7063955078125,5.6412190037995575,7.292150812336802,-3.3423923190787432
1759645075426352400,0.716352294921875,5.653685686662793,7.300586632248759,-3.302675517979264
1759645075436310500,0.726310546875,5.66946894672811,7.311871996372938,-3.250235428906977
1759645075446267400,0.736267333984375,5.68894053991735,7.325927994254231,-3.183883718860149
1759645075456224500,0.746224609375,5.712959713408351,7.341858553835749,-3.10315569293648
1759645075466182400,0.756182373046875,5.7395694879144425,7.358393509051203,-3.0135958335205912
1759645075476139500,0.766139404296875,5.765184990686178,7.375161688500643,-2.9223329695791005
1759645075486096400,0.776096435546875,5.787448844942451,7.39191467038095,-2.8346833276987073
1759645075496053500,0.786053466796875,5.806121396708488,7.408500479000806,-2.7519936463132497
1759645075506011400,0.796011474609375,5.8229369224309915,7.4251348029375075,-2.670424201129377
1759645075515968500,0.805968505859375,5.839377769622207,7.442496856626867,-2.584820093601942
1759645075525925400,0.81592529296875,5.855719248092174,7.4603627681851385,-2.4947797571927306
1759645075535882500,0.825882568359375,5.871508937898278,7.47889678826332,-2.400391746968031
1759645075545840400,0.83584033203125,5.885694699639082,7.497990195789932,-2.3041519713968035
1759645075555797500,0.845797607421875,5.896287989845872,7.517281756237149,-2.2123834960207343
1759645075565754400,0.85575439453125,5.900094396391511,7.536868500238657,-2.1342175756700335
1759645075575711500,0.86571142578125,5.897212703475356,7.555915730535983,-2.0739834717206658
1759645075585669600,0.875669677734375,5.891006834572553,7.572337873026728,-2.031287362549454
1759645075595626200,0.885626220703125,5.8852492939591405,7.584414095267653,-2.0027190013214944
1759645075605583400,0.895583251953125,5.882045529481768,7.591738739067315,-1.98429165648818
1759645075615540500,0.90554052734375,5.880567273622751,7.595563265791535,-1.974012985188514
1759645075625498600,0.91549853515625,5.87790243832767,7.598375985124707,-1.9711236934877931
1759645075635455500,0.92545556640625,5.872761568307876,7.601637617269158,-1.9738677314989268
1759645075645412400,0.935412353515625,5.866946160027385,7.605268082726001,-1.9771751024812458
1759645075655369500,0.945369384765625,5.862489180618525,7.608969859853387,-1.976156573088467
1759645075665327600,0.95532763671875,5.859513964200019,7.612657608455419,-1.9707712267883122
1759645075675284500,0.965284423828125,5.8570443592160935,7.61674049385488,-1.9623181634806095
1759645075685241300,0.975241455078125,5.854170265084504,7.621556369704008,-1.9521657489091158
1759645075695198500,0.985198486328125,5.850727431154251,7.626746339562535,-1.9421923441663382
1759645075705156600,0.995156494140625,5.847212701031565,7.6316551543921225,-1.9334750769644975
1759645075715113500,1.005113525390625,5.8435027405977245,7.6364266065776345,-1.925836106518656
1759645075725070600,1.015070556640625,5.839302366298437,7.641519545802473,-1.9183641632027923
1759645075735027500,1.02502734375,5.834670030322671,7.646899485275149,-1.91100634778589
1759645075744985600,1.034985595703125,5.8296910728663205,7.652142646625638,-1.9052029222041367
1759645075754942500,1.0449423828125,5.824752447420359,7.656537666714191,-1.90265119189471
1759645075764899600,1.054899658203125,5.82073970464766,7.659726818144321,-1.9020906354025005
1759645075774856400,1.0648564453125,5.817786700060963,7.662628969326615,-1.8994338372834025
1759645075784814300,1.074814453125,5.8146150842875235,7.666697826200723,-1.8927179730318486
1759645075794771500,1.084771484375,5.810536875063181,7.6719678755581375,-1.883868457752466
1759645075804728600,1.094728515625,5.80581861436963,7.67731625084877,-1.8766133720576763
1759645075814685700,1.104685791015625,5.801805287075043,7.681118565741181,-1.8734592919409274
1759645075824643300,1.114643310546875,5.799413423502445,7.682625463172793,-1.874687080170214
1759645075834600400,1.124600341796875,5.798686862793565,7.682439000689983,-1.8776963449887931
1759645075844557600,1.1345576171875,5.798100002816319,7.682788544780015,-1.8780792068265377
1759645075854514400,1.144514404296875,5.796175756755471,7.6851389072984455,-1.874400372183323
1759645075864472300,1.154472412109375,5.792853918856382,7.68912125493288,-1.868321929052472
1759645075874429400,1.164429443359375,5.78894112932682,7.693592262867092,-1.862039633912593
1759645075884386600,1.174386474609375,5.785562592804432,7.697270659118891,-1.8573298487864434
1759645075894344400,1.184344482421875,5.783190602976084,7.6997209748804565,-1.8545580459855495
1759645075904301300,1.19430126953125,5.781538159593939,7.7013751718282695,-1.8528411590650677
1759645075914258400,1.204258544921875,5.779278397968411,7.703869911253451,-1.849517713730782
1759645075924215600,1.214215576171875,5.775945454153418,7.707825370880961,-1.8434345944248138
1759645075934172400,1.22417236328125,5.77189471745789,7.712662289518118,-1.8358830100014805
1759645075944130300,1.23413037109375,5.767975498187542,7.71720811625421,-1.8290800519883632
1759645075954087400,1.24408740234375,5.764858242949843,7.720650950184464,-1.8243752352982758
1759645075964044500,1.25404443359375,5.763062007182836,7.722626634171605,-1.8216899417370556
1759645075974002400,1.26400244140625,5.762946271848678,7.723245058330893,-1.8194282804153858
1759645075983959600,1.27395947265625,5.763665818294882,7.723544333538412,-1.8158757025003431
1759645075993916400,1.28391650390625,5.763325042033195,7.7248928255379194,-1.811218378213793
1759645076003873500,1.29387353515625,5.761478537383676,7.727180644214153,-1.807329846342653
1759645076013831400,1.30383154296875,5.758835329398512,7.729355065643787,-1.8064499947682022
1759645076023788500,1.31378857421875,5.757166519403457,7.730031941992044,-1.8088718150876462
1759645076033745400,1.323745361328125,5.757449427998066,7.728696893996,-1.8136727856285868
1759645076043702300,1.333702392578125,5.759186042532324,7.725807602295279,-1.820456308288872
1759645076053660400,1.343660400390625,5.7604059397161,7.723070870807766,-1.8281893867589531
1759645076063617500,1.353617431640625,5.758384663021564,7.7230971742928025,-1.834438656412065
1759645076073574700,1.36357470703125,5.753312182062864,7.725940873286127,-1.8383730732515453
1759645076083531300,1.37353125,5.748146762123704,7.729490674722194,-1.8396094831787049
1759645076093489400,1.383489501953125,5.744702174627781,7.732331451106071,-1.8384331328757106
1759645076103446500,1.393446533203125,5.74270778594017,7.7344766464412205,-1.8356369262859225
1759645076113403600,1.403403564453125,5.741078138911724,7.736558128890395,-1.831956191946566
1759645076123360500,1.413360595703125,5.739304114976525,7.738893293839693,-1.8276511882290243
1759645076133318400,1.423318359375,5.737619522890448,7.741423104578256,-1.8222201030910015
1759645076143275500,1.433275634765625,5.736498994427919,7.743944147488475,-1.8150185011491178
1759645076153232600,1.443232666015625,5.7361173016339535,7.746225536423921,-1.8064654845982788
1759645076163189500,1.453189453125,5.735846083477139,7.748301758176088,-1.7984068274356424
1759645076173147400,1.4631474609375,5.735156347647309,7.750194440054893,-1.7924392973333596
1759645076183104500,1.4731044921875,5.733840588873624,7.751850975090265,-1.7894881924428045
1759645076193061400,1.483061279296875,5.732433644685149,7.752966242855787,-1.7891610063150525
1759645076203018500,1.4930185546875,5.731808206263184,7.7533257238179445,-1.7896105036482215
1759645076212976400,1.502976318359375,5.731556861850619,7.753601033627986,-1.7892174126774072
1759645076222933500,1.51293359375,5.730946036475896,7.754453266543149,-1.7874856204487382
1759645076232890400,1.522890380859375,5.730229412639141,7.755731615915894,-1.7842329022631047
1759645076242847500,1.532847412109375,5.729668271625042,7.757114594706892,-1.780016892003268
1759645076252805400,1.542805419921875,5.729376595202088,7.75846250218451,-1.7750715445555745
1759645076262762500,1.552762451171875,5.729277226480841,7.759649081620574,-1.77020276947543
1759645076272719400,1.56271923828125,5.729105377045274,7.760611204650997,-1.7665381094880401
1759645076282676500,1.572676513671875,5.728841757673025,7.76120215628147,-1.764796234256774
1759645076292634400,1.58263427734375,5.728646527361869,7.761378681892156,-1.7646505421757697
1759645076302591500,1.592591552734375,5.728840004107356,7.761103956604003,-1.7652319953255355
1759645076312548400,1.60254833984375,5.729436216434836,7.760390255376696,-1.7664339184612035
1759645076322505500,1.61250537109375,5.7297986200064415,7.759583615168928,-1.768801524375379
1759645076332463600,1.622463623046875,5.729636122921109,7.759013121804594,-1.7718300784163177
1759645076342420500,1.63242041015625,5.729097778260708,7.7588079546213145,-1.774465249225497
1759645076352377300,1.64237744140625,5.728414472171664,7.758964021965861,-1.7759850061386822
1759645076362334500,1.65233447265625,5.727533013162017,7.759459112006425,-1.776666558662057
1759645076372292600,1.662292724609375,5.726656814849377,7.760100917041301,-1.7766857017539441
1759645076382249500,1.67224951171875,5.725557913696766,7.760827477750182,-1.7770542428053915
1759645076392206300,1.682206298828125,5.724062122181057,7.761556376546621,-1.778690611835569
1759645076402163500,1.69216357421875,5.722319077906012,7.762115763995051,-1.781855797868222
1759645076412121600,1.70212158203125,5.720768925854563,7.7621239473015065,-1.7867919390961526
1759645076422078500,1.712078369140625,5.719875776407123,7.761295095261931,-1.7932398000612855
1759645076432035300,1.722035400390625,5.7197126947999,7.759616348394751,-1.8010118953675032
1759645076441992400,1.731992431640625,5.719728476890921,7.757599163353443,-1.8096254099339246
1759645076451949300,1.74194921875,5.719575916677713,7.755574379527569,-1.8187628022439777
1759645076461907500,1.751907470703125,5.719342692443728,7.7536811131268735,-1.8275467049412428
1759645076471864600,1.761864501953125,5.719542014408111,7.7520917981088155,-1.833661680690199
1759645076481821400,1.771821533203125,5.7200505484521385,7.751459345424175,-1.8347437768384813
1759645076491779600,1.781779541015625,5.71903991010487,7.7527476316690445,-1.832449382290989
1759645076501736400,1.791736328125,5.716219007465243,7.755525279688834,-1.8294971083566545
1759645076511693600,1.801693603515625,5.713541897210479,7.758193037593364,-1.826544103769958
1759645076521650400,1.811650390625,5.712594971749186,7.759419364517926,-1.8242931099727748
1759645076531607300,1.821607177734375,5.713429669007659,7.759027734851837,-1.823343554162979
1759645076541565400,1.8315654296875,5.714791605010628,7.757840570893883,-1.8241349968016147
1759645076551522600,1.8415224609375,5.715436332654953,7.756863834816217,-1.826266163611412
1759645076561479700,1.851479736328125,5.714764132481813,7.7567627125293015,-1.8287946591757236
1759645076571436300,1.861436279296875,5.71309181535542,7.757635403710603,-1.8303139776974915
1759645076581394400,1.87139453125,5.710995135337114,7.7592013378530735,-1.8302227922827004
1759645076591351600,1.8813515625,5.708771029546856,7.761116816085576,-1.829037674151361
1759645076601308700,1.89130859375,5.706662659090757,7.762868628188968,-1.8281860257580875
1759645076611265500,1.901265625,5.70514582478702,7.764025397008657,-1.8280057007551191
1759645076621223400,1.911223388671875,5.704080825904011,7.764816839647293,-1.8279641997009515
1759645076631180500,1.9211806640625,5.702646409186721,7.76581111138165,-1.8282224122457205
1759645076641137400,1.931137451171875,5.700492446023225,7.767092383363843,-1.8294924321815371
1759645076651094500,1.941094482421875,5.698167802467942,7.768366641083359,-1.8313203782610594
1759645076661052400,1.951052490234375,5.696386179748178,7.769442161360383,-1.832303105688095
1759645076671009500,1.961009521484375,5.695092048284411,7.770404284390807,-1.8322471377171574
1759645076680966400,1.97096630859375,5.693890271279216,7.771406154909729,-1.831734073628485
1759645076690923500,1.980923583984375,5.692836962834,7.772286444875597,-1.8312727397270498
1759645076700881400,1.99088134765625,5.691486717268824,7.773235123902559,-1.831441520422697
1759645076710838500,2.000838623046875,5.689843626236915,7.774437485429644,-1.8314400591179727
1759645076720795400,2.01079541015625,5.6879906918466085,7.775866056928038,-1.8311343541696667
1759645076730752500,2.02075244140625,5.685853679817915,7.7775693537145845,-1.830538726364076
1759645076740710400,2.03071044921875,5.68371725231111,7.779258621975779,-1.829993221310526
1759645076750667500,2.04066748046875,5.681570887932181,7.780990560334921,-1.8292954483047126
1759645076760624400,2.050624267578125,5.679572992113232,7.7826681381583205,-1.8283618207164107
1759645076770581500,2.06058154296875,5.678009396058321,7.784092618003487,-1.8271546368837355
1759645076780539400,2.070539306640625,5.676414235821366,7.785382657814026,-1.8266157077014444
1759645076790496500,2.08049658203125,5.674385944864153,7.786679127365351,-1.8273922450318931
1759645076800453400,2.090453369140625,5.672361745560169,7.787711977544427,-1.8292700216025113
1759645076810410500,2.100410400390625,5.6708186077713965,7.78841281929016,-1.8310694722399115
1759645076820368600,2.11036865234375,5.6698138146430255,7.788883359411359,-1.8321837170921265
1759645076830325200,2.1203251953125,5.668780379942059,7.7894450849473476,-1.8329935721702872
1759645076840282400,2.130282470703125,5.667481572303176,7.790173399221897,-1.8339130251027642
1759645076850239500,2.140239501953125,5.665808670654893,7.791079408150911,-1.8352331677906215
1759645076860197600,2.15019775390625,5.664232215118408,7.791872019833326,-1.8367365580908952
1759645076870154500,2.160154541015625,5.662921132519841,7.7925179165214296,-1.8380375576868653
1759645076880111400,2.170111328125,5.662022137853503,7.793055092138052,-1.8385279715523122
1759645076890068500,2.180068359375,5.660986949586868,7.793927198797464,-1.838018414594978
1759645076900026600,2.190026611328125,5.659896231740713,7.794946604973077,-1.8370540996074676
1759645076909983500,2.1999833984375,5.658791485369205,7.795849691292643,-1.8366257911927997
1759645076919940400,2.2099404296875,5.657489755120873,7.79667620524466,-1.8371299413226543
1759645076929897500,2.2198974609375,5.656322464907169,7.797225655820966,-1.8383863711245356
1759645076939855600,2.229855712890625,5.655625714814662,7.797342560198903,-1.8400350151143967
1759645076949812500,2.2398125,5.655489521214365,7.796915274697541,-1.8422656967759132
1759645076959769600,2.24976953125,5.655486598604917,7.796493834415077,-1.8440538953669368
1759645076969726500,2.2597265625,5.655240514889359,7.796537673556804,-1.844623365817964
1759645076979683300,2.269683349609375,5.65430527986586,7.797312749582528,-1.8442123007990419
1759645076989641500,2.279641357421875,5.652975492566823,7.7983426771521565,-1.8439328993357718
1759645076999598600,2.2895986328125,5.651450474956631,7.799359745240211,-1.8443122540421784
1759645077009555500,2.299555419921875,5.64973665677607,7.800363369324803,-1.8453195313885806
1759645077019512300,2.30951220703125,5.6481362358421086,7.801193390408158,-1.846707332485169
1759645077029470500,2.319470458984375,5.646963100409508,7.80156222372055,-1.848737523138523
1759645077039427600,2.329427490234375,5.646265765795111,7.801586773639917,-1.8507593843549488
1759645077049384400,2.339384521484375,5.645628636935353,7.801773820644617,-1.8519130844347178
1759645077059341300,2.34934130859375,5.644538503611088,7.8024074423730365,-1.8525724251262843
1759645077069299500,2.359299560546875,5.643122207072377,7.803178426745533,-1.853632893964648
1759645077079256300,2.36925634765625,5.6413885151475665,7.804014877569675,-1.8553893822431564
1759645077089213400,2.37921337890625,5.63946076195538,7.804809242817759,-1.8579045799344778
1759645077099170600,2.389170654296875,5.637758049690723,7.805311347121,-1.8609622139394282
1759645077109128400,2.39912841796875,5.6364680098801845,7.805393180185556,-1.8645222445085643
1759645077119085300,2.409085205078125,5.63563857331872,7.805177491608261,-1.8679329297348857
1759645077129042400,2.41904248046875,5.635379045599699,7.804814503514766,-1.870229808500409
1759645077138999600,2.42899951171875,5.634976894539594,7.8047975523799655,-1.871509326916933
1759645077148957400,2.43895751953125,5.633786223450302,7.8053809052258725,-1.8726631731271743
1759645077158914300,2.448914306640625,5.6321828799068925,7.806082331493497,-1.87455950826779
1759645077168871400,2.458871337890625,5.630504133039713,7.806837533774972,-1.8764573047131299
1759645077178828500,2.46882861328125,5.628857534876466,7.807872722041607,-1.8770893190063536
1759645077188786200,2.4787861328125,5.627023305186629,7.809324089893698,-1.8765489285193382
1759645077198743300,2.488743408203125,5.625120686435699,7.8109011299520725,-1.8756912887766957
1759645077208700400,2.498700439453125,5.623194102287292,7.812423224952816,-1.8751294171102344
1759645077218657500,2.508657470703125,5.621525292292237,7.813686376756429,-1.8748681358255446
1759645077228614400,2.518614501953125,5.620376706779003,7.8145163978397845,-1.8748592218667268
1759645077238572300,2.528572265625,5.619651899635792,7.8147724184274665,-1.8759575384974478
1759645077248529400,2.538529296875,5.619506353685259,7.814377281630039,-1.8780391670770942
1759645077258486300,2.548486328125,5.619678203120827,7.813712680241465,-1.880290745396167
1759645077268443400,2.558443359375,5.619536164301634,7.8133970384210345,-1.8820254602342843
1759645077278401300,2.5684013671875,5.618700297999382,7.813682869625091,-1.8833325973100958
1759645077288358400,2.5783583984375,5.617279325285554,7.814455607563257,-1.884367493315786
1759645077298315300,2.588315185546875,5.615206026142835,7.81562465134263,-1.8856994725719094
1759645077308272400,2.5982724609375,5.61251138023138,7.816974312385916,-1.8881272842407226
1759645077318230300,2.608230224609375,5.609983907580375,7.817754064586758,-1.8923994086019693
1759645077328187400,2.6181875,5.608289963144063,7.817610272201895,-1.8980065809592603
1759645077338144300,2.628144287109375,5.607568663132191,7.81674401076138,-1.9037004086866973
1759645077348101400,2.638101318359375,5.607341868638992,7.815627573952078,-1.9089456158637998
1759645077358059500,2.6480595703125,5.606790079975128,7.814736178070306,-1.9142090893499553
1759645077368016400,2.658016357421875,5.605929079231619,7.813934214037657,-1.9199908876217902
1759645077377973200,2.66797314453125,5.6056841645598405,7.812740620338916,-1.925557143446803
1759645077387930400,2.677930419921875,5.605881732958555,7.811451165050268,-1.9302077457316218
1759645077397888500,2.687888427734375,5.60583497120738,7.810668490239977,-1.933509563755989
1759645077407845400,2.697845458984375,5.605096135538816,7.810625820142031,-1.9358258778743445
1759645077417802200,2.70780224609375,5.60391306323409,7.811033231899142,-1.9376048702456057
1759645077427759400,2.71775927734375,5.602582691413164,7.811610155004263,-1.9391217045493423
1759645077437716500,2.727716552734375,5.6010196798801415,7.812306320574879,-1.9408314310766754
1759645077447674400,2.73767431640625,5.599584094119072,7.812968583875894,-1.942308371761441
1759645077457631200,2.74763134765625,5.598551828461885,7.813439708518981,-1.9433929521277546
1759645077467588400,2.75758837890625,5.598030434936285,7.813585838991403,-1.9443015914052724
1759645077477545500,2.76754541015625,5.597693750327825,7.813503421404957,-1.9456039061754942
1759645077487503400,2.77750341796875,5.597183462718129,7.813415743121504,-1.9474220615133642
1759645077497460500,2.78746044921875,5.596463916271925,7.813453152522444,-1.9493411930076776
1759645077507417300,2.797417236328125,5.595433988702297,7.813806788265705,-1.9508780471861362
1759645077517374200,2.807374267578125,5.594411659917235,7.814307723525166,-1.9518020301632582
1759645077527332400,2.817332275390625,5.593462980890274,7.814846068185568,-1.9523633173078296
1759645077537289500,2.82728955078125,5.592514886385202,7.815219577673077,-1.953585406448692
1759645077547246300,2.837246337890625,5.591449887502193,7.815376229539513,-1.9560043041586874
1759645077557203200,2.847203125,5.590425805151463,7.815374475973844,-1.9589413805238902
1759645077567161300,2.857161376953125,5.589811472645402,7.815267508468032,-1.9611194552153348
1759645077577118500,2.867118408203125,5.58960864354968,7.81521431697607,-1.961911043984443
1759645077587075600,2.87707568359375,5.589510443872213,7.8154001949369905,-1.961450148474425
1759645077597032200,2.8870322265625,5.589107123768329,7.815986470392346,-1.9602616693422197
1759645077606989300,2.8969892578125,5.588327956089377,7.816984249258041,-1.958505327194184
1759645077616947500,2.906947509765625,5.587191645535826,7.818212914270162,-1.9568420701570808
1759645077626904600,2.916904541015625,5.585722742027044,7.819463791114091,-1.95603221507892
1759645077636861400,2.926861328125,5.584111215177178,7.820537557825445,-1.9563431807242333
1759645077646818300,2.936818359375,5.5830514769911765,7.820992900377512,-1.9575459806427358
1759645077656776400,2.9467763671875,5.582648741409182,7.820910482791065,-1.9590246748931706
1759645077666733600,2.956733642578125,5.582361156639457,7.820932694622874,-1.9597543043419718
1759645077676690400,2.9666904296875,5.581684864813089,7.8214242775321,-1.9597198175504802
1759645077686647300,2.976647216796875,5.580628633758425,7.822312166282535,-1.9591857106737791
1759645077696605400,2.98660546875,5.57914628624618,7.823633770275116,-1.9581274337925016
1759645077706562300,2.996562255859375,5.577179370087385,7.8253277147114275,-1.9569610203616319
1759645077716519400,3.00651953125,5.57528610368669,7.8268609156280755,-1.9562243766501546
1759645077726476500,3.0164765625,5.573846426272392,7.827883244413137,-1.956236359348893
1759645077736433200,3.02643310546875,5.573243199682236,7.828240971809625,-1.9565249670319258
1759645077746391300,3.036391357421875,5.572997115966677,7.82825032415986,-1.9571857690282164
1759645077756348400,3.046348388671875,5.572609577953815,7.828255000334978,-1.958269326481223
1759645077766305500,3.056305419921875,5.571984139531851,7.828360214275121,-1.9596336005717514
1759645077776262400,3.066262451171875,5.571122554266452,7.8287290475875135,-1.9606078524313866
1759645077786220300,3.07622021484375,5.570241679778695,7.829324090871214,-1.960734839811921
1759645077796177400,3.086177490234375,5.5696513126701115,7.829937838855385,-1.959960202177614
1759645077806134500,3.096134521484375,5.569144532191753,7.830597764068841,-1.9587633936084805
1759645077816091400,3.10609130859375,5.568424985745549,7.8313085426867,-1.9579680054470896
1759645077826049300,3.11604931640625,5.567741095134616,7.831906508579849,-1.9575188003748654
1759645077836006400,3.12600634765625,5.567431883054971,7.832292293027042,-1.9568571215957402
1759645077845963500,3.135963623046875,5.567034992691874,7.8325582504868505,-1.9569234648302196
1759645077855920400,3.14592041015625,5.566116124281287,7.83295046467483,-1.9579617218367755
1759645077865877500,3.15587744140625,5.5648734307438135,7.833645461201668,-1.9587142937697468
1759645077875835400,3.16583544921875,5.563367702355981,7.834769496795535,-1.9584956825830042
1759645077885792500,3.17579248046875,5.561527042925357,7.836268795442581,-1.9577264517761765
1759645077895749400,3.185749267578125,5.55932222635746,7.837993719539046,-1.9570880077421664
1759645077905706500,3.19570654296875,5.557075324213504,7.839545040634274,-1.957251820001751
1759645077915664400,3.205664306640625,5.55542346535325,7.840528206452727,-1.9579995696291326
1759645077925621200,3.215621337890625,5.554800949540734,7.8407234367638825,-1.9589852196656166
1759645077935578400,3.225578369140625,5.554674108290672,7.840541650456189,-1.9600714074671268
1759645077945535500,3.235535400390625,5.554634360802173,7.8402447133362285,-1.9613716764107345
1759645077955493400,3.245493408203125,5.554345022466778,7.840085138860345,-1.9628306430473923
1759645077965450200,3.2554501953125,5.5539346881002185,7.840112611389159,-1.9638805904917418
1759645077975407400,3.265407470703125,5.55320403573811,7.840462155479193,-1.9645503064468501
1759645077985364500,3.275364501953125,5.551957835069299,7.841246583855152,-1.9649425206348299
1759645077995322400,3.285322265625,5.55050062199831,7.842165452265739,-1.965393479272723
1759645078005279200,3.295279296875,5.549409319630265,7.842775693118572,-1.966038791438937
1759645078015236400,3.305236328125,5.548810769215226,7.842952218729257,-1.9670238569535314
1759645078025193500,3.315193359375,5.548679836311936,7.842773355031013,-1.9681078527979552
1759645078035150300,3.325150390625,5.548887341582775,7.842329118394852,-1.969293409320712
1759645078045108200,3.335108154296875,5.549198307228088,7.841779667818546,-1.9706066838763654
1759645078055065300,3.3450654296875,5.549280724814534,7.8414225249439475,-1.971789463920146
1759645078065022200,3.355022216796875,5.5489364414215085,7.841438891556859,-1.9726944499358534
1759645078074979300,3.364979248046875,5.548721921887993,7.841466948607564,-1.973184717670828
1759645078084937200,3.374937255859375,5.548951054468751,7.841251260030269,-1.9733985065519808
1759645078094894300,3.384894287109375,5.549561295321584,7.840749155727028,-1.9736787847980857
1759645078104851200,3.394851318359375,5.5499844891697165,7.840330053532123,-1.9741553162686525
1759645078114808300,3.404808349609375,5.549822576606274,7.840177493318915,-1.9752171002812682
1759645078124765400,3.414765380859375,5.549572985759377,7.839982847529649,-1.9766873189643024
1759645078134723300,3.424723388671875,5.549596951156854,7.839613429695367,-1.9780837417587638
1759645078144680200,3.43468017578125,5.549845372959971,7.839124769395589,-1.9793246817305683
1759645078154637300,3.44463720703125,5.550271489417552,7.838633186486363,-1.9800747694455085
1759645078164594400,3.454594482421875,5.551105017632246,7.838065031209587,-1.9799879679448902
1759645078174552300,3.46455224609375,5.5522728923678395,7.837239101779461,-1.9799829995088278
1759645078184509200,3.47450927734375,5.553498634770512,7.836206836122274,-1.9806326955892144
1759645078194466300,3.48446630859375,5.554553112259507,7.835236529785394,-1.9815113781198859
1759645078204423400,3.49442333984375,5.555344554898142,7.834469052544236,-1.982326932286471
1759645078214381600,3.504381591796875,5.5559173863500355,7.833910249617696,-1.9829288437023758
1759645078224338200,3.514338134765625,5.55637565151155,7.833589931622147,-1.9829127693504094
1759645078234295300,3.52429541015625,5.55671175159812,7.833465428459644,-1.982464148800075
1759645078244252400,3.53425244140625,5.556847360676526,7.83358525544703,-1.9816097239278256
1759645078254209300,3.544209228515625,5.557312055578827,7.833557782918215,-1.980416276359558
1759645078264167400,3.55416748046875,5.55812746361494,7.8333491086035965,-1.9789536564610897
1759645078274124300,3.564124267578125,5.55911530560851,7.832927668321132,-1.9778462797410785
1759645078284081400,3.574081298828125,5.560314160004258,7.832114598372578,-1.9776956192240118
1759645078294038300,3.584038330078125,5.561507169181108,7.831163581258058,-1.9781040538944303
1759645078303996400,3.593996337890625,5.562571583542227,7.83020788796842,-1.9788956426635382
1759645078313953300,3.603953369140625,5.563679252523183,7.829196665099262,-1.9797864540234207
1759645078323910100,3.61391015625,5.564814978554844,7.828120560300349,-1.9808428312085569
1759645078333867300,3.6238671875,5.566034291216731,7.827006461578607,-1.9818217592433094
1759645078343824400,3.633824462890625,5.567457602018117,7.825780719175935,-1.9826674162872135
1759645078353782500,3.643782470703125,5.569041656339168,7.824511722153424,-1.9832272421270607
1759645078363739100,3.6537392578125,5.570666042670608,7.823246232262253,-1.983658473151177
1759645078373696300,3.6636962890625,5.5723535573661325,7.821942748448253,-1.9840560941666363
1759645078383653400,3.6736533203125,5.574238055938482,7.820538726869225,-1.9842973555766046
1759645078393611500,3.683611572265625,5.576072870150208,7.819124768418074,-1.9847149964667856
1759645078403568400,3.693568359375,5.577988932904601,7.817552404534816,-1.985518567934632
1759645078413525200,3.703525146484375,5.580091458141803,7.8157935781687495,-1.9865359282836317
1759645078423482400,3.713482421875,5.582455264663696,7.813928368818759,-1.9872332628980278
1759645078433439200,3.723439208984375,5.584721456030011,7.812144408011436,-1.9878794518470764
1759645078443397400,3.7333974609375,5.586722274458408,7.810483781322836,-1.9887888217769563
1759645078453354200,3.743354248046875,5.588686852529644,7.808906156742572,-1.9894620448634028
1759645078463311400,3.753311279296875,5.590874717962741,7.807331454771757,-1.9894952164806425
1759645078473268200,3.763268310546875,5.593074858355521,7.8057947467237705,-1.98933637265712
1759645078483226400,3.773226318359375,5.595215962037444,7.804169775870442,-1.9896889854870736
1759645078493183500,3.78318359375,5.5971267640948295,7.802600334596633,-1.9904769209943711
1759645078503140400,3.793140380859375,5.599074391031265,7.80096484234929,-1.9914041188418865
1759645078513097200,3.80309716796875,5.601350519269705,7.799052286726236,-1.9924941060356796
1759645078523054300,3.813054443359375,5.603863963395357,7.796928718701005,-1.9937363611817358
1759645078533012500,3.823012451171875,5.605993961161374,7.795025515428185,-1.9951947432965038
1759645078542969300,3.83296923828125,5.607755125615,7.793292992547154,-1.9970108528077601
1759645078552926200,3.84292626953125,5.6095706506043665,7.791534750702977,-1.9987733324356376
1759645078562883300,3.85288330078125,5.611148859706521,7.790072276934981,-2.000042183327675
1759645078572841500,3.862841552734375,5.612305044004321,7.7890160458803175,-2.000907567985356
1759645078582798300,3.87279833984375,5.612988350093365,7.788370149192214,-2.0015112329669296
1759645078592755200,3.882755126953125,5.613516757881641,7.787934680384397,-2.001722099238634
1759645078602712300,3.89271240234375,5.614141611781716,7.787467062872648,-2.0017881502121684
1759645078612670500,3.90267041015625,5.615130038297176,7.786691402325034,-2.002035110710561
1759645078622627300,3.91262744140625,5.616757347238064,7.785481442013382,-2.002173934659362
1759645078632584400,3.92258447265625,5.618932353189587,7.783798018971085,-2.002616563860327
1759645078642541300,3.932541259765625,5.621470931756496,7.7816008011877535,-2.0040315452247857
1759645078652498200,3.942498291015625,5.62416908479929,7.779058130967616,-2.006332223382592
1759645078662456300,3.952456298828125,5.626584913769364,7.776632949647307,-2.0089524888835846
1759645078672413400,3.962413330078125,5.6283753043174745,7.774653758528828,-2.0116030033923686
1759645078682370300,3.972370361328125,5.62963144185841,7.773204144242405,-2.013683462928235
1759645078692327200,3.9823271484375,5.630646171858906,7.772191752329468,-2.0147564989872278
1759645078702285300,3.992285400390625,5.631387345615029,7.771540010422468,-2.0151986897967755
1759645078712864500,4.002864501953125,5.63218697156012,7.770860795986652,-2.015580820982158
1759645078722821000,4.012821044921875,5.633237941917777,7.769981090542673,-2.016038647752255
1759645078732778200,4.0227783203125,5.634733148911595,7.768638443762064,-2.017033357878029
1759645078742736400,4.032736328125,5.636564455991983,7.7670315930873155,-2.018105224893242
1759645078752693500,4.042693603515625,5.638861627018452,7.76513891120851,-2.0189711940728126
1759645078762650400,4.052650390625,5.641393191322684,7.763054506149888,-2.0199146124027667
1759645078772607200,4.062607177734375,5.643858120131492,7.760878915676474,-2.0213890688695013
1759645078782565400,4.0725654296875,5.646396114176511,7.75833215380311,-2.024076262126863
1759645078792522500,4.0825224609375,5.649086668434739,7.75532946485579,-2.028072930547595
1759645078802479400,4.092479248046875,5.651797096437216,7.7520841993242495,-2.0329227086663244
1759645078812436200,4.102436279296875,5.6542614407241345,7.749103137686848,-2.0374298108272253
1759645078822393300,4.112393310546875,5.656158214256167,7.746721210986375,-2.0412179510638118
1759645078832351500,4.1223515625,5.65755171444118,7.744929651394486,-2.044151081906259
1759645078842308400,4.132308349609375,5.658866888692975,7.743410479003191,-2.0462657359726726
1759645078852265500,4.142265380859375,5.660441006141901,7.741877278086543,-2.047712427649647
1759645078862222300,4.152222412109375,5.662504952934384,7.740064091184735,-2.0488601363800463
1759645078872180500,4.162180419921875,5.664781081172824,7.738042229968309,-2.0502064364224672
1759645078882137300,4.172137451171875,5.666922769376635,7.73596951534748,-2.0521071554772554
1759645078892094500,4.182094482421875,5.669064457580447,7.733798601049184,-2.0543705703645943
1759645078902051300,4.19205126953125,5.671601867103576,7.731300354492664,-2.0567697404608127
1759645078912008200,4.20200830078125,5.674381268689036,7.728640195372701,-2.0591044670186935
1759645078921966300,4.21196630859375,5.677057209900021,7.726002832606435,-2.061620687623322
1759645078931923500,4.22192333984375,5.6796320288240905,7.723576482242345,-2.0636206292688843
1759645078941880300,4.23188037109375,5.6826920009165995,7.721014522799849,-2.0647803206980226
1759645078951837200,4.241837158203125,5.686269274881481,7.718235705736279,-2.06532626414299
1759645078961795300,4.25179541015625,5.689858239284157,7.715414218574762,-2.0659800518766045
1759645078971752400,4.26175244140625,5.692961465996503,7.712904866102337,-2.066801597392559
1759645078981709300,4.271709228515625,5.69565318929851,7.71054982740879,-2.0681749315723774
1759645078991666400,4.28166650390625,5.6982303463101385,7.708159132879972,-2.0699860726475716
1759645079001623300,4.291623291015625,5.701121391576528,7.705565609255433,-2.071678555779159
1759645079011581400,4.30158154296875,5.704135770961642,7.703000727203488,-2.07292168770805
1759645079021538300,4.311538330078125,5.7071378753870725,7.700568531620502,-2.0736948640376327
1759645079031495400,4.321495361328125,5.709888635399937,7.698350855571031,-2.0743543508596716
1759645079041452300,4.331452392578125,5.712302710804343,7.696274049296974,-2.075414235176146
1759645079051410400,4.341410400390625,5.714193054595589,7.694428129169345,-2.0770516271196304
1759645079061367800,4.351367919921875,5.715723917424678,7.692733015689253,-2.0791186426520345
1759645079071324700,4.36132470703125,5.717280499216914,7.690895278868079,-2.081636616822332
1759645079081281500,4.371281494140625,5.719148631176352,7.688920179402828,-2.0838018320322034
1759645079091238700,4.38123876953125,5.721098011678457,7.6869713834226125,-2.0856383998095986
1759645079101196500,4.391196533203125,5.722795463246107,7.685324200737476,-2.0870539656959473
1759645079111153700,4.401153564453125,5.724077904272079,7.6840908595502375,-2.088076148350537
1759645079121110800,4.41111083984375,5.725065746265649,7.683177251836657,-2.088729205431789
1759645079131067600,4.421067626953125,5.725816272372007,7.682502129054069,-2.0891570754550397
1759645079141025500,4.431025634765625,5.726441710793972,7.681869091847538,-2.0897674624383447
1759645079150982700,4.440982666015625,5.727084100350737,7.681182278627157,-2.0905312864176926
1759645079160939800,4.450939697265625,5.727839302632212,7.680498388016224,-2.090976253706217
1759645079170896600,4.460896728515625,5.728563525253534,7.679973487359285,-2.0909227699533104
1759645079180853500,4.470853515625,5.729347369107604,7.679541525682806,-2.090362651852518
1759645079190811600,4.480811767578125,5.730137058180571,7.67906923199594,-2.0899347818292675
1759645079200768800,4.490768798828125,5.73050998314619,7.678636101275682,-2.0905020603232085
1759645079210725600,4.5007255859375,5.730317675444484,7.678371897381544,-2.091994636968523
1759645079220682500,4.5106826171875,5.72998917414248,7.678187188464403,-2.09357123863548
1759645079230640600,4.520640625,5.729632615789771,7.678309938061237,-2.094097892858088
1759645079240597800,4.53059765625,5.729039326071739,7.678965771621465,-2.0933165332220494
1759645079250554600,4.5405546875,5.7282525596082206,7.6800325240701435,-2.091555807159841
1759645079260511700,4.55051171875,5.727264133092761,7.681278140217065,-2.0896892826355993
1759645079270468600,4.560468505859375,5.726372737210989,7.682311574918031,-2.088333337981999
1759645079280426800,4.5704267578125,5.725803997412323,7.682866870713234,-2.0878508151620627
1759645079290383600,4.580383544921875,5.725486017504334,7.682893174198269,-2.0886229685783384
1759645079300340700,4.5903408203125,5.725188495862484,7.682544799152017,-2.0907167259871957
1759645079310297600,4.600297607421875,5.724795112630725,7.682053800764679,-2.0935957885548473
1759645079320255500,4.61025537109375,5.724406405574083,7.681599627256393,-2.096325359649211
1759645079330212600,4.620212646484375,5.723700887653231,7.6816650937080375,-2.0980111207790673
1759645079340169700,4.630169677734375,5.7224827440351245,7.682380548501015,-2.0987141544818875
1759645079350126800,4.640126953125,5.720525180226564,7.683782231992483,-2.098919321665168
1759645079360083500,4.65008349609375,5.718198198583722,7.685566192799806,-2.098732274660468
1759645079370041600,4.66004150390625,5.715885245466232,7.6873858094424,-2.0983675330013036
1759645079379998700,4.669998779296875,5.71421117477417,7.6886968920409675,-2.098121595416218
1759645079389955600,4.67995556640625,5.712925226616859,7.689594133141636,-2.098337576254457
1759645079399912700,4.68991259765625,5.711406054225564,7.690517677727342,-2.09908722557798
1759645079409870600,4.69987060546875,5.709706849092245,7.691630607405305,-2.0996333151534197
1759645079419827700,4.70982763671875,5.707668621262908,7.693101264479756,-2.099787336671352
1759645079429784600,4.71978466796875,5.705338132488727,7.694944261997938,-2.099365750258416
1759645079439741700,4.72974169921875,5.702905352383851,7.696959108951687,-2.0985911126241086
1759645079449699600,4.739699462890625,5.700322934675216,7.698981554690003,-2.098188523172587
1759645079459656700,4.74965673828125,5.6974675452440975,7.7009087233603,-2.0988721215225756
1759645079469613600,4.759613525390625,5.6941667501330375,7.702832384899258,-2.1007691873155534
1759645079479570700,4.76957080078125,5.690336962711811,7.704949523183703,-2.1033817079015074
1759645079489528600,4.779528564453125,5.6862792117536065,7.707383472332358,-2.1054371791265902
1759645079499485700,4.789485595703125,5.6826855711758135,7.709924388986826,-2.105834946272522
1759645079509442600,4.799442626953125,5.679635535955429,7.712339048913121,-2.105222513462603
1759645079519399700,4.809399658203125,5.676754427561163,7.7145245762586585,-2.104980229139328
1759645079529356800,4.819356689453125,5.673893192911148,7.716463435366749,-2.1055914929054675
1759645079539314700,4.829314697265625,5.67109157949388,7.7181690702408545,-2.1068856243692338
1759645079549271600,4.839271484375,5.66848110473454,7.719716884204745,-2.108241569022834
1759645079559228700,4.849228759765625,5.666178673011064,7.721097524908185,-2.109373787923157
1759645079569185800,4.859185791015625,5.664298850613832,7.722279428169131,-2.11009508793503
1759645079579143400,4.869143310546875,5.662749283084273,7.723319877132773,-2.1104475546345114
1759645079589100500,4.8791005859375,5.6612996687978505,7.7244737233430145,-2.1101158384621144
1759645079599057700,4.8890576171875,5.659949423232674,7.725569701886177,-2.1097226013608275
1759645079609014800,4.899014892578125,5.659003082293272,7.726166498735546,-2.1100768216259778
1759645079618972400,4.908972412109375,5.658462399545312,7.726366405221819,-2.1107949067674574
1759645079628929500,4.918929443359375,5.658268338277936,7.726516042825579,-2.1107691878043116
1759645079638886700,4.92888671875,5.658088305535912,7.726957356852292,-2.1096369689039887
1759645079648843500,4.938843505859375,5.65740207683742,7.727967995199561,-2.1077723440758884
1759645079658801700,4.9488017578125,5.656243554452061,7.729299536064267,-2.1059972972273826
1759645079668758500,4.958758544921875,5.655013135874271,7.730534630817174,-2.1047679015628993
1759645079678715600,4.968715576171875,5.654039906927943,7.731387448254227,-2.104253522299975
1759645079688672500,4.978672607421875,5.653219238194823,7.731962033271789,-2.1043454383671283
1759645079698629600,4.988629638671875,5.652464035913348,7.732400424689054,-2.104760156647861
1759645079708587500,4.99858740234375,5.651552181765437,7.732995467972755,-2.1050212918020783
1759645079718544600,5.008544677734375,5.65070637859106,7.733709169200062,-2.1046720399729906
1759645079728501500,5.01850146484375,5.650211873072386,7.734336945709586,-2.1036928196772933
1759645079738458600,5.028458740234375,5.649800369662046,7.734874121326207,-2.102821151409298
1759645079748416800,5.038416748046875,5.6492900820523495,7.735337647184729,-2.1024913349330423
1759645079758373600,5.04837353515625,5.648875071510672,7.735527616798877,-2.1029028383433817
1759645079768330500,5.05833056640625,5.648716666078567,7.735553335762024,-2.1032361619509756
1759645079778287600,5.06828759765625,5.648719004166126,7.73555976550281,-2.1032063513346015
1759645079788245800,5.078245849609375,5.648721342253685,7.735599512991309,-2.1030548140347003
1759645079798203000,5.088202880859375,5.6487476457387205,7.735560350024699,-2.103128463792801
1759645079808159500,5.098159423828125,5.648923002305627,7.735194439321756,-2.1040039314530787
1759645079818116600,5.10811669921875,5.64942043043375,7.734597642472386,-2.104861717326194
1759645079828074800,5.11807470703125,5.649948253700137,7.734187308105826,-2.1049527566105124
1759645079838031600,5.128031494140625,5.650673060843348,7.733841271147131,-2.1042761725232
1759645079847988500,5.137988525390625,5.651594851863384,7.7337062465906135,-2.1022962507523597
1759645079857945600,5.147945556640625,5.652230227157474,7.734046438330411,-2.099334916728735
1759645079867903700,5.15790380859375,5.652120337042212,7.734727990853786,-2.0971176790706814
1759645079877860600,5.167860595703125,5.651605373257398,7.735660303267836,-2.0950649843245746
1759645079887817700,5.177817626953125,5.651364550238847,7.736437717381119,-2.092843216621876
1759645079897774600,5.187774658203125,5.651368641892075,7.736925208637118,-2.0910306142419577
1759645079907732700,5.197732666015625,5.651255244645476,7.737189412531256,-2.090360167634487
1759645079917689600,5.207689697265625,5.65091213029623,7.737299302646517,-2.090883460856229
1759645079927646700,5.217646728515625,5.65074320347011,7.7370730926752085,-2.092175108101964
1759645079937603800,5.227603759765625,5.651026696586609,7.73637926519215,-2.093972220651805
1759645079947561700,5.237561767578125,5.651518279495835,7.735233602288365,-2.0968775867044926
1759645079957518600,5.2475185546875,5.65212559773922,7.733667083624005,-2.101010302595049
1759645079967475700,5.257475830078125,5.652952696213126,7.731734654256701,-2.1058926678091288
1759645079977432800,5.267432861328125,5.653860458707809,7.7297011026024816,-2.1109182408861815
1759645079987390500,5.277390380859375,5.654705677360296,7.728028200954198,-2.114773455009609
1759645079997347600,5.28734765625,5.654944746813178,7.727292872416973,-2.116820889058709
1759645080007304700,5.2973046875,5.654498172089458,7.727492778903246,-2.117283976525813
1759645080017261800,5.30726171875,5.653734786501526,7.7281188018471,-2.1170381850712
1759645080027219500,5.317219482421875,5.653375305539369,7.7284940649002785,-2.1166290197484194
1759645080037176600,5.327176513671875,5.65361671307981,7.728328060683608,-2.116587957085669
1759645080047133700,5.3371337890625,5.654333336916565,7.727627218937873,-2.117234730556607
1759645080057090600,5.347090576171875,5.65520135192275,7.726755112278461,-2.1180982155181467
1759645080067048700,5.357048583984375,5.656373902833462,7.725781883332133,-2.1185164409302173
1759645080077005600,5.367005615234375,5.657725901964307,7.724846648308635,-2.1183152192696926
1759645080086962700,5.376962646484375,5.659055104741454,7.723993830871581,-2.1178743436343965
1759645080096919800,5.386919921875,5.660248113918304,7.723207648929953,-2.1175560714654624
1759645080106877700,5.396877685546875,5.661345261505246,7.722292872172593,-2.1179599760912358
1759645080116834600,5.40683447265625,5.662466959011554,7.72103264297843,-2.119551190805435
1759645080126791700,5.416791748046875,5.663495717537403,7.719490674233436,-2.1224188551962375
1759645080136748800,5.426748779296875,5.664261441212892,7.717961564970016,-2.1259334391884503
1759645080146707000,5.43670703125,5.665258635556698,7.716489738851785,-2.1286166869230567
1759645080156663600,5.44666357421875,5.666717017671465,7.715168134859204,-2.1295273720271886
1759645080166620700,5.45662060546875,5.668188843789697,7.714127101373672,-2.129382118337601
1759645080176577800,5.466577880859375,5.669266702154278,7.713322799253463,-2.1294258113488556
1759645080186536000,5.476535888671875,5.669821413427591,7.71273243214488,-2.1300864672146735
1759645080196492500,5.486492431640625,5.670235839447379,7.712232665929198,-2.130796661310643
1759645080206449700,5.49644970703125,5.67056784788072,7.711805964949726,-2.131453956175595
1759645080216406800,5.50640673828125,5.67099864051342,7.711352960485219,-2.1319456852152943
1759645080226364700,5.51636474609375,5.671181011343002,7.711126165992021,-2.132283538867533
1759645080236321800,5.52632177734375,5.671119636544585,7.711067713803052,-2.1326563177026805
1759645080246278700,5.536278564453125,5.671227188572288,7.7109040476739406,-2.132957930997759
1759645080256235800,5.54623583984375,5.671851457950472,7.7103756398856635,-2.1332091292798516
1759645080266193700,5.556193603515625,5.672646992242336,7.70970986945331,-2.1335056280083955
1759645080276150800,5.56615087890625,5.6732572330951685,7.709094367903471,-2.1341041784234345
1759645080286108000,5.57610791015625,5.673804930105805,7.708529719758033,-2.1346865083560345
1759645080296064500,5.586064453125,5.674260272657871,7.708164393576979,-2.1347952294275165
1759645080306022700,5.596022705078125,5.674256765526533,7.708177253058552,-2.1347570893742143
1759645080315979800,5.605979736328125,5.673853445422649,7.708459577131271,-2.1348149570412933
1759645080325937000,5.61593701171875,5.6733080864995715,7.70890790542066,-2.1346438382580875
1759645080335893500,5.6258935546875,5.6727796787112945,7.709367924147844,-2.134383726017177
1759645080345851600,5.6358515625,5.672346547991037,7.709759553813934,-2.134121129558235
1759645080355808800,5.645808837890625,5.672126767760515,7.709992193526029,-2.1338671547971666
1759645080365766000,5.655765869140625,5.671961932587624,7.710201452362537,-2.133547129062563
1759645080375722800,5.66572265625,5.671817555680871,7.710451043209433,-2.13303041171208
1759645080385680600,5.6756806640625,5.672269391101598,7.7102394462853665,-2.1325924586862324
1759645080395637800,5.6856376953125,5.672340118250251,7.710240615329146,-2.132400589375943
1759645080405595000,5.695594970703125,5.671844443687796,7.710626984298229,-2.132321240529418
1759645080415551700,5.7055517578125,5.671323050162195,7.711122074338793,-2.131920989165455
1759645080425509600,5.715509521484375,5.670871799263358,7.7116516511708495,-2.1312050959810613
1759645080435466800,5.725466796875,5.670538037264347,7.712114592507481,-2.1304132149510084
1759645080445423600,5.735423583984375,5.67023291683793,7.712439586678147,-2.130050226857513
1759645080455380700,5.745380615234375,5.670023658001423,7.712536032789945,-2.1302600702159107
1759645080465338600,5.755338623046875,5.669911429798603,7.712509144783019,-2.130656083796173
1759645080475295700,5.765295654296875,5.669702755483985,7.712705544137954,-2.1305023545391855
1759645080485252600,5.775252685546875,5.669577667799592,7.7130422287464135,-2.1296144657887517
1759645080495209700,5.785209716796875,5.669584097540378,7.713386512139439,-2.1283511678546665
1759645080505167600,5.795167724609375,5.6697208756625646,7.713636102986335,-2.1270805633969605
1759645080515124700,5.805124755859375,5.669778743329644,7.713793339374661,-2.126357509819418
1759645080525081600,5.81508154296875,5.669773482632636,7.713800938159227,-2.126343481294066
1759645080535039700,5.825039794921875,5.669310541296005,7.714124763286113,-2.126399449265003
1759645080544996900,5.834996826171875,5.668313931474089,7.7149103607058525,-2.1262077260851857
1759645080554953700,5.84495361328125,5.667147225782275,7.715974775066972,-2.12545427736938
1759645080564910600,5.85491064453125,5.665923821467161,7.717212207907438,-2.1242245894439518
1759645080574868700,5.86486865234375,5.664774651432037,7.7184683454483745,-2.122725875318795
1759645080584825900,5.874825927734375,5.663786224916577,7.719571922776103,-2.1213523950085045
1759645080594782700,5.88478271484375,5.663055572554469,7.72024821460247,-2.120839038658887
1759645080604739600,5.894739501953125,5.662529502853751,7.7204370151728385,-2.1215527398861944
1759645080614697700,5.90469775390625,5.661976545146107,7.720345245236158,-2.123367680353671
1759645080624654800,5.91465478515625,5.661165228763222,7.72041597238481,-2.1252727833226324
1759645080634611700,5.92461181640625,5.660287861406803,7.720767854562402,-2.1263265301592646
1759645080644568600,5.934568603515625,5.659126416411995,7.721669187316298,-2.1261428441554306
1759645080654526700,5.944526611328125,5.65785040512681,7.723000728181004,-2.1247072583943605
1759645080664483800,5.95448388671875,5.656533477309346,7.7243451285272835,-2.1233266176909207
1759645080674440700,5.964440673828125,5.655179140090942,7.7253920072317115,-2.123124665378034
1759645080684397800,5.974397705078125,5.653887931236625,7.726068883579969,-2.1241011091947555
1759645080694355700,5.984355712890625,5.65288956784904,7.7264564215928315,-2.1253483327768743
1759645080704312800,5.994312744140625,5.652540023759007,7.7264833095997565,-2.1261808380782603
1759645080714269700,6.004269775390625,5.652586200988292,7.726398553925752,-2.126365108603984
1759645080724226800,6.014226806640625,5.652569834375381,7.726520719000697,-2.1259629575438797
1759645080734184700,6.024184814453125,5.652319659006595,7.7269912591218946,-2.1249171017527577
1759645080744141800,6.034141845703125,5.652025059974193,7.727615528500079,-2.12342978580445
1759645080754098700,6.0440986328125,5.65165856474936,7.728198881345987,-2.122285291944444
1759645080764055800,6.054055908203125,5.651016175192594,7.7287231974810355,-2.1220845086753366
1759645080774013700,6.064013671875,5.650242852732539,7.729133531847595,-2.122648133907467
1759645080783970800,6.073970703125,5.649551947858929,7.729380784606933,-2.1235846841052175
1759645080793927700,6.083927734375,5.64910361956954,7.729446251058578,-2.124543592265248
1759645080803884800,6.093884765625,5.64889669882059,7.7295000270724294,-2.1248997122265396
1759645080813842700,6.1038427734375,5.649067379212379,7.729491259244084,-2.1244724267251787
1759645080823799600,6.113799560546875,5.649314047449827,7.729481906893849,-2.1238494725212456
1759645080833756700,6.123756591796875,5.64912115522623,7.729696426427364,-2.123581761495769
1759645080843714800,6.13371484375,5.648564690387249,7.730003300419449,-2.123944311197847
1759645080853671700,6.143671630859375,5.647981337541341,7.730192100989818,-2.1248107187688348
1759645080863628500,6.153628662109375,5.647527164033055,7.730304913714527,-2.1256069837130607
1759645080873585700,6.163585693359375,5.647082927396893,7.730503066635132,-2.126065979526937
1759645080883543800,6.173543701171875,5.646447552102804,7.73091573908925,-2.1262525881402192
1759645080893501000,6.1835009765625,5.645794056630134,7.731357053115963,-2.126386297522485
1759645080903457500,6.19345751953125,5.645251035794615,7.731711273381114,-2.126538711605221
1759645080913414700,6.20341455078125,5.645171540817618,7.731714195990562,-2.1267378874391314
1759645080923372800,6.213372802734375,5.645450942280888,7.731418427914381,-2.127072526220977
1759645080933330000,6.223329833984375,5.64550354925096,7.731187541767954,-2.127771614401042
1759645080943286800,6.233286865234375,5.6453246855527155,7.73106537669301,-2.128691651855409
1759645080953243600,6.24324365234375,5.645004367557168,7.731036150598525,-2.1296474912755192
1759645080963201800,6.253201904296875,5.6446840495616195,7.731042580339312,-2.1304710826180875
1759645080973159000,6.263158935546875,5.644394126704335,7.731175266808271,-2.1307592519097027
1759645080983115800,6.27311572265625,5.643919494929909,7.731476880103349,-2.130920433820784
1759645080993072600,6.28307275390625,5.642903595885634,7.732213377684355,-2.1309381156079468
1759645081003030800,6.29303076171875,5.642320243039727,7.73259390143454,-2.1311054349988696
1759645081012987600,6.302987548828125,5.642171774479746,7.732613775178789,-2.13142589912489
1759645081022944800,6.31294482421875,5.64186665405333,7.73253778733313,-2.13250843366459
1759645081032902700,6.322902587890625,5.641573224064707,7.732358339112997,-2.1339313060745595
1759645081042859800,6.33285986328125,5.6409325880736105,7.73248342679739,-2.1351719537854192
1759645081052816600,6.342816650390625,5.6404766609996555,7.732424390086531,-2.13659248810783
1759645081062773000,6.35277294921875,5.639889216500521,7.732514406457543,-2.1378167692057786
1759645081072731100,6.362731201171875,5.639065625157952,7.732759321129322,-2.1391038864068688
1759645081082688000,6.37268798828125,5.637985428705811,7.733169655495882,-2.140468014366925
1759645081092645000,6.38264501953125,5.636761439868807,7.733533228111266,-2.1423789625547824
1759645081102602000,6.39260205078125,5.635442173963785,7.733860560369491,-2.1446597669683394
1759645081112560000,6.40256005859375,5.63433333593905,7.733948238652944,-2.1472562132023274
1759645081122517000,6.41251708984375,5.633055571088194,7.734187892627715,-2.1497459841914472
1759645081132474000,6.42247412109375,5.631732798051834,7.734530422455072,-2.151977396505326
1759645081142431000,6.432430908203125,5.630383137008548,7.73501849823296,-2.15375536596328
1759645081152389000,6.44238916015625,5.629145119646191,7.7354773479163645,-2.1553410277195275
1759645081162346200,6.45234619140625,5.6274827393919225,7.736215014541148,-2.157035702808201
1759645081172303000,6.46230322265625,5.62502540936768,7.737261308723688,-2.159690016709268
1759645081182260000,6.472260009765625,5.621776636704802,7.738670590999722,-2.163096171890944
1759645081192218000,6.482218017578125,5.61818065803945,7.740373303264379,-2.166347428771853
1759645081202175200,6.49217529296875,5.614471282127499,7.742173630684614,-2.169526204938441
1759645081212132000,6.502132080078125,5.610516991543769,7.744040593600273,-2.1730890119865536
1759645081222090000,6.512090087890625,5.605941354191303,7.745974192011356,-2.1779985574685035
1759645081232047000,6.522047119140625,5.600435157990455,7.748142768222093,-2.184444957128912
1759645081242004200,6.532004150390625,5.593849349859356,7.750698297923803,-2.192237949092686
1759645081251961000,6.541961181640625,5.586019094625115,7.753543750482797,-2.2021211913339793
1759645081261919000,6.5519189453125,5.577016873002052,7.756360561469196,-2.214978919341415
1759645081271876000,6.5618759765625,5.567278153797984,7.75883542715013,-2.230753411578387
1759645081281833200,6.571833251953125,5.55633765758872,7.761185789668559,-2.249778137782961
1759645081291790000,6.5817900390625,5.544817900186777,7.763615647163987,-2.2697255317904053
1759645081301748000,6.591748046875,5.531502491539716,7.766250087320804,-2.2930852184593675
1759645081311705000,6.601705078125,5.516103846877813,7.769085018485784,-2.3204105938889086
1759645081321662200,6.611662109375,5.49936313995719,7.7718451308488845,-2.3507063634313643
1759645081331619000,6.621619140625,5.480503541186452,7.774601736080646,-2.3853804941885173
1759645081341577000,6.631576904296875,5.459289488244057,7.778036971226334,-2.4225367971502245
1759645081351534000,6.6415341796875,5.43589516865313,7.782851678031682,-2.459403323385119
1759645081361491200,6.6514912109375,5.411151188018918,7.789380203017592,-2.4930694461435077
1759645081371448000,6.661447998046875,5.385566664907336,7.797922990435361,-2.521596452447772
1759645081381406000,6.671406005859375,5.358600916570425,7.8087465822666875,-2.545440561632812
1759645081391363000,6.681363037109375,5.3315884064823384,7.820797670066356,-2.5650886804327366
1759645081401320000,6.69131982421875,5.306349920329451,7.832589814668894,-2.581390119153261
1759645081411278000,6.701278076171875,5.2830760122478,7.843623249858617,-2.5955864022880792
1759645081421235200,6.711235107421875,5.260758966499567,7.853886285197734,-2.60984259891659
1759645081431192000,6.721192138671875,5.238137384846806,7.86351686785221,-2.626291337153315
1759645081441149000,6.73114892578125,5.214692211851477,7.872886169221997,-2.64481162096709
1759645081451107000,6.741107177734375,5.189862306499481,7.88269152392149,-2.664374107310176
1759645081461064200,6.751064208984375,5.163748791077733,7.892837654882669,-2.6849939937517044
1759645081471021000,6.76102099609375,5.136296720528602,7.903437959352135,-2.7063801883906122
1759645081480978000,6.77097802734375,5.1070577665627,7.91506643782556,-2.727649770912528
1759645081490936000,6.78093603515625,5.0762283285349605,7.927794401973485,-2.7481547988027333
1759645081500893200,6.79089306640625,5.043488672971725,7.942115772792697,-2.7670222886189815
1759645081510850300,6.800850341796875,5.008802559515834,7.958215259200334,-2.7837200331807135
1759645081520807000,6.810806884765625,4.971473822596669,7.976510209825634,-2.7982340039625764
1759645081530765000,6.82076513671875,4.9306759482622144,7.997336140233278,-2.810950277672708
1759645081540722200,6.83072216796875,4.88623211864084,8.020375070515275,-2.822892059879005
1759645081550679300,6.84067919921875,4.839151803036033,8.044746126183867,-2.834615230898559
1759645081560637000,6.850636962890625,4.790045534561574,8.069720408442617,-2.847008264003694
1759645081570593000,6.860593017578125,4.739384437860548,8.095185104566813,-2.8594731933012603
1759645081580550100,6.870550048828125,4.687769693696499,8.121217955967783,-2.870717640893161
1759645081590507000,6.880507080078125,4.63489384355545,8.148390040531755,-2.8795608725622293
1759645081600465200,6.890465087890625,4.579573815132678,8.177208138737083,-2.886372598403692
1759645081610422000,6.900422119140625,4.521496304695308,8.207899629598856,-2.8908193486794826
1759645081620379100,6.910379150390625,4.460466958715021,8.240392032402754,-2.893191338507831
1759645081630336000,6.9203359375,4.396571701909601,8.274199609458446,-2.8945065127596257
1759645081640294100,6.930294189453125,4.330333389109373,8.308802720806002,-2.895239210948348
1759645081650251300,6.940251220703125,4.2623657682985066,8.343486496174336,-2.896352432887256
1759645081660207900,6.950207763671875,4.1928520870894195,8.378193067896365,-2.897629905477166
1759645081670165000,6.9601650390625,4.121741492077708,8.41333803103566,-2.897823966744542
1759645081680123100,6.970123046875,4.048765687716007,8.449346333006023,-2.895934791997075
1759645081690080300,6.980080322265625,3.973471377278864,8.486381639936566,-2.891928771226108
1759645081700037000,6.990037109375,3.894241188697517,8.524435183998943,-2.887781003896892
1759645081709995000,6.9999951171875,3.8102719888955354,8.563283093309401,-2.884854887317121
1759645081719952100,7.0099521484375,3.722805302366614,8.601987210234999,-2.8839097154214977
1759645081729909200,7.0199091796875,3.6335599157273766,8.639776550403237,-2.8847680858165026
1759645081739866000,7.0298662109375,3.543741989897191,8.676117445328831,-2.8874305830240248
1759645081749824000,7.039823974609375,3.453174122482538,8.711445363819598,-2.8907918761506677
1759645081759781000,7.049781005859375,3.36184082365334,8.745978332540393,-2.8941785959795117
1759645081769738200,7.05973828125,3.271817730639875,8.779015509745479,-2.8973227392241356
1759645081779695000,7.069695068359375,3.1837711983963843,8.810476815935969,-2.899911294412613
1759645081789653000,7.079653076171875,3.0970185053557158,8.840558650466798,-2.9023063728556036
1759645081799610000,7.089610107421875,3.0113252582401033,8.869382009369135,-2.904545968475938
1759645081809567200,7.099567138671875,2.926459694120288,8.89727247133553,-2.905988860760629
1759645081819524000,7.109524169921875,2.8415032368466258,8.924552107927203,-2.906652585366368
1759645081829482000,7.11948193359375,2.7570860010161993,8.951452974334359,-2.90523161265254
1759645081839439000,7.129439208984375,2.674696471621096,8.977733078494667,-2.901151065340638
1759645081849396000,7.13939599609375,2.5947540431171654,9.00309431424439,-2.8951524094477294
1759645081859354000,7.14935400390625,2.5169167701989412,9.02711173416972,-2.8890815651014448
1759645081869311000,7.15931103515625,2.4415217758663,9.04911898331642,-2.8849288293361663
1759645081879268000,7.16926806640625,2.36906561146453,9.068415804460644,-2.8847441204190254
1759645081889225000,7.179224853515625,2.2992916718840597,9.085004535689949,-2.8890014856025577
1759645081899183000,7.18918310546875,2.23094791123718,9.099405986008048,-2.8972505507707593
1759645081909140200,7.19914013671875,2.1633654903516173,9.112351976820825,-2.90779620244354
1759645081919097000,7.20909716796875,2.0963214141264555,9.12473039687872,-2.918068882393837
1759645081929054000,7.219053955078125,2.029093505766988,9.137254362887143,-2.926388090188801
1759645081939012000,7.22901220703125,1.9603759433716534,9.150119105157255,-2.9330244594633577
1759645081948969200,7.23896923828125,1.8891291547596454,9.162994953343272,-2.9395772421076893
1759645081958926000,7.248926025390625,1.8155173905819653,9.175105077853798,-2.9481746823221444
1759645081968883000,7.258883056640625,1.740168135087192,9.185327196660637,-2.9617499109491705
1759645081978841000,7.268841064453125,1.6633808096133171,9.192777512666582,-2.982683977906406
1759645081988798200,7.278798095703125,1.5868056655853986,9.197468300831318,-3.0098204066351055
1759645081998755000,7.288755126953125,1.5121876469746232,9.200307323649525,-3.0394144576489923
1759645082008712000,7.2987119140625,1.4398366965129972,9.202862853351235,-3.066689125804603
1759645082018670000,7.308670166015625,1.369568982066214,9.20660437796712,-3.087571170313656
1759645082028627200,7.318627197265625,1.3015348718903959,9.21286753001511,-3.0982997773379086
1759645082038584000,7.328583984375,1.2344612773098051,9.222386468988656,-3.097430301027
1759645082048541200,7.338541259765625,1.1668738149229436,9.233647283193468,-3.0900758466109632
1759645082058499300,7.348499267578125,1.0976108205392956,9.24487477965057,-3.081872374150157
1759645082068456400,7.35845654296875,1.0260442253883928,9.2552786847651,-3.0752935802817345
1759645082078413600,7.36841357421875,0.9537195053465664,9.264307209873198,-3.0713878050148486
1759645082088371200,7.37837109375,0.8825593721047044,9.27184052798748,-3.0699273770734665
1759645082098328300,7.388328369140625,0.8140297334969043,9.278037629061936,-3.0701389739975333
1759645082108285400,7.398285400390625,0.7491187237776815,9.28316037890315,-3.071181468787789
1759645082118242600,7.40824267578125,0.6880400587629526,9.287460706445573,-3.0724662479013203
1759645082128200200,7.4182001953125,0.6310878990937024,9.2908257989645,-3.074522011387348
1759645082138157300,7.4281572265625,0.5782304613921792,9.29334508830905,-3.077298490363359
1759645082148114400,7.438114501953125,0.5299019358245656,9.295491452687978,-3.0795196735441683
1759645082158071300,7.4480712890625,0.48685189864914863,9.297076676052809,-3.081836718314886
1759645082168029200,7.458029296875,0.4475171191371977,9.298429844227433,-3.083717709755897
1759645082177986300,7.467986328125,0.4104754189984873,9.29998233436644,-3.0841891266599295
1759645082187943400,7.477943359375,0.3747235760072246,9.302095380997658,-3.0823671719297763
1759645082197900300,7.487900390625,0.339738735333085,9.304927974075078,-3.077871906337142
1759645082207858400,7.4978583984375,0.30582212667865677,9.308142844468355,-3.0716973093554376
1759645082217815300,7.507815185546875,0.2730596930280328,9.312099473139643,-3.0627818892329928
1759645082227772400,7.5177724609375,0.24182969310907645,9.317212286108731,-3.0498291764184833
1759645082237729300,7.527729248046875,0.21310720076533032,9.323540904608368,-3.0325831503242253
1759645082247687400,7.5376875,0.18841571750333533,9.330727016720175,-3.0120459737300873
1759645082257644300,7.547644287109375,0.16911573628764598,9.338021265381574,-2.990514817662537
1759645082267601400,7.557601318359375,0.15612871934473513,9.344584861680865,-2.970648672197759
1759645082277558300,7.567558349609375,0.14896706582074984,9.349562065571545,-2.9553116945952174
1759645082287516400,7.577516357421875,0.14683098537381736,9.352411025261878,-2.9463927673414347
1759645082297473500,7.5874736328125,0.14936788344029336,9.352615023401379,-2.945620321664214
1759645082307430400,7.597430419921875,0.15612270972905679,9.349864847910403,-2.9539859989494084
1759645082317387300,7.60738720703125,0.16606339951232074,9.344702350580691,-2.9697376948326824
1759645082327345400,7.617345458984375,0.17925744680203495,9.337906114569305,-2.9902807166457173
1759645082337302500,7.627302490234375,0.19575948612857608,9.33023368024528,-3.0131068809598682
1759645082347259400,7.63725927734375,0.21540378726990891,9.322429728496074,-3.035838060466945
1759645082357216300,7.64721630859375,0.237971154517401,9.315018575456739,-3.056829995091259
1759645082367174400,7.65717431640625,0.26334663798818364,9.308270270240307,-3.0752462340086697
1759645082377131500,7.667131591796875,0.29137959543149916,9.302319252881407,-3.0906904713779686
1759645082387088400,7.67708837890625,0.3224818590512499,9.29696152524054,-3.1036916995093224
1759645082397045200,7.687045166015625,0.35623792511541397,9.291962109518051,-3.114949883365631
1759645082407003400,7.69700341796875,0.39305067533645777,9.287062647038697,-3.1251211487680672
1759645082416960500,7.70696044921875,0.4333083418469876,9.281853387957812,-3.1352573428571224
1759645082426917400,7.71691748046875,0.4768255946753546,9.275795403093099,-3.146848704190552
1759645082436874500,7.72687451171875,0.5240456110117957,9.26874197745025,-3.160092508906126
1759645082446832400,7.736832275390625,0.5752933119617403,9.260730520430206,-3.1746301528245207
1759645082456789500,7.74678955078125,0.6306245924308895,9.252136879608035,-3.1891479229986666
1759645082466746400,7.756746337890625,0.6898780878450721,9.243348008474706,-3.2023405820488926
1759645082476703500,7.766703369140625,0.7526132148299366,9.234878870815038,-3.2126284595683217
1759645082486660600,7.77666064453125,0.8183036844890564,9.227032833489774,-3.2191014549747106
1759645082496618200,7.7866181640625,0.8870743653111159,9.219534586688876,-3.222368640077114
1759645082506575400,7.796575439453125,0.9593685440842061,9.211740571811795,-3.2239465569183228
1759645082516532500,7.806532470703125,1.0347486331086606,9.202996124342084,-3.225608060389757
1759645082526489600,7.816489501953125,1.112725972084701,9.192861683818697,-3.2285520048871637
1759645082536447200,7.826447265625,1.193339139457047,9.181427851134538,-3.232292360459268
1759645082546404400,7.836404296875,1.2769758924342691,9.169001500281691,-3.2356054305300113
1759645082556361500,7.846361572265625,1.3629679763659834,9.156085904607176,-3.2370994684800505
1759645082566318300,7.856318359375,1.4499242291547356,9.142964557227492,-3.236404764214158
1759645082576276200,7.866276123046875,1.5365306455925105,9.129978234404325,-3.2331007542327046
1759645082586233300,7.8762333984375,1.6215923168063162,9.11749284684062,-3.2267832416489717
1759645082596190500,7.8861904296875,1.7049560980610547,9.105221978810428,-3.218453220199048
1759645082606147300,7.896147216796875,1.786802168229222,9.092978583309053,-3.2086542952403425
1759645082616105200,7.906105224609375,1.866805679270625,9.080476244610548,-3.1984935512319206
1759645082626062300,7.916062255859375,1.9451533859290182,9.067029318538308,-3.1899460876390338
1759645082636019500,7.92601953125,2.0229570488385855,9.052211688634753,-3.183628867316246
1759645082645976300,7.935976318359375,2.1023967885173858,9.035828709110618,-3.178693749001622
1759645082655933400,7.945933349609375,2.1858507322736083,9.017846477696299,-3.1734654929593202
1759645082665891300,7.955891357421875,2.2736530804976818,8.998639088401198,-3.166289317719638
1759645082675848400,7.965848388671875,2.363881194563955,8.978682926565408,-3.15684870467931
1759645082685805300,7.975805419921875,2.454286418762803,8.95784998189509,-3.1470310750201342
1759645082695762400,7.985762451171875,2.543397949889302,8.935949700254202,-3.138522774393856
1759645082706965500,7.996965576171875,2.6428449970692394,8.909791176646948,-3.130716484557092
1759645082716923400,8.00692333984375,2.7316733273401854,8.884746751761435,-3.125641373249888
1759645082726880300,8.01688037109375,2.821302452600002,8.85801364313662,-3.1218957569807766
1759645082736837400,8.02683740234375,2.9112945659533143,8.829994001832604,-3.118645815274119
1759645082746794500,8.03679443359375,3.001559943290055,8.80092689730227,-3.115238929440081
1759645082756751400,8.04675146484375,3.0922216264680027,8.770939755317569,-3.111135293513536
1759645082766709200,8.056709228515626,3.182444918228686,8.740039590141176,-3.107110568042099
1759645082776666400,8.066666259765626,3.271925282667577,8.707959275269507,-3.1042452417388557
1759645082786623500,8.07662353515625,3.3609143564581867,8.674362126094103,-3.103238695044815
1759645082796580400,8.086580322265625,3.44944078117311,8.638870541474223,-3.105102735351026
1759645082806538200,8.096538330078126,3.537472700369358,8.601321439802646,-3.110298842689395
1759645082816495400,8.106495361328125,3.624681612744927,8.562013511765002,-3.118331050236523
1759645082826452500,8.116452392578125,3.711209264858067,8.521335464417934,-3.127965432283282
1759645082836409300,8.126409423828125,3.796641230688989,8.480055359524489,-3.1376047827661036
1759645082846367200,8.1363671875,3.880483004719019,8.438587038582563,-3.146819478096068
1759645082856324400,8.146324462890625,3.9613089380592106,8.397802023729682,-3.155205905908346
1759645082866281200,8.15628125,4.038522526121139,8.358160333693027,-3.1625717585012314
1759645082876238300,8.16623828125,4.111216298671066,8.3203137103796,-3.168703100863099
1759645082886195500,8.176195556640625,4.1791432952106,8.284446278184651,-3.173817375136912
1759645082896153300,8.1861533203125,4.242202101191878,8.250544593104719,-3.1784622783333063
1759645082906110200,8.196110107421875,4.299850280301273,8.218872859033942,-3.1830516519501804
1759645082916067300,8.2060673828125,4.351996939384937,8.189477253201604,-3.187940300774574
1759645082926024400,8.2160244140625,4.39871923533231,8.162354268476367,-3.1933743085220456
1759645082935982600,8.225982666015625,4.440091110162436,8.137616133061051,-3.199247876730561
1759645082945939200,8.235939208984375,4.47583813084811,8.115755598908663,-3.204958655592799
1759645082955896300,8.245896240234375,4.505651085309684,8.097149098116159,-3.210247409650683
1759645082965853400,8.255853515625,4.530099297867715,8.08177967954874,-3.2145632270231843
1759645082975810300,8.265810302734375,4.550176163473725,8.069123027071356,-3.2180034306049343
1759645082985768200,8.275768310546875,4.566950480403006,8.058620337757468,-3.220555745436251
1759645082995725300,8.285725341796875,4.580935751135647,8.049823283317684,-3.2226956800743936
1759645083005682400,8.295682373046875,4.592610114577412,8.042180659610032,-3.2251609011441467
1759645083015639300,8.305639404296874,4.602371337874233,8.035115543529392,-3.2288521568775175
1759645083025597400,8.315597412109375,4.6109462739959355,8.028070885714888,-3.2341365270212292
1759645083035554300,8.32555419921875,4.618755486442148,8.021032657641172,-3.2404508247345682
1759645083045511400,8.335511474609374,4.625879054711759,8.014223562148214,-3.247131325411796
1759645083055468300,8.34546826171875,4.632612162359059,8.007770440486073,-3.253445038603246
1759645083065425400,8.35542529296875,4.63974303715229,8.001761555460096,-3.258062469270825
1759645083075383600,8.365383544921874,4.647885134814679,7.996309719794988,-3.2598435074687
1759645083085340400,8.37534033203125,4.65715331389755,7.991199829435348,-3.25914412702769
1759645083095297500,8.385297607421874,4.667344453044236,7.985987647745013,-3.2573435073465107
1759645083105254400,8.39525439453125,4.678026006056368,7.980383251866698,-3.2557571149379014
1759645083115212500,8.405212646484374,4.68855003041923,7.974607006552815,-3.254768980683386
1759645083125169400,8.41516943359375,4.698537171426415,7.969210700467229,-3.2535841548129913
1759645083135126500,8.42512646484375,4.708340480299293,7.964328773644566,-3.251367355546355
1759645083145083400,8.43508349609375,4.718214516320824,7.959542123889922,-3.24877470870465
1759645083155040500,8.44504052734375,4.728716036590933,7.954424050223827,-3.246037684956193
1759645083164998700,8.45499853515625,4.739980357927084,7.948910839760303,-3.2431156600296496
1759645083174955500,8.46495556640625,4.751659689804911,7.943020612677931,-3.240453747344017
1759645083184912400,8.474912353515625,4.764217850343883,7.936433050981163,-3.2381542382299897
1759645083194869500,8.484869384765625,4.777407002262771,7.92909204056859,-3.2367069620311257
1759645083204827600,8.49482763671875,4.790545885299146,7.921196903404593,-3.2366163611382244
1759645083214784500,8.504784423828125,4.802926351183652,7.913156804811954,-3.2379359193041917
1759645083224741400,8.514741455078125,4.8146261413276195,7.905000970885157,-3.2404826811775562
1759645083234698500,8.524698486328125,4.825969373118877,7.89673290875554,-3.243765940631926
1759645083244655600,8.534655517578125,4.836859015923738,7.888428606268763,-3.247749749571085
1759645083254613500,8.544613525390625,4.847074412728846,7.880475016915797,-3.251825912968814
1759645083264570400,8.5545703125,4.856608549271524,7.872925332188606,-3.2558836639270186
1759645083274527500,8.564527587890625,4.865457333898544,7.865697719022632,-3.2601378142401574
1759645083284484600,8.574484619140625,4.873645316529274,7.858520959261059,-3.2652123410254714
1759645083294441500,8.58444140625,4.881227442221343,7.851259443825483,-3.271349528606236
1759645083304399600,8.594399658203125,4.888476390436291,7.843667089000344,-3.2787305787682532
1759645083314356500,8.6043564453125,4.89555699634701,7.835821636196971,-3.286914469745755
1759645083324313300,8.614313232421875,4.902436818988621,7.827748804378509,-3.295883081360161
1759645083334270500,8.6242705078125,4.909065589478612,7.819341041517257,-3.305957900650799
1759645083344228600,8.634228515625,4.915798697125911,7.810440526702999,-3.316976138271391
1759645083354185500,8.644185546875,4.922997668719291,7.800939707908034,-3.3286376422315835
1759645083364142300,8.654142333984375,4.930859488135576,7.790984131082892,-3.3402962235823273
1759645083374099500,8.664099365234375,4.939138656181097,7.781053688699006,-3.351193757432699
1759645083384057600,8.6740576171875,4.9471845999926325,7.771762713262438,-3.3608705173164606
1759645083394014700,8.6840146484375,4.954918993636966,7.763418663287163,-3.368752502737939
1759645083403971300,8.693971435546874,4.962457572448253,7.756021538773179,-3.3746889070495962
1759645083413928400,8.703928466796874,4.9701037032872435,7.749178541010617,-3.3791552388086914
1759645083423885600,8.713885498046874,4.977697227156162,7.742376459780335,-3.383565164205432
1759645083433843700,8.72384375,4.985287243893742,7.735152938267588,-3.388907694277167
1759645083443800600,8.733800537109374,4.992563372376561,7.7275898095369335,-3.3954452793523666
1759645083453757400,8.74375732421875,4.999180160167813,7.72028445495963,-3.402321302601695
1759645083463714600,8.753714599609374,5.004847099888324,7.713443795284628,-3.4095004004508254
1759645083473672700,8.763672607421874,5.009347333917021,7.7071578468829385,-3.4170948011025786
1759645083483629600,8.773629638671874,5.012924023360013,7.701631776937842,-3.424301956002414
1759645083493586400,8.78358642578125,5.015969382405281,7.696901241284609,-3.43047363037467
1759645083503543600,8.79354345703125,5.01886159671545,7.692873885464667,-3.43527576995939
1759645083513500400,8.80350048828125,5.021556242626906,7.689722727957368,-3.4383906871095298
1759645083523458600,8.81345849609375,5.023377612835168,7.687438416412472,-3.440837495739758
1759645083533415700,8.823415771484376,5.024287128895521,7.685551579752564,-3.443722403526306
1759645083543372300,8.833372314453126,5.024808522421122,7.683742484503984,-3.4469951415866613
1759645083553329400,8.843329345703125,5.02527672445476,7.682081273293495,-3.4500171197563407
1759645083563287600,8.85328759765625,5.025998024466634,7.68046916192174,-3.452553067974746
1759645083573244700,8.86324462890625,5.026579039224982,7.679004350066185,-3.454964805291593
1759645083583201500,8.873201416015625,5.026642167589068,7.677646505716442,-3.4578906296104193
1759645083593158400,8.883158447265625,5.026623462888598,7.676262357881665,-3.460987718842923
1759645083603116500,8.893116455078125,5.0270665304809805,7.674839047080278,-3.4635020397514102
1759645083613073700,8.90307373046875,5.028153741195798,7.673325719907879,-3.4652740178599952
1759645083623030500,8.913030517578125,5.0294835284948345,7.671794272556901,-3.466734445801377
1759645083632987400,8.9229873046875,5.0307542790830135,7.67041538541913,-3.4679423602864143
1759645083642944500,8.932944580078125,5.03176784003973,7.669324083051085,-3.468884317311644
1759645083652902700,8.942902587890625,5.032638777655363,7.6684391169101,-3.4695781447947023
1759645083662859500,8.952859619140625,5.033067816722393,7.667761656039953,-3.470453466324508
1759645083672816600,8.962816650390625,5.0332209614574905,7.667022235849499,-3.471863917644322
1759645083682773500,8.9727734375,5.033201672235131,7.66601452011168,-3.4741172495290633
1759645083692731600,8.982731689453125,5.032949158778786,7.664817419281602,-3.4771216920420525
1759645083702688500,8.9926884765625,5.032365805932879,7.663668833768368,-3.4804973059549926
1759645083712645600,9.002645751953125,5.031435831606387,7.6631036011010405,-3.4830843998387455
1759645083722602500,9.0126025390625,5.030128256139159,7.663442039275169,-3.4842291859596966
1759645083732559400,9.022559326171875,5.028206348165869,7.664733832651376,-3.484161381420493
1759645083742517500,9.032517578125,5.025866507041454,7.666468109098076,-3.4837218209594485
1759645083752474600,9.042474609375,5.023011702132225,7.66845665256679,-3.483461708718538
1759645083762431700,9.052431640625,5.019763513991236,7.6711425306499,-3.482232459184527
1759645083772388400,9.062388427734374,5.016075180867314,7.674922049188614,-3.479217203016579
1759645083782346500,9.072346435546875,5.01179414254725,7.6796262813568115,-3.4750033847138284
1759645083792303600,9.0823037109375,5.0071360876083375,7.684754291895032,-3.470378939783573
1759645083802260500,9.092260498046874,5.002358790203929,7.690055320912599,-3.4655236087068912
1759645083812217600,9.102217529296874,4.9976948900461196,7.69533238453269,-3.4605338375955816
1759645083822175500,9.112175537109374,4.993380533978343,7.7001920995235436,-3.455949140153825
1759645083832132600,9.122132568359374,4.989353762680292,7.704503532981872,-3.45215442404598
1759645083842089500,9.13208935546875,4.98504758991897,7.708288896739482,-3.4499241807758807
1759645083852046600,9.142046630859374,4.980296011477709,7.71161248820424,-3.4493580713257193
1759645083862004500,9.15200439453125,4.975170923548936,7.714670122209191,-3.449915997469425
1759645083871961600,9.161961669921874,4.9694542994678015,7.717713727688789,-3.451348076099157
1759645083881918500,9.17191845703125,4.963348383808135,7.720725768986344,-3.453397702105343
1759645083891875600,9.18187548828125,4.956758484023809,7.723479451608657,-3.4567014198258517
1759645083901832700,9.191832763671876,4.94961328844428,7.725770192894339,-3.461817155404389
1759645083911790600,9.20179052734375,4.9418929233253,7.727693269911408,-3.468549094007909
1759645083921747500,9.21174755859375,4.93402350512445,7.729471385499835,-3.475781675609946
1759645083931704600,9.22170458984375,4.926285604348778,7.731355884072184,-3.4825624217912554
1759645083941661700,9.23166162109375,4.918720137530565,7.733354364413023,-3.4888100840091703
1759645083951619600,9.24161962890625,4.911089204260707,7.7355036514014,-3.4947932500720023
1759645083961576400,9.251576416015626,4.902876963971555,7.737889669755101,-3.5010344825491306
1759645083971533600,9.261533447265625,4.894118780237436,7.740369796133041,-3.507800323422253
1759645083981490700,9.27149072265625,4.885024496416747,7.743072040829062,-3.514504789496958
1759645083991448300,9.2814482421875,4.875753979246318,7.746167668756843,-3.5205534220114347
1759645084001405400,9.291405517578125,4.866364219610393,7.749647327566146,-3.525881923557818
1759645084011362600,9.301362548828125,4.856951955881715,7.753408725926279,-3.530590247379243
1759645084021319700,9.311319580078125,4.847416942556202,7.75739867234528,-3.5349262307569385
1759645084031277300,9.32127734375,4.837697512574493,7.761718289110064,-3.5387580640047784
1759645084041234400,9.331234375,4.828020752690732,7.766615998023748,-3.5412267922058698
1759645084051191600,9.341191650390625,4.818379940903187,7.772073678907751,-3.542382684242725
1759645084061148400,9.3511484375,4.808875030454993,7.7778546003967515,-3.5426097709968682
1759645084071105800,9.361105712890625,4.7999186938002705,7.783650134932994,-3.542026710411906
1759645084081063700,9.371063720703125,4.790758651266992,7.789491846698522,-3.541585980907082
1759645084091020800,9.381020751953125,4.781209901677072,7.795236527830362,-3.541851061584055
1759645084100977700,9.390977783203125,4.771439910551905,7.800804683351516,-3.542767299646139
1759645084110934800,9.400934814453125,4.761675472384691,7.806323739033937,-3.543746666072309
1759645084120892700,9.410892578125,4.751966856057941,7.811942163437604,-3.5443987002402544
1759645084130849800,9.420849853515625,4.741909864684939,7.8178388202607625,-3.5448657332301137
1759645084140806700,9.430806640625,4.731502452439069,7.82403416776955,-3.545101880073547
1759645084150763800,9.440763671875,4.721267766411602,7.830444619333743,-3.544596560899913
1759645084160721700,9.4507216796875,4.711067274914682,7.836687897637486,-3.5443683051019903
1759645084170678500,9.460678466796875,4.7008042395755645,7.842637745952605,-3.544834169048071
1759645084180635600,9.4706357421875,4.69053769710511,7.848238634699583,-3.546038868662715
1759645084190592800,9.4805927734375,4.680370523355901,7.853546677979827,-3.547719076834619
1759645084200551000,9.490551025390625,4.670019225211441,7.858833678472042,-3.549654721072316
1759645084210507500,9.500507568359374,4.659702413858473,7.864277330830693,-3.5511548965021964
1759645084220464600,9.510464599609374,4.64949753844738,7.870070527279377,-3.5516938256844877
1759645084230421800,9.520421875,4.639138933779299,7.876175273895263,-3.55170785420984
1759645084240378600,9.530378662109374,4.6285494429647915,7.882350163137913,-3.5518244663268326
1759645084250336800,9.540336669921874,4.617859706646204,7.888256172311306,-3.5526287684470415
1759645084260293600,9.550293701171874,4.607034653510153,7.893778150603175,-3.5544182822123167
1759645084270250800,9.560250732421874,4.596285588219762,7.8989967620342965,-3.5567394186362624
1759645084280207600,9.57020751953125,4.5859030181542035,7.904037094289064,-3.558942481638491
1759645084290165800,9.580165771484374,4.575637644727528,7.909082102718949,-3.5609462226763364
1759645084300122600,9.59012255859375,4.5654321847945445,7.914181471684574,-3.562714693653583
1759645084310079700,9.600079833984376,4.555515186414122,7.91924343124926,-3.564161093069613
1759645084320036600,9.61003662109375,4.545681774663925,7.924194331654906,-3.5657100760772824
1759645084329994800,9.619994873046876,4.535616892245412,7.929156337976456,-3.5674998821035024
1759645084339951900,9.629951904296876,4.525411140051484,7.934179134574532,-3.569292610739171
1759645084349908700,9.63990869140625,4.515297157794237,7.939178550297021,-3.5709842170879242
1759645084359865600,9.649865478515625,4.505389511764049,7.944105485305189,-3.5725396298363803
1759645084369823700,9.65982373046875,4.495857421047985,7.948962862208485,-3.573741699102521
1759645084379780900,9.66978076171875,4.486760799139738,7.9539412351429455,-3.574097380672395
1759645084389737700,9.67973779296875,4.478174172580242,7.95910080986321,-3.573383094923198
1759645084399694600,9.689694580078125,4.469690714134275,7.96424635605812,-3.5725372917488216
1759645084409651700,9.699651611328125,4.460970232062041,7.969072168779372,-3.572676407958567
1759645084419609900,9.70960986328125,4.452128169436753,7.9736384537816045,-3.5735198730453845
1759645084429566700,9.719566650390625,4.443021318395435,7.978267282626033,-3.574520574520528
1759645084439523600,9.729523681640625,4.433864782993496,7.983119983354211,-3.5750533662229773
1759645084449480700,9.739480712890625,4.424938256955146,7.988160900130867,-3.5748566746070978
1759645084459438800,9.74943896484375,4.416448661029339,7.993572403785586,-3.573258007238805
1759645084469395700,9.759395751953125,4.408465261059999,7.999443341645598,-3.569977085871994
1759645084479352800,9.769352783203125,4.401300483997166,8.005383837610482,-3.5654964333266017
1759645084489309700,9.779309814453125,4.394202634690702,8.011286924174428,-3.560988308252394
1759645084499267800,9.789267822265625,4.386277394649386,8.017036866003274,-3.5578201996102927
1759645084509224700,9.799224609375,4.378146695163846,8.022241448909044,-3.5561022897765038
1759645084519181800,9.809181884765625,4.370133192317187,8.02709765676856,-3.5550025118410584
1759645084529138700,9.819138671875,4.362095139551163,8.031710703521966,-3.554453645786643
1759645084539096800,9.829096923828125,4.3536099275395275,8.036391554814577,-3.554276535654068
1759645084549053700,9.8390537109375,4.344694507417082,8.041314398169517,-3.554048864378035
1759645084559010800,9.8490107421875,4.335525404794514,8.046262375965714,-3.5540494488999244
1759645084568968000,9.858968017578125,4.325913526840508,8.051246009597183,-3.554474980835616
1759645084578925600,9.868925537109375,4.316210463471711,8.056151901817321,-3.5551541952714323
1759645084588882700,9.878882568359375,4.30695982004553,8.061006940633058,-3.5553713451534508
1759645084598839800,9.88883984375,4.298609340329468,8.065880099627375,-3.5544232506483793
1759645084608797000,9.898796875,4.290748982217908,8.070676101732253,-3.553032673072815
1759645084618754600,9.908754638671875,4.283005820745229,8.075258168825506,-3.5519662128850817
1759645084628711700,9.918711669921874,4.274909315790236,8.07972800771594,-3.5515523713871833
1759645084638668800,9.928668701171874,4.266432287085056,8.084192001387477,-3.551589196266234
1759645084648625700,9.938625732421874,4.258220046795905,8.088583514344691,-3.551448034229874
1759645084658583600,9.94858349609375,4.250560764214396,8.092960414254664,-3.5506472392410036
1759645084668540700,9.958540771484374,4.243320291566849,8.097310426157712,-3.5493911017000674
1759645084678497800,9.968497802734374,4.235983957329392,8.101724735468625,-3.548081772667169
1759645084688454700,9.97845458984375,4.228236411942541,8.106103388944268,-3.547319556123018
1759645084698411800,9.988411865234376,4.219813451512158,8.110567382615804,-3.547145953121781
1759645084708369700,9.99836962890625,4.210798662668466,8.115138928315043,-3.547404896318912
1759645084718326800,10.008326904296876,4.202209990282356,8.119648514693974,-3.547270748545229
1759645084728283600,10.01828369140625,4.194756459406018,8.123765302363038,-3.546666352911293
1759645084738240800,10.02824072265625,4.188226180854439,8.127507411500812,-3.545812658691406
1759645084748198700,10.03819873046875,4.1820808099672195,8.131151905483007,-3.544707035537064
1759645084758155800,10.04815576171875,4.175952097953855,8.134942529937625,-3.5432360862016674
1759645084768112600,10.058112548828126,4.169700344082713,8.138728478217125,-3.541905714380741
1759645084778069800,10.06806982421875,4.163144931089878,8.142449544566869,-3.5410616647720334
1759645084788027600,10.078027587890626,4.156394287785887,8.146171195438503,-3.540434180523455
1759645084797984800,10.08798486328125,4.149867808626592,8.149957728239894,-3.5393723965108395
1759645084807941600,10.097941650390625,4.143616931538284,8.153903250995278,-3.537610647535324
1759645084817898800,10.107898681640625,4.137594310247898,8.158045757627487,-3.5351086015865203
1759645084827857000,10.11785693359375,4.131779194228351,8.162370635089278,-3.5319229572877284
1759645084837813500,10.1278134765625,4.126008794133365,8.16665693410635,-3.528760986125469
1759645084847770600,10.1377705078125,4.120345069283247,8.17056972363591,-3.5263206072360274
1759645084857727700,10.147727783203125,4.114872483091056,8.17411601794064,-3.5244930995479224
1759645084867686000,10.157685791015625,4.110196307973563,8.177406876179575,-3.5223131251603363
1759645084877642800,10.167642822265625,4.106393700820207,8.180631098923087,-3.5192616286352276
1759645084887599600,10.177599609375,4.103154572768509,8.183821419396995,-3.5156174269139764
1759645084897556700,10.187556640625,4.100199522355199,8.18689132836163,-3.5119165265694257
1759645084907515000,10.197514892578125,4.097526211492717,8.189712815523148,-3.508454987938702
1759645084917471700,10.2074716796875,4.095083494515717,8.192326212891937,-3.5052070920586584
1759645084927428600,10.2174287109375,4.092659189978241,8.194719830030202,-3.502440549954772
1759645084937385700,10.2273857421875,4.090299182848632,8.196818263614178,-3.5002871713131665
1759645084947344000,10.23734375,4.0879117031902075,8.198591703027486,-3.498924358527362
1759645084957300700,10.24730078125,4.085616285729408,8.200044239923358,-3.4981980900794265
1759645084967257900,10.2572578125,4.083548539544641,8.201260629975796,-3.497760867705941
1759645084977214700,10.267214599609375,4.081540706853568,8.202421490448712,-3.497381805260479
1759645084987171600,10.277171630859375,4.079559177647531,8.203570075961947,-3.4970024505540724
1759645084997129700,10.287129638671875,4.077639315500855,8.204728598347305,-3.496524311648309
1759645085007086800,10.2970869140625,4.0758740593940015,8.205806456711889,-3.496051141178608
1759645085017043700,10.307043701171875,4.074400187449157,8.206835799759626,-3.4953526375204325
1759645085027000600,10.31700048828125,4.073249263848364,8.207808444184064,-3.4944103882342574
1759645085036958700,10.326958740234375,4.072177250702679,8.208747770860791,-3.4934535259008404
1759645085046915800,10.336915771484374,4.070495288965105,8.209721584329008,-3.4931270704254507
1759645085056872700,10.346872802734374,4.068492132449149,8.210546929237246,-3.493521330440044
1759645085066829600,10.35682958984375,4.066118096794188,8.211307976737618,-3.4944925135597584
1759645085076787700,10.36678759765625,4.063266214494407,8.212158456087112,-3.4958111949428914
1759645085086744800,10.376744873046874,4.060704547312856,8.212853452613949,-3.4971558875501154
1759645085096702000,10.386701904296874,4.058457352907955,8.21365483212471,-3.4978818637371063
1759645085106658800,10.396658935546874,4.055974011659622,8.214947210022807,-3.4977301803067324
1759645085116616700,10.40661669921875,4.053154570324719,8.21669434595108,-3.4968940217435356
1759645085126573800,10.41657373046875,4.0502340067029,8.21867002993822,-3.495634669332206
1759645085136531000,10.426531005859376,4.04752036383003,8.220643375837803,-3.4941356629461047
1759645085146487800,10.43648779296875,4.045374583972991,8.222354271408914,-3.492594278723001
1759645085156445700,10.44644580078125,4.0438907751560205,8.223808561870456,-3.4908892283707855
1759645085166402800,10.45640283203125,4.043069229640066,8.22497409851849,-3.4890947461694477
1759645085176359700,10.466359619140626,4.042321918404102,8.22592628467679,-3.4877164435535666
1759645085186316800,10.47631689453125,4.041386391119659,8.226741692712903,-3.4868779469028115
1759645085196274700,10.486274658203126,4.040054557994008,8.227685111042856,-3.4861949330747124
1759645085206231800,10.496231689453126,4.038569872394204,8.228718545743822,-3.485475678889453
1759645085216188700,10.506188720703125,4.03740141313672,8.229837320640682,-3.484187977166474
1759645085226145800,10.516145751953125,4.036244352056086,8.231123268797994,-3.48248847977221
1759645085236103000,10.52610302734375,4.03454953083694,8.23258398900032,-3.4810011638239025
1759645085246060800,10.536060791015625,4.032632591299713,8.234024250936507,-3.4798131230831144
1759645085256017700,10.546017578125,4.030955013476312,8.235370404848457,-3.478571890850365
1759645085265974800,10.555974853515625,4.02985786588937,8.236552892631291,-3.4770430738478897
1759645085275932000,10.565931884765625,4.029119614742696,8.23758048211336,-3.475462818919122
1759645085285889800,10.575889892578125,4.028345123238862,8.238691658225655,-3.4737282502114772
1759645085295846700,10.5858466796875,4.027300290361047,8.240069960841536,-3.4716669337674975
1759645085305803800,10.5958037109375,4.025697823600471,8.241781440934538,-3.4694627017214894
1759645085315761000,10.605760986328125,4.023498559990525,8.243761801096797,-3.4673096153408287
1759645085325718800,10.61571875,4.021257210804522,8.245829839542507,-3.4649934473529456
1759645085335675600,10.625675537109375,4.019649775607884,8.24772836664021,-3.462335041798651
1759645085345632800,10.6356328125,4.019005632485449,8.249420557510852,-3.459051197822392
1759645085355590000,10.64558984375,4.018465241998434,8.251008118963242,-3.455891857008636
1759645085365547800,10.6555478515625,4.016674559189379,8.252911322236061,-3.4534272204607723
1759645085375504600,10.665504638671875,4.01451065915376,8.254654951032995,-3.4517779919490215
1759645085385461800,10.675461669921875,4.013384869994223,8.255767296189068,-3.4504271618619557
1759645085395418600,10.685418701171875,4.013362658162415,8.256337789553404,-3.4490874376907943
1759645085405376800,10.695376708984375,4.013760133047402,8.256488011679053,-3.448263261826336
1759645085415333600,10.705333740234375,4.014119614009559,8.256053127393127,-3.4488881157264113
1759645085425290800,10.715290771484375,4.013945718747377,8.25531721433401,-3.450852109275758
1759645085435247600,10.72524755859375,4.013292515535652,8.254713403221965,-3.4530557567998765
1759645085445205800,10.735205810546875,4.012450219492614,8.254442769587039,-3.4546780973047015
1759645085455163000,10.745162841796875,4.0115953562289475,8.25470346634984,-3.4550478073999282
1759645085465119700,10.75511962890625,4.01093718458116,8.25548555663824,-3.453942476506531
1759645085475076600,10.76507666015625,4.0103965018332,8.256645248067379,-3.451799326997995
1759645085485034800,10.77503466796875,4.010229036311805,8.257717845734954,-3.449427337169647
1759645085494992000,10.784991943359374,4.010565136398375,8.258496428892016,-3.4471710826754567
1759645085504948700,10.79494873046875,4.01137586825937,8.25898976536691,-3.4450437152579423
1759645085514905600,10.804905517578124,4.012420116615295,8.25917856593728,-3.443377243350446
1759645085524863700,10.81486376953125,4.013527785596251,8.259073936519027,-3.4423362098649144
1759645085534820900,10.82482080078125,4.014623764139413,8.25887870620787,-3.441526939308643
1759645085544778000,10.834778076171874,4.015486518448591,8.258769400614499,-3.4407819661602375
1759645085554734600,10.844734619140626,4.01602895476222,8.258944757181405,-3.4397280731931326
1759645085564691700,10.854691650390626,4.016400710684061,8.259374380770325,-3.4382623845547435
1759645085574648800,10.86464892578125,4.016828872968256,8.25982972332239,-3.436666932056844
1759645085584606700,10.874606689453126,4.017577353248,8.260120230701565,-3.435094568173587
1759645085594563800,10.884563720703126,4.018735583372414,8.260211416116356,-3.433521912029385
1759645085604520700,10.894520751953126,4.020233128453791,8.260081067734957,-3.4320819423541424
1759645085614477800,10.904477783203125,4.022442036674916,8.259386655730008,-3.431164827509224
1759645085624435700,10.914435791015626,4.025789885798097,8.2580042614609,-3.4305630622237917
1759645085634392800,10.924392822265625,4.0302898275658485,8.255798860371112,-3.430586735360324
1759645085644349700,10.934349609375,4.034521473786235,8.253652495992183,-3.4307787508010863
1759645085654306600,10.944306640625,4.038525740991533,8.251694347661733,-3.4307781662791967
1759645085664264700,10.9542646484375,4.044051518675685,8.249524017885326,-3.4294869574248787
1759645085674221800,10.964221923828125,4.049892353658378,8.24778448074162,-3.426778867509961
1759645085684179000,10.974178955078125,4.055485059098899,8.246265892872215,-3.423818556399643
1759645085694135600,10.984135498046875,4.06191889153868,8.244863040336966,-3.4195661596521734
1759645085704093700,10.99409375,4.069493126185238,8.243933650532364,-3.412795350342989
1759645085714050800,11.00405078125,4.077771709708869,8.24364197410941,-3.4036066662371156
1759645085724008000,11.014008056640625,4.086533692835271,8.244218312692642,-3.3916800815999504
1759645085733964800,11.02396484375,4.095553742375969,8.245386771950125,-3.377932126754522
1759645085743922700,11.033922607421875,4.104145337371528,8.246400332906841,-3.3650054251641035
1759645085753879800,11.0438798828125,4.110852141533792,8.24610514935255,-3.3575326050654053
1759645085763837000,11.0538369140625,4.1145422282233834,8.244080950048565,-3.3579850250080225
1759645085773793800,11.063793701171875,4.115233133096993,8.240559205663203,-3.365774071449041
1759645085783750700,11.073750732421875,4.114350797304511,8.236022146755456,-3.377933880320191
1759645085793708800,11.083708740234375,4.113416439063847,8.231319083631039,-3.390510453298688
1759645085803666000,11.093666015625,4.113295443032682,8.227614383894204,-3.399640685215592
1759645085813622800,11.103622802734375,4.113898085100948,8.225230119106174,-3.404678094860911
1759645085823580000,11.113579833984375,4.114092438629269,8.224073350286483,-3.407233624562621
1759645085833537800,11.123537841796875,4.114105298110842,8.223712115758657,-3.408091118174791
1759645085843494700,11.13349462890625,4.113638557381928,8.223734327590465,-3.4085996522188187
1759645085853451800,11.14345166015625,4.11309319845885,8.223024133494496,-3.4109716420471665
1759645085863409000,11.153408935546874,4.112064439933002,8.220739237427711,-3.4177141020447013
1759645085873366800,11.16336669921875,4.110921991899609,8.21630330080688,-3.4297333334013818
1759645085883323600,11.17332373046875,4.110291585041582,8.209689435625076,-3.446285239751637
1759645085893280800,11.18328076171875,4.110551112760604,8.201506713691353,-3.4654043662413954
1759645085903238000,11.19323779296875,4.11217959074527,8.19241213760972,-3.484931489010155
1759645085913195800,11.20319580078125,4.114809939248859,8.18327489143014,-3.5032463133797047
1759645085923152600,11.213152587890624,4.118708407992124,8.174351580262183,-3.519461827382445
1759645085933109800,11.22310986328125,4.123175908794999,8.166201007032393,-3.5331244420319794
1759645085943067000,11.23306689453125,4.126875055573881,8.159162778958677,-3.545047811798751
1759645085953024800,11.243024658203124,4.130133180586993,8.152971523103117,-3.5554818197906015
1759645085962981600,11.252981689453126,4.133797548313439,8.148083751061558,-3.5624180487945676
1759645085972938800,11.262938720703126,4.13659214746803,8.145031962275505,-3.5661531436696645
1759645085982895900,11.272895751953126,4.137340043225884,8.143173767188191,-3.5695290498435495
1759645085992852700,11.282852783203126,4.1358059655264015,8.141744026646018,-3.5745611987918613
1759645086002810600,11.292810546875,4.132874880510569,8.140268693396449,-3.5813062891378995
1759645086012767700,11.302767822265626,4.129098284581303,8.138631447583437,-3.589374152520299
1759645086022724900,11.312724853515626,4.125561927148699,8.136402665618062,-3.59848304938823
1759645086032681700,11.322681640625,4.122966357697546,8.133487070432304,-3.6080332602828737
1759645086042639600,11.3326396484375,4.120642298664152,8.130184521755575,-3.6181203545331955
1759645086052596700,11.3425966796875,4.118109273055196,8.12683638037145,-3.6285099388614297
1759645086062553600,11.3525537109375,4.115773815844952,8.123599298146367,-3.6383956653207536
1759645086072510000,11.362510009765625,4.114410710798204,8.120736894452572,-3.646317982752621
1759645086082467800,11.3724677734375,4.113571045103669,8.118311713132261,-3.652658876211941
1759645086092425000,11.382425048828125,4.112505753959715,8.116018049237132,-3.6589518388763067
1759645086102381800,11.3923818359375,4.111991374696791,8.113581177479029,-3.664930036503076
1759645086112338700,11.402338623046875,4.1119036964133375,8.111144890242814,-3.67041548217684
1759645086122295800,11.4122958984375,4.1118724244922396,8.10880621816218,-3.6756162656903264
1759645086132254000,11.42225390625,4.1115363244056695,8.106670375177263,-3.680700729347765
1759645086142211000,11.432211181640625,4.11180666577965,8.104917394030094,-3.684254330176115
1759645086152167700,11.442167724609375,4.112736347845196,8.103836613056064,-3.685594638869166
1759645086162124800,11.452124755859375,4.113541526748239,8.103409327554703,-3.6856355554014444
1759645086172083000,11.4620830078125,4.114382653747499,8.103297099351883,-3.6849431892231106
1759645086182040000,11.4720400390625,4.116019899560511,8.103092516690491,-3.68356430208534
1759645086191997000,11.481996826171875,4.117910827873647,8.102709070330858,-3.682297058628499
1759645086201953800,11.491953857421874,4.119548658208549,8.102105259218812,-3.6817946620643136
1759645086211912000,11.501911865234375,4.121281765611469,8.101313232058287,-3.681594755578041
1759645086221869000,11.511869140625,4.123838464356958,8.100053587386011,-3.681503277902305
1759645086231826000,11.521825927734374,4.127525628437102,8.098478885415195,-3.6808366306871174
1759645086241782800,11.53178271484375,4.13182800180614,8.096968480852246,-3.679330902299285
1759645086251740000,11.541739990234374,4.1364661830008025,8.095704744526744,-3.6768998757600784
1759645086261697800,11.55169775390625,4.1416546915546055,8.094874138921499,-3.672886840726435
1759645086271655000,11.561655029296874,4.147367223982513,8.094870047268271,-3.6664439481973647
1759645086281612000,11.571612060546874,4.153307719947398,8.09554341648519,-3.6582232323408124
1759645086291569000,11.58156884765625,4.158359450379014,8.096545287004112,-3.6502588293328877
1759645086301526800,11.59152685546875,4.1623567033216355,8.097194106301664,-3.644259296657145
1759645086311484000,11.60148388671875,4.165428073590993,8.097401611572504,-3.640286301372945
1759645086321441000,11.61144091796875,4.167948239718378,8.097198197954892,-3.6378541057899594
1759645086331398000,11.62139794921875,4.170036444169282,8.096858006215095,-3.6362162754550575
1759645086341354800,11.631354736328126,4.171782995575666,8.096257117712497,-3.6355502127617596
1759645086351313000,11.64131298828125,4.172351150852442,8.095660320863127,-3.6362288426756857
1759645086361270000,11.65127001953125,4.172359626419842,8.095292072072624,-3.6370392822757363
1759645086371227000,11.661226806640625,4.172922228738665,8.095083982279895,-3.636856034663319
1759645086381183700,11.671183837890625,4.173887858900428,8.094820947429538,-3.6363314262673256
1759645086391140900,11.681140869140625,4.17496454822123,8.094287278944254,-3.6362832032114265
1759645086401099000,11.69109912109375,4.176243482115865,8.093831936392188,-3.6358296142250297
1759645086411055900,11.701055908203125,4.178029196488857,8.09350928030908,-3.6344945662289856
1759645086421013000,11.711012939453125,4.180048719617724,8.092674583050607,-3.6340322094142437
1759645086430969900,11.720969970703125,4.182316664549708,8.090929200688004,-3.635312020091712
1759645086440928000,11.730927978515625,4.185191050942242,8.088184285894036,-3.638110126377642
1759645086450884900,11.740884765625,4.188107815171778,8.08506410804689,-3.6416879848644137
1759645086460842000,11.750842041015625,4.191070756630599,8.081571005234121,-3.64603069024384
1759645086470798800,11.760798828125,4.194186550563574,8.077822466355562,-3.6507469051107764
1759645086480755700,11.770755615234375,4.197097177313268,8.074014306244253,-3.655823769983649
1759645086490713900,11.7807138671875,4.199454261833429,8.070406052619218,-3.661081252120435
1759645086500671000,11.7906708984375,4.200830226361751,8.067279445031286,-3.6663913412272926
1759645086510628000,11.800628173828125,4.201377923372387,8.064280263215302,-3.672357263894379
1759645086520584700,11.810584716796875,4.201069880336523,8.060913417130708,-3.680089027190208
1759645086530541800,11.820541748046875,4.199884762205183,8.05742148336172,-3.6890801428973674
1759645086540500000,11.8305,4.198009323722124,8.054395413538813,-3.6978111463636156
1759645086550457000,11.84045703125,4.195293342761695,8.051840468358993,-3.7064471650227904
1759645086560414000,11.8504140625,4.192481207950413,8.049040023985505,-3.715703361406922
1759645086570370800,11.860370849609374,4.19151616231054,8.045146523678302,-3.7252111944645643
1759645086580329000,11.870328857421875,4.192504881086945,8.040690128791331,-3.733710435001552
1759645086590285800,11.880285888671875,4.1944457860216495,8.036251854082941,-3.7410768721163272
1759645086600243000,11.890242919921874,4.19450073107928,8.031050193786621,-3.7521687594950195
1759645086610199800,11.90019970703125,4.188521948930621,8.024376707372069,-3.773068631921708
1759645086620157000,11.910156982421874,4.177139846433699,8.015387345230579,-3.804661455537379
1759645086630114800,11.92011474609375,4.16453112475127,8.004133545288443,-3.8419916537612675
1759645086640072000,11.930072021484374,4.154912524795532,7.992168382206558,-3.877153568035364
1759645086650029000,11.940029052734374,4.152110911378264,7.981530083814262,-3.9019887340843673
1759645086659985700,11.949985595703126,4.156559999741614,7.974210116189718,-3.912208514803648
1759645086669942800,11.95994287109375,4.164859626053273,7.971350635105371,-3.9092061181172726
