time,seconds_elapsed,z,y,x
1759157690400625000,0.053625,4.117181929077208,7.003088955795764,-5.493264238560199
1759157690410581000,0.0635810546875,4.099490789563954,7.004013669425249,-5.5053012978345155
1759157690420537900,0.073537841796875,4.083112486214936,7.004466673889755,-5.516884768122434
1759157690430494000,0.083493896484375,4.068499438972771,7.004665411332249,-5.527417268052697
1759157690440450000,0.093449951171875,4.055609562261402,7.004636769759655,-5.536919255891442
1759157690450406100,0.10340625,4.044911642636358,7.004772378838062,-5.54456889386177
1759157690460362000,0.113362060546875,4.035618036851287,7.004817387023568,-5.551279789677262
1759157690470318000,0.123318115234375,4.027269895222783,7.004859472599625,-5.557286921137571
1759157690480274000,0.13327392578125,4.019648606564104,7.004587085399031,-5.563142661428452
1759157690490231000,0.14323095703125,4.012246805875003,7.004035881257057,-5.569177265417576
1759157690500187000,0.153186767578125,4.005574488504231,7.0030416095226995,-5.5752276514977215
1759157690510143000,0.16314306640625,3.999975353322923,7.0016247284621,-5.581023186033963
1759157690520098800,0.173098876953125,3.995433910501003,7.000709367182851,-5.585424051341414
1759157690530055200,0.18305517578125,3.9929733656063675,7.000472051295637,-5.587480983871221
1759157690540011000,0.193010986328125,3.992955537688732,7.000972402033209,-5.58686782040894
1759157690549967000,0.202967041015625,3.995204485659301,7.002102867367864,-5.5838411660641425
1759157690559923000,0.2129228515625,3.9983088814154266,7.003319257420301,-5.5800920426636935
1759157690569880000,0.222880126953125,3.999923330874741,7.004033543169498,-5.578038617265224
1759157690579836000,0.2328359375,3.9990252129912376,7.004242802006006,-5.578420310059189
1759157690589792000,0.2427919921875,3.9964720213770866,7.00387981391251,-5.5807046216040845
1759157690599747800,0.252747802734375,3.9935795148059725,7.003117012846469,-5.583731860470771
1759157690609704000,0.262703857421875,3.9904520304352045,7.00121380957365,-5.588353090530633
1759157690619659800,0.27265966796875,3.9876851960703728,6.999260921940207,-5.592773245060443
1759157690629616000,0.2826162109375,3.985822032546997,6.998057975891232,-5.595604669094086
1759157690639572000,0.292572021484375,3.984559173004329,6.997973220217228,-5.596608877700567
1759157690649529000,0.302529052734375,3.9841593600317835,6.998786874687672,-5.595876471772789
1759157690659485000,0.31248486328125,3.9841383172437546,6.999849535483121,-5.594564220130443
1759157690669441000,0.32244091796875,3.9842221961349247,7.000494847649335,-5.593695620602369
1759157690679396900,0.33239697265625,3.9848809523046014,7.00037385161817,-5.59337705617249
1759157690689353000,0.34235302734375,3.9866038305744524,7.000178036785125,-5.592395643919706
1759157690699308800,0.352308837890625,3.989176895932853,7.000021384918689,-5.590755475497246
1759157690709265000,0.362264892578125,3.9916584836155176,6.99959117680788,-5.589522718831897
1759157690719221000,0.372220947265625,3.9924119323313234,6.99856592541337,-5.590267984241247
1759157690729177900,0.382177734375,3.9907346467688676,6.997103451645374,-5.593296976673603
1759157690739134000,0.392134033203125,3.986059932956099,6.995205509069562,-5.599000741273165
1759157690749090000,0.402090087890625,3.9784517960399386,6.992575160565972,-5.607689659163356
1759157690759046100,0.412046142578125,3.967444079813361,6.989226434659957,-5.619651899635792
1759157690769002000,0.422001953125,3.9542236559733746,6.985702936708927,-5.633333803507686
1759157690778958000,0.4319580078125,3.938808352437615,6.982016357150673,-5.6486839328527445
1759157690788914000,0.441913818359375,3.919276553493738,6.977561131307482,-5.667741684544086
1759157690798870000,0.4518701171875,3.895523045201599,6.971689024403691,-5.691295578610896
1759157690808827000,0.461826904296875,3.8677231841281055,6.964519278904795,-5.71896567582488
1759157690818783000,0.471782958984375,3.8368966687098145,6.956201532414555,-5.749769979411363
1759157690828738800,0.48173876953125,3.8045591642066836,6.948016472393274,-5.781072295647859
1759157690838695200,0.491695068359375,3.7683559241861104,6.94185035097897,-5.812108654424548
1759157690848651000,0.501651123046875,3.7239641170129176,6.936741045141219,-5.846717026469111
1759157690858608000,0.511608154296875,3.6872096728503703,6.933525005704164,-5.873763438826799
1759157690868564500,0.521564453125,3.7249773857086894,6.942877940461039,-5.838781557294726
1759157690878520300,0.531520263671875,3.8229926465198396,6.96187957805097,-5.752161258462071
1759157690888477400,0.5414775390625,3.933473421150446,6.996576212900877,-5.634367822730541
1759157690898433300,0.551433349609375,4.016176838800311,7.039895130145549,-5.5209220608145
1759157690908389400,0.561389404296875,4.067166144542396,7.077743507024645,-5.434529140996933
1759157690918345200,0.57134521484375,4.103035330303013,7.1060156617850065,-5.370291354364157
1759157690928301300,0.58130126953125,4.131258677485585,7.126516598021984,-5.321263996344804
1759157690938257200,0.591257080078125,4.149661764660477,7.1415265356272455,-5.286708815792203
1759157690948213200,0.601213134765625,4.157814091455936,7.151303248754143,-5.267050760120153
1759157690958169300,0.61116943359375,4.158613425140083,7.154668341273069,-5.261847346258163
1759157690968126200,0.621126220703125,4.154690698738396,7.153383562159537,-5.266690110114216
1759157690978082300,0.631082275390625,4.147130784878135,7.152043837988376,-5.274463082203269
1759157690988038400,0.641038330078125,4.137150365872681,7.151386835384368,-5.283185317841172
1759157690997994200,0.650994140625,4.127790709114074,7.152061958166956,-5.289588755142688
1759157691007950300,0.660950439453125,4.124363072752953,7.15537561275959,-5.287780244415998
1759157691017906200,0.67090625,4.129152937377989,7.162090600228309,-5.274935375890135
1759157691027862300,0.6808623046875,4.141673980776965,7.171440027853846,-5.252368154773116
1759157691037818000,0.690818115234375,4.158489798760414,7.181658055007457,-5.225047601649165
1759157691047775200,0.700775146484375,4.177753302156925,7.191365210029482,-5.196251715275645
1759157691057731000,0.71073095703125,4.19962932613939,7.201818214982747,-5.164040467500686
1759157691067687200,0.720687255859375,4.219497809691727,7.2126119961977,-5.132684959772229
1759157691077643300,0.730643310546875,4.237105362574756,7.222613750252127,-5.104034619349241
1759157691087599400,0.740599365234375,4.259005936476588,7.234699909365177,-5.068568169170618
1759157691097555200,0.75055517578125,4.288391605436802,7.251886021965742,-5.0189878534436225
1759157691107511300,0.76051123046875,4.324605659112334,7.2735425579786295,-4.956184483528137
1759157691117467100,0.770467041015625,4.36232427213192,7.297379360640049,-4.887614805170894
1759157691127423200,0.78042333984375,4.397734315948188,7.319862995126843,-4.821819267702103
1759157691137380400,0.79038037109375,4.428296627472341,7.337862177675962,-4.766168399889767
1759157691147336200,0.800336181640625,4.448697025944292,7.348106508314609,-4.7312587068110705
1759157691157292300,0.810292236328125,4.458551772743463,7.349673026978969,-4.719535243530571
1759157691167248100,0.820248046875,4.460372266168892,7.34739631421864,-4.721359828609228
1759157691177204500,0.83020458984375,4.4584325302779675,7.345658530640602,-4.725894257168472
1759157691187160300,0.840160400390625,4.456357769830524,7.346331315335631,-4.7268037732288235
1759157691197116400,0.850116455078125,4.455773247940838,7.3493813505560155,-4.722613628062605
1759157691207072300,0.860072265625,4.454727830541134,7.3538231323957435,-4.716680438621342
1759157691217029400,0.870029296875,4.450807734487951,7.358149178901314,-4.713634495054185
1759157691226985200,0.879985107421875,4.44249115704149,7.3614686787128445,-4.716294654174149
1759157691236941300,0.88994140625,4.429568254843354,7.363998489451408,-4.724492281416058
1759157691246897200,0.899897216796875,4.413421422162652,7.366530053755641,-4.735644959071278
1759157691256853200,0.909853271484375,4.3963492913305755,7.3691054572015995,-4.747501985603571
1759157691266809300,0.919809326171875,4.378658151817321,7.371449974501132,-4.76019458617717
1759157691276765400,0.929765380859375,4.3602839984759685,7.373131643977761,-4.7744367542803285
1759157691286721300,0.93972119140625,4.339220167659223,7.374165663200617,-4.791997253151238
1759157691296677400,0.949677490234375,4.313736182312667,7.375305480885506,-4.813205168613791
1759157691306634200,0.95963427734375,4.284783351811766,7.377488670143484,-4.835667760312557
1759157691316590300,0.96959033203125,4.252320175102353,7.380995801481604,-4.858915364909172
1759157691326546200,0.979546142578125,4.2155864814668895,7.385495450988412,-4.8840220413759345
1759157691336502300,0.989502197265625,4.176469984348118,7.391230195248126,-4.908888479346037
1759157691346458000,0.9994580078125,4.135888675373792,7.398212893742323,-4.932670921471715
1759157691356414200,1.009414306640625,4.093117455139756,7.405660871660709,-4.957113288810849
1759157691366370300,1.019370361328125,4.049959281414747,7.4139312718778845,-4.9801446203082795
1759157691376326400,1.029326416015625,4.010786377933621,7.423642518553137,-4.997350606653094
1759157691386282200,1.0392822265625,3.975309114100039,7.435620541116595,-5.007879014930129
1759157691396239400,1.0492392578125,3.940187531836331,7.4490803266704075,-5.015626852577925
1759157691406195200,1.0591953125,3.903687354695797,7.463087809234857,-5.02333903439045
1759157691416151300,1.0691513671875,3.864502468515932,7.47811352893114,-5.031283271393179
1759157691426107100,1.079107177734375,3.815510766331851,7.49631612509787,-5.04157787091434
1759157691436063200,1.089063232421875,3.7566958815306424,7.515261648586392,-5.057515444758534
1759157691446019000,1.09901904296875,3.7087981120631097,7.52994250036776,-5.071012055191398
1759157691455975200,1.10897509765625,3.665745736800134,7.5454925361990925,-5.079197699734569
1759157691465931300,1.11893115234375,3.620684944324195,7.565746804198622,-5.081386734211445
1759157691475887400,1.128887451171875,3.574944060629606,7.588107104566693,-5.080432794487476
1759157691485844500,1.138844482421875,3.523559325829148,7.611513699117302,-5.081317176106571
1759157691495800300,1.14880029296875,3.466858072181046,7.635627565154433,-5.084139832311869
1759157691505756400,1.15875634765625,3.4088106646209955,7.660935024890303,-5.085319982007146
1759157691515712300,1.168712158203125,3.349595674586296,7.688349686038493,-5.0832946136593815
1759157691525668400,1.17866845703125,3.2869641541063785,7.718135167971253,-5.079039878824353
1759157691535624200,1.188624267578125,3.2193399399057028,7.749299537041783,-5.074897956714034
1759157691545580000,1.198580078125,3.146369396241009,7.780414221751689,-5.073056712761521
1759157691555536400,1.208536376953125,3.067183046801388,7.811154812452196,-5.074311096736788
1759157691565492200,1.2184921875,2.981655511641502,7.840828066182136,-5.079522109383344
1759157691575449300,1.228449462890625,2.89308086387068,7.869899262365698,-5.085780585256218
1759157691585405400,1.238405517578125,2.8043071863964197,7.89997758976519,-5.088872706052661
1759157691595361300,1.248361328125,2.717332667298615,7.932303988352418,-5.085768310296535
1759157691605317400,1.2583173828125,2.6326249240890145,7.966468123760819,-5.076914557233453
1759157691615273200,1.268273193359375,2.5504583897948265,8.00136115796566,-5.063968566420674
1759157691625229300,1.278229248046875,2.4737062817648052,8.035178671893476,-5.0484740601688625
1759157691635185200,1.28818505859375,2.4032241939149794,8.06865131790638,-5.0290913143068545
1759157691645141200,1.298141357421875,2.3381487874142826,8.101961466833949,-5.00616110509634
1759157691655097300,1.308097412109375,2.2779237435542043,8.134656114211678,-4.980843708488345
1759157691665053400,1.318053466796875,2.2192311699584124,8.166775007528067,-4.954710903844237
1759157691675010300,1.32801025390625,2.159503846487403,8.198926634070277,-4.927932202512025
1759157691684966400,1.33796630859375,2.0976623073413965,8.230964278843999,-4.901163145790994
1759157691694922200,1.347922119140625,2.0358586159877476,8.262477607482671,-4.87412667030543
1759157691704878300,1.35787841796875,1.9765619390189646,8.29295282524526,-4.846701487763226
1759157691714834200,1.367834228515625,1.9202125675484536,8.323118830928205,-4.817557810865343
1759157691724790300,1.377790283203125,1.866512833803892,8.353059211161732,-4.786745031711459
1759157691734746000,1.38774609375,1.8166808814033866,8.382122808560728,-4.755004908579588
1759157691744702500,1.397702392578125,1.773846971196681,8.409924423199891,-4.721970069462061
1759157691754658300,1.407658203125,1.7394946197398007,8.436471069341897,-4.687270804263651
1759157691764615400,1.417615478515625,1.7122300345867871,8.461140815696119,-4.65271387014538
1759157691774571300,1.4275712890625,1.6899390000626444,8.48374544621408,-4.619582000394165
1759157691784527400,1.43752734375,1.67123166924417,8.505216688787936,-4.586791491426527
1759157691794483200,1.447483154296875,1.655601261653006,8.526587978118657,-4.552656874373555
1759157691804439300,1.457439208984375,1.6429828953593968,8.548231654649973,-4.516496012189984
1759157691814395100,1.46739501953125,1.6352786045923828,8.569173320391773,-4.479456321345269
1759157691824351200,1.477351318359375,1.6307110044158994,8.588887490165233,-4.443220055837929
1759157691834307000,1.48730712890625,1.6283203098870813,8.607266611942649,-4.408391903562843
1759157691844263400,1.497263427734375,1.628461325792968,8.624560276570916,-4.374409846723079
1759157691854219300,1.50721923828125,1.6332031134925782,8.642154969972372,-4.337764415892958
1759157691864175600,1.517175537109375,1.6380743727907539,8.660199160706997,-4.299774876977503
1759157691874131700,1.527131591796875,1.6399785989768803,8.678631473976374,-4.261714610913396
1759157691884087600,1.537087646484375,1.6388494488164782,8.697113471606373,-4.2243101784095165
1759157691894043600,1.547043701171875,1.6332818778172133,8.7162571480155,-4.186842617541552
1759157691903999500,1.55699951171875,1.6236678079061209,8.736668652403354,-4.147856176543235
1759157691913955600,1.56695556640625,1.613128585974127,8.758751304873824,-4.10517672624588
1759157691923911700,1.57691162109375,1.5979069053143262,8.781450043416022,-4.062416904188693
1759157691933867800,1.58686767578125,1.577475381051749,8.804567884153126,-4.02014077399522
1759157691943823600,1.59682373046875,1.5524211654245852,8.82832110018432,-3.9775770590320225
1759157691953779700,1.60677978515625,1.5236992210701108,8.852446656659245,-3.9348333113268015
1759157691963735600,1.616735595703125,1.4912624939762056,8.877133938670157,-3.8914021658793088
1759157691973692700,1.626692626953125,1.4542933841496706,8.902456011453271,-3.847297943475842
1759157691983648500,1.6366484375,1.4128829308748245,8.928187834081053,-3.8028435924604533
1759157691993604600,1.6466044921875,1.3689407671652734,8.95404123726189,-3.7578649253100154
1759157692003560400,1.656560546875,1.3237822134032844,8.97912891676724,-3.713924661296606
1759157692013516500,1.6665166015625,1.2774988933950662,9.003681758743523,-3.6704321410506964
1759157692023472600,1.67647265625,1.2356013872556388,9.028623307776451,-3.623208909843862
1759157692033428700,1.6864287109375,1.197921571876481,9.051710753375291,-3.577973345322907
1759157692043384600,1.696384521484375,1.1633142227452247,9.072406335401535,-3.5367420480072496
1759157692053340700,1.706340576171875,1.1308951774384826,9.091373486199975,-3.4983418824642896
1759157692063296500,1.716296630859375,1.099589865527302,9.109972972729802,-3.459723982517421
1759157692073253600,1.726253662109375,1.068067476799339,9.12888810108006,-3.419505661636591
1759157692083209500,1.73620947265625,1.0355735396254808,9.14820713405609,-3.377615023629367
1759157692093165600,1.74616552734375,1.0025506832066924,9.167860513553023,-3.334007937093079
1759157692103121400,1.756121337890625,0.9698108084477484,9.187478821736574,-3.2893902122095224
1759157692113077800,1.766077880859375,0.9363725761611014,9.20667685868144,-3.2451015731498596
1759157692123033600,1.77603369140625,0.9015284225992858,9.225205618062615,-3.2020652722388503
1759157692132989700,1.78598974609375,0.8651574247963726,9.24293299793303,-3.1607115175873037
1759157692142945500,1.795945556640625,0.8262572738420217,9.260044876253604,-3.12077961243242
1759157692152901600,1.805901611328125,0.7843908934932201,9.276668678796291,-3.0819711583495137
1759157692162857500,1.815857421875,0.7399069510571659,9.292835969743132,-3.0440301347509027
1759157692172813600,1.8258134765625,0.6938192997515201,9.308786403068899,-3.0059073248445984
1759157692182770400,1.8357705078125,0.6476124790456146,9.324326502028107,-2.967816955903172
1759157692192726500,1.8457265625,0.6029178530009464,9.338865314990281,-2.9312904752776023
1759157692202682400,1.855682373046875,0.5602620027748868,9.352061481171846,-2.897484359526634
1759157692212638700,1.865638671875,0.518863787927106,9.363720354783535,-2.867389080992341
1759157692222594600,1.875594482421875,0.4778129617448896,9.373868239310383,-2.841245170432329
1759157692232550700,1.885550537109375,0.4381773726554587,9.38277167673409,-2.8181542177021504
1759157692242506500,1.895506591796875,0.40045828471183775,9.390635249716043,-2.7975013057738543
1759157692252462600,1.905462646484375,0.3652183367654681,9.397487599828839,-2.779251947855949
1759157692262418400,1.91541845703125,0.3326633901193738,9.403478949198126,-2.7630282505467534
1759157692272374500,1.92537451171875,0.30178448692671955,9.40863735487461,-2.7489748830139638
1759157692282330600,1.93533056640625,0.2718553770058788,9.412862279093265,-2.737606809042394
1759157692292287500,1.94528759765625,0.2430232685415074,9.41626361196935,-2.7286045874193308
1759157692302243600,1.95524365234375,0.21540968728773294,9.419129522794485,-2.7210277224242687
1759157692312199700,1.96519970703125,0.18898387278011067,9.4215599648118,-2.7145713858917353
1759157692322155800,1.97515576171875,0.16366010123025626,9.42372620293498,-2.708689926637709
1759157692332111600,1.985111572265625,0.1401150663233362,9.425742218932509,-2.7029890846475957
1759157692342067700,1.995067626953125,0.11891337053901516,9.427740114751458,-2.6970330988526343
1759157692352023600,2.0050234375,0.10011677226820029,9.429773081883788,-2.6906781768679617
1759157692361979400,2.0149794921875,0.08293412113320082,9.431705511251092,-2.6844825370982286
1759157692371935500,2.024935546875,0.06747619316526689,9.43344212578535,-2.678800107547641
1759157692381891600,2.0348916015625,0.054203217154135924,9.43493733277917,-2.6738354708775876
1759157692391847700,2.04484765625,0.04308137302859686,9.436207498845457,-2.669548879599571
1759157692401804800,2.0548046875,0.034007716437405903,9.43739875445664,-2.665468332287669
1759157692411760600,2.0647607421875,0.02741590097391745,9.438745492890476,-2.6607725756868716
1759157692421716700,2.074716796875,0.022727658676006828,9.440356435218453,-2.655095406833291
1759157692431672600,2.084672607421875,0.019730445054825393,9.442204108911753,-2.648537948013842
1759157692441628700,2.094628662109375,0.018503929758950835,9.444230061781406,-2.6413208562418817
1759157692451584500,2.10458447265625,0.019152395146765047,9.44623906351626,-2.6341221769094467
1759157692461540600,2.11454052734375,0.021995693422935437,9.447830716621874,-2.6283868481278416
1759157692471496700,2.12449658203125,0.027046017348754683,9.448803361046314,-2.6248414306059478
1759157692481452800,2.134452880859375,0.03382799650592497,9.44895825934708,-2.624201379136741
1759157692491408600,2.14440869140625,0.041834975996962745,9.44832522214055,-2.626362941084802
1759157692501364700,2.15436474609375,0.05018883041362278,9.44689022090137,-2.6313740472450853
1759157692511321600,2.164321533203125,0.05837004081027116,9.44457551421821,-2.639502116382122
1759157692521277700,2.174277587890625,0.06617543559789192,9.441372334262729,-2.6507538704976437
1759157692531233500,2.184233642578125,0.07313920562933199,9.437459544733166,-2.6644702611610294
1759157692541189600,2.194189697265625,0.07894646713598631,9.432941775047778,-2.6802555670529604
1759157692551145500,2.2041455078125,0.0834728219866287,9.428059263703226,-2.6972417731672524
1759157692561101600,2.2141015625,0.08755592658179812,9.422985613700748,-2.7147894125565886
1759157692571057700,2.2240576171875,0.09179872438386082,9.417819024717808,-2.732516792427003
1759157692581013800,2.234013671875,0.09692176648601888,9.412582877629994,-2.7503248363181947
1759157692590969600,2.243969482421875,0.10257636731476523,9.407374787592888,-2.7678803667530416
1759157692600925700,2.25392578125,0.10795775895901023,9.402087787100673,-2.7855858270525933
1759157692610881500,2.263881591796875,0.11393128041066229,9.396337845271825,-2.8046827417105433
1759157692620838700,2.273838623046875,0.12161250082934275,9.390169385769962,-2.824949284669757
1759157692630794500,2.28379443359375,0.13170108378385192,9.38400034174621,-2.8449218131184577
1759157692640750600,2.29375048828125,0.14487198765999637,9.378017175683379,-2.863942739930749
1759157692650706400,2.30370654296875,0.16028152817524968,9.372520916354656,-2.881068939037621
1759157692660662500,2.31366259765625,0.17664467048775404,9.367679321542381,-2.895814965009689
1759157692670618600,2.32361865234375,0.19393616142524406,9.363126480543613,-2.909403929901123
1759157692680574700,2.33357470703125,0.21277396848928182,9.358719770017265,-2.9222414919033644
1759157692690530600,2.343530517578125,0.23231148478789254,9.354521149283647,-2.9341642771482466
1759157692700486700,2.353486572265625,0.2502456392767839,9.350537048083543,-2.9453672236859796
1759157692710442500,2.3634423828125,0.2651733784913085,9.34681364364624,-2.9558655290856954
1759157692720398600,2.373398681640625,0.27861139060473067,9.343543828195333,-2.9649519218608735
1759157692730354400,2.3833544921875,0.29187282230854034,9.341027461460232,-2.9715993970513344
1759157692740311600,2.3933115234375,0.30646146576181055,9.339424702438711,-2.975163519273698
1759157692750267400,2.403267333984375,0.3226736187636852,9.338741396349668,-2.9755975267767902
1759157692760223700,2.4132236328125,0.3395319607146084,9.338373732081054,-2.974874473199248
1759157692770179600,2.4231796875,0.35581991889905185,9.337664122506975,-2.9751950834557412
1759157692780135700,2.4331357421875,0.3710125561274588,9.336336673295497,-2.977503068137169
1759157692790091500,2.443091552734375,0.3860386411499232,9.334438730719684,-2.9815447447434065
1759157692800047600,2.453047607421875,0.4011761871902272,9.332257879549264,-2.986370265203714
1759157692810003500,2.46300341796875,0.41720534830801187,9.329906347987055,-2.9915149346157905
1759157692819959600,2.47295947265625,0.4349774441029876,9.327259048348665,-2.9972350658282636
1759157692829915600,2.48291552734375,0.45512094520442187,9.324112567016481,-3.004028086969256
1759157692839871700,2.492871826171875,0.47781329053845256,9.320331879433988,-3.0122210380360483
1759157692849827600,2.50282763671875,0.5019278141627088,9.315779622957109,-3.022371552911401
1759157692859784200,2.5127841796875,0.5265240203566849,9.310154768812655,-3.0354870550721884
1759157692869740300,2.522740234375,0.5517275813266634,9.303326968619228,-3.0518966303423047
1759157692879696100,2.532696044921875,0.5783708562435582,9.295586145234108,-3.070495240089297
1759157692889652200,2.54265234375,0.606798639957048,9.287307561710476,-3.0900001510262487
1759157692899608000,2.552608154296875,0.6367628029249608,9.278634425911306,-3.1099598199933767
1759157692909564200,2.562564208984375,0.667588660756126,9.26969241004288,-3.130099229441583
1759157692919520300,2.572520263671875,0.6987151089690625,9.26063290527463,-3.1500615287572145
1759157692929476400,2.582476318359375,0.7288448742948472,9.251818899700044,-3.1690690115660427
1759157692939432200,2.59243212890625,0.7578066187545657,9.243442701020836,-3.1866733495786783
1759157692949388300,2.60238818359375,0.7848449208710342,9.235393834599853,-3.2034228243276477
1759157692959344000,2.61234423828125,0.8110773864973336,9.227156752130389,-3.2205791263118386
1759157692969300200,2.62230029296875,0.83570212466605,9.218430424839257,-3.239215437720716
1759157692979257000,2.632257080078125,0.8559811617806553,9.208981628492474,-3.2607252587392925
1759157692989213200,2.642213134765625,0.868898803281784,9.198568371027708,-3.2866017505347727
1759157692999169000,2.6521689453125,0.8699907632369548,9.188397690147161,-3.3146438959315416
1759157693009125000,2.662125,0.8604895060505717,9.179937320315837,-3.340463981364667
1759157693019081200,2.672081298828125,0.844502247845754,9.174572578412294,-3.3592291798502205
1759157693029037300,2.682037353515625,0.8257298159018158,9.172997876441478,-3.3681884391143915
1759157693038993200,2.6919931640625,0.8059646465934812,9.1753827257514,-3.3664781280651686
1759157693048949200,2.70194921875,0.7860514471165836,9.181541832903028,-3.3543712184250354
1759157693058905000,2.711905029296875,0.7683803274780512,9.19015008677244,-3.3348329897403715
1759157693068861200,2.721861083984375,0.7549124316830188,9.198080295249818,-3.315993849235773
1759157693078817000,2.731817138671875,0.7465735693395137,9.203813285943864,-3.301948665009439
1759157693088773400,2.7417734375,0.7433068226285279,9.206724789476395,-3.2945524172782896
1759157693098729200,2.751729248046875,0.7444193139150739,9.206464677235484,-3.295032894271612
1759157693108686300,2.761686279296875,0.7491384513914585,9.202979173207282,-3.303686448587477
1759157693118642400,2.771642333984375,0.757077208501473,9.196671597495675,-3.319402780896425
1759157693128598300,2.781598388671875,0.7675090976014732,9.188193107485771,-3.3404210190057753
1759157693138554400,2.791554443359375,0.778243038387969,9.178884596392512,-3.363452642764151
1759157693148510200,2.80151025390625,0.786727081355825,9.170573864164949,-3.3840804202511903
1759157693158466300,2.81146630859375,0.7899064420443028,9.164238231402635,-3.4004683682113885
1759157693168422100,2.821422119140625,0.7861123104583472,9.160176973313092,-3.412264604467153
1759157693178378200,2.831378173828125,0.7756395048260688,9.158193106019496,-3.4199817547157405
1759157693188334300,2.841334228515625,0.7599979913190007,9.158153358530997,-3.4235943922549485
1759157693198290200,2.851290283203125,0.7411505944427103,9.160010384574532,-3.4227632021278143
1759157693208246300,2.861246337890625,0.7214334289945662,9.163550249138474,-3.4174931527704
1759157693218202000,2.8712021484375,0.7035352226018905,9.168266171744465,-3.408564873166382
1759157693228158200,2.881158203125,0.6894848507437854,9.173695211055874,-3.3968057540506122
1759157693238115300,2.891115234375,0.6802624835640192,9.179380270954965,-3.3832825478717683
1759157693248071200,2.9010712890625,0.6762811588428914,9.184697082063556,-3.3696278242677447
1759157693258027300,2.91102734375,0.6785227272246033,9.189036572572588,-3.3573213004022833
1759157693267983000,2.920983154296875,0.6870454947676509,9.192360164037346,-3.3464725741297006
1759157693277939200,2.930939208984375,0.7005225967824459,9.19483210710883,-3.336875893744826
1759157693287895300,2.940895263671875,0.71751917816028,9.196723619943857,-3.328039091816544
1759157693297851400,2.950851318359375,0.7365194275107234,9.198334562271834,-3.319424992728233
1759157693307807200,2.96080712890625,0.75654660875611,9.19985139657557,-3.3107036338731644
1759157693317763300,2.970763427734375,0.7764364273574202,9.201272369289399,-3.3021409727111455
1759157693327719200,2.98071923828125,0.7951752492927014,9.202466547510028,-3.294340528093278
1759157693337675300,2.99067529296875,0.8128826092883944,9.20318901656568,-3.2879937894150615
1759157693347631000,3.000631103515625,0.8297060260564089,9.203267927020788,-3.283572173580527
1759157693357587500,3.01058740234375,0.846959066413343,9.202523830655217,-3.2812475300252437
1759157693367544000,3.0205439453125,0.8635820652384311,9.20100816539526,-3.281168327309191
1759157693377500400,3.03050048828125,0.879703178955987,9.198867061713337,-3.2828888674914833
1759157693387456300,3.040456298828125,0.8956420679744332,9.19641966856122,-3.2854327067553997
1759157693397412400,3.050412353515625,0.9123962188985199,9.19371625482142,-3.288386003603041
1759157693407368200,3.0603681640625,0.9300205767858772,9.190969001939893,-3.2911300416141747
1759157693417324300,3.07032421875,0.9484048861950636,9.188207136011123,-3.2935938013792034
1759157693427280100,3.080280029296875,0.9681639180235564,9.185446439126133,-3.2955408437937495
1759157693437236200,3.090236328125,0.9892579978480934,9.182661776843666,-3.2970372198313473
1759157693447192300,3.1001923828125,1.011206575610116,9.17950243602991,-3.2991774467304347
1759157693457148400,3.1101484375,1.0336575499363243,9.17575565071702,-3.3026445383191105
1759157693467104300,3.120104248046875,1.055790471289307,9.171647046354412,-3.3070497875407336
1759157693477060400,3.130060302734375,1.07729766195938,9.167335028374195,-3.3120644008323548
1759157693487016200,3.14001611328125,1.0983197725262492,9.162787448072432,-3.317739816120267
1759157693496972300,3.14997216796875,1.1191923185545951,9.15783362505734,-3.324436683410406
1759157693506928000,3.15992822265625,1.140860691135749,9.152240335094929,-3.3324642147824166
1759157693516885200,3.16988525390625,1.163706290802732,9.145805333611369,-3.3422143321633335
1759157693526841000,3.179841064453125,1.188213686202094,9.138103673192859,-3.3546371758848426
1759157693536797200,3.189797119140625,1.214443594545126,9.128748984870315,-3.3706782101035118
1759157693546753300,3.199753173828125,1.2420812507942318,9.117620272612571,-3.390667105165124
1759157693556709400,3.20970947265625,1.2706379215843975,9.104806383746862,-3.414435811026394
1759157693566665200,3.219665283203125,1.2973815516032279,9.090742202559113,-3.4417446737125514
1759157693576621300,3.229621337890625,1.3203759120911358,9.076236122822761,-3.471160153289139
1759157693586577200,3.2395771484375,1.338070850996673,9.06230638166964,-3.5006504516676067
1759157693596533200,3.249533203125,1.3478493176892399,9.049841452372073,-3.529031327499449
1759157693606489000,3.259489013671875,1.3472614347986875,9.039940820604562,-3.5545366478949783
1759157693616445200,3.269445068359375,1.3365027248971164,9.03416282172501,-3.573237841233611
1759157693626401300,3.2794013671875,1.319348322609067,9.033240446183084,-3.581934065647423
1759157693636357400,3.289357421875,1.2995252856336532,9.036124477186798,-3.5819089312061667
1759157693646313200,3.299313232421875,1.2801288035072385,9.04065393730998,-3.5774636422351
1759157693656270300,3.309270263671875,1.2639523063406348,9.04555924500823,-3.570809152781963
1759157693666226200,3.31922607421875,1.2522300121039152,9.049930884221196,-3.5638586029917
1759157693676182300,3.329182373046875,1.243464083454758,9.0528494020164,-3.559510929176211
1759157693686138000,3.33913818359375,1.2371737511388956,9.053555504459142,-3.559907235017419
1759157693696094200,3.34909423828125,1.2328873059913514,9.051822397056222,-3.5657951240122316
1759157693706050000,3.359050048828125,1.2288961905285716,9.048348583465813,-3.5759734036773443
1759157693716006400,3.36900634765625,1.2233132027644664,9.04402838217914,-3.5887981061980128
1759157693725962200,3.378962158203125,1.2158332222726196,9.039469695961476,-3.602792144758999
1759157693735918300,3.38891845703125,1.206236468822509,9.035082274657487,-3.61700187189728
1759157693745874200,3.398874267578125,1.1947609158884733,9.03089943601489,-3.631224750778079
1759157693755830300,3.408830322265625,1.181439662022516,9.027042760586738,-3.6451436782762405
1759157693765786000,3.4187861328125,1.167000144716352,9.02360752544105,-3.658278469659388
1759157693775742200,3.4287421875,1.152650278455019,9.020859103515743,-3.6695901372686026
1759157693785698000,3.438697998046875,1.1404737376447767,9.018320524948836,-3.679621117417514
1759157693795654400,3.448654296875,1.133228077365458,9.014987581133841,-3.690010994006693
1759157693805610200,3.4586103515625,1.1322654428783803,9.010268735918402,-3.70181278322041
1759157693815567400,3.4685673828125,1.1369400105606764,9.004107875201106,-3.715347095315158
1759157693825523200,3.478523193359375,1.1452651366397737,8.996763942179083,-3.730549048361182
1759157693835479300,3.488479248046875,1.155465116680041,8.988796324300765,-3.7465760540544983
1759157693845435100,3.49843505859375,1.16610874883458,8.980690174734592,-3.762685477334261
1759157693855391200,3.50839111328125,1.1766270741090177,8.972717296159267,-3.7783959644243117
1759157693865347800,3.518347900390625,1.1874316689789295,8.965148322209716,-3.7929569892182946
1759157693875304000,3.528303955078125,1.199385433883965,8.958173222500085,-3.8056522201403973
1759157693885259800,3.538259765625,1.212077888327092,8.95216083034277,-3.815762695266306
1759157693895215900,3.5482158203125,1.224204817841947,8.947280072563887,-3.8233342995643613
1759157693905172000,3.558171875,1.2346635218836366,8.943257392919064,-3.8293785481646654
1759157693915128000,3.568128173828125,1.2431668540738523,8.939870088568329,-3.83453578479737
1759157693925084000,3.578083984375,1.249700639756769,8.9368112855196,-3.839532570171356
1759157693935040000,3.5880400390625,1.2539299478895962,8.93414352761507,-3.8443624745458362
1759157693944995800,3.597995849609375,1.2574234890937805,8.931693211853503,-3.8489109316304324
1759157693954952000,3.607951904296875,1.2611051002159714,8.929328236287832,-3.853192262211442
1759157693964907800,3.61790771484375,1.2658182463429868,8.926894287139177,-3.8572844999611378
1759157693974865000,3.627864990234375,1.2724598763145505,8.92435220144093,-3.8609772169992325
1759157693984821000,3.637821044921875,1.2799724439017475,8.921860384625196,-3.8642572615832087
1759157693994777000,3.647777099609375,1.2870134484544395,8.91916690775752,-3.8681352720603344
1759157694004733200,3.657733154296875,1.291734631757438,8.916236699524521,-3.8733126746982336
1759157694014689000,3.66768896484375,1.292838062954694,8.913318766251205,-3.8796535681575532
1759157694024645000,3.67764501953125,1.290115067731589,8.91056917528212,-3.886868321841955
1759157694034601000,3.68760107421875,1.2827251036107539,8.908527440321445,-3.8939875061973925
1759157694044556800,3.697556884765625,1.2702194039113819,8.907637213483452,-3.9001182640373706
1759157694054513000,3.707512939453125,1.2538400776490568,8.908248623380064,-3.9040181940853595
1759157694064468700,3.71746875,1.2345450100705027,8.910620028686523,-3.9047561529710886
1759157694074425000,3.727425048828125,1.2137616766955703,8.914570227617025,-3.902257614153623
1759157694084381000,3.737380859375,1.1940464109435678,8.91909150443375,-3.898006386449933
1759157694094337000,3.7473369140625,1.178925633374974,8.923010723704099,-3.893636500802636
1759157694104292900,3.75729296875,1.170851559447497,8.925617691332102,-3.890094882673025
1759157694114249000,3.7672490234375,1.1690992358874528,8.926026856654882,-3.889684548306465
1759157694124204800,3.777204833984375,1.1717905938632787,8.923250962200761,-3.895238675302267
1759157694134161000,3.787160888671875,1.1739007178850471,8.917862839421629,-3.9069253137037157
1759157694144118000,3.797117919921875,1.1704123643126338,8.91222687936127,-3.9208047859743234
1759157694154073900,3.807073974609375,1.159378636861965,8.909393117240072,-3.9305107719525694
1759157694164030000,3.817030029296875,1.1436755293607712,8.910708876013755,-3.932133404718339
1759157694173986000,3.826986083984375,1.1287066544182598,8.914769549581408,-3.927249139808118
1759157694183942100,3.836942138671875,1.1161494437273591,8.919898144641518,-3.9191824454694983
1759157694193898000,3.84689794921875,1.1052685687508434,8.925130784597993,-3.9103462280631063
1759157694203854000,3.85685400390625,1.0951614546258002,8.929578411656617,-3.903030644352734
1759157694213810000,3.866809814453125,1.0863199034571647,8.932623186179995,-3.8985295335412022
1759157694223766000,3.87676611328125,1.0803766310133038,8.934033637499809,-3.89694898635149
1759157694233721900,3.886721923828125,1.0791445319350808,8.933914395034313,-3.8975650724232196
1759157694243678200,3.89667822265625,1.0827938482228665,8.932585776779055,-3.899595116946101
1759157694253634000,3.906634033203125,1.090020292345062,8.930471561104058,-3.9024271255016325
1759157694263590000,3.91658984375,1.0989196381155402,8.928089049881697,-3.905376330696046
1759157694273546000,3.9265458984375,1.107965406619385,8.92599236986339,-3.907614172750711
1759157694283501800,3.936501708984375,1.116017049519345,8.924716943100094,-3.908235227258503
1759157694293458000,3.9464580078125,1.1225986198667437,8.924387272754311,-3.907105054184794
1759157694303413800,3.956413818359375,1.127978559339419,8.924759613198042,-3.904705299566686
1759157694313371000,3.966370849609375,1.1328810905586928,8.9256007401973,-3.9013603730529542
1759157694323327000,3.976326904296875,1.1377302841555326,8.926541820439695,-3.897793620482087
1759157694333283000,3.986282958984375,1.1425406070467083,8.927259613320231,-3.8947450465664266
1759157694343239200,3.9962392578125,1.1468023561444134,8.927883298176527,-3.892059168483317
1759157694353195000,4.006195068359375,1.150916440399736,8.928853604513407,-3.8886186726406216
1759157694363151000,4.016151123046875,1.1556376237027346,8.930443504053354,-3.883561973772943
1759157694373107000,4.02610693359375,1.1605154588721691,8.932662349146604,-3.87700188460499
1759157694383063000,4.03606298828125,1.1655533069089055,8.935098636382818,-3.8698713020727036
1759157694393019000,4.046018798828125,1.1711574835915117,8.937887390318512,-3.8617292044103144
1759157694402975000,4.05597509765625,1.177919232811406,8.940998800337313,-3.85245897950083
1759157694412931000,4.06593115234375,1.1859750404298304,8.944230037343502,-3.842473884320259
1759157694422887200,4.07588720703125,1.1946237724401056,8.947463612437248,-3.8322523500353096
1759157694432843000,4.085843017578125,1.203283683431521,8.950470393037795,-3.822511000482738
1759157694442799000,4.095799072265625,1.2121792298097163,8.953423397624492,-3.8127702354520556
1759157694452755000,4.1057548828125,1.2216587135557084,8.95628346323073,-3.8030148573741314
1759157694462710800,4.115710693359375,1.2319148076973854,8.958652530449628,-3.794114050298929
1759157694472667000,4.1256669921875,1.2435270656883717,8.960466301873327,-3.7860371268272397
1759157694482623000,4.135623046875,1.2562459697470068,8.961552343544364,-3.7792604722991583
1759157694492579000,4.1455791015625,1.2704463445350527,8.961761017858981,-3.7740117579907175
1759157694502535000,4.155534912109375,1.2850528159059584,8.960721737939119,-3.7715351387441154
1759157694512492000,4.165491943359375,1.299360596591234,8.95894771400392,-3.7708492023065685
1759157694522448100,4.1754482421875,1.3138861116804181,8.95709945578873,-3.770208858576417
1759157694532404000,4.185404052734375,1.3285843529880046,8.954761952751875,-3.7706069179832933
1759157694542360000,4.195360107421875,1.3427626620747148,8.952332679778337,-3.7713548137411474
1759157694552316000,4.20531591796875,1.356300189039856,8.949643879085778,-3.772892690832913
1759157694562272000,4.21527197265625,1.3696446776509283,8.946848110887407,-3.774702370603382
1759157694572227800,4.225227783203125,1.3841446199074388,8.944377921381593,-3.775264096139371
1759157694582184200,4.23518408203125,1.4003789847411214,8.941724192002415,-3.7755651249125597
1759157694592140000,4.24514013671875,1.4189827090546487,8.938550822663307,-3.7761329879283902
1759157694602096000,4.25509619140625,1.439126210156083,8.934549770328402,-3.7779803693607446
1759157694612052000,4.265052001953125,1.4586729144081472,8.929753183701633,-3.7818203859150405
1759157694622008000,4.275008056640625,1.4763503176569939,8.924374413272737,-3.787655375678837
1759157694631964000,4.2849638671875,1.491553147485852,8.919162231582403,-3.793970257914066
1759157694641920000,4.294919921875,1.5031132368981837,8.914349862864613,-3.8007109643459316
1759157694651876000,4.3048759765625,1.5091737059809267,8.909701160275935,-3.8091990989670155
1759157694661832000,4.31483203125,1.5108558138489723,8.905725242382287,-3.8178193355351686
1759157694671788000,4.3247880859375,1.510562529990822,8.90271787725985,-3.8249429038047786
1759157694681744000,4.334743896484375,1.510257555694878,8.899990498122573,-3.831408008165657
1759157694691700000,4.344699951171875,1.5115914346471429,8.8969340331614,-3.8379771574229
1759157694701655800,4.35465576171875,1.5136547969177365,8.893345068758725,-3.8454748197019097
1759157694711613000,4.364613037109375,1.5166669843457639,8.88977773166597,-3.852528245344758
1759157694721569000,4.374569091796875,1.51895860241428,8.886804268813133,-3.858480431747436
1759157694731524900,4.38452490234375,1.515658537955582,8.885520658743381,-3.862731074929237
1759157694741481000,4.39448095703125,1.50506451709643,8.887658255293966,-3.861957167947292
1759157694751437000,4.40443701171875,1.489488616171479,8.894115468609332,-3.8531218273237346
1759157694761393200,4.41439306640625,1.470849966675043,8.904157554674148,-3.8370512747496366
1759157694771349000,4.424348876953125,1.450677824001014,8.916255988746881,-3.8165824872165914
1759157694781305000,4.43430517578125,1.431336725323647,8.928854189035295,-3.794367732799053
1759157694791261000,4.444260986328125,1.4156523955881595,8.940565669617056,-3.7726127048477527
1759157694801217000,4.454217041015625,1.4053143953166902,8.950304973343014,-3.7533351729258895
1759157694811172900,4.4641728515625,1.400346982167661,8.957233311301469,-3.738636200965941
1759157694821129000,4.47412890625,1.3996638222090898,8.961040886890888,-3.7297538063302635
1759157694831085000,4.4840849609375,1.4019807208493351,8.962356645664572,-3.7257197285085915
1759157694841041200,4.494041259765625,1.4052170724220574,8.962495177352428,-3.724166946108639
1759157694850997000,4.5039970703125,1.4073700126722455,8.96247121195495,-3.7234108670443296
1759157694860952600,4.51395263671875,1.4077606194250285,8.962675794616342,-3.722770523314178
1759157694870908400,4.523908447265625,1.405344498194009,8.963109509858489,-3.7226422207593917
1759157694880864500,4.533864501953125,1.399212571310252,8.96379690760076,-3.723295716232061
1759157694890820600,4.543820556640625,1.3892609400078653,8.964726881927252,-3.724784201224148
1759157694900776700,4.553776611328125,1.37541361644119,8.96601516817212,-3.726820383226871
1759157694910732500,4.563732666015625,1.3585413920953868,8.967623772412537,-3.7291397660851477
1759157694920688600,4.573688720703125,1.3399164788633584,8.969608224228024,-3.731106682243943
1759157694930645800,4.583645751953125,1.320804658897221,8.971920008301735,-3.7323616507411
1759157694940601600,4.5936015625,1.3021730236634612,8.974394873982668,-3.7329569862857457
1759157694950557700,4.6035576171875,1.2850154065050183,8.976677431961894,-3.7334143746644255
1759157694960513500,4.613513427734375,1.2698428256839513,8.978415215539933,-3.734426182055473
1759157694970469600,4.6234697265625,1.2570787673093378,8.97948079894483,-3.7361838393777607
1759157694980425500,4.633425537109375,1.2464923452347516,8.97985197034478,-3.738837276495993
1759157694990381800,4.6433818359375,1.2381048945091664,8.979678951865434,-3.742037241581082
1759157695000337700,4.653337646484375,1.232059476865083,8.979314210206269,-3.7449051982328294
1759157695010293500,4.66329345703125,1.2273916311845183,8.978789309549331,-3.7476968747779726
1759157695020249600,4.67324951171875,1.2230376737587154,8.978274930286407,-3.750352357722819
1759157695030205400,4.683205322265625,1.2184626209281384,8.977703267878294,-3.7532115465462206
1759157695040161500,4.69316162109375,1.2143484636075794,8.977082505631447,-3.756026603966951
1759157695050117400,4.703117431640625,1.2110818630270659,8.976206307318806,-3.759174254342913
1759157695060073700,4.71307373046875,1.2089787532679737,8.974829758268594,-3.7631355591893194
1759157695070029600,4.723029541015625,1.2075601917069405,8.972910772904752,-3.7681627397015687
1759157695079985700,4.732985595703125,1.206708177987486,8.970444675052166,-3.7743028498917814
1759157695089941500,4.74294140625,1.2068413759130985,8.96756239761412,-3.7811025930345057
1759157695099897600,4.752897705078125,1.2083088181171566,8.964387274709344,-3.788154849633574
1759157695109853400,4.762853515625,1.2109225077468901,8.96085150179863,-3.795680568963289
1759157695119809500,4.7728095703125,1.2135969876531512,8.956791997274756,-3.804397543904185
1759157695129765600,4.782765625,1.2165409321505576,8.952126928073167,-3.8144226788341995
1759157695139721700,4.7927216796875,1.2205511176399886,8.946969691440463,-3.8252266891822218
1759157695149678600,4.8026787109375,1.2259252118937671,8.941369971737265,-3.8365845340207216
1759157695159634700,4.812634765625,1.2322555839590728,8.93537394619286,-3.848507319265604
1759157695169590800,4.8225908203125,1.2378643637515603,8.929249910354613,-3.8609029827192423
1759157695179546600,4.832546630859375,1.2419164156213403,8.923488862609863,-3.872903509375453
1759157695189502700,4.842502685546875,1.245451019488275,8.918360267549753,-3.8835657731652256
1759157695199458600,4.85245849609375,1.2495643000259995,8.913990381902456,-3.892269888624549
1759157695209414400,4.862414306640625,1.2550802869684994,8.910227814498544,-3.899101195949316
1759157695219370500,4.87237060546875,1.2623236822254955,8.906884349289536,-3.904399886879325
1759157695229326600,4.88232666015625,1.271709057947248,8.903653112283349,-3.9087218417316674
1759157695239282700,4.89228271484375,1.2841511908911167,8.900323675599694,-3.9122371563762424
1759157695249238500,4.902238525390625,1.299988957622647,8.89675166233182,-3.915126740337908
1759157695259194600,4.912194580078125,1.3205216041721404,8.892578760561346,-3.9177334157049652
1759157695269150500,4.922150390625,1.345155110169202,8.887205835351347,-3.921542744860053
1759157695279106600,4.9321064453125,1.369667766265571,8.88022722851038,-3.9288624202236533
1759157695289062400,4.9420625,1.388256439140439,8.872159072867035,-3.940546720537543
1759157695299018500,4.9520185546875,1.3958663296222686,8.86485780994296,-3.954266618332267
1759157695308974600,4.961974609375,1.392392808292806,8.860899427706002,-3.9643545893654224
1759157695318930700,4.9719306640625,1.381045046456903,8.862118155846,-3.965601374556124
1759157695328886500,4.981886474609375,1.3660378853306174,8.86763721152842,-3.9584532563671466
1759157695338842600,4.991842529296875,1.3492857802331446,8.875513059470057,-3.9465293020784853
1759157695348798500,5.001798583984375,1.331254156719148,8.884517034658789,-3.932369259300828
1759157695358754600,5.011754638671875,1.313000561017543,8.893260897606611,-3.9187171660453077
1759157695368710400,5.02171044921875,1.2966235728427766,8.899997512385248,-3.9088618347242474
1759157695378667500,5.03166748046875,1.2847012259893118,8.903459635537862,-3.904913973881304
1759157695388623600,5.04162353515625,1.2775259275324642,8.90355666617155,-3.9070454329520463
1759157695398579700,5.051579833984375,1.2731186324842274,8.9009637270689,-3.9143855665817853
1759157695408535600,5.06153564453125,1.2697281132631004,8.896757507550715,-3.9250340941071507
1759157695418491600,5.07149169921875,1.2668619101770222,8.892301112663745,-3.9360421025946732
1759157695428447500,5.081447509765625,1.2647267978444694,8.888649604418873,-3.9449639524579045
1759157695438403600,5.091403564453125,1.263304948347807,8.886108103242517,-3.9511435178756713
1759157695448359400,5.101359375,1.2618756461970508,8.884404806455969,-3.9554280633270738
1759157695458315500,5.1113154296875,1.2602043519839643,8.883073265591264,-3.958950392234325
1759157695468271600,5.121271728515625,1.2579169716991483,8.88205444393754,-3.96196301805377
1759157695478227700,5.131227783203125,1.254341597430408,8.881385166373848,-3.964596289166808
1759157695488183600,5.14118359375,1.2493598634950815,8.881136160048841,-3.9667239488452672
1759157695498139600,5.1511396484375,1.2436387093693018,8.88158741094768,-3.9675127611353993
1759157695508095500,5.161095458984375,1.237967824126035,8.883227579370141,-3.9656154030814763
1759157695518051600,5.171051513671875,1.2322862713582814,8.886275276502966,-3.9605519822120665
1759157695528007400,5.18100732421875,1.2262670110687612,8.890541701775788,-3.952835708746314
1759157695537963500,5.190963623046875,1.2200714443642646,8.895721150240302,-3.9430914365842935
1759157695547919600,5.200919677734375,1.2137673027187585,8.901652293854951,-3.9316362688511606
1759157695557875700,5.210875732421875,1.2076491851646451,8.908194847366213,-3.918678003078699
1759157695567831600,5.22083154296875,1.201182034977153,8.915129615065455,-3.904870719261467
1759157695577787600,5.23078759765625,1.1938525688719004,8.922104714775084,-3.8911622196435927
1759157695587743500,5.240743408203125,1.1856919857047497,8.928897443655133,-3.8780519781798124
1759157695597699600,5.250699462890625,1.177328938768059,8.935554563456773,-3.865246857142448
1759157695607655400,5.260655517578125,1.1693109058767557,8.941936957970261,-3.8529020470932123
1759157695617611500,5.270611572265625,1.162410844164714,8.948065085461735,-3.840743115004897
1759157695627568400,5.280568359375,1.1560907742977142,8.953910304358601,-3.829012345200777
1759157695637524500,5.2905244140625,1.1507533587925136,8.95939604229331,-3.8177725737839934
1759157695647480600,5.30048046875,1.1478979693613947,8.964521714743972,-3.8065842402935024
1759157695657436700,5.310436767578125,1.1489687403980642,8.969357464337348,-3.7948531782284376
1759157695667392500,5.320392578125,1.1543411541514097,8.973703384587168,-3.782927470374107
1759157695677348600,5.3303486328125,1.163335119402781,8.977325082215666,-3.7715591041415926
1759157695687304400,5.340304443359375,1.1750927041485906,8.980315496203303,-3.7607816895395514
1759157695697260500,5.350260498046875,1.1891557162925601,8.982834785547851,-3.7503301458910103
1759157695707216400,5.36021630859375,1.205347191832587,8.984787088659406,-3.7404718919605013
1759157695717172700,5.3701728515625,1.2232303467866033,8.986029782196878,-3.7316707458674907
1759157695727128600,5.380128662109375,1.2424128208361565,8.9865102591902,-3.724168407413363
1759157695737084700,5.390084716796875,1.2621171998679637,8.98639920003116,-3.71780559438318
1759157695747040500,5.40004052734375,1.2817419377923012,8.98582169240415,-3.7124867374479766
1759157695756996600,5.40999658203125,1.3011392967015505,8.985024989068508,-3.7076647241190073
1759157695766952400,5.419952392578125,1.3202277357921004,8.984030132812261,-3.7033246490880845
1759157695776908500,5.429908447265625,1.3380201437227428,8.982710866907238,-3.700138712528348
1759157695786864600,5.43986474609375,1.3536293623954057,8.980631138023734,-3.6995039217561483
1759157695796820700,5.44982080078125,1.3662180642031132,8.977717296403647,-3.7019501458644863
1759157695806776600,5.459776611328125,1.3749024520486592,8.974087415468691,-3.707534667998552
1759157695816732700,5.469732666015625,1.379393918249011,8.970082856002449,-3.7155478785842653
1759157695826688500,5.4796884765625,1.379230690511316,8.966132657071947,-3.7251308227047324
1759157695836644600,5.48964453125,1.3742777442790568,8.96224792459309,-3.7362893455788493
1759157695846600400,5.499600341796875,1.364702398943156,8.958376636117697,-3.749061733390391
1759157695856556500,5.509556640625,1.3512921516194938,8.954626928195356,-3.7628520660728215
1759157695866513000,5.519512939453125,1.335400170482695,8.951367049616575,-3.7762583678737283
1759157695876469000,5.529468994140625,1.3174109248057007,8.949711683624983,-3.7864877932041883
1759157695886424800,5.5394248046875,1.294746673054993,8.950766161113977,-3.791805481095612
1759157695896382000,5.5493818359375,1.2655306615732609,8.955791880321502,-3.7898055394500494
1759157695906337800,5.559337890625,1.231918460959196,8.965670300257205,-3.7775036917597054
1759157695916294000,5.5692939453125,1.1975907324869186,8.979932634365557,-3.7545959866419434
1759157695926249700,5.579249755859375,1.1644157542463391,8.996530717945099,-3.7251769999340176
1759157695936205800,5.589205810546875,1.1345344107236712,9.0127909478724,-3.694972415806353
1759157695946161700,5.59916162109375,1.1100723157707602,9.027221624284982,-3.667068509836495
1759157695956117800,5.60911767578125,1.0910342916931957,9.039342854711412,-3.6428441691622138
1759157695966073900,5.619073974609375,1.077407552074641,9.048688190683722,-3.623650223870575
1759157695976030000,5.629030029296875,1.067850180786848,9.055255294114351,-3.6100440155833957
1759157695985985800,5.63898583984375,1.0608703318368642,9.05950827538371,-3.6014261171028017
1759157695995942000,5.64894189453125,1.0538397756129503,9.062429131266475,-3.596134440435469
1759157696005897700,5.658897705078125,1.044336691795662,9.064930884954332,-3.5926027591779826
1759157696015853800,5.668853759765625,1.0314503952808678,9.06751213361919,-3.5898087445452806
1759157696025809700,5.6788095703125,1.0160633679915219,9.070254125803709,-3.5872654898032543
1759157696035765800,5.688765869140625,0.9992459425728768,9.073115944975614,-3.584754091504216
1759157696045721900,5.698721923828125,0.9810513105168938,9.076079470956325,-3.5822739651262756
1759157696055678000,5.708677978515625,0.9626870940476655,9.078597591257095,-3.580881049463153
1759157696065633800,5.7186337890625,0.9445761947523802,9.080304395174979,-3.5813735091552137
1759157696075590000,5.72858984375,0.926816446982324,9.08121624932289,-3.5837037056684493
1759157696085545700,5.738545654296875,0.9106613579299301,9.081378746408223,-3.5874256488010285
1759157696095501800,5.748501708984375,0.8965989303078502,9.080829295831919,-3.592355506418645
1759157696105457700,5.758457763671875,0.8843000782921909,9.079902828636765,-3.597741583371162
1759157696115414000,5.7684140625,0.8738370634015649,9.078975776919721,-3.602636369675398
1759157696125369900,5.778369873046875,0.8655418940693139,9.078335140928626,-3.606251929824054
1759157696135326000,5.788325927734375,0.8584073660142719,9.078155692708492,-3.6084108614236112
1759157696145281800,5.79828173828125,0.850961287792027,9.078432756084203,-3.609473229958117
1759157696155238000,5.80823779296875,0.8437052522491664,9.078988636401295,-3.609776889079809
1759157696165193700,5.81819384765625,0.8374770984493195,9.079411830249429,-3.6101638425707816
1759157696175150800,5.82815087890625,0.8330535098534076,9.079362730410695,-3.611311259040236
1759157696185106700,5.838106689453125,0.8307912640098482,9.078694621890783,-3.61351461430341
1759157696195062800,5.848062744140625,0.8300663838014006,9.077184801849722,-3.61746832036525
1759157696205019000,5.858018798828125,0.8308002510339021,9.074770726445317,-3.6233529944896694
1759157696214975000,5.86797509765625,0.8331243100672959,9.07167042234242,-3.6305773927852507
1759157696224930800,5.877930908203125,0.8365997310929,9.068146339869498,-3.638572190931439
1759157696234887000,5.887886962890625,0.840876458564028,9.064342855933308,-3.647054772594571
1759157696244842800,5.8978427734375,0.846348094908148,9.060285104975105,-3.655862932950258
1759157696254798800,5.907798828125,0.8534727591563016,9.05590820506513,-3.665038757574558
1759157696264754700,5.917754638671875,0.8623775117542594,9.051126231485604,-3.674753511381149
1759157696274710800,5.927710693359375,0.872945009932667,9.045735770618915,-3.685514559370279
1759157696284667000,5.9376669921875,0.8853708493288606,9.039504767274856,-3.6978190374091264
1759157696294623000,5.947623046875,0.8993461831893771,9.03267229090631,-3.7111169103994963
1759157696304578800,5.957578857421875,0.9145236593812703,9.025262891432643,-3.7254061325147747
1759157696314535000,5.967534912109375,0.9303370223239064,9.017456017073988,-3.740368723846972
1759157696324490800,5.97749072265625,0.9467819611683488,9.009552112081646,-3.755260003508627
1759157696334446800,5.98744677734375,0.9634053983848542,9.00199132143855,-3.7691374299526212
1759157696344402700,5.997402587890625,0.9798141699373721,8.995198592558502,-3.7811049311220644
1759157696354358800,6.00735888671875,0.9964444022208452,8.989431699594855,-3.7904628343150017
1759157696364315000,6.01731494140625,1.0138985911730676,8.984166326412558,-3.7983077025964853
1759157696374271000,6.02727099609375,1.0334970256123692,8.978608692285418,-3.8061642613157627
1759157696384226800,6.037226806640625,1.0562740900877863,8.972350800934434,-3.8146576566338535
1759157696394183000,6.047182861328125,1.0827305006630719,8.965172872129083,-3.8240997309789058
1759157696404138800,6.057138671875,1.1108050870247184,8.956387508127094,-3.836613175593316
1759157696414094800,6.0670947265625,1.1352685702171177,8.945811169055103,-3.854088334268331
1759157696424050700,6.07705078125,1.150019126233831,8.935234245461224,-3.8741988098829983
1759157696434007000,6.087007080078125,1.1526858612250537,8.927902002876996,-3.890281345155835
1759157696443963000,6.096962890625,1.1471032387871294,8.925777265807985,-3.896795549355447
1759157696453919000,6.1069189453125,1.139655918455869,8.927495175641775,-3.895044321773946
1759157696463874800,6.116874755859375,1.1311998594734818,8.931574553909897,-3.8881551467821
1759157696473831000,6.126830810546875,1.1199815692361443,8.937271888768672,-3.8782957238078115
1759157696483786800,6.136786865234375,1.1058253258507698,8.943614535793662,-3.8677243531718846
1759157696493742800,6.146742919921875,1.0902273592244833,8.948900951763987,-3.8599180633351207
1759157696503699000,6.156698974609375,1.0759321457598359,8.951437192243336,-3.8580449629396196
1759157696513655000,6.166655029296875,1.0658520657721906,8.950596065244078,-3.862793326510489
1759157696523612000,6.17661181640625,1.0604323788110166,8.946799011048673,-3.8730695135921236
1759157696533568000,6.186568115234375,1.0575170028209686,8.940968405199051,-3.8873020370841025
1759157696543523800,6.19652392578125,1.0547172890998422,8.934299594959617,-3.9033670367002484
1759157696553480000,6.20647998046875,1.0502790874566883,8.928705135953425,-3.9173341872543093
1759157696563435800,6.216435791015625,1.0430212983481586,8.925563330796361,-3.9264264252483843
1759157696573392000,6.226391845703125,1.0335933255936949,8.924716358578205,-3.9308433649078007
1759157696583347700,6.23634765625,1.0225476885095237,8.925511892870068,-3.931921223272383
1759157696593303800,6.2463037109375,1.011056791875884,8.927271303758024,-3.930899771270156
1759157696603260000,6.256260009765625,1.0000275944698602,8.92957490452528,-3.928489495258033
1759157696613216000,6.266216064453125,0.989930198021233,8.932136863967775,-3.9252226024165746
1759157696623171800,6.276171875,0.9811405962355434,8.934848461014031,-3.921253406524658
1759157696633128000,6.2861279296875,0.9746922238137572,8.9377237241894,-3.9163068900331854
1759157696643083800,6.296083740234375,0.9713942051816731,8.940875466218591,-3.9099265413463113
1759157696653039900,6.306039794921875,0.9702076257456094,8.944248742043971,-3.9024966836065054
1759157696662995700,6.31599560546875,0.9695758306480944,8.947977991700172,-3.8940997344002124
1759157696672952000,6.3259521484375,0.9693287970844656,8.952250846713781,-3.8843271129265426
1759157696682908000,6.335907958984375,0.9701285691600292,8.957244417217373,-3.8725963431224226
1759157696692864000,6.345864013671875,0.9730117233809084,8.962981499564647,-3.858576293337345
1759157696702819800,6.35581982421875,0.9770778768412768,8.968524520644545,-3.8446453831404446
1759157696712776000,6.36577587890625,0.9814029734987765,8.97407338694334,-3.830567757949233
1759157696722731800,6.375731689453125,0.9859094180725514,8.978951806634663,-3.8179590362668034
1759157696732688000,6.38568798828125,0.9901724823445082,8.983200111728905,-3.8068449370563027
1759157696742643700,6.395643798828125,0.9949543828587979,8.987119915521145,-3.7963331876531243
1759157696752600000,6.40560009765625,1.0001739441379904,8.991050825229287,-3.7856384828984737
1759157696762556000,6.415555908203125,1.0058549854490906,8.994748510703444,-3.7753339465051887
1759157696772512000,6.425511962890625,1.011917719554156,8.997932985958457,-3.766112529173493
1759157696782467800,6.4354677734375,1.0192713702525944,9.000794220608473,-3.757280403420329
1759157696792424000,6.445423828125,1.028657111300528,9.003253304198383,-3.748826755590737
1759157696802379800,6.4553798828125,1.0387552384015173,9.005093963629006,-3.741610540601611
1759157696812335900,6.4653359375,1.0488584800690413,9.006142595899105,-3.736265380181372
1759157696822292000,6.4752919921875,1.059499481875077,9.00663534785211,-3.7320705588400362
1759157696832247800,6.485247802734375,1.071387999524176,9.006794922327995,-3.728288117691874
1759157696842204000,6.495203857421875,1.0838695876955986,9.006520781561731,-3.725341835106909
1759157696852159700,6.50515966796875,1.0961766960829495,9.00583630642891,-3.723394792692363
1759157696862115800,6.51511572265625,1.1079239786304533,9.00475026475787,-3.7225466514304277
1759157696872072000,6.525072021484375,1.118964281952381,9.003238106629253,-3.7229035020440815
1759157696882027800,6.53502783203125,1.128880038223788,9.001254239335656,-3.7247070443347092
1759157696891984000,6.54498388671875,1.1371385288074611,8.998981033706665,-3.727686352406442
1759157696901940000,6.55493994140625,1.1427413903158157,8.996553514298796,-3.7318311971262097
1759157696911896800,6.564896728515625,1.1445532620433718,8.993968173980713,-3.737501936239004
1759157696921853200,6.574853271484375,1.1419019438169895,8.991289310160278,-3.7447494231492278
1759157696931809000,6.58480908203125,1.134882639639452,8.989092092376946,-3.7521523928821083
1759157696941765000,6.59476513671875,1.1244901327017693,8.987919541466235,-3.758084413279593
1759157696951721000,6.604720947265625,1.1129437064886092,8.987449585866928,-3.7626425149753686
1759157696961677000,6.614677001953125,1.101677996912971,8.987125176218152,-3.766730076549947
1759157696971633000,6.6246328125,1.0906811674065888,8.986444792738556,-3.7715517976179718
1759157696981589000,6.634589111328125,1.07971261414662,8.985252952605485,-3.7775451928138732
1759157696991545000,6.644545166015625,1.0700529515281318,8.984035393509268,-3.7831852445274587
1759157697001501200,6.654501220703125,1.0620403254643083,8.983235767564176,-3.787342071945965
1759157697011457000,6.66445703125,1.0523174614164978,8.983251549655199,-3.790011291155219
1759157697021413000,6.6744130859375,1.0392108001492917,8.984994593930244,-3.7894974964141843
1759157697031369000,6.684368896484375,1.0246463412892073,8.989009674790502,-3.783936647416651
1759157697041325000,6.694324951171875,1.010855131823942,8.99458835170567,-3.774376499649882
1759157697051281000,6.704281005859375,0.9999651236928999,9.00104030432403,-3.761877375821769
1759157697061236700,6.71423681640625,0.992871219909191,9.007539018693565,-3.748173552379012
1759157697071193000,6.724193115234375,0.9895786081045865,9.013217648851871,-3.735375445604324
1759157697081149000,6.73414892578125,0.9904133053630589,9.017181291785835,-3.7255721367314454
1759157697091105000,6.74410498046875,0.9953718045532702,9.018769437760113,-3.720405840009451
1759157697101060900,6.754060791015625,1.0027416757341474,9.018004883128404,-3.7202795832812785
1759157697111017000,6.764016845703125,1.0094531560715287,9.015797728472947,-3.723812433582544
1759157697120972800,6.773972900390625,1.0133367195066063,9.013398850637675,-3.728559043587744
1759157697130929000,6.783928955078125,1.0132470684617758,9.012057957422734,-3.7318259364292024
1759157697140885000,6.793885009765625,1.009335374910757,9.012111148914695,-3.7327576643213627
1759157697150841000,6.803841064453125,1.002401849320531,9.013614539214968,-3.7309962076067924
1759157697160797000,6.813796875,0.9923439811646938,9.0165032463938,-3.7267011407613753
1759157697170753000,6.8237529296875,0.9785491915028541,9.020480333331227,-3.7207197282642124
1759157697180708900,6.833708984375,0.9614050183478742,9.025269321173429,-3.7135689797267317
1759157697190665000,6.8436650390625,0.9423037197757512,9.030790130421519,-3.7050317452669144
1759157697200620800,6.853620849609375,0.9228499545041471,9.036957420879602,-3.694876554216444
1759157697210577000,6.863576904296875,0.9044340078476816,9.043536214748025,-3.6833155880212782
1759157697220533000,6.873532958984375,0.886936125884205,9.05042772782743,-3.670627955883741
1759157697230489000,6.883489013671875,0.8700609789289534,9.057355481263995,-3.6575516166895627
1759157697240445000,6.89344482421875,0.8538867467846721,9.06416983745396,-3.644462125752866
1759157697250401000,6.903401123046875,0.8390943243876099,9.070622374594212,-3.6318189172789452
1759157697260356900,6.91335693359375,0.8254365320436656,9.076829412540793,-3.619422377042472
1759157697270313000,6.92331298828125,0.8120392172668128,9.082911362802982,-3.6071748898878693
1759157697280268800,6.933268798828125,0.7986752933029085,9.08889978956282,-3.595053951722383
1759157697290225200,6.94322509765625,0.7853393533244729,9.094790016645193,-3.5830753446370363
1759157697300181000,6.953180908203125,0.772713461311534,9.100528852558135,-3.5712314698472616
1759157697310137000,6.96313720703125,0.7618415733590722,9.105838064882159,-3.56001654061079
1759157697320093000,6.973093017578125,0.7530841202773153,9.110440005719662,-3.550088728575408
1759157697330049000,6.983049072265625,0.746454765265435,9.114127754321693,-3.5420150199741123
1759157697340004900,6.9930048828125,0.7420972276430576,9.11687792981267,-3.5358506521254776
1759157697349961000,7.0029609375,0.740264678453654,9.118689363148809,-3.5315593846723434
1759157697359916800,7.012916748046875,0.7405755710337311,9.119631612434983,-3.5290602613329884
1759157697369873200,7.022873046875,0.7427897399518638,9.119696494364739,-3.5284263473436233
1759157697379829000,7.0328291015625,0.7462708600658923,9.11907573211789,-3.5292937778279185
1759157697389786000,7.0427861328125,0.7505882118083537,9.117645407053828,-3.5320740561962127
1759157697399742000,7.052741943359375,0.7554508494086564,9.115369278815388,-3.5369083444848655
1759157697409698000,7.062697998046875,0.7611646970108151,9.112211691567301,-3.5438127170458436
1759157697419654000,7.07265380859375,0.7683652029741554,9.108107178857923,-3.552801202404499
1759157697429610000,7.08260986328125,0.7772948708176612,9.102933575612306,-3.564097380183637
1759157697439565800,7.09256591796875,0.7881766956422478,9.09666107121408,-3.5776959896862506
1759157697449522000,7.10252197265625,0.8012498199660331,9.089248164609074,-3.5935970309123393
1759157697459478000,7.11247802734375,0.8165159973546862,9.080995884570479,-3.6109824654772877
1759157697469434000,7.12243408203125,0.8336416850049048,9.07230287502706,-3.6288755573034286
1759157697479390000,7.132389892578125,0.8516257430501282,9.063415219694376,-3.6468694791555403
1759157697489346000,7.142345947265625,0.8698924904942512,9.05430486152172,-3.6651404643833634
1759157697499302000,7.152302001953125,0.8891944262050092,9.044573156580329,-3.684484631800651
1759157697509258000,7.162258056640625,0.911045023485273,9.034109630233049,-3.704759650327265
1759157697519213800,7.1722138671875,0.9368700042892247,9.022636050060392,-3.726216572114825
1759157697529170000,7.182169921875,0.9688147831477224,9.010414866390823,-3.747556589524448
1759157697539126000,7.1921259765625,1.0068394664417952,8.998128800791502,-3.7670056786209343
1759157697549082000,7.20208203125,1.0494979470163583,8.98553995285332,-3.7853716486558318
1759157697559038000,7.212037841796875,1.0936560915641487,8.97229936300814,-3.804227740295231
1759157697568994000,7.221994140625,1.134460541769862,8.958615705570578,-3.824474409510195
1759157697578950000,7.231949951171875,1.1667733502231539,8.946391599291562,-3.8433208565384147
1759157697588906000,7.241906005859375,1.1909576511479913,8.938138150209188,-3.855089035743475
1759157697598861800,7.25186181640625,1.211143530086428,8.93531666304767,-3.8553412569388743
1759157697608818200,7.261818115234375,1.2285394860453902,8.936738804805278,-3.846529297190904
1759157697618774000,7.27177392578125,1.2412927307650445,8.940977173027395,-3.8325583472445603
1759157697628730000,7.281730224609375,1.2487924388706684,8.946944556999206,-3.8161616314560174
1759157697638686000,7.29168603515625,1.2523073151238262,8.954115471541881,-3.798149589425325
1759157697648642000,7.30164208984375,1.2546094545863569,8.961532469800114,-3.7798496703639626
1759157697658598000,7.311597900390625,1.2579755700185895,8.968073269745707,-3.763184659028053
1759157697668554000,7.321553955078125,1.2633601856663823,8.972762304344773,-3.7501808005481956
1759157697678509800,7.331509765625,1.2703490216404199,8.974878858107328,-3.742745974372327
1759157697688466200,7.341466064453125,1.277815265867859,8.97418678418994,-3.7418645153626797
1759157697698422000,7.351422119140625,1.2848147693663834,8.971019260069728,-3.7470594536572692
1759157697708378000,7.361378173828125,1.29119950196743,8.96562412302792,-3.7577602958917615
1759157697718334000,7.371333984375,1.2971959659032524,8.958357931417225,-3.7729952744245527
1759157697728290000,7.3812900390625,1.3029811251759529,8.951329055693746,-3.787655375678837
1759157697738246000,7.391245849609375,1.3052243740580975,8.946104599043727,-3.799207281784713
1759157697748202000,7.401201904296875,1.3017061368040739,8.942782176622748,-3.8082255777597425
1759157697758158000,7.411157958984375,1.292941669459641,8.940900600659846,-3.815626793926954
1759157697768114200,7.4211142578125,1.2799049316234885,8.940375115481018,-3.82124814094007
1759157697778070000,7.431070068359375,1.2634222911171615,8.941198706823586,-3.8248037875950334
1759157697788025900,7.44102587890625,1.2446135457508265,8.94333805693984,-3.8259672784164547
1759157697797982000,7.45098193359375,1.2249039060220122,8.946747573122382,-3.8243577973932026
1759157697807937800,7.460937744140625,1.2063229780621827,8.951329055693746,-3.81954162928313
1759157697817894000,7.470893798828125,1.1902475301172584,8.956938712269068,-3.81141998988688
1759157697827851000,7.48085107421875,1.1775560255222022,8.963157440653443,-3.8007311303511258
1759157697837806800,7.490806884765625,1.1679052037972957,8.969649140760302,-3.788373460820317
1759157697847763000,7.500762939453125,1.1604700853604824,8.976244885763526,-3.775012459465861
1759157697857719000,7.510718994140625,1.1549174927346408,8.983055150300263,-3.7604865059852597
1759157697867674000,7.520674072265625,1.1512970372151583,8.990179303091764,-3.7445360726594923
1759157697877630200,7.530630126953125,1.1495635644860565,8.99751505280733,-3.7274127961620684
1759157697887586000,7.5405859375,1.1493320938177407,9.004709348225592,-3.710073246565461
1759157697897542100,7.550542236328125,1.1497661743860692,9.011329058626293,-3.6938320135995744
1759157697907498200,7.560498291015625,1.1510232617750764,9.016828240564465,-3.6799937501221893
1759157697917454300,7.570454345703125,1.1532008250098675,9.02121916899979,-3.6685344907358286
1759157697927410200,7.58041015625,1.1566058842130005,9.024468526184558,-3.6594556967452165
1759157697937366300,7.5903662109375,1.161384935183078,9.026707245022058,-3.652414546062052
1759157697947322000,7.600322021484375,1.1669622238587587,9.028151598611473,-3.647065878510475
1759157697957278200,7.6102783203125,1.172564281649515,9.028983957782387,-3.6432039423853158
1759157697967234000,7.620234130859375,1.1778634840361772,9.029276218727231,-3.6407685319319367
1759157697977190100,7.630190185546875,1.182671030448377,9.029114890685676,-3.639608255980909
1759157697987146200,7.640146240234375,1.1866690871085972,9.028701633709668,-3.6393326539099213
1759157697997102300,7.650102294921875,1.190171469206363,9.028193684187531,-3.6394492660269138
1759157698007058200,7.66005810546875,1.1929472905952483,9.027873950713872,-3.6393344074755904
1759157698017014000,7.670013916015625,1.195056099442765,9.027643649089336,-3.6392154572710393
1759157698026970000,7.67997021484375,1.1968978548519313,9.027513300707936,-3.6389310873717067
1759157698036926000,7.689926025390625,1.1985757980015128,9.02752557566762,-3.6383494880914684
1759157698046882000,7.699882080078125,1.2005969285655766,9.027810822349787,-3.6369732313022016
1759157698056838100,7.709838134765625,1.2032966159783303,9.028390668064356,-3.634639235396683
1759157698066794200,7.719794189453125,1.207407558428496,9.029104953813553,-3.6315053212851285
1759157698076750000,7.72975,1.213966405487433,9.029671940046548,-3.6279040819227695
1759157698086706200,7.7397060546875,1.2231309050001202,9.029951341509818,-3.624129824081063
1759157698096662000,7.749662109375,1.2346990315884352,9.03004194240272,-3.619976503793895
1759157698106618000,7.7596181640625,1.2488241491831837,9.02968713761568,-3.6160198751226065
1759157698116574000,7.769573974609375,1.2653786858819425,9.028452042862773,-3.6133415958240627
1759157698126530000,7.779530029296875,1.2838725200802088,9.02610694104135,-3.6126775789573786
1759157698136486100,7.789486083984375,1.3026469247855246,9.022647155976294,-3.614601825018227
1759157698146442200,7.799442138671875,1.3202400107517838,9.018398850882052,-3.6188173968866466
1759157698156398000,7.809398193359375,1.3362566411815584,9.013839580142497,-3.6242943669930097
1759157698166354200,7.819354248046875,1.3499766851067543,9.010259383568167,-3.628105741974711
1759157698176311300,7.829311279296875,1.3590898197583854,9.008840748941898,-3.628231414180994
1759157698186267100,7.83926708984375,1.36019076673761,9.010793636575341,-3.6229660409986972
1759157698196223200,7.84922314453125,1.353116590567678,9.016832916739583,-3.6105692085012793
1759157698206179000,7.859178955078125,1.3410340847164393,9.026400955551862,-3.591114274185896
1759157698216135000,7.869135009765625,1.327808107918501,9.038354428195953,-3.565876080293953
1759157698226091300,7.87909130859375,1.3162474339842796,9.0513191237092,-3.5371582275927063
1759157698236047000,7.889047119140625,1.3071794536486268,9.063672993847728,-3.508771214281022
1759157698246003200,7.899003173828125,1.3011701302312313,9.073891605523228,-3.4845132635980844
1759157698255959000,7.908958984375,1.2989302423499525,9.081126817473768,-3.466450952684879
1759157698265915100,7.9189150390625,1.299234339863062,9.085808837810157,-3.454049151751399
1759157698275871000,7.92887109375,1.2998092171415685,9.089029553422332,-3.445348543423414
1759157698285827000,7.9388271484375,1.2976352341033517,9.092145055094361,-3.437942066559195
1759157698295783200,7.948783203125,1.2913370107419788,9.096002899566292,-3.43009953636527
1759157698305739300,7.9587392578125,1.2815909850142895,9.10076383035779,-3.421111051006615
1759157698315695000,7.968695068359375,1.2684139619246124,9.106520786449313,-3.410691071540117
1759157698325651200,7.978651123046875,1.2508728984065354,9.113178490772842,-3.3993642063617706
1759157698335607000,7.98860693359375,1.2290206936910748,9.120752140897512,-3.3870027374386784
1759157698345563100,7.998563232421875,1.2044975892659275,9.128816204887627,-3.374062884105742
1759157698355519000,8.00851904296875,1.1785603802591562,9.136956841245294,-3.361158686608076
1759157698365475000,8.01847509765625,1.1524258220493793,9.145022074279188,-3.3482641337215897
1759157698375431200,8.02843115234375,1.1266004028540104,9.152746531051397,-3.335925753413141
1759157698385387300,8.03838720703125,1.1015359580937771,9.15971286293268,-3.3251573989003895
1759157698395343000,8.048343017578125,1.0780617781996726,9.165687261167168,-3.3163784646391865
1759157698405299200,8.05829931640625,1.0568957291174679,9.1704972917974,-3.309887056793272
1759157698415255000,8.068255126953124,1.038468530414626,9.174127172732353,-3.3056548260509966
1759157698425211100,8.078211181640626,1.0224305649358778,9.176885531529784,-3.302996420496702
1759157698435167000,8.0881669921875,1.0084360879834742,9.17892668196857,-3.301625716665387
1759157698445123000,8.098123046875,0.9956452146671712,9.180442931750417,-3.3012919546663757
1759157698455079200,8.1080791015625,0.9837269594669341,9.181579826825857,-3.3017031658157703
1759157698465036000,8.1180361328125,0.9724511668886989,9.182629043617844,-3.3021284054905173
1759157698474992000,8.1279921875,0.9619223202202468,9.183570123860239,-3.3025931003928184
1759157698484948200,8.1379482421875,0.9521711068607867,9.18422361933291,-3.3036034464791415
1759157698494904000,8.147904052734376,0.9431511303853243,9.184552705156802,-3.3052786862149834
1759157698504860200,8.157860107421875,0.9357170348618179,9.184398391377925,-3.307819018347561
1759157698514816000,8.16781591796875,0.9300217458296567,9.183725606682897,-3.3112893248066304
1759157698524772000,8.177772216796875,0.9266147869303822,9.182607416307926,-3.3153418150678275
1759157698534728000,8.18772802734375,0.9256829859729856,9.181150203236937,-3.3196383432179686
1759157698544684300,8.197684326171874,0.9279862944792956,9.179214266738295,-3.3243425753861664
1759157698554640100,8.20764013671875,0.9333182300917804,9.176666335821151,-3.3298791667252776
1759157698564596200,8.21759619140625,0.9411983888823539,9.173305919477343,-3.336913887667656
1759157698574552000,8.227552001953125,0.9516011980183422,9.168898039907216,-3.3460639933288094
1759157698584508200,8.237508056640625,0.9636174337003379,9.163336898648739,-3.3578377254918217
1759157698594464000,8.247464111328124,0.9767227067280561,9.156839353322983,-3.371748177422583
1759157698604420000,8.257420166015624,0.9905057328868657,9.14947730012238,-3.387672891785204
1759157698614376200,8.267376220703126,1.0044225414931773,9.14129165557921,-3.4056244358003136
1759157698624332300,8.277332275390625,1.0180351064559072,9.132323920747638,-3.42558761189878
1759157698634288000,8.2872880859375,1.0307724229540676,9.123110686722397,-3.446266535051167
1759157698644244200,8.297244140625,1.0426344909876584,9.113999744027852,-3.466741752324998
1759157698654200000,8.307199951171874,1.0537683178119361,9.105506640970706,-3.485646067020297
1759157698664156200,8.31715625,1.064010529558733,9.09824746362269,-3.5014527079612017
1759157698674112000,8.327112060546876,1.0724800325445831,9.092475309962033,-3.5138396035864945
1759157698684068000,8.337068115234375,1.0784801497422158,9.087871031036972,-3.5238974717423317
1759157698694024200,8.347024169921875,1.0836810063209383,9.083618049767614,-3.533256251718104
1759157698703980300,8.356980224609375,1.0920463182799518,9.078787560871243,-3.5430849872931836
1759157698713936100,8.36693603515625,1.105196014971286,9.072534345695376,-3.5550045576676723
1759157698723893200,8.376893310546874,1.1194403750315307,9.064690061935782,-3.570524198360741
1759157698733849000,8.38684912109375,1.1285795939724892,9.056512016177177,-3.58835503860563
1759157698743805200,8.39680517578125,1.1283551375668495,9.04969765998721,-3.605576222519576
1759157698753761000,8.406760986328125,1.118786441167444,9.045397332444786,-3.619320085711777
1759157698763717000,8.416717041015625,1.1029757816385477,9.043687021395563,-3.628436581364274
1759157698773673000,8.4266728515625,1.0837256491802632,9.0441043700248,-3.6331928359806533
1759157698783629000,8.436629150390624,1.0620640716660767,9.047109397059678,-3.6321056252658366
1759157698793585200,8.446585205078126,1.0385988057307898,9.052814915224909,-3.6246731371775267
1759157698803541200,8.456541259765626,1.0137737226843833,9.06003083795309,-3.6136540227741003
1759157698813497000,8.4664970703125,0.988972970361635,9.066963852086662,-3.603122691887617
1759157698823453200,8.476453125,0.9665959380544722,9.072457773327827,-3.5953579031050205
1759157698833409000,8.486408935546875,0.9495243186790495,9.076295744055509,-3.590216156302392
1759157698843365000,8.496365234375,0.9392158367630093,9.079041827893256,-3.58597808034122
1759157698853321000,8.506321044921876,0.9342958429522812,9.0808474160105,-3.582691606016457
1759157698863277300,8.51627734375,0.9313971989013254,9.081673345440626,-3.581353927671909
1759157698873233200,8.526233154296875,0.9284420023575425,9.081312695434688,-3.5830347203657027
1759157698883189200,8.536189208984375,0.9241593566022813,9.079135935917495,-3.589651508156955
1759157698893145000,8.54614501953125,0.9173343328878283,9.076291067880392,-3.5985818335875868
1759157698903101200,8.55610107421875,0.9084093412194401,9.074737993219495,-3.604759937700629
1759157698913057000,8.56605712890625,0.8977369213618338,9.074649145892263,-3.607660627578199
1759157698923013000,8.57601318359375,0.8839774952743202,9.07592106552422,-3.6078593650206923
1759157698932969200,8.58596923828125,0.8673741509977727,9.078245124557613,-3.6060388715952634
1759157698942925300,8.59592529296875,0.848928685985878,9.081838180613516,-3.6013773095250126
1759157698952881200,8.605881103515625,0.8288795851696282,9.087342038726806,-3.592152385061979
1759157698962838300,8.61583837890625,0.8081050926882773,9.094466776040196,-3.5788285008475182
1759157698972794000,8.625794189453124,0.7876459497664123,9.102201754206419,-3.5636963981673118
1759157698982750200,8.635750244140626,0.7687863509956747,9.109600047764182,-3.5488781837418673
1759157698992706000,8.6457060546875,0.7529357247825712,9.116172996413708,-3.5353701751321553
1759157699002662100,8.655662109375,0.7412192026995122,9.1218750074476,-3.523121518933773
1759157699012618000,8.665617919921875,0.7344161716211587,9.126922938486933,-3.51145212392807
1759157699022574000,8.675573974609375,0.7325956781957298,9.131694975194334,-3.4994027896940705
1759157699032530200,8.6855302734375,0.734159128120169,9.135617117074132,-3.4888279119268057
1759157699042486300,8.695486328125,0.7371396783009171,9.138830818423628,-3.4797663613319396
1759157699052442000,8.705442138671875,0.7411009100820869,9.141693806639314,-3.47139133169651
1759157699062398200,8.715398193359375,0.7466001650854944,9.144060535770654,-3.463972872133553
1759157699072354000,8.72535400390625,0.7535894394509494,9.146322050961851,-3.456488361597061
1759157699082310100,8.73531005859375,0.761491810073331,9.148202457880974,-3.4497719128236173
1759157699092266000,8.745265869140624,0.7700820898946374,9.149635705554484,-3.444056165525317
1759157699102222000,8.75522216796875,0.7797187369637191,9.15029738433361,-3.4401302242532372
1759157699112178200,8.76517822265625,0.790653387954086,9.150200938221811,-3.437888875067234
1759157699122134300,8.77513427734375,0.8020980342932045,9.149668438780306,-3.436654072575271
1759157699132090000,8.785090087890625,0.8134439694982022,9.148850692656636,-3.436165704536438
1759157699142046200,8.795046142578125,0.8241464922331273,9.14830241112411,-3.4350711872979995
1759157699152002000,8.805001953125,0.8324516715027391,9.148421069067716,-3.4327550193101164
1759157699161958100,8.814958251953126,0.8378938625566661,9.149018450438975,-3.429835624732077
1759157699171914000,8.8249140625,0.8405437925435603,9.150032595917581,-3.426480176824331
1759157699181871000,8.83487109375,0.8413654841899871,9.151630094242096,-3.422011799238622
1759157699191827000,8.844826904296875,0.8408454058386385,9.153481275066733,-3.4171830639079213
1759157699201783300,8.854783203125,0.8391815642796456,9.155391492602229,-3.412470648433268
1759157699211739100,8.8647392578125,0.8374955108888447,9.157417445471882,-3.407448144096136
1759157699221695200,8.8746953125,0.8371309884253889,9.159327663007378,-3.402399628534913
1759157699231651000,8.884651123046876,0.8392904314815998,9.16059198385477,-3.39846082778126
1759157699241607200,8.894607177734375,0.8442016574639827,9.160790721297264,-3.3967101847216483
1759157699251563000,8.90456298828125,0.8510901018034667,9.159992264395951,-3.397143607702851
1759157699261519000,8.91451904296875,0.8596172532606869,9.158150435921549,-3.399955742514133
1759157699271475200,8.92447509765625,0.8700645591255277,9.15527575726807,-3.4050390371277928
1759157699281431300,8.934431396484374,0.8828191190194338,9.151374073654413,-3.4122380087211726
1759157699291387100,8.94438720703125,0.8972418313212692,9.14645473743081,-3.4216546563640233
1759157699301343200,8.95434326171875,0.9111598820365965,9.140614779230951,-3.4335628285616635
1759157699311299000,8.964299072265625,0.9224773948647081,9.134266871508956,-3.447401968821883
1759157699321255200,8.974255126953125,0.9307686917394399,9.128323452934623,-3.46089156499207
1759157699331211000,8.9842109375,0.9350875778518617,9.123710990703106,-3.4718703473851082
1759157699341167000,8.9941669921875,0.9328612801045179,9.121070120805502,-3.479399573846161
1759157699351123200,9.004123291015626,0.9223641437485813,9.121034464970231,-3.4822947107657787
1759157699361079300,9.014079345703125,0.9056323507867753,9.124141783335805,-3.4785450028434393
1759157699371035100,9.02403515625,0.8851577180348336,9.130372786679864,-3.4674440553754566
1759157699380991200,9.0339912109375,0.8630653478879481,9.139116649627685,-3.4499323640823363
1759157699390948000,9.043947998046875,0.8423645782299339,9.148981041038036,-3.4288404762148854
1759157699400904200,9.053904296875,0.8264407406501472,9.158052820765972,-3.408440077742934
1759157699410860000,9.063860107421876,0.8177598599359392,9.165041949000955,-3.391705216041207
1759157699420816100,9.073816162109376,0.8159552216667681,9.169551535379886,-3.3799306070953605
1759157699430772000,9.08377197265625,0.8194448173481971,9.171468182656168,-3.373877882927656
1759157699440728000,9.09372802734375,0.8263801695693284,9.171123899263144,-3.373127941343188
1759157699450684200,9.10368408203125,0.8347328412424773,9.1694317083925,-3.375668273475766
1759157699460640300,9.11364013671875,0.8414083734836428,9.167762313875555,-3.3785429521292447
1759157699470596000,9.12359619140625,0.8437206690140068,9.167010618725419,-3.380008056245744
1759157699480552200,9.13355224609375,0.8408736090198159,9.167458947014808,-3.3794974763751027
1759157699490508000,9.143508056640625,0.8329667083527892,9.168888103035092,-3.3775773219674825
1759157699500464000,9.153464111328125,0.8202379404872655,9.171301009395718,-3.374138871951401
1759157699510420000,9.163419921875,0.8032936007533222,9.174306620952487,-3.3700428348094222
1759157699520376300,9.173376220703124,0.7836477469757199,9.17763781120181,-3.3655981303602456
1759157699530332200,9.183332275390624,0.763475604301691,9.181044989296794,-3.360935983768105
1759157699540288300,9.193288330078126,0.7447345173440874,9.184312466660142,-3.3562101242899893
1759157699550244000,9.203244140625,0.7280640991806984,9.187102974161505,-3.3522280689164994
1759157699560200200,9.2132001953125,0.7139069790124892,9.1891096378088,-3.3497722001969814
1759157699570156000,9.223156005859375,0.7023653020396828,9.190346486127376,-3.348821767604351
1759157699580113200,9.233113037109375,0.6936538800567388,9.190938022279738,-3.3490102759137748
1759157699590069000,9.243069091796874,0.6872020735688508,9.191038560044765,-3.350066799229383
1759157699601271000,9.25427099609375,0.682436466602236,9.19035700752139,-3.352909621439874
1759157699611849000,9.264848876953126,0.6795910140432417,9.189296100291608,-3.356397171294689
1759157699621805300,9.274805419921876,0.6776673525042831,9.18796748203635,-3.3604195586785672
1759157699631761200,9.28476123046875,0.6763790662594139,9.18632906717956,-3.3651509711146352
1759157699641717200,9.29471728515625,0.675559128178656,9.184490161314606,-3.370334218971431
1759157699651673000,9.304673095703125,0.675367478064075,9.182471222707628,-3.3758705180495974
1759157699661629200,9.314629150390624,0.6760556795239449,9.180214968213438,-3.38186157515794
1759157699671585000,9.3245849609375,0.6777985776685178,9.177572929272054,-3.3886771003916856
1759157699681541000,9.334541015625,0.6805769563406705,9.174588945025205,-3.3961905447617173
1759157699691497000,9.3444970703125,0.6836200503636151,9.171341341406107,-3.404340825730562
1759157699701453300,9.354453369140625,0.6862439691264182,9.167666452285648,-3.4137004824891686
1759157699711409200,9.3644091796875,0.6882225026577711,9.163611623936891,-3.4241739457085725
1759157699721365200,9.374365234375,0.6905640242826193,9.159449828082323,-3.4348198428854344
1759157699731321000,9.384321044921874,0.6947185866788029,9.155135472014546,-3.4454651555404063
1759157699741277200,9.394277099609376,0.7015028399914502,9.150507812213897,-3.456370580436289
1759157699751233000,9.40423291015625,0.7093919858060777,9.14550605840385,-3.467980354209244
1759157699761189000,9.414189208984375,0.7178394961558282,9.14007585004866,-3.4805347153559327
1759157699771146000,9.42414599609375,0.7271515143804251,9.134187961053847,-3.4940313257887956
1759157699781102000,9.43410205078125,0.7378480457659811,9.127725487041474,-3.50864437303096
1759157699791058200,9.44405810546875,0.7503834099512546,9.120487352481485,-3.5247704551845787
1759157699801014300,9.45401416015625,0.7652241284694522,9.11247414189577,-3.54226168821156
1759157699810970000,9.46397021484375,0.782513482248783,9.10374781460464,-3.560878125876188
1759157699820926200,9.47392626953125,0.8017395762443542,9.0944778819561,-3.5802380753844973
1759157699830882000,9.483882080078125,0.8221331796493381,9.085232499226928,-3.5990295773550867
1759157699840838100,9.493838134765625,0.8432557549159974,9.076532475420832,-3.616056115479767
1759157699850794000,9.5037939453125,0.864471342228353,9.068439185336231,-3.631319151063263
1759157699860750000,9.51375,0.8855404337421059,9.060873718518017,-3.645101592700183
1759157699870706200,9.5237060546875,0.9064478318881243,9.05363675300181,-3.6579242493942377
1759157699880663000,9.5336630859375,0.9279723390191793,9.046445964714884,-3.670298577798903
1759157699890619100,9.543619140625,0.9506693239957094,9.039356298714875,-3.6819358241006728
1759157699900575000,9.553574951171875,0.9739861213710158,9.032271308889985,-3.693213589440286
1759157699910531000,9.563531005859375,0.9957491134330629,9.024810471490024,-3.7056259117677808
1759157699920487000,9.57348681640625,1.0136549916755409,9.016902474844455,-3.7199957979038354
1759157699930443000,9.583443115234376,1.0250737729210406,9.009708763948082,-3.7342666075795887
1759157699940398800,9.59339892578125,1.0283394967187196,9.004968291422724,-3.744786832550168
1759157699950356000,9.60335595703125,1.0250514880239963,9.003506402176619,-3.749204064470529
1759157699960311800,9.613311767578125,1.0170363777421414,9.005058892315626,-3.747657127289474
1759157699970268000,9.623267822265625,1.0054252157296986,9.009411242306232,-3.7403228388786314
1759157699980224000,9.63322412109375,0.9914326384734362,9.016226183018087,-3.7276156252577897
1759157699990180000,9.64318017578125,0.9759200851082801,9.02453808428943,-3.711559977991879
1759157700000136000,9.653135986328126,0.9595262919291854,9.032879796177149,-3.6955072533354163
1759157700010092000,9.663092041015625,0.9433440956741571,9.04015066396296,-3.6818712344318625
1759157700020048000,9.6730478515625,0.9287608590483665,9.046105188453197,-3.67093804474622
1759157700030004000,9.68300390625,0.9162295134510844,9.051007573541998,-3.6619933985292907
1759157700039959800,9.692959716796874,0.9061039868865162,9.054825670525432,-3.6550659373536702
1759157700049916000,9.702916015625,0.8989755963113158,9.0573268396914,-3.650623863252997
1759157700059872000,9.7128720703125,0.8946716155070811,9.058284871068595,-3.64930313604325
1759157700069828000,9.722828125,0.8922539599061011,9.057853493914008,-3.6509704847335813
1759157700079784000,9.732783935546875,0.8898606350287794,9.057005352652073,-3.653654901511967
1759157700089740000,9.742739990234375,0.8854724830724299,9.056912998193502,-3.6549484484538435
1759157700099695900,9.75269580078125,0.87805658079274,9.058179657128452,-3.653601125498116
1759157700109653000,9.762653076171874,0.8680142755322158,9.060819357982277,-3.649451312342286
1759157700119608800,9.77260888671875,0.8563925190605223,9.064870679199695,-3.642125791759789
1759157700129565000,9.78256494140625,0.8435452393818647,9.070359924265741,-3.631447745878994
1759157700139520800,9.792520751953125,0.8304763528417796,9.077062636774778,-3.617681086333096
1759157700149477000,9.80247705078125,0.8168748937949538,9.084879448005557,-3.6011209966763853
1759157700159433000,9.812432861328125,0.8024230284638703,9.093279027560353,-3.5831264903023836
1759157700169389000,9.82238916015625,0.7877681148413568,9.101968529972433,-3.564263384400308
1759157700179345000,9.832344970703126,0.7735558304198086,9.110995301514864,-3.544258999508619
1759157700189301000,9.842301025390626,0.7590417135074734,9.120116765603422,-3.523876721215248
1759157700199256800,9.8522568359375,0.7436611159589142,9.129061119559406,-3.5039421866893767
1759157700209213000,9.862212890625,0.7279654611118137,9.137717304223775,-3.4846208156257865
1759157700219169000,9.8721689453125,0.7137086068961769,9.146085904118419,-3.4655618948906657
1759157700229125000,9.882125,0.7026178885612636,9.153801593062282,-3.4474127824768424
1759157700239081000,9.8920810546875,0.694390742963925,9.160552820888162,-3.4311081288859246
1759157700249038000,9.9020380859375,0.6874913388390094,9.16646876693368,-3.41666342394799
1759157700258994000,9.911993896484375,0.6810736538164317,9.171562290680408,-3.4042601617097854
1759157700268950000,9.921949951171875,0.6748804251994938,9.175882491967082,-3.3938337525025006
1759157700278905900,9.93190576171875,0.6693081049598754,9.179383778086304,-3.3854607686936853
1759157700288862000,9.941862060546875,0.6643650955997407,9.182230984210968,-3.3787036956489085
1759157700298817800,9.95181787109375,0.6603710575275122,9.184475548267365,-3.373380162538588
1759157700308774000,9.96177392578125,0.6575839110270142,9.186137928521633,-3.3693969381213185
1759157700318730000,9.97172998046875,0.655543929632008,9.187400495803356,-3.366350117771327
1759157700328686000,9.98168603515625,0.6538512273047119,9.188443867376446,-3.3638357968628405
1759157700338642000,9.991641845703125,0.6526576336059718,9.189420018932223,-3.3613977560609576
1759157700348598000,10.001597900390625,0.6521979802049696,9.19048501781523,-3.358573346289992
1759157700358553900,10.011553955078124,0.6518567655518651,9.191618405759334,-3.3555323711588976
1759157700368510000,10.021510009765626,0.6516369122561066,9.192592219227551,-3.3529102059617637
1759157700378467000,10.031467041015626,0.6519732315383852,9.19337840116918,-3.350686392432451
1759157700388423000,10.0414228515625,0.653295712313801,9.193927851745485,-3.3489249357178807
1759157700398379000,10.05137890625,0.6556082270398735,9.194307790973783,-3.3474306055068968
1759157700408334800,10.0613349609375,0.6590615092989057,9.194621679228543,-3.345888344500959
1759157700418291200,10.071291259765625,0.6641043988369405,9.194933229395748,-3.3440327797621485
1759157700428247000,10.0812470703125,0.6711920190103352,9.195217307034135,-3.3418390691101547
1759157700438203000,10.091202880859376,0.6802694978266954,9.19524477956295,-3.3399262212261553
1759157700448159000,10.101158935546875,0.6909731896053999,9.194852565374969,-3.338806569546461
1759157700458114800,10.11111474609375,0.7024362483840435,9.194102039268612,-3.338478360505402
1759157700468071000,10.12107080078125,0.7139259759739041,9.193047561779618,-3.3389494851484893
1759157700478026800,10.13102685546875,0.7250357643354683,9.191784994497894,-3.340031727427244
1759157700487983000,10.140983154296874,0.7358734577573836,9.190291541069746,-3.3417689264833923
1759157700497940000,10.15093994140625,0.7465150440853089,9.188384246143698,-3.344653542008996
1759157700507896000,10.16089599609375,0.7555225264053791,9.185954388648272,-3.349298737466335
1759157700517852200,10.17085205078125,0.7614347461238503,9.183310011619328,-3.3552076692491766
1759157700527808000,10.18080810546875,0.7639215214382856,9.181165985327958,-3.360501976265013
1759157700537764000,10.19076416015625,0.7632021941877901,9.179650904589892,-3.364804057373106
1759157700547720000,10.200719970703124,0.7581730409141629,9.178562524831294,-3.3689065242558716
1759157700557676000,10.210676025390624,0.746767776737362,9.177913705533742,-3.373219419018924
1759157700567632000,10.2206318359375,0.728663891704753,9.178918498662114,-3.3744451614215967
1759157700577588000,10.230587890625,0.7051420002114027,9.183217657160759,-3.367742156651616
1759157700587544000,10.2405439453125,0.6783617645092308,9.191002319687604,-3.3519685411974787
1759157700597500200,10.250500244140625,0.6512205865401774,9.20123086823523,-3.3292104736834762
1759157700607457000,10.26045703125,0.6256129017487168,9.212384130412339,-3.3031744074121114
1759157700617413000,10.2704130859375,0.6039998030187562,9.222751210647822,-3.2781755752339956
1759157700627369000,10.280368896484376,0.5884130884388461,9.23008169966638,-3.2603318755075335
1759157700637325000,10.290324951171876,0.5800526353180409,9.234472043579816,-3.2493805656433103
1759157700647281000,10.300281005859375,0.5777715386435389,9.23726372012496,-3.241837310656905
1759157700657237000,10.310237060546875,0.5780749785695225,9.239148803219198,-3.2364076868236062
1759157700667192800,10.32019287109375,0.5784180929187684,9.240791309729218,-3.231656400643289
1759157700677149200,10.330149169921874,0.577670014497824,9.242955209764837,-3.2255940318644045
1759157700687105000,10.34010498046875,0.5745522843360901,9.246043823429941,-3.217290313899517
1759157700697061000,10.35006103515625,0.5679858019599691,9.24981165153086,-3.2076150153204797
1759157700707018000,10.36001806640625,0.5577931649759411,9.253927270156144,-3.197517399676144
1759157700716974000,10.36997412109375,0.5454055021656676,9.258077960094809,-3.1876193982571364
1759157700726930000,10.379929931640625,0.5317725520020351,9.26199191866815,-3.178542942354083
1759157700736886000,10.389885986328125,0.5166694562206045,9.26540435746014,-3.171077136518061
1759157700746841900,10.399841796875,0.5000000975031406,9.268385419097543,-3.165032595656812
1759157700756798000,10.4097978515625,0.48194162251483647,9.271179433730245,-3.159640965746343
1759157700766753800,10.41975390625,0.4631837305529043,9.273943637746571,-3.154334968292713
1759157700776710100,10.429710205078125,0.44417496910244225,9.276603796866535,-3.149242029067874
1759157700786666000,10.439666015625,0.42517004357688126,9.278961758169531,-3.1449171516060828
1759157700796622000,10.4496220703125,0.40625791090130803,9.280993556258082,-3.141421710705757
1759157700806579000,10.459578857421874,0.38729602079987524,9.282828954991698,-3.138389211142063
1759157700816535000,10.46953515625,0.3689522260641679,9.284401903396844,-3.1359464941650628
1759157700826491000,10.479490966796876,0.35196678713485596,9.285720584779977,-3.133989807139337
1759157700836447000,10.489447021484375,0.3369482278317213,9.286807795494795,-3.132415689690411
1759157700846402800,10.49940283203125,0.32438710815068333,9.287653014147281,-3.131235247734189
1759157700856359000,10.50935888671875,0.31479565193019804,9.288221753945946,-3.130532360161841
1759157700866315000,10.51931494140625,0.3079099840696901,9.288465499573945,-3.1304940739780664
1759157700876269800,10.529269775390626,0.30284884648891164,9.28866248345077,-3.1304023040413855
1759157700886226000,10.539225830078125,0.2991151215869933,9.28896058961451,-3.1298803259938954
1759157700896181800,10.549181640625,0.2967622748505324,9.289383198940753,-3.1288448454663156
1759157700906139000,10.559138916015625,0.29533808726631106,9.28976313816905,-3.127851742775738
1759157700916094700,10.5690947265625,0.29497089792173353,9.289768983387946,-3.1278660635620352
1759157700926050800,10.57905078125,0.2961145697978325,9.28912717835307,-3.1296704826354977
1759157700936007000,10.5890068359375,0.29897923851395025,9.287776348266005,-3.1334044084668156
1759157700945963000,10.598962890625,0.30397890996476634,9.28569954199195,-3.1390728094920513
1759157700955918800,10.6089189453125,0.3110252665460109,9.282736016011238,-3.147136581221223
1759157700965875000,10.618875,0.31845333418752997,9.279092106550932,-3.1571237222284076
1759157700975830800,10.628830810546875,0.3257216081574559,9.275043707942961,-3.1682565261393782
1759157700985787000,10.638786865234374,0.33310846700575203,9.270611862975358,-3.1804353319719434
1759157700995743700,10.64874365234375,0.3403649044074118,9.26557445333004,-3.1943142197206615
1759157701005699800,10.658699951171876,0.3476024544455111,9.259613499099016,-3.210781078135967
1759157701015655700,10.66865576171875,0.35545258342400193,9.252649505305289,-3.2299428747236725
1759157701025611800,10.67861181640625,0.3647654418988153,9.244643893504142,-3.2517546012982725
1759157701035567900,10.68856787109375,0.3763558899167925,9.235814105838537,-3.275433290788531
1759157701045524000,10.69852392578125,0.39066746999435126,9.226793179515004,-3.299099997580051
1759157701055479800,10.708479736328124,0.4084727374065667,9.217872790956497,-3.32179932064414
1759157701065436000,10.718435791015626,0.43036666237190363,9.208965846401453,-3.34366657679826
1759157701075391700,10.728391845703126,0.4563040175091475,9.19957141059041,-3.3660140176847575
1759157701085348900,10.738348876953125,0.48601888189110903,9.189306621685624,-3.3898116573795676
1759157701095305000,10.748304931640625,0.5185367113972082,9.177876880654692,-3.4158585373058914
1759157701105260800,10.7582607421875,0.5526762968862429,9.16514073320031,-3.4445831120088695
1759157701115216600,10.768216552734375,0.5873982123078778,9.151302761983871,-3.4754864920556545
1759157701125172700,10.7781728515625,0.6218059837464243,9.136693806394934,-3.507788925245404
1759157701135128800,10.78812890625,0.6542480446025729,9.121533646664023,-3.5411806149765845
1759157701145085000,10.7980849609375,0.6802876180052757,9.10570420936942,-3.5768338198989627
1759157701155040800,10.808040771484375,0.6942869172632694,9.089608230093122,-3.6148838568300006
1759157701164996900,10.817996826171875,0.692304730470106,9.075449356359243,-3.6506618571758267
1759157701174954000,10.8279541015625,0.6766317989114672,9.065206779286266,-3.6789375190675258
1759157701184909800,10.837909912109374,0.6534432310257107,9.058971099767088,-3.69843716930747
1759157701194866000,10.847865966796874,0.6264478182028979,9.056349519091844,-3.709512397812307
1759157701204821800,10.85782177734375,0.5967839898884296,9.057201752007007,-3.71232277905792
1759157701214777900,10.86777783203125,0.5659519945774227,9.060841569814086,-3.7082664894044397
1759157701224734000,10.87773388671875,0.5370939296878874,9.065689594367146,-3.7007039451956745
1759157701234690000,10.88768994140625,0.5136526656826957,9.070062402623892,-3.693307405203581
1759157701244646000,10.89764599609375,0.4981610820403322,9.072800887677072,-3.688696112015843
1759157701254603000,10.90760302734375,0.49124092738833275,9.073751320269704,-3.6872926749587056
1759157701264558800,10.917558837890626,0.49183228087760505,9.073187841168046,-3.688599081382155
1759157701274515000,10.927514892578126,0.4979874425064772,9.071322631818056,-3.692359310698509
1759157701284470800,10.937470703125,0.5072003112055361,9.068670071482657,-3.697612701182067
1759157701294427000,10.947427001953125,0.5177323362117633,9.065956136348843,-3.7028055936500426
1759157701304382700,10.9573828125,0.5286536162639036,9.063993896365165,-3.706067518055439
1759157701314338800,10.9673388671875,0.5381532660150901,9.06299494845569,-3.7071444996371863
1759157701324295000,10.977294921875,0.5445929802063852,9.062794457447529,-3.706693540999293
1759157701334251800,10.987251708984376,0.5475107673492282,9.06338599359989,-3.7048160566896198
1759157701344208000,10.997207763671875,0.5469121438689529,9.06486191137135,-3.7012905129119753
1759157701354164000,11.0071640625,0.5425402489276603,9.067344960358739,-3.695852705772221
1759157701364119800,11.017119873046875,0.5347777617000044,9.070881317791342,-3.688295714521408
1759157701374076000,11.027075927734375,0.5245085888810456,9.075367523294688,-3.6787212459683416
1759157701384031700,11.03703173828125,0.5128736076015978,9.080805914956331,-3.6669179954499005
1759157701393987800,11.04698779296875,0.5009010649308562,9.08672069195807,-3.653899231661856
1759157701403943700,11.056943603515625,0.4885881113246083,9.092858171799778,-3.6402725651085373
1759157701413899800,11.066899658203125,0.47660621630363165,9.099205494999884,-3.62597311386019
1759157701423856600,11.076856689453125,0.46580907408781347,9.105888918286562,-3.6105648245871067
1759157701433812700,11.086812744140625,0.4567576795607805,9.112654759159684,-3.5946176061317323
1759157701443768800,11.096768798828125,0.44940892423316836,9.119483143875001,-3.5781904952049253
1759157701453725000,11.106724853515624,0.443965564135462,9.126437785318494,-3.5611011209771033
1759157701463680800,11.1166806640625,0.44037177742719646,9.133341573357582,-3.54379985756427
1759157701473636900,11.126636962890625,0.4386852856449783,9.140072927439212,-3.5266154985293743
1759157701483592700,11.1365927734375,0.43904995423890647,9.146579240593313,-3.509659687553346
1759157701493548800,11.146548828125,0.4417624280679971,9.152886816304921,-3.4928324713930485
1759157701503506000,11.156505859375,0.447059401964955,9.158891025155782,-3.4763851944610473
1759157701513461800,11.166461669921874,0.4551228083679452,9.164368579784036,-3.460867307333648
1759157701523417900,11.17641796875,0.46620041149295866,9.169296099314092,-3.4463071593225
1759157701533374000,11.1863740234375,0.4801960574891418,9.173501734310388,-3.4331723679393527
1759157701543330000,11.196330078125,0.4968732707194984,9.176953920590877,-3.421553241816163
1759157701553286000,11.206285888671875,0.5157666986946017,9.179560888218878,-3.4117478871166704
1759157701563242000,11.216241943359375,0.5363151273351162,9.181327897891402,-3.403818847683072
1759157701573198800,11.22619873046875,0.5573968226021155,9.182515646371245,-3.3972201800704
1759157701583155000,11.236155029296874,0.5778775197686628,9.183283123612403,-3.3917212903931735
1759157701593110800,11.24611083984375,0.5968355739451945,9.183603441607952,-3.3875638784527777
1759157701603067000,11.25606689453125,0.6146618841454387,9.18358707499504,-3.3844232423394915
1759157701613022700,11.266022705078125,0.6308738910168409,9.183346836498378,-3.3820907077386972
1759157701622978800,11.275978759765625,0.6450896825697273,9.182620860311388,-3.3813813904255627
1759157701632935000,11.285934814453125,0.659293126097694,9.181063109475375,-3.382865199242532
1759157701642891000,11.29589111328125,0.6744613230045885,9.178579475966096,-3.3866169529914854
1759157701652847900,11.305847900390624,0.691990769150108,9.174600635463,-3.393853918507695
1759157701662804000,11.315803955078126,0.7138672315239906,9.16878113552928,-3.4050317306041715
1759157701672759800,11.325759765625,0.7420297153647989,9.16143135728836,-3.4187674104899166
1759157701682716000,11.3357158203125,0.7768773760579526,9.152685740774869,-3.43441769182533
1759157701692671700,11.345671630859375,0.817046158708632,9.142503369456529,-3.452166699005663
1759157701702627800,11.3556279296875,0.8605356102146208,9.130773184174299,-3.4725843408733605
1759157701712583700,11.365583740234374,0.9066906276680529,9.117564158511161,-3.495470418681204
1759157701722539800,11.375539794921876,0.954643342193216,9.10339125625193,-3.5195585657551884
1759157701732496600,11.38549658203125,1.0034699169434607,9.088760088831187,-3.543707210844755
1759157701742452700,11.39545263671875,1.0504711028974503,9.074508860638737,-3.566534544202685
1759157701752408800,11.405408935546875,1.0916858144044876,9.061084730920195,-3.5882243979632853
1759157701762365000,11.415364990234375,1.125708933907002,9.04867182407081,-3.6089740482643244
1759157701772320800,11.42532080078125,1.1524427731841802,9.037848816761374,-3.6276109441950917
1759157701782276900,11.43527685546875,1.170187177254632,9.029200230881571,-3.643432782705128
1759157701792232700,11.445232666015626,1.1777688645552844,9.02405526920855,-3.6537189066588875
1759157701802189800,11.45518994140625,1.1763784331101923,9.0232702563107,-3.6561063863173127
1759157701812146000,11.46514599609375,1.169386236135289,9.026501493316887,-3.6503695962309837
1759157701822101800,11.475101806640625,1.1594506791848689,9.033179071384668,-3.6369977812215684
1759157701832057900,11.485057861328125,1.1493981447912751,9.04235255792141,-3.617338848766684
1759157701842014000,11.495013916015624,1.1422967152882366,9.052553633940219,-3.593998597450554
1759157701851970000,11.504969970703126,1.140171978219226,9.062208766514063,-3.5702620402932164
1759157701861926000,11.51492578125,1.1439898560069501,9.07006357166767,-3.5490322052598
1759157701871882000,11.524882080078125,1.1530144355922938,9.075483258628845,-3.5322140491887923
1759157701881839400,11.53483935546875,1.1652192526489495,9.078516342714428,-3.5203935552746057
1759157701891795500,11.54479541015625,1.1776372740648686,9.07981865748465,-3.5128982310831547
1759157701901751300,11.554751220703125,1.1876567099064588,9.080251203683018,-3.508404719056189
1759157701911707400,11.564707275390624,1.1936449174705892,9.08073343424201,-3.505120582818985
1759157701921663200,11.574663330078126,1.194912964645028,9.081956254035234,-3.5015175898909567
1759157701931619300,11.584619384765626,1.1913503037273883,9.084225952532886,-3.4968428760781882
1759157701941575200,11.5945751953125,1.1828823351114988,9.08750161320269,-3.4911996094942093
1759157701951532300,11.6045322265625,1.1694634660899639,9.091544166591763,-3.485188970902562
1759157701961488100,11.614488037109375,1.1505969991870224,9.096040308967233,-3.479734212628007
1759157701971444500,11.624444580078125,1.1271072563976048,9.100929250052571,-3.474634843662381
1759157701981400300,11.634400390625,1.099937144595012,9.106219757676124,-3.469481990943849
1759157701991356400,11.6443564453125,1.0704491843041033,9.11161723280549,-3.464529921494424
1759157702001312300,11.654312255859375,1.039480191675201,9.116782068222761,-3.460367541117966
1759157702011268400,11.664268310546875,1.0086198470525443,9.121308021214604,-3.4575714806586504
1759157702021224200,11.67422412109375,0.9795323573213071,9.124801124027371,-3.4567172019168733
1759157702031181300,11.684181396484375,0.9532421701584011,9.127273067098855,-3.4575434236079454
1759157702041137400,11.694137451171875,0.9302996859882027,9.12877470383346,-3.4598312422841784
1759157702051093200,11.70409326171875,0.9104978379312902,9.129532828724384,-3.4630914131239057
1759157702061049300,11.71404931640625,0.8938773963894695,9.129876527595519,-3.4665155423536893
1759157702071005400,11.72400537109375,0.8804776704598217,9.129941994047165,-3.4697695757135745
1759157702080961500,11.73396142578125,0.8696194457065314,9.129926796478033,-3.47254751599431
1759157702090917400,11.74391748046875,0.8613381587691604,9.12993205717504,-3.474595096173882
1759157702100874500,11.75387451171875,0.8552885033413767,9.12980053974986,-3.47643663238734
1759157702110830300,11.763830322265624,0.8515363112010061,9.129210172641276,-3.4789071141541004
1759157702120786400,11.773786376953124,0.8497859604023397,9.127926562571526,-3.482704752871394
1759157702130742300,11.7837421875,0.8500926151987165,9.126023359298706,-3.487611521874368
1759157702140698400,11.793698486328125,0.8520099200621247,9.123359693047403,-3.4941081904172897
1759157702150654200,11.803654296875,0.8554491007305681,9.120096307337283,-3.5017753640443083
1759157702160610600,11.813610595703125,0.8600622205492109,9.11633373993337,-3.5104327177524564
1759157702170566400,11.82356640625,0.8658261178381741,9.112281834194064,-3.5195240789636966
1759157702180523500,11.8335234375,0.8711017201535404,9.108085551548003,-3.5290675678566097
1759157702190479400,11.843479248046876,0.8750837755270302,9.10369170050323,-3.539408344607055
1759157702200435500,11.853435546875,0.8781085301756858,9.098968179112672,-3.5507863554507493
1759157702210391300,11.863391357421875,0.8811899103824049,9.093860626840591,-3.563088495402038
1759157702220347400,11.873347412109375,0.8847627273678779,9.088294809406996,-3.5763796463906763
1759157702230303200,11.88330322265625,0.8879320050537586,9.082246761414408,-3.590928980746865
1759157702240259300,11.89325927734375,0.88961959281452,9.07620046698749,-3.605768530221283
1759157702250216200,11.90321630859375,0.8896914159417152,9.07066153756082,-3.619658231624961
1759157702260172300,11.91317236328125,0.8887593227233738,9.06601926471293,-3.6315012296319007
1759157702270128000,11.923128173828125,0.8875529426082969,9.062485245367885,-3.640605158063769
1759157702280084500,11.93308447265625,0.8871230998236685,9.059947251322866,-3.647017655454576
1759157702290040300,11.943040283203125,0.8885990906603634,9.058101331195235,-3.651239364802837
1759157702299996400,11.952996337890625,0.8943207562427967,9.056365301182865,-3.6541534986838697
1759157702309952300,11.9629521484375,0.9070681557435541,9.053882836717367,-3.6571617405891415
1759157702319909400,11.972909423828124,0.9282407806970179,9.04973506938815,-3.6621082570806145
1759157702329865500,11.982865478515626,0.9573452946282923,9.042795625513792,-3.671746730780601
1759157702339821300,11.9928212890625,0.9922027460630982,9.031308016815782,-3.690716511927545
1759157702349777400,12.00277734375,1.025346963839233,9.018618631112576,-3.7126203006997702
1759157702359733200,12.012733154296875,1.048128558359295,9.008730858826636,-3.7302249309733506
1759157702369689300,12.022689453125,1.0601271122541278,9.003346243178845,-3.7398224881410598
1759157702379645400,12.0326455078125,1.0672042840987443,9.000698359018564,-3.7441792220458385
1759157702389601300,12.042601318359376,1.0721990236461163,8.999534575936197,-3.7455522639647123
1759157702399558400,12.052558349609376,1.0731657497864215,9.000175211927294,-3.743732647322118
1759157702409514500,12.062514404296875,1.0687489562574772,9.002171938702464,-3.740194536323845
1759157702419470300,12.07247021484375,1.0599467872511594,9.004852556088567,-3.73624112252295
1759157702429426400,12.082426513671875,1.0485845584984868,9.007365415692329,-3.733393039615452
1759157702439382300,12.09238232421875,1.0372324127484112,9.00874547187388,-3.733234926444292
1759157702449960200,12.102960205078125,1.0267650139436124,9.008701632732153,-3.736231770172715
1759157702459916300,12.112916259765624,1.0193903204571455,9.007088936838507,-3.742132810910046
1759157702469873400,12.122873291015624,1.0146027939196676,9.004092677631974,-3.750637312144041
1759157702479829200,12.132829345703126,1.0115506398074328,9.000178719058633,-3.760842772077024
1759157702489785300,12.142785400390625,1.008307858493924,8.996138503757118,-3.7713621202647682
1759157702499741400,12.152741455078125,1.0028536847412586,8.992558307182788,-3.781342247009277
1759157702509697500,12.162697509765625,0.9943030062779784,8.989819822129606,-3.7901024765700098
1759157702519653400,12.1726533203125,0.9827837603326887,8.988378975671528,-3.7965208191797135
1759157702529609500,12.182609375,0.9681688864596187,8.988463731345535,-3.8000738354861734
1759157702539565300,12.1925654296875,0.9512596911042928,8.989953093120455,-3.8008199776783584
1759157702549522400,12.2025224609375,0.9325745721176266,8.992867519262433,-3.798556124399602
1759157702559478300,12.212478271484375,0.9125504596121609,8.99690130482316,-3.7938650439739225
1759157702569434400,12.222434326171875,0.8919321806058287,9.001947482296824,-3.7867943749353286
1759157702579390200,12.23239013671875,0.8714767640110105,9.007709114563465,-3.777843591238558
1759157702589346300,12.24234619140625,0.8519983026895671,9.013905046594143,-3.767495215703547
1759157702599302400,12.252302490234374,0.8342958380647003,9.020221390134095,-3.7563209107384083
1759157702609258500,12.262258544921876,0.8184041491888463,9.026712505719065,-3.744202602921426
1759157702619215400,12.27221533203125,0.8048789702486246,9.033073857444524,-3.731772160415351
1759157702629171500,12.28217138671875,0.7936281659811735,9.039363312977551,-3.718931968064606
1759157702639127300,12.292127197265625,0.7843181935831904,9.045363430175184,-3.706296942897141
1759157702649083400,12.30208349609375,0.7768368248518556,9.050867872810363,-3.6944159509673713
1759157702659039200,12.312039306640624,0.77216379153952,9.0559099586308,-3.683020988988876
1759157702668995300,12.321995361328124,0.7703035506255924,9.060372783258558,-3.672416885127127
1759157702678951200,12.331951171875,0.7704223546996712,9.064147625622153,-3.663069795589149
1759157702688907300,12.3419072265625,0.772219613379985,9.067083679074049,-3.655410220746696
1759157702698864400,12.351864501953125,0.7758403611604124,9.069146456822752,-3.6495270079270004
1759157702708820200,12.3618203125,0.7815397418458014,9.070374537312984,-3.645256783261895
1759157702718776600,12.371776611328125,0.7892274468041955,9.070800653770565,-3.6425372951701283
1759157702728732400,12.381732421875,0.798050585533306,9.070652185210585,-3.640981882421672
1759157702738688500,12.3916884765625,0.8067216024406254,9.070312577992677,-3.6399200984090565
1759157702748644400,12.401644287109375,0.8145639134388416,9.070150665429233,-3.6385733599752186
1759157702758600200,12.41160009765625,0.8209771414820104,9.070400840798019,-3.6365105822265145
1759157702768556300,12.421556396484375,0.8261153080880641,9.070927495020628,-3.6340316248923537
1759157702778513400,12.431513427734375,0.8302517503056674,9.07168912704289,-3.631189679464698
1759157702788469200,12.44146923828125,0.8334229276876897,9.072937665799259,-3.627343817691505
1759157702798425300,12.45142529296875,0.8360671585861593,9.074787093058228,-3.622100948601961
1759157702808381400,12.46138134765625,0.8390387948080897,9.076955084747075,-3.6159754514589904
1759157702818337500,12.471337646484375,0.8430426966872065,9.079207247588037,-3.6093826290652156
1759157702828293400,12.48129345703125,0.8497743430297822,9.081429015290736,-3.6022079151302573
1759157702838249500,12.49124951171875,0.8605572375245392,9.083407621887325,-3.5946494625747203
1759157702848206300,12.501206298828125,0.8761302158400416,9.084815150597692,-3.587325987818837
1759157702858162400,12.511162353515624,0.8961611964777112,9.08571297622025,-3.5800963288262486
1759157702868118300,12.5211181640625,0.9201266670200973,9.086130909371375,-3.572952594551444
1759157702878074600,12.53107470703125,0.946817397807911,9.085958475413918,-3.566407702952623
1759157702888030500,12.541030517578125,0.975630308381468,9.084938484716416,-3.56123848362118
1759157702897986600,12.550986572265625,1.0052908487603067,9.083133481121063,-3.557590482507646
1759157702907942700,12.560942626953125,1.0343728585988283,9.080387981805204,-3.5562633255571123
1759157702917898800,12.570898681640625,1.061812581123039,9.076848701763153,-3.5572090819746256
1759157702927854600,12.5808544921875,1.0870333124235272,9.073079704618454,-3.559210192663967
1759157702937811700,12.590811767578124,1.1080921017389744,9.069707597836851,-3.56131271790117
1759157702947767600,12.600767578125,1.1227977226354182,9.067849402749538,-3.56143459071517
1759157702957723600,12.6107236328125,1.131180204924941,9.068729108193516,-3.5565377585843203
1759157702967679500,12.620679443359375,1.1369869184423238,9.072200583696365,-3.5458208419978616
1759157702977635600,12.630635498046875,1.1415161593697964,9.076838180369139,-3.5324712388202544
1759157702987591400,12.64059130859375,1.1460414547745137,9.081861561489104,-3.518061312934756
1759157702997547500,12.650547607421874,1.1512903152134268,9.086783235800265,-3.5036136853873727
1759157703007503600,12.660503662109376,1.1587424578502774,9.091050245594978,-3.490060084070265
1759157703017460500,12.67046044921875,1.1694026758134364,9.094331166961789,-3.4779365155562756
1759157703027416800,12.680416748046875,1.1823560462150722,9.096479869428277,-3.467921317498386
1759157703037372700,12.69037255859375,1.195788432305306,9.097709703484178,-3.46007995634824
1759157703047328800,12.700328857421875,1.2077886667005717,9.098553753092885,-3.453684994614124
1759157703057284600,12.71028466796875,1.2177376676544547,9.099518214210867,-3.4476474680155516
1759157703067240700,12.72024072265625,1.225630612861365,9.100600164228677,-3.4419925109937783
1759157703077196500,12.730196533203125,1.2315281464673578,9.101529554033279,-3.437425933730602
1759157703087152400,12.74015234375,1.2350478450261055,9.102335025197267,-3.434023724071681
1759157703097108500,12.7501083984375,1.2355559406787155,9.103357353982329,-3.431133847849071
1759157703107065600,12.760065673828125,1.2326815542861818,9.105112673217057,-3.427509519872069
1759157703117021400,12.770021484375,1.2261069982014596,9.107727824151516,-3.4229154700800772
1759157703126977800,12.779977783203124,1.2154984373603015,9.111030372828244,-3.4179040716588496
1759157703136933600,12.78993359375,1.2014740767262875,9.114905752956867,-3.412530269666016
1759157703146889700,12.7998896484375,1.1849017121098935,9.119258102947473,-3.406688850161433
1759157703156845600,12.809845458984375,1.1676206147022545,9.123878163963555,-3.4002798599019646
1759157703166801700,12.8198017578125,1.1501849843200296,9.128792239490151,-3.39302389742434
1759157703176757500,12.829757568359375,1.132312131564319,9.133777626687287,-3.3856130366459487
1759157703186713600,12.839713623046874,1.114079724781215,9.138686441516876,-3.378407927572727
1759157703196670500,12.84967041015625,1.0964178113624452,9.143460231789946,-3.371257471296191
1759157703206626600,12.85962646484375,1.0799065292835235,9.148108934378623,-3.363972574985027
1759157703216582700,12.869582763671875,1.0645448556311428,9.152485834288596,-3.3569562664821744
1759157703226538800,12.879538818359375,1.0497863355036825,9.156607298132776,-3.3503523381724953
1759157703236494600,12.88949462890625,1.0351586021490395,9.16057386367619,-3.344056452898681
1759157703246450700,12.89945068359375,1.020439902575314,9.164456258067489,-3.337939139062166
1759157703256406500,12.909406494140624,1.005991032918915,9.168066849780082,-3.332403716766834
1759157703266362600,12.919362548828126,0.992309055981785,9.171216253721713,-3.327832755589485
1759157703276318500,12.929318359375,0.9798016757819801,9.173817376130819,-3.3243744318291544
1759157703286275600,12.939275634765625,0.9685814858485012,9.175929253718257,-3.3218279622167346
1759157703296231400,12.9492314453125,0.9588513152770698,9.177698601478337,-3.319762554119527
1759157703306187500,12.9591875,0.9510393994171172,9.179152891939879,-3.3179879456624386
1759157703316143600,12.9691435546875,0.9451311982866376,9.180259976398945,-3.316614903743565
1759157703326099700,12.979099609375,0.941348830203712,9.180953803882002,-3.3157740690052506
1759157703336055600,12.9890556640625,0.9396223717372864,9.180837484025954,-3.3165821705177425
1759157703346011600,12.99901171875,0.9404444287098943,9.179608234491944,-3.3197505714207884
1759157703355967500,13.008967529296875,0.9439407463930547,9.177101220107078,-3.3256834686011074
1759157703365923600,13.018923583984375,0.9501467614263296,9.173260326769947,-3.334503903916478
1759157703375879400,13.02887939453125,0.9585330431081354,9.168267925310134,-3.34581177213341
1759157703385836500,13.03883642578125,0.9678838589731603,9.162452517029642,-3.359023720405996
1759157703395792400,13.04879248046875,0.9774109081879258,9.156119806876777,-3.3735002817869186
1759157703405748500,13.05874853515625,0.9868995981536806,9.14967954469621,-3.3881828871339557
1759157703415704600,13.06870458984375,0.9964185371272265,9.143650201404094,-3.401647641123831
1759157703425660700,13.07866064453125,1.006285924212262,9.138165047991276,-3.413464335645735
1759157703435616500,13.088616455078125,1.0170041559729726,9.133124715736507,-3.4237586429059506
1759157703445572600,13.098572509765624,1.0295213999796657,9.128260909092425,-3.432975676323473
1759157703455528400,13.108528564453126,1.0444963393367825,9.123265585023164,-3.4417201237931847
1759157703465484500,13.118484619140625,1.0624082089286297,9.11769684498012,-3.450982749918103
1759157703475440400,13.1284404296875,1.0833254708815365,9.111061352488399,-3.4619849131867286
1759157703485396700,13.138396728515625,1.1055826031360774,9.103007225370407,-3.4761110536947846
1759157703495353600,13.148353515625,1.12418603518866,9.093661304876207,-3.4945559341847896
1759157703505309700,13.158309814453125,1.1351487432297318,9.084456254157423,-3.514896419163048
1759157703515265800,13.168265869140624,1.1394804157584906,9.077490506798028,-3.5314489100351927
1759157703525221600,13.1782216796875,1.1387438451122491,9.07360752788484,-3.5416532009243964
1759157703535177700,13.188177734375,1.1357132452446967,9.071896632313727,-3.5470036220416423
1759157703545133600,13.198133544921875,1.1303561751909554,9.07213570176661,-3.548103107716143
1759157703555089700,13.208089599609375,1.122771053824201,9.07480053706169,-3.5436940591022372
1759157703565045500,13.21804541015625,1.113571629128605,9.079788262346387,-3.5338048255115746
1759157703575001600,13.228001708984374,1.1040309167146682,9.085683750125765,-3.5216257274180647
1759157703584957700,13.237957763671876,1.0958893305089323,9.091000561234354,-3.5104344713181255
1759157703594913500,13.24791357421875,1.0896427642695605,9.095201520055532,-3.5014828108385205
1759157703605492500,13.258492431640626,1.0852407299183309,9.098135819941758,-3.4952184897467493
1759157703615448800,13.26844873046875,1.0821680444747208,9.099466776284576,-3.492706506925821
1759157703625404700,13.27840478515625,1.079851949552074,9.099368576607107,-3.493681781698763
1759157703635360800,13.28836083984375,1.0780347440622746,9.098051648789644,-3.4976673442035913
1759157703645316600,13.298316650390625,1.0760974193241446,9.095718237406015,-3.504325633049011
1759157703655273700,13.308273681640625,1.0739673484928904,9.092823685008288,-3.512482636019587
1759157703665229600,13.3182294921875,1.0699596472214907,9.090123193877934,-3.5206861084803935
1759157703675185700,13.328185546875,1.0617673537418246,9.087711456561088,-3.529380287067592
1759157703685141500,13.3381416015625,1.0479772402551024,9.085893593484164,-3.538171496288478
1759157703695097600,13.34809765625,1.0294021575141699,9.085163525643944,-3.5454894180864094
1759157703705053400,13.358053466796875,1.0078625989444554,9.08644070597291,-3.548403551967442
1759157703715009800,13.368009765625,0.9847571792975067,9.08988938512206,-3.54606634119153
1759157703724965600,13.377965576171874,0.9602426235049962,9.09507409428358,-3.539481409843266
1759157703734921700,13.387921630859376,0.9345167922265827,9.10146876375675,-3.5299177549451586
1759157703744877600,13.397877685546876,0.908849120876193,9.108546154797077,-3.5183497744873162
1759157703754833700,13.407833740234375,0.8841234065510332,9.11594444835484,-3.5054654507339
1759157703764789500,13.41778955078125,0.8608874193269759,9.123319361037016,-3.4920343067526813
1759157703774746600,13.42774658203125,0.8398486498862504,9.130356420066953,-3.478739648632705
1759157703784702500,13.437702392578124,0.8215371134523302,9.13684928921759,-3.466040618318319
1759157703794658600,13.447658447265624,0.8060857887551188,9.142644239231943,-3.454369177486002
1759157703804614700,13.45761474609375,0.7935265322376042,9.147458361515403,-3.4445173532962796
1759157703814570800,13.46757080078125,0.7840890610024333,9.151082397231459,-3.4370497938945888
1759157703824526600,13.477526611328125,0.7783752134002745,9.153394181305169,-3.4321859872505067
1759157703834482700,13.487482666015625,0.776535430752486,9.154373255470395,-3.4299928611204025
1759157703844438500,13.4974384765625,0.7786116525046527,9.153945385447145,-3.4306603851184247
1759157703854394600,13.50739453125,0.7844217270229011,9.152316907462478,-3.4336797329396007
1759157703864350500,13.5173505859375,0.7930292502399533,9.149825090646743,-3.4383407104879615
1759157703874306600,13.527306640625,0.8033036837559193,9.146700821146368,-3.4442630862742663
1759157703884262100,13.53726220703125,0.8142679992321878,9.143199535027145,-3.450974858872592
1759157703894219300,13.54721923828125,0.8253540413919835,9.139450996148586,-3.4582667694464324
1759157703904175000,13.557175048828125,0.8366386017985642,9.135578538629412,-3.4657767066851255
1759157703914131200,13.567131103515624,0.8474260263379663,9.13162658613324,-3.473566337648034
1759157703924087000,13.577087158203126,0.8574155784979463,9.127510382986069,-3.4819203244954346
1759157703934043100,13.587043212890626,0.8668664206713438,9.123249802932143,-3.490735206852853
1759157703943999000,13.5969990234375,0.8753457874640822,9.11898103957176,-3.4997596403077242
1759157703953955000,13.606955078125,0.8825763963047415,9.114638041931391,-3.509245846055448
1759157703963911200,13.6169111328125,0.8887908138401805,9.110203858876227,-3.5191789187878366
1759157703973867300,13.6268671875,0.8951092032067477,9.105852093407512,-3.5288270370990036
1759157703983823000,13.636822998046876,0.9020646483678371,9.101609633532165,-3.537988540937006
1759157703993779200,13.646779296875,0.9099966834761202,9.097152654123306,-3.547411033798754
1759157704003735000,13.656735107421875,0.9195194949071854,9.092359574627876,-3.5572274944141506
1759157704013691100,13.666691162109375,0.9312740839783101,9.0873139816761,-3.567051553814113
1759157704023648000,13.67664794921875,0.9453009288303553,9.081744657111168,-3.5775288164258
1759157704033604000,13.68660400390625,0.9604811815012246,9.075460462275148,-3.589415069052577
1759157704043560000,13.696559814453124,0.97634218297787,9.06848010186851,-3.602751228226721
1759157704053516000,13.70651611328125,0.9922449047043919,9.061226769739388,-3.6166318695411084
1759157704063472000,13.71647216796875,1.0066333494104445,9.053888681936263,-3.6310032169818878
1759157704073428200,13.72642822265625,1.0179811843115836,9.04652779777944,-3.646155193406343
1759157704083384000,13.736384033203125,1.0266852997709066,9.039468526917695,-3.6611899731919166
1759157704093340200,13.746340087890625,1.0326550218302757,9.033301236459613,-3.67470528832525
1759157704103296000,13.7562958984375,1.0350266463324427,9.028397682327032,-3.6860719009920953
1759157704113252000,13.766252197265626,1.030716089656949,9.025619449785351,-3.6940780973151326
1759157704123208000,13.7762080078125,1.0195320670153944,9.025942690390348,-3.696393096259236
1759157704133164300,13.786164306640625,1.0041451858565211,9.029965370035171,-3.690772626028955
1759157704143120100,13.7961201171875,0.9871897402066737,9.037025809940696,-3.67804407735914
1759157704153077200,13.8060771484375,0.9690274029850959,9.04587722491622,-3.661075406901538
1759157704163033000,13.816033203125,0.9505020776700228,9.055416622155905,-3.64230085606575
1759157704172989200,13.8259892578125,0.9350867741342633,9.064547438594698,-3.623530981405079
1759157704182945000,13.835945068359376,0.9255011266000568,9.072328009468317,-3.6064807701438664
1759157704192901000,13.845901123046875,0.9229748960580676,9.077839466366171,-3.593236380906403
1759157704202857000,13.85585693359375,0.9259553731735796,9.080666214224696,-3.585315817040205
1759157704212813000,13.86581298828125,0.9318759223289788,9.08088424088955,-3.5832293661549683
1759157704222769000,13.875768798828124,0.9387883320659398,9.079395463636518,-3.5851983281403776
1759157704232725200,13.885725341796874,0.9453668336734176,9.077235655254125,-3.5889360533639785
1759157704242681000,13.89568115234375,0.950403366535902,9.075369861382246,-3.5923210196271538
1759157704252637200,13.90563720703125,0.9529141072478144,9.07424056509137,-3.5945109308868646
1759157704262593000,13.915593017578125,0.9518374179270118,9.07388985195756,-3.5956828972756862
1759157704272550100,13.925550048828125,0.9466903373621404,9.07403539790809,-3.596675123183429
1759157704282506000,13.935506103515625,0.937709158527106,9.07457841874361,-3.5976530283048747
1759157704292462000,13.945462158203124,0.9251929374337196,9.075479166975617,-3.598623334641754
1759157704302418000,13.95541796875,0.9089852414112538,9.076753424695134,-3.5995401572257277
1759157704312374000,13.9653740234375,0.8889085219357162,9.078518680801988,-3.6001021750226614
1759157704322330000,13.975330078125,0.8657270413778722,9.080888332542777,-3.5997722124159335
1759157704332286200,13.9852861328125,0.8409126989211887,9.08369988283217,-3.5985640056699513
1759157704342242000,13.995241943359375,0.8159539064925163,9.086818307113647,-3.5964360537305473
1759157704352198100,14.0051982421875,0.7916922294825315,9.090001028802991,-3.5938147653162478
1759157704362154000,14.015154052734376,0.7683888761106878,9.093229343199729,-3.590703647558391
1759157704372110000,14.025110107421876,0.7466057911086827,9.096464087337255,-3.5871018236741423
1759157704382066000,14.03506591796875,0.7271755528431385,9.099806968024373,-3.582615325909853
1759157704392023000,14.04502294921875,0.7105264697287231,9.103387164598702,-3.576853985904157
1759157704401979100,14.054979248046875,0.6963174732428044,9.107312813609838,-3.5696509226575492
1759157704411935000,14.06493505859375,0.6837389275029301,9.11154416756928,-3.561274139456451
1759157704421891300,14.074891357421874,0.6722633745688945,9.11598244227767,-3.5520837017849085
1759157704431847200,14.08484716796875,0.6621159284334629,9.120259973466396,-3.5430011084020134
1759157704441803300,14.09480322265625,0.6535848314534872,9.124086838278174,-3.534721648095548
1759157704451759000,14.104759033203125,0.647266076760739,9.127283588492869,-3.5276255523547526
1759157704461715000,14.11471484375,0.6430769545078278,9.129725720947981,-3.522063826574385
1759157704471671000,14.124671142578125,0.6407448582984506,9.131346600148081,-3.51828723064512
1759157704481627000,14.134626953125,0.6402960185524076,9.13218948071301,-3.516180321493745
1759157704491583200,14.144583251953126,0.6418046695496886,9.132202924716472,-3.5158673100218176
1759157704501539000,14.1545390625,0.6449705862347036,9.13138576311469,-3.5174092787668108
1759157704511496200,14.16449609375,0.6497820781696587,9.129882957336307,-3.520427457544207
1759157704521452300,14.174452392578125,0.6555342850208282,9.127568250653146,-3.5253593609884377
1759157704531408100,14.184408203125,0.6620574762444943,9.124463270375132,-3.532169917786121
1759157704541364200,14.1943642578125,0.6693214028328657,9.120590228334068,-3.540793953746557
1759157704551320000,14.204320068359374,0.6773448425516486,9.116148446494341,-3.5506928319483992
1759157704561276200,14.214276123046876,0.6861139860711991,9.111493898686765,-3.5609450536325573
1759157704571232000,14.22423193359375,0.6958934756770729,9.10704568710625,-3.5704125546798107
1759157704581188000,14.23418798828125,0.7075492805488407,9.102958710053562,-3.578530394683778
1759157704591144200,14.244144287109375,0.7220281069520861,9.09886121160686,-3.586053483664989
1759157704601100300,14.254100341796875,0.7409190507091581,9.094263946944475,-3.593856850892305
1759157704611056000,14.26405615234375,0.7657501981701701,9.088646107062697,-3.6028485511213537
1759157704621013200,14.27401318359375,0.7969942814134061,9.081569300544261,-3.6138995219677685
1759157704630969000,14.283968994140626,0.8331868539094924,9.072721392700075,-3.627936522887647
1759157704640925200,14.29392529296875,0.8732697849076241,9.062080171698332,-3.6450633065164086
1759157704650881000,14.303881103515625,0.9158904907550662,9.049591861525178,-3.665571841537952
1759157704660837000,14.313837158203125,0.9591443799395114,9.034828592157364,-3.6908380924805995
1759157704670793000,14.32379296875,1.000891225561872,9.017447249245643,-3.7221255034089085
1759157704680749000,14.3337490234375,1.0373897222019732,8.998964082571863,-3.756707571968436
1759157704690705200,14.343705078125,1.0648510720361024,8.982499854505061,-3.7882919200167056
1759157704700661200,14.3536611328125,1.0822847296569496,8.969886456647515,-3.8131618651181456
1759157704710617000,14.3636171875,1.093078510871902,8.960711216545105,-3.8316073301300406
1759157704720573200,14.3735732421875,1.0997099117103963,8.953823210597038,-3.8457869543910026
1759157704730529000,14.383529052734374,1.1020727683842182,8.948304739436507,-3.8579365341290828
1759157704740486100,14.393486083984374,1.0996783475283534,8.943813857758045,-3.8690170233309265
1759157704750442000,14.40344189453125,1.0955781456679106,8.939426436454058,-3.88030326423794
1759157704760398000,14.413398193359376,1.0930910050272942,8.934219515460729,-3.8929748220235108
1759157704770354000,14.42335400390625,1.0955209355879574,8.927314558377862,-3.908104586616158
1759157704780310300,14.433310302734375,1.103932132515311,8.91817848124206,-3.926553558759391
1759157704790266000,14.44326611328125,1.1162710973456502,8.906791994830966,-3.9488434242397545
1759157704800222200,14.45322216796875,1.1306324348490684,8.89354263715744,-3.9745357916399833
1759157704810178000,14.463177978515626,1.1454776834119111,8.879087410825491,-4.002504579539597
1759157704820134100,14.473134033203126,1.1608583540257065,8.864528724119067,-4.030248326511681
1759157704830090000,14.483090087890625,1.1759105233374982,8.850883645126222,-4.055792517612875
1759157704840046000,14.493046142578125,1.1892827767383307,8.83860050213635,-4.078622481319308
1759157704850003000,14.5030029296875,1.2000028351299463,8.827868680241703,-4.098673920223117
1759157704859959000,14.512958984375,1.2074014940138906,8.81840234823823,-4.1168361843794585
1759157704869915100,14.5229150390625,1.2108208740033208,8.810155328896641,-4.133456479790807
1759157704879871200,14.532871337890626,1.2111575586117804,8.803264400339126,-4.148014581975341
1759157704889827300,14.542827392578126,1.2095973235577344,8.798114762490988,-4.159380902381241
1759157704899783200,14.552783203125,1.2065273415278643,8.794674851170182,-4.167538782134652
1759157704909739300,14.5627392578125,1.2027563716217875,8.79247587982118,-4.173265343087912
1759157704919695000,14.572695068359375,1.198118701883778,8.790850324445962,-4.178022182226181
1759157704929651200,14.582651123046874,1.1927935613382608,8.789551516807078,-4.182275455756486
1759157704939607000,14.59260693359375,1.186329406825453,8.788325189882517,-4.1866880115017295
1759157704949563400,14.6025634765625,1.179410421217233,8.786642935883998,-4.192170534566045
1759157704959520300,14.612520263671875,1.1728777315128593,8.784297249540685,-4.198914748129249
1759157704969476000,14.62247607421875,1.1671814926326274,8.781307420074938,-4.206746464668214
1759157704979432200,14.63243212890625,1.1623755536556244,8.77782074700296,-4.215346242970228
1759157704989388300,14.64238818359375,1.158506676333025,8.77392023243308,-4.224523528899252
1759157704999344000,14.65234423828125,1.1559219936020673,8.76981805781126,-4.2337341325759885
1759157705009300200,14.66230029296875,1.1540038119558245,8.765593133592605,-4.242999681310355
1759157705019256000,14.672256103515625,1.151780729078874,8.760961966660618,-4.253156625926494
1759157705029212200,14.682212158203125,1.1497379712048916,8.755724066007136,-4.264481445278227
1759157705039168000,14.69216796875,1.148917740863189,8.749587755209207,-4.277276921704411
1759157705049124400,14.702124267578125,1.1497022423043846,8.74255186522305,-4.291429365697502
1759157705059081200,14.712081298828124,1.151500743093714,8.734705243375897,-4.3068987375080585
1759157705069037300,14.722037353515624,1.1540384448777883,8.726127384644746,-4.323573977977037
1759157705078993400,14.731993408203126,1.1582777629479766,8.716956236195564,-4.3409035907015205
1759157705088949200,14.74194921875,1.1636339562188833,8.707613238310813,-4.358186441674828
1759157705098905300,14.7519052734375,1.169523817975074,8.69863264399767,-4.374515937446057
1759157705108861200,14.761861083984375,1.1745435458332298,8.689971783158182,-4.390356188395619
1759157705118817300,14.7718173828125,1.176942204472795,8.681402107733488,-4.4066354152843354
1759157705128773000,14.781773193359374,1.177221532870829,8.673103650465608,-4.422873725640773
1759157705138729200,14.791729248046876,1.1768453199695794,8.665553381216526,-4.437750392255187
1759157705148685300,14.801685302734375,1.1768920817207544,8.65888690906465,-4.450729993076623
1759157705158641400,14.811641357421875,1.1778992129366843,8.653007203376292,-4.461883255253732
1759157705168598300,14.821598388671875,1.1798581649847328,8.647657659041881,-4.471727480658888
1759157705178554400,14.831554443359375,1.181293385419622,8.643031168285011,-4.480286342428625
1759157705188510200,14.84151025390625,1.1833882388070225,8.638698692038655,-4.488082403132319
1759157705198466300,14.85146630859375,1.1865836007822304,8.634778888246416,-4.494774594247341
1759157705208422100,14.861422119140625,1.1912564148988574,8.631262989079952,-4.500287220188975
1759157705218378200,14.871378173828125,1.1971079904712736,8.627464181318878,-4.506016996012628
1759157705228334000,14.881333984375,1.2022548518404363,8.623050456529855,-4.513089126355946
1759157705238290400,14.89129052734375,1.2055577658433467,8.6184742346555,-4.520941593421996
1759157705248246300,14.901246337890624,1.2072469610393046,8.613787538143992,-4.529415407256781
1759157705258202400,14.911202392578126,1.2074860304921864,8.609493640342354,-4.537509281863272
1759157705268158200,14.921158203125,1.2054012601073831,8.605683726665378,-4.545285761083663
1759157705278115300,14.931115234375,1.201489493491128,8.602589852303266,-4.552170844422281
1759157705288071200,14.9410712890625,1.1951522532936185,8.600055949911475,-4.558621335735917
1759157705298027300,14.95102734375,1.1879548891354352,8.597857563084363,-4.564646295113861
1759157705307983000,14.960983154296875,1.1807547484982759,8.596373462006449,-4.569308149445057
1759157705317939200,14.970939208984374,1.1736940163318068,8.595022047397494,-4.573666052393615
1759157705327895000,14.98089501953125,1.1681045257616787,8.593031165841222,-4.578835563986003
1759157705337851400,14.990851318359375,1.1659963745012878,8.590283328437804,-4.584525592321157
1759157705347807200,15.00080712890625,1.1677084391161798,8.586658123677969,-4.590874961347878
1759157705357763300,15.010763427734375,1.1724642553411424,8.58242326258719,-4.597577089335024
1759157705367719200,15.02071923828125,1.1778204486120492,8.577917767861486,-4.604612687060237
1759157705377676300,15.03067626953125,1.180470963120833,8.573484753850101,-4.612184291358292
1759157705387632000,15.040632080078124,1.178728357237205,8.570120830374956,-4.618876774734258
1759157705397588200,15.050588134765626,1.1717431014597415,8.568712132620812,-4.623263319255411
1759157705407544000,15.0605439453125,1.1590264624234288,8.56998288320899,-4.62411467538774
1759157705417500200,15.070500244140625,1.1412561932593583,8.573854171684383,-4.621357193373143
1759157705427456300,15.080456298828125,1.120814951320365,8.579915079158544,-4.61510660854578
1759157705437412400,15.090412353515624,1.101160183583945,8.58687790390849,-4.606882385557889
1759157705447368200,15.1003681640625,1.084119616933912,8.59415110978186,-4.597352632929384
1759157705457324300,15.11032421875,1.070587058404833,8.601082370349765,-4.587551077622175
1759157705467280100,15.120280029296875,1.0601123530764132,8.608154500693082,-4.576704981698096
1759157705477237200,15.1302373046875,1.053145144412294,8.61539321977496,-4.564678443817794
1759157705487193000,15.140193115234375,1.0500001243848354,8.622098854893446,-4.552725555695593
1759157705497149200,15.150149169921875,1.050428359734267,8.627751181566715,-4.541907809083163
1759157705507105000,15.16010498046875,1.0539092606525868,8.632649475002289,-4.531780967344344
1759157705517061000,15.17006103515625,1.059298917801678,8.637044495090842,-4.52213606390357
1759157705527017200,15.180017333984376,1.0665825720038264,8.64087077538073,-4.513106662012636
1759157705536973300,15.189973388671875,1.076315519054234,8.64389216902852,-4.505007234448194
1759157705546929200,15.19992919921875,1.088152964103222,8.64545810317099,-4.49915003285259
1759157705556885200,15.20988525390625,1.1027890999600292,8.644797593435644,-4.496856953479349
1759157705566841000,15.219841064453124,1.1200242393340916,8.641464649620652,-4.49899981072694
1759157705576798200,15.229798095703124,1.1404507951606064,8.63555688688159,-4.505210063543916
1759157705586754300,15.23975439453125,1.164928306878358,8.627090671831368,-4.515154242192208
1759157705596710100,15.249710205078125,1.1935749940395355,8.616303904879093,-4.528254546783864
1759157705606666200,15.259666259765625,1.2248537102047354,8.60358938473463,-4.544048912765086
1759157705616622300,15.269622314453125,1.2567271773926914,8.589445124047995,-4.562066800014675
1759157705626578400,15.279578369140625,1.2869940131016075,8.574559105083345,-4.581589831130207
1759157705636534300,15.2895341796875,1.315442839603126,8.559494222420453,-4.601634255771339
1759157705646490400,15.299490478515626,1.3432440158508718,8.544816877770423,-4.62084164506644
1759157705656446200,15.3094462890625,1.3699527206867932,8.530844466519355,-4.638783544470369
1759157705666402300,15.31940234375,1.395177178314328,8.51731395381689,-4.656094744755327
1759157705676358100,15.329358154296875,1.4196297747865319,8.504204296874999,-4.672638175538182
1759157705686315300,15.339315185546875,1.443873550813645,8.491342477214335,-4.688573995816707
1759157705696271000,15.34927099609375,1.4697491658262907,8.478088443365692,-4.7044919881775975
1759157705706227200,15.359227294921874,1.4974806378386913,8.464021339568495,-4.721046232615411
1759157705716183300,15.369183349609376,1.5283338951334355,8.449218907234073,-4.737644023934006
1759157705726139400,15.379139404296875,1.5601666649848223,8.433889820677042,-4.7545516118541356
1759157705736095200,15.38909521484375,1.591222166853398,8.418149815231562,-4.77212146307528
1759157705746051300,15.39905126953125,1.620999903871119,8.401818858155607,-4.790843699201941
1759157705756007200,15.409007080078124,1.6489641617260873,8.38426566580832,-4.812006606478989
1759157705765963300,15.41896337890625,1.6759284487582742,8.365026127809285,-4.836112873731553
1759157705775920000,15.428920166015626,1.702402614185959,8.344190845051408,-4.862786653384566
1759157705785876200,15.438876220703126,1.728952767459303,8.322210483911633,-4.891003570826351
1759157705795832000,15.44883203125,1.7585965028338133,8.299988130709528,-4.918122756159305
1759157705805788200,15.4587880859375,1.7925770983688532,8.278807395514846,-4.941498955571651
1759157705815744300,15.468744140625,1.8269976927563547,8.259111345919965,-4.961809337672591
1759157705825700400,15.478700439453124,1.8604240154094993,8.23989343523085,-4.981303727215528
1759157705835656200,15.48865625,1.8929608418770134,8.220634023487568,-5.000825589287281
1759157705845612300,15.4986123046875,1.9253766723133623,8.201562827792763,-5.019730196243525
1759157705855568100,15.508568115234375,1.9574970269344747,8.182777463302015,-5.037932792410254
1759157705865524200,15.518524169921875,1.9900943514175713,8.164088544923066,-5.055450913444161
1759157705875480000,15.52847998046875,2.0229481348797678,8.14522894615233,-5.072802445739508
1759157705885437400,15.5384375,2.0567745627664027,8.126370516425371,-5.089418064975738
1759157705895393500,15.5483935546875,2.090723740249872,8.10791131514907,-5.105002587598562
1759157705905349400,15.558349365234376,2.1243052534647284,8.089977599051593,-5.119570042133331
1759157705915305700,15.5683056640625,2.1562026129849254,8.072393427044153,-5.133969154363871
1759157705925261600,15.578261474609375,2.1856300752602515,8.055309021252393,-5.148339040499925
1759157705935217700,15.5882177734375,2.213441480641067,8.038440304037929,-5.162803619182109
1759157705945173500,15.598173583984375,2.243130954853445,8.021025643378495,-5.177055431896448
1759157705955129600,15.608129638671874,2.275886392507702,8.002969762206076,-5.190686482363939
1759157705965085400,15.61808544921875,2.3120523692578074,7.9843913184642785,-5.203296957612038
1759157705975041500,15.62804150390625,2.3527732328332958,7.965464499676227,-5.214039885422587
1759157705984998400,15.637998291015625,2.3994801850810648,7.946272892472147,-5.222032637742162
1759157705994954500,15.64795458984375,2.450859805314988,7.9267942850202315,-5.227772058176994
1759157706004910600,15.65791064453125,2.5053844455763694,7.906102210125327,-5.233258380633592
1759157706014866700,15.66786669921875,2.5616189584955573,7.8838786878794425,-5.239557188516855
1759157706024822500,15.677822509765624,2.6199673948287963,7.8603265473783015,-5.246088636112213
1759157706034778600,15.687778564453126,2.6802497218340635,7.835333560419082,-5.253018727636337
1759157706044734500,15.697734375,2.7412092174485325,7.808038141736388,-5.262196305826306
1759157706054690600,15.707690673828125,2.7981124234095214,7.77826902641654,-5.276313678506017
1759157706064646400,15.717646484375,2.8446862507969137,7.748358456799387,-5.295383120635152
1759157706074602500,15.7276025390625,2.876233189444244,7.721931053122877,-5.316903463047742
1759157706084559400,15.737559326171874,2.890173744252324,7.699525744569301,-5.341777207541465
1759157706094515500,15.747515380859374,2.8896543965533374,7.679519898372888,-5.370779430142044
1759157706104471600,15.757471435546876,2.8791353406265374,7.661605471497774,-5.401922756424546
1759157706114427600,15.767427734375,2.864181224861741,7.646473368817567,-5.431232437539101
1759157706124383500,15.777383544921875,2.8528225032404064,7.63436382882893,-5.454197133541107
1759157706134339600,15.787339599609375,2.849180347345769,7.624899834913015,-5.4693181303054095
1759157706144295400,15.79729541015625,2.8544872215822337,7.615806427875161,-5.479213501375913
1759157706154251500,15.80725146484375,2.871769780294597,7.605115522512793,-5.4850283251345155
1759157706164207400,15.817207275390626,2.9011861366540193,7.592448348641395,-5.4870951945364475
1759157706174163500,15.82716357421875,2.9389374828994272,7.578290059429406,-5.486577892664075
1759157706184120300,15.837120361328125,2.980458703072369,7.561839859887957,-5.486878921437263
1759157706194076400,15.847076416015625,3.021382541874051,7.543241542401909,-5.490094960874319
1759157706204032500,15.857032470703125,3.058120911684632,7.524246919074654,-5.495816261130571
1759157706213988600,15.866988525390624,3.089212507779896,7.505075770136713,-5.504634358358383
1759157706223944400,15.8769443359375,3.116106359924376,7.485047712108493,-5.516732207909226
1759157706233900500,15.886900634765626,3.1396400879859923,7.46353087682724,-5.532517221540212
1759157706243856400,15.8968564453125,3.1606229625210163,7.440828046631813,-5.5511190461575985
1759157706253812500,15.9068125,3.177413938324153,7.418184837669133,-5.571800599658489
1759157706263768300,15.916768310546875,3.1897435508042573,7.396217336010933,-5.593915985354781
1759157706273724700,15.926724609375,3.1969378462225198,7.374931971397996,-5.617860924565791
1759157706283681500,15.936681640625,3.1997675166904926,7.353770525425672,-5.643929431802034
1759157706293637600,15.9466376953125,3.2000004486635327,7.33230921972394,-5.671649797898531
1759157706303593700,15.95659375,3.198238991948962,7.310324766930937,-5.7009477885752915
1759157706313549600,15.966549560546875,3.192281837110221,7.287801384955644,-5.733034533187746
1759157706323505400,15.97650537109375,3.1801401484176512,7.26414110790491,-5.769691654455661
1759157706333461500,15.98646142578125,3.1595448118954894,7.238817866078019,-5.812673302569985
1759157706343417300,15.996417236328124,3.1287530755296347,7.210836218696833,-5.8638838498473165
1759157706353373400,16.00637353515625,3.086136753596365,7.181144844788313,-5.922610179582238
1759157706363329500,16.01632958984375,3.0338188295990225,7.155301378479599,-5.980634498527646
1759157706373285600,16.02628564453125,2.980844487519562,7.132810729730129,-6.033901978334784
1759157706383242500,16.036242431640623,2.933913224996626,7.111884261557459,-6.081417762747407
1759157706393198600,16.046198486328127,2.897179239100218,7.092221529710292,-6.121856156119704
1759157706403154700,16.05615478515625,2.870707119499147,7.074030039459466,-6.1552837939471
1759157706413110500,16.066110595703126,2.859454780861735,7.055902846616506,-6.181272806206345
1759157706423066600,16.076066650390626,2.8678727728560567,7.040021386873722,-6.195465582209825
1759157706433022500,16.0860224609375,2.8938232066705822,7.030490757462382,-6.194222888672352
1759157706442978600,16.095978515625,2.9304475947126742,7.0272799787223335,-6.180631585693359
1759157706452934400,16.105934326171877,2.967655627861619,7.02670714727044,-6.163503340759873
1759157706463513600,16.116513671875,3.0000349256798624,7.025816920432448,-6.148826580631733
1759157706473469400,16.126469482421875,3.0226345877617598,7.023064991375803,-6.140898125720024
1759157706483425500,16.136425537109375,3.0370658486962316,7.018745959132909,-6.138715520983934
1759157706493381400,16.14638134765625,3.043419017115235,7.012812477430701,-6.1423489090502255
1759157706503337700,16.156337646484374,3.0435522881060835,7.005640978366136,-6.150459734791517
1759157706513293600,16.16629345703125,3.042145636178553,6.997848717054724,-6.16002075934112
1759157706523249700,16.176249755859374,3.041156625141203,6.990608244407176,-6.168722536712885
1759157706533206500,16.18620654296875,3.0376477402374147,6.9857064438402645,-6.176001003283262
1759157706543162600,16.19616259765625,3.030979806780815,6.982722459593415,-6.182648186212778
1759157706553118500,16.206118408203125,3.024445144315064,6.979569548520446,-6.189404674735665
1759157706563074600,16.216074462890624,3.0217957988500594,6.9766650592505925,-6.193970375216007
1759157706573030400,16.226030517578124,3.0251012701362368,6.97525285436511,-6.193947578862309
1759157706582986500,16.235986572265624,3.033911768579483,6.976309085419774,-6.188446643358469
1759157706592942600,16.245942626953124,3.04681362798959,6.980075159955025,-6.177853353151678
1759157706602898700,16.255898681640623,3.0634517513185737,6.986124961513281,-6.162767427700758
1759157706612854500,16.2658544921875,3.081657562355697,6.993355497288704,-6.145466748809814
1759157706622811600,16.275811767578126,3.0995123679980634,6.999355614486336,-6.129636726993322
1759157706632767500,16.285767578125,3.117000678415596,7.004091995358467,-6.115339906093478
1759157706642723600,16.2957236328125,3.132057085511088,7.009154539445042,-6.101831605222821
1759157706652679400,16.305679443359374,3.143915573348105,7.013619702160358,-6.090591249284148
1759157706662635500,16.315635498046873,3.1518557186976075,7.016221993613243,-6.083486385715007
1759157706672591400,16.32559130859375,3.154551825913787,7.016651032680272,-6.0815937038362025
1759157706682547500,16.33554736328125,3.1517455363214015,7.015570251706242,-6.084296533054113
1759157706692503600,16.345503662109376,3.147602445167303,7.01236648722887,-6.090131815078855
1759157706702459600,16.355459716796876,3.144398096168041,7.00749917345345,-6.097385147207975
1759157706712415500,16.36541552734375,3.1419466113626955,7.001776119631528,-6.105217740529775
1759157706722372600,16.37537255859375,3.1413761179983615,6.995368590676784,-6.112852765452861
1759157706732328400,16.385328369140623,3.1410125453829765,6.988949371284246,-6.120377315738796
1759157706742284500,16.395284423828127,3.1394585939392448,6.983259050688147,-6.127666303703188
1759157706752240400,16.405240478515626,3.13684665787518,6.977869174343347,-6.135137077975273
1759157706762196500,16.415196533203126,3.1329367909550663,6.972559377497435,-6.143166655173897
1759157706772152300,16.42515234375,3.1280165779486295,6.967882617858052,-6.15097586762011
1759157706782108700,16.435108642578125,3.1241213240757584,6.963191829693317,-6.158262517496943
1759157706792064500,16.445064453125,3.1220147071853277,6.959238708153366,-6.163797939792275
1759157706802020600,16.4550205078125,3.121688543970883,6.957600293296575,-6.165812202224135
1759157706811976400,16.4649765625,3.1230875971138476,6.957382266631722,-6.165350429931283
1759157706821933600,16.47493359375,3.1245652684509753,6.9575535315454005,-6.164408180645108
1759157706831889700,16.4848896484375,3.12442615224123,6.957230290940403,-6.164843649452925
1759157706841845500,16.494845458984376,3.1230364514485,6.955957786786556,-6.166981246003508
1759157706851801600,16.504801513671875,3.119736825381219,6.953366016727686,-6.171575003534555
1759157706861757400,16.51475732421875,3.111952747376263,6.947261270111799,-6.1823687847495075
1759157706871713300,16.52471337890625,3.099858112695813,6.940275064486265,-6.19627631407082
1759157706881669600,16.534669677734374,3.0862086497887966,6.932854559096693,-6.2113797751784325
1759157706891626000,16.5446259765625,3.0715465027078985,6.925206674692034,-6.227159528112411
1759157706901581800,16.554581787109374,3.057409256283939,6.917889045155048,-6.242231425037979
1759157706911538000,16.564537841796874,3.046800476247072,6.911120866194367,-6.254901521518826
1759157706921495000,16.5744951171875,3.041566959507763,6.905451003864407,-6.2637050056993955
1759157706931451000,16.584450927734373,3.041142012093961,6.901407865953445,-6.268365398725867
1759157706941407000,16.594406982421877,3.0434347992062567,6.8984513542354104,-6.270505917885899
1759157706951362800,16.60436279296875,3.0464547315493222,6.895906930449605,-6.271839212316274
1759157706961318700,16.614318603515624,3.0481422462448475,6.893594561854004,-6.273562382847071
1759157706971274800,16.624274658203124,3.0473715541332957,6.890713453459739,-6.277098155757784
1759157706981230800,16.63423095703125,3.044931759765744,6.8871496234983205,-6.282193433070183
1759157706991187000,16.64418701171875,3.0416780186668038,6.8835548138767475,-6.287706059011817
1759157707001142800,16.654142822265626,3.0382094657734036,6.879795169082284,-6.293495748329162
1759157707011099000,16.664098876953126,3.035441170103848,6.875934986522793,-6.299049290803074
1759157707021054700,16.6740546875,3.033236061275005,6.872135009717941,-6.304256211796402
1759157707031011800,16.68401171875,3.0320804614990946,6.8684723955571645,-6.308799115923047
1759157707040968000,16.693968017578126,3.031601153549552,6.865351048666239,-6.312428412336111
1759157707050923800,16.703923828125,3.0309917894795535,6.861186914724112,-6.3172460417509075
1759157707060880000,16.7138798828125,3.028303573308885,6.8559086820602415,-6.324262057992816
1759157707070835700,16.723835693359376,3.0256878378525376,6.850438726216554,-6.331435895144939
1759157707080792000,16.7337919921875,3.0245532808646556,6.844837837469577,-6.338031640148163
1759157707090748000,16.743747802734376,3.026514351804554,6.840288503602147,-6.342006973519921
1759157707100704000,16.7537041015625,3.029700288364291,6.837897809073328,-6.343063789096474
1759157707110659800,16.763659912109375,3.032735126015544,6.836263485869765,-6.343374754741787
1759157707120616000,16.773615966796875,3.0347505574911833,6.8347215171247715,-6.344073258399963
1759157707130571800,16.78357177734375,3.03453253082633,6.832697317820787,-6.346358154466748
1759157707140527900,16.79352783203125,3.0321275155112146,6.830747352796792,-6.3496051735639565
1759157707150484700,16.803484619140626,3.028947424170375,6.829292477813363,-6.352688526532053
1759157707160440800,16.81344091796875,3.0293782168030736,6.828422709241509,-6.353416256284714
1759157707170397000,16.82339697265625,3.0353502769500014,6.828007698699832,-6.351011533230543
1759157707180353000,16.83335302734375,3.045568304103613,6.82838413079679,-6.345714595866203
1759157707190308900,16.843308837890625,3.058249214239418,6.829405875059962,-6.3385109480977055
1759157707200265000,16.853264892578125,3.072198536875844,6.830334680342673,-6.330759018796682
1759157707210220800,16.863220703125,3.0870705273151398,6.83105071965754,-6.322746392732858
1759157707220177000,16.873177001953124,3.1008532612130044,6.831167039513588,-6.315871830788255
1759157707230132700,16.8831328125,3.109429658639431,6.830269798412918,-6.3126248116910455
1759157707240088800,16.8930888671875,3.109392249238491,6.8278194826513525,-6.315293738639355
1759157707250045000,16.903044921875,3.1002056109592315,6.823096545782685,-6.324907370159029
1759157707260001000,16.9130009765625,3.082168726748228,6.815596545416116,-6.34178602424562
1759157707269958000,16.9229580078125,3.0541011546492576,6.805417681229114,-6.3662488498508925
