time,seconds_elapsed,z,y,x
1759645159669644500,0.05964453125,-0.02251822128891945,-0.07400617748498917,-0.009579294361174107
1759645159679602700,0.069602783203125,-0.02421199157834053,-0.0679035484790802,0.01715138740837574
1759645159689559800,0.079559814453125,-0.024523328989744186,-0.014180094934999943,0.024008478969335556
1759645159699516700,0.0895166015625,-0.029446180909872055,0.06706815212965012,0.022362645715475082
1759645159709473500,0.0994736328125,-0.041525814682245255,0.14415936172008514,0.022376352921128273
1759645159719430700,0.1094306640625,-0.04656318575143814,0.1887260228395462,0.03318159654736519
1759645159729387800,0.1193876953125,-0.03845461830496788,0.18753530085086823,0.04948405176401138
1759645159739344600,0.1293447265625,-0.03603353723883629,0.16312742233276367,0.07217950373888016
1759645159749302500,0.139302490234375,-0.034289777278900146,0.13925130665302277,0.07931528985500336
1759645159759259600,0.149259765625,-0.040168702602386475,0.1338173896074295,0.07031567394733429
1759645159769216800,0.159216796875,-0.05181107670068741,0.11294743418693542,0.04838768020272255
1759645159779173600,0.169173583984375,-0.05343986302614212,0.042011477053165436,0.038980063050985336
1759645159789130800,0.179130859375,-0.05221940949559212,0.0020276145078241825,0.05689253285527229
1759645159799087900,0.189087890625,-0.05090140923857689,0.014249926432967186,0.07175297290086746
1759645159809044500,0.19904443359375,-0.0477406345307827,0.040690917521715164,0.073953777551651
1759645159819001600,0.209001708984375,-0.039639297872781754,0.07934004068374634,0.06570383906364441
1759645159828959700,0.218959716796875,-0.030979230999946594,0.11357524245977402,0.05302586033940315
1759645159838916900,0.228916748046875,-0.036159876734018326,0.09155728667974472,0.04718980938196182
1759645159848873700,0.238873779296875,-0.03136375918984413,0.04633600637316704,0.0648639127612114
1759645159858830600,0.24883056640625,-0.021803811192512512,0.01591605134308338,0.08537504822015762
1759645159868787700,0.25878759765625,-0.01669536717236042,-0.0022216630168259144,0.0926012322306633
1759645159878744600,0.26874462890625,-0.020690107718110085,-0.020424101501703262,0.08166389167308807
1759645159888701700,0.27870166015625,-0.01969042234122753,-0.03827910125255585,0.07918767631053925
1759645159898658800,0.288658935546875,-0.01384025625884533,-0.036705173552036285,0.07876609265804291
1759645159908616000,0.298615966796875,-0.007768716663122177,-0.018710890784859657,0.07796715945005417
1759645159918573600,0.308573486328125,-0.00438463781028986,0.014084340073168278,0.07454580068588257
1759645159928530700,0.31853076171875,-0.003892808686941862,0.04671420902013779,0.06574983149766922
1759645159938487800,0.32848779296875,-0.008120843209326267,0.05562594532966614,0.06019740551710129
1759645159948444700,0.338444580078125,-0.025586890056729317,0.024114619940519333,0.07237857580184937
1759645159958401800,0.34840185546875,-0.017262114211916924,-0.012503312900662422,0.0993257686495781
1759645159968358700,0.358358642578125,-0.005247667897492647,-0.01878977194428444,0.11656621098518372
1759645159978315500,0.3683154296875,-0.0005663633346557617,0.004508093930780888,0.11940301209688187
1759645159988272600,0.378272705078125,-0.0038028310518711805,0.04550635442137718,0.10991038382053375
1759645159998230800,0.388230712890625,-0.013281553983688354,0.08530144393444061,0.09700071066617966
1759645160008187600,0.398187744140625,-0.023712463676929474,0.10353762656450272,0.0931253582239151
1759645160018144500,0.40814453125,-0.021555837243795395,0.06971947103738785,0.09872385114431381
1759645160028101600,0.4181015625,-0.01552930474281311,0.02835976332426071,0.10056470334529877
1759645160038058800,0.428058837890625,-0.008496961556375027,0.007684578187763691,0.09826000779867172
1759645160048015600,0.438015625,-0.009602230973541737,-0.0021729664877057076,0.09440813213586807
1759645160057972700,0.44797265625,-0.008707941509783268,-0.028463691473007202,0.09668327122926712
1759645160067929900,0.457929931640625,-0.015757903456687927,-0.056093696504831314,0.10294471681118011
1759645160077887700,0.4678876953125,-0.02521052584052086,-0.08128000795841217,0.1207607313990593
1759645160087844600,0.4778447265625,-0.021634317934513092,-0.07832901924848557,0.12696869671344757
1759645160097801700,0.4878017578125,-0.013646965846419334,-0.05918622389435768,0.11422014236450195
1759645160107758800,0.4977587890625,-0.007507663685828447,-0.042470838874578476,0.09431105852127075
1759645160117715700,0.5077158203125,-0.005045571364462376,-0.04116828367114067,0.08504725247621536
1759645160127672600,0.517672607421875,-0.008206108585000038,-0.06380961090326309,0.09755098819732666
1759645160137630000,0.5276298828125,-0.010288167744874954,-0.0934484601020813,0.12139507383108139
1759645160147586800,0.5375869140625,-0.0006894827820360661,-0.1338215172290802,0.14751042425632477
1759645160157545000,0.547544921875,0.007019569631665945,-0.16551339626312256,0.16565826535224915
1759645160167501800,0.557501708984375,0.01053638570010662,-0.17648515105247498,0.1693892478942871
1759645160177459000,0.567458984375,0.005029767751693726,-0.16233231127262115,0.15970812737941742
1759645160187415800,0.577415771484375,-0.0018622493371367455,-0.14298376441001892,0.14848892390727997
1759645160197373000,0.587373046875,-0.013978034257888794,-0.13047143816947937,0.1400056928396225
1759645160207330000,0.597330078125,-0.02213415689766407,-0.11579027026891708,0.13150137662887573
1759645160217287000,0.607286865234375,-0.024565888568758965,-0.09580057859420776,0.11991023272275925
1759645160227243800,0.617243896484375,-0.03279058262705803,-0.06547419726848602,0.10581160336732864
1759645160237202000,0.627201904296875,-0.03827802464365959,-0.03838345780968666,0.09069123864173889
1759645160247159000,0.637158935546875,-0.038548726588487625,-0.02515135519206524,0.07756016403436661
1759645160257116000,0.647115966796875,-0.035118840634822845,-0.009785713627934456,0.05863254889845848
1759645160267073000,0.657072998046875,-0.038483209908008575,0.0042608631774783134,0.04396172612905502
1759645160277030000,0.66702978515625,-0.03893275186419487,0.016043486073613167,0.03694376349449158
1759645160286986800,0.67698681640625,-0.035225871950387955,0.013394961133599281,0.03584498167037964
1759645160296943900,0.68694384765625,-0.037211257964372635,-0.0033597848378121853,0.039734795689582825
1759645160306901000,0.69690087890625,-0.0383409708738327,-0.013602301478385925,0.04169568046927452
1759645160316857900,0.70685791015625,-0.037145745009183884,-0.013194838538765907,0.042135633528232574
1759645160326815700,0.716815673828125,-0.036323439329862595,0.006725911516696215,0.03374682739377022
1759645160336772900,0.72677294921875,-0.03924253210425377,0.03599831461906433,0.0190227422863245
1759645160346730000,0.73672998046875,-0.0440882109105587,0.036533795297145844,0.01015868503600359
1759645160356686800,0.746686767578125,-0.05498932674527168,-0.005406731739640236,0.022860364988446236
1759645160366644000,0.75664404296875,-0.050694409757852554,-0.0358969010412693,0.04349305480718613
1759645160376601000,0.76660107421875,-0.0458139032125473,-0.04421102628111839,0.052207183092832565
1759645160386557700,0.7765576171875,-0.0440073162317276,-0.022308072075247765,0.04510091617703438
1759645160396514800,0.786514892578125,-0.043312765657901764,0.010550808161497116,0.028856966644525528
1759645160406473000,0.796472900390625,-0.04046706482768059,-0.007672330364584923,0.0257350355386734
1759645160416430000,0.80643017578125,-0.03789178654551506,-0.04953562468290329,0.04733407124876976
1759645160426387000,0.816386962890625,-0.02738376334309578,-0.07218087464570999,0.07541833817958832
1759645160436343800,0.82634375,-0.01855192333459854,-0.07687629014253616,0.08708538115024567
1759645160446301000,0.836301025390625,-0.017839277163147926,-0.0703711211681366,0.08068186789751053
1759645160456257800,0.8462578125,-0.02025849185883999,-0.0555221289396286,0.05916459113359451
1759645160466215000,0.85621484375,-0.022766897454857826,-0.054504018276929855,0.042443711310625076
1759645160476172000,0.866172119140625,-0.02821146324276924,-0.05385847017168999,0.045445092022418976
1759645160486130000,0.8761298828125,-0.024808082729578018,-0.051889389753341675,0.05452783405780792
1759645160496086800,0.886086669921875,-0.021432790905237198,-0.04044871777296066,0.057376615703105927
1759645160506044000,0.8960439453125,-0.017405282706022263,-0.012550379149615765,0.048074133694171906
1759645160516001000,0.9060009765625,-0.014406030997633934,0.023530926555395126,0.032352693378925323
1759645160525958000,0.9159580078125,-0.016016289591789246,0.05436253175139427,0.01813441328704357
1759645160535915000,0.9259150390625,-0.02320895344018936,0.07921861112117767,0.011331634595990181
1759645160545872000,0.935871826171875,-0.02510056272149086,0.06155158579349518,0.01668962650001049
1759645160555828700,0.945828857421875,-0.017502829432487488,0.002850985387340188,0.038739535957574844
1759645160565785900,0.955785888671875,-0.004807439167052507,-0.04664258286356926,0.05672891438007355
1759645160575744000,0.965743896484375,0.0024273041635751724,-0.06409268081188202,0.06651230156421661
1759645160585700900,0.975700927734375,0.0013388991355895996,-0.055596671998500824,0.058798596262931824
1759645160595657700,0.98565771484375,-0.0019008362432941794,-0.033103615045547485,0.048097483813762665
1759645160605614800,0.99561474609375,-0.009014194831252098,-0.000024200795451179147,0.03413328155875206
1759645160615572000,1.005572021484375,-0.01221877709031105,0.018934043124318123,0.022234279662370682
1759645160625528800,1.01552880859375,-0.017454231157898903,-0.017650891095399857,0.032021209597587585
1759645160635486000,1.02548583984375,-0.011044534854590893,-0.05906996876001358,0.050481442362070084
1759645160645443000,1.035443115234375,-0.005442551802843809,-0.08409065008163452,0.0601845420897007
1759645160655401000,1.04540087890625,0.0004664701409637928,-0.07236315310001373,0.055830806493759155
1759645160665357800,1.05535791015625,-0.006386389955878258,-0.035030022263526917,0.03987507149577141
1759645160675315000,1.06531494140625,-0.01651625521481037,0.01641080155968666,0.0194289218634367
1759645160685272000,1.07527197265625,-0.025105226784944534,0.06757692247629166,0.0018169672694057226
1759645160695229000,1.08522900390625,-0.022773627191781998,0.08016514778137207,-0.008966171182692051
1759645160705185800,1.095185791015625,-0.014871037565171719,0.021091626957058907,0.001730524469166994
1759645160715143000,1.105142822265625,-0.010447793640196323,-0.06666538864374161,0.028256939724087715
1759645160725099800,1.115099853515625,-0.002001050626859069,-0.11730127781629562,0.05307284742593765
1759645160735058000,1.125057861328125,-0.0025398079305887222,-0.11349828541278839,0.06148897111415863
1759645160745014800,1.135014892578125,-0.005225188098847866,-0.07662982493638992,0.0490851029753685
1759645160754972000,1.144971923828125,-0.01442534476518631,-0.02926204539835453,0.0270591601729393
1759645160764928800,1.1549287109375,-0.020880956202745438,0.02464292198419571,0.0063590118661522865
1759645160774886000,1.164885986328125,-0.02980414405465126,0.07917860895395279,-0.01263465266674757
1759645160784843000,1.174843017578125,-0.034864407032728195,0.11720813810825348,-0.02654999867081642
1759645160794799900,1.1847998046875,-0.03928046301007271,0.13084006309509277,-0.03241560980677605
1759645160804757000,1.194757080078125,-0.04967429116368294,0.09379325807094574,-0.017056213691830635
1759645160814713900,1.2047138671875,-0.05095021426677704,0.07756076008081436,0.01240021362900734
1759645160824672000,1.214672119140625,-0.0454387441277504,0.07629305869340897,0.024118177592754364
1759645160834628900,1.22462890625,-0.042648281902074814,0.05892151966691017,0.015465299598872662
1759645160844586000,1.2345859375,-0.037269774824380875,0.053502392023801804,0.003161291591823101
1759645160854542800,1.24454296875,-0.036137133836746216,0.04934865981340408,0.0014906908618286252
1759645160864499700,1.254499755859375,-0.03283495083451271,0.026476038619875908,0.012124990113079548
1759645160874456800,1.264456787109375,-0.03138512745499611,-0.009463852271437645,0.02413531392812729
1759645160884414000,1.2744140625,-0.030328942462801933,-0.029837021604180336,0.026664745062589645
1759645160894371000,1.28437109375,-0.029311882331967354,-0.03274732455611229,0.020241200923919678
1759645160904328000,1.294327880859375,-0.030438361689448357,-0.019440725445747375,0.008736321702599525
1759645160914285800,1.304285888671875,-0.03657934442162514,0.0004746597842313349,0.003389759687706828
1759645160924243000,1.314242919921875,-0.03338736295700073,0.005487727466970682,0.0030722799710929394
1759645160934199800,1.32419970703125,-0.029611799865961075,-0.003668486140668392,0.0064813923090696335
1759645160944157000,1.334156982421875,-0.028410695493221283,-0.0151757737621665,0.012231704778969288
1759645160954114000,1.344114013671875,-0.024736864492297173,-0.017596587538719177,0.01966911554336548
1759645160964071000,1.35407080078125,-0.022902250289916992,-0.013515140861272812,0.018752213567495346
1759645160974027800,1.36402783203125,-0.02355232648551464,-0.007035403978079557,0.013080211356282234
1759645160983985000,1.37398486328125,-0.02277323231101036,-0.007026804611086845,0.009325515478849411
1759645160993943000,1.383943115234375,-0.021405434235930443,-0.018219804391264915,0.015461437404155731
1759645161003900000,1.39389990234375,-0.016588537022471428,-0.03214748576283455,0.02749847061932087
1759645161013856800,1.403856689453125,-0.014330177567899227,-0.03425804153084755,0.03197018429636955
1759645161023814000,1.41381396484375,-0.015173045918345451,-0.016126723960042,0.024881156161427498
1759645161033770800,1.423770751953125,-0.02238248847424984,0.009523245505988598,0.014813607558608055
1759645161043728000,1.433727783203125,-0.031782202422618866,0.033142998814582825,0.0023831475991755724
1759645161053685000,1.44368505859375,-0.03608294203877449,0.033086538314819336,0.0032430822029709816
1759645161063642000,1.45364208984375,-0.030010731890797615,0.010534522123634815,0.01579561084508896
1759645161073599000,1.463598876953125,-0.02144627273082733,-0.004661474842578173,0.027200598269701004
1759645161083556900,1.473556884765625,-0.011713908985257149,-0.02105274237692356,0.03921234607696533
1759645161093514000,1.483513916015625,-0.011160237714648247,-0.03277837485074997,0.04820743948221207
1759645161103470800,1.493470947265625,-0.009057220071554184,-0.030332492664456367,0.048796311020851135
1759645161113428000,1.503427978515625,-0.010329945012927055,-0.018823375925421715,0.045071881264448166
1759645161123384800,1.513384765625,-0.011420367285609245,-0.002766846213489771,0.03829383850097656
1759645161133342000,1.523342041015625,-0.013538112863898277,-0.0028933463618159294,0.03659500926733017
1759645161143298800,1.533298828125,-0.009769514203071594,-0.00735159358009696,0.04105556011199951
1759645161153256000,1.543255859375,-0.003189375624060631,-0.008040020242333412,0.04147713631391525
1759645161163213000,1.553213134765625,-0.0023068441078066826,-0.004342722240835428,0.03435257077217102
1759645161173171000,1.5631708984375,-0.0020421259105205536,0.008384523913264275,0.02368820831179619
1759645161183127800,1.5731279296875,-0.010174203664064407,0.024982184171676636,0.016704775393009186
1759645161193085000,1.5830849609375,-0.012507665902376175,0.035925112664699554,0.017851797863841057
1759645161203042000,1.5930419921875,-0.013438613153994083,0.02842015214264393,0.023990539833903313
1759645161212999000,1.6029990234375,-0.006762334611266851,0.009207841008901596,0.032424770295619965
1759645161222956000,1.6129560546875,0.0014847747515887022,-0.003145819064229727,0.037441790103912354
1759645161232913000,1.622912841796875,0.002890657400712371,-0.0022520623169839382,0.03645695373415947
1759645161242869800,1.632869873046875,-0.00039116968400776386,0.011694254353642464,0.031234392896294594
1759645161252828000,1.642827880859375,-0.0024985289201140404,0.0348280668258667,0.022451819851994514
1759645161262785000,1.652784912109375,-0.004370313603430986,0.04984981566667557,0.016435543075203896
1759645161272742100,1.6627421875,-0.004059788770973682,0.041536491364240646,0.014339103363454342
1759645161282698800,1.67269873046875,-0.0028097645845264196,0.02356112189590931,0.015959355980157852
1759645161292655900,1.68265576171875,-0.0007399558089673519,0.003103250404819846,0.025487080216407776
1759645161302613000,1.692613037109375,0.001218524295836687,-0.0037571752909570932,0.03180665895342827
1759645161312569900,1.70256982421875,-0.002515227533876896,0.0041486844420433044,0.029501426964998245
1759645161322527000,1.71252685546875,-0.004882429260760546,0.02292473427951336,0.01845671981573105
1759645161332484000,1.722484130859375,-0.009247616864740849,0.048888690769672394,0.009039514698088169
1759645161342442000,1.73244189453125,-0.008852338418364525,0.06830335408449173,0.0001875511952675879
1759645161352398800,1.74239892578125,-0.001637834357097745,0.039149731397628784,0.004713593516498804
1759645161362356000,1.75235595703125,0.0014688894152641296,-0.002292718505486846,0.02059202454984188
1759645161372313000,1.76231298828125,0.0011114934459328651,-0.019464248791337013,0.03538215905427933
1759645161382270000,1.77227001953125,-0.001310759223997593,-0.01811770349740982,0.03947101905941963
1759645161392226800,1.782226806640625,-0.00617981655523181,-0.004663679748773575,0.02994995005428791
1759645161402184000,1.792183837890625,-0.010070553049445152,0.018423330038785934,0.012877458706498146
1759645161412140800,1.802140869140625,-0.009319275617599487,0.0430181510746479,0.003967320546507835
1759645161422098000,1.812097900390625,-0.007756954059004784,0.03982163593173027,0.008057497441768646
1759645161432056000,1.82205615234375,-0.006083157379180193,0.020698539912700653,0.024115027859807014
1759645161442013000,1.832012939453125,-0.005353717599064112,0.003138987347483635,0.03618713468313217
1759645161451969800,1.8419697265625,-0.0037375774700194597,-0.0008150655194185674,0.033236753195524216
1759645161461927000,1.851927001953125,-0.005736587103456259,0.01167451124638319,0.026748783886432648
1759645161471884000,1.861884033203125,-0.008013056591153145,0.03345943242311478,0.020902346819639206
1759645161481841000,1.8718408203125,-0.012297160923480988,0.05280776694417,0.014874579384922981
1759645161491798000,1.881798095703125,-0.011730706319212914,0.05912025645375252,0.009836677461862564
1759645161501755000,1.8917548828125,-0.01044275239109993,0.05756600946187973,0.006907278671860695
1759645161511712000,1.9017119140625,-0.011212405748665333,0.05629195272922516,0.003503492334857583
1759645161521670000,1.911669921875,-0.011890292167663574,0.048617180436849594,0.0017419832292944193
1759645161531627000,1.921626953125,-0.021113883703947067,0.035093117505311966,0.005025660619139671
1759645161541584100,1.931584228515625,-0.03168917074799538,0.020596403628587723,0.010206871666014194
1759645161551540700,1.941540771484375,-0.028788987547159195,0.029584305360913277,0.012968037277460098
1759645161561497900,1.951497802734375,-0.03218509629368782,0.019301338121294975,0.01166540663689375
1759645161571455000,1.961455078125,-0.02687741629779339,0.014434144832193851,0.011260606348514557
1759645161581412000,1.971412109375,-0.021341685205698013,0.01285630650818348,0.007975919172167778
1759645161591369000,1.981368896484375,-0.016173820942640305,0.007760081440210342,0.005179865751415491
1759645161601326000,1.991326171875,-0.013225866481661797,-0.0003703329130075872,0.007991091348230839
1759645161611284000,2.001283935546875,-0.014356378465890884,-0.004321398679167032,0.01311048585921526
1759645161621240800,2.01124072265625,-0.016780592501163483,-0.0020425503607839346,0.01665559969842434
1759645161631198000,2.021197998046875,-0.022313842549920082,0.0016379381995648146,0.017970934510231018
1759645161641155000,2.031155029296875,-0.021215099841356277,0.0015115935821086168,0.013432790525257587
1759645161651112000,2.04111181640625,-0.023234041407704353,0.004657319281250238,0.008855615742504597
1759645161661068800,2.05106884765625,-0.023025376722216606,0.009931921027600765,0.007051989436149597
1759645161671026000,2.06102587890625,-0.023726055398583412,0.018791990354657173,0.0024116975255310535
1759645161680983000,2.070983154296875,-0.02242393046617508,0.024350877851247787,0.0025348300114274025
1759645161690940000,2.08093994140625,-0.020900338888168335,0.02948412112891674,0.003966278862208128
1759645161700898000,2.09089794921875,-0.017886359244585037,0.02578255720436573,0.008855795487761497
1759645161710855000,2.10085498046875,-0.01857025921344757,0.017625028267502785,0.01305027399212122
1759645161720811800,2.110811767578125,-0.014146476984024048,0.00945593137294054,0.015767928212881088
1759645161730769000,2.120768798828125,-0.013119295239448547,0.005360521841794252,0.013237925246357918
1759645161740726000,2.13072607421875,-0.011325536295771599,0.005866307765245438,0.007839830592274666
1759645161750683100,2.14068310546875,-0.01368403248488903,-0.0011388709535822272,0.005084790755063295
1759645161760640000,2.150639892578125,-0.018687758594751358,-0.011365323327481747,0.004507739096879959
1759645161770596900,2.160596923828125,-0.02074585109949112,-0.013106764294207096,0.005754631012678146
1759645161780554000,2.170553955078125,-0.02107270620763302,-0.009382538497447968,0.007169145159423351
1759645161790510800,2.1805107421875,-0.031216686591506004,-0.0023930722381919622,0.001318446360528469
1759645161800469000,2.190468994140625,-0.029440993443131447,0.01690211333334446,-0.0005614710971713066
1759645161810426000,2.200426025390625,-0.02530563808977604,0.013078078627586365,0.0025051587726920843
1759645161820383000,2.210383056640625,-0.02307935617864132,-0.000742594595067203,0.015620662830770016
1759645161830339800,2.22033984375,-0.016029169782996178,-0.011139042675495148,0.029303718358278275
1759645161840297000,2.230296875,-0.009352149441838264,-0.020589131861925125,0.03599056974053383
1759645161850254000,2.240254150390625,-0.005372055806219578,-0.016839666292071342,0.02704607881605625
1759645161860211000,2.2502109375,-0.008417529985308647,-0.009065021760761738,0.01088568102568388
1759645161870168000,2.26016796875,-0.01456836611032486,-0.02596437558531761,0.004546291660517454
1759645161880125000,2.270125,-0.020280539989471436,-0.037553537636995316,0.0075564393773674965
1759645161890083000,2.2800830078125,-0.02368592470884323,-0.02758186310529709,0.010813751257956028
1759645161900040000,2.2900400390625,-0.025633417069911957,-0.006721720565110445,0.005284307524561882
1759645161909997000,2.2999970703125,-0.028399907052516937,0.013987819664180279,-0.007410714868456125
1759645161919954200,2.3099541015625,-0.030491366982460022,0.031462013721466064,-0.01603597216308117
1759645161929910800,2.319910888671875,-0.028104642406105995,0.05588266998529434,-0.018655190244317055
1759645161939868000,2.329867919921875,-0.02715419791638851,0.039788804948329926,-0.010558624751865864
1759645161949825000,2.339824951171875,-0.018265100196003914,0.0039743478409945965,0.009435323067009449
1759645161959782000,2.349781982421875,-0.005632109008729458,-0.020832067355513573,0.019377905875444412
1759645161969739000,2.359739013671875,-0.0007273654919117689,-0.02418658509850502,0.01731901615858078
1759645161979697000,2.36969677734375,-0.0037986773531883955,-0.004909191746264696,0.004807641729712486
1759645161989654000,2.379654052734375,-0.009845650754868984,0.02005261741578579,-0.006255662068724632
1759645161999611000,2.38961083984375,-0.015194225125014782,0.04490490257740021,-0.01892482116818428
1759645162009568000,2.399568115234375,-0.012226664461195469,0.029778147116303444,-0.019795408472418785
1759645162019525000,2.409525146484375,-0.0088246650993824,-0.013400932773947716,-0.003249932313337922
1759645162029482000,2.41948193359375,-0.0017193509265780449,-0.04045278951525688,0.014158353209495544
1759645162039438800,2.42943896484375,0.004376606550067663,-0.041217632591724396,0.019907545298337936
1759645162049396000,2.43939599609375,0.0009776144288480282,-0.014281355775892735,0.010499397292733192
1759645162059352800,2.449352783203125,-0.0018662119982764125,0.01773734763264656,-0.002519458532333374
1759645162069311000,2.45931103515625,-0.007055647671222687,0.04782813787460327,-0.01567733846604824
1759645162079268000,2.46926806640625,-0.011450993828475475,0.07134199887514114,-0.024616951122879982
1759645162089225000,2.479224853515625,-0.00741870142519474,0.06979310512542725,-0.031012000516057014
1759645162099181800,2.489181884765625,0.002934196498245001,0.017236145213246346,-0.02338305488228798
1759645162109139000,2.499138916015625,0.006505495402961969,-0.033487483859062195,0.005656852852553129
1759645162119096000,2.509095947265625,0.008250580169260502,-0.04333120211958885,0.023853888735175133
1759645162129053000,2.519052978515625,0.00320042809471488,-0.027166079729795456,0.017014358192682266
1759645162139010300,2.52901025390625,-0.0037065616343170404,-0.0033866793382912874,0.0030852737836539745
1759645162148967200,2.53896728515625,-0.008431275375187397,0.013314535841345787,-0.004501805640757084
1759645162158924300,2.54892431640625,-0.010266890749335289,0.006235538050532341,-0.005012608133256435
1759645162168882400,2.55888232421875,-0.00877312384545803,-0.016229290515184402,-0.0010495578171685338
1759645162178839300,2.56883935546875,-0.0009718846995383501,-0.017813222482800484,0.0031917691230773926
1759645162188796200,2.578796142578125,-0.0019167743157595396,-0.008850621059536934,0.002790963277220726
1759645162198753300,2.588753173828125,-0.003936758730560541,0.006703343242406845,-0.004094045143574476
1759645162208710100,2.598710205078125,-0.005546106956899166,0.029097598046064377,-0.005554256495088339
1759645162218667300,2.608667236328125,-0.008873175829648972,0.032781895250082016,-0.0057463557459414005
1759645162228624400,2.618624267578125,-0.0037258185911923647,0.021042678505182266,-0.0022996929474174976
1759645162238581200,2.628581298828125,0.0035843767691403627,-0.003996395040303469,0.007288172375410795
1759645162248538400,2.638538330078125,0.0031084700021892786,-0.01939559169113636,0.015463277697563171
1759645162258496300,2.648496337890625,-0.0008043067064136267,-0.019235635176301003,0.01632239855825901
1759645162268453400,2.658453369140625,-0.003913546912372112,-0.011901289224624634,0.014134878292679787
1759645162278410200,2.66841015625,-0.006850298494100571,-0.006754578091204166,0.010687032714486122
1759645162288367400,2.678367431640625,-0.007824216037988663,0.0007025393424555659,0.01004174817353487
1759645162298324200,2.68832421875,-0.008770601823925972,0.010541152209043503,0.006916685029864311
1759645162308281000,2.698281005859375,-0.008203881792724133,0.015783851966261864,0.004706528037786484
1759645162318238200,2.70823828125,0.0003565496299415827,0.014866692945361137,0.004652919713407755
1759645162328195300,2.7181953125,-0.013003463856875896,-0.0008166625048033893,0.008295590989291668
1759645162338152400,2.72815234375,-0.01007777452468872,-0.029200732707977295,0.009553652256727219
1759645162348109300,2.738109375,-0.002344487700611353,-0.03932899981737137,0.01326796319335699
1759645162358067200,2.748067138671875,-0.007990803569555283,-0.03591969236731529,0.017352217808365822
1759645162368024300,2.7580244140625,-0.007336198352277279,-0.029276167973876,0.014071470126509666
1759645162377981200,2.767981201171875,-0.009321716614067554,-0.033909980207681656,0.010463882237672806
1759645162387938300,2.777938232421875,-0.008959527127444744,-0.04656292498111725,0.009145351126790047
1759645162397895400,2.7878955078125,-0.0077214231714606285,-0.052855443209409714,0.012272434309124947
1759645162407852300,2.797852294921875,-0.010749970562756062,-0.04770089313387871,0.016469841822981834
1759645162417809200,2.80780908203125,-0.012200847268104553,-0.03279759734869003,0.014756403863430023
1759645162427766300,2.817766357421875,-0.01230417750775814,-0.016695328056812286,0.010156059637665749
1759645162437723400,2.827723388671875,-0.00900568999350071,-0.010800103656947613,-0.0018681044457480311
1759645162447680300,2.83768017578125,-0.008030972443521023,-0.011147379875183105,-0.006446078419685364
1759645162457638100,2.84763818359375,-0.006736572831869125,-0.013234815560281277,-0.004226341377943754
1759645162467595300,2.85759521484375,-0.009387482888996601,-0.024154575541615486,0.003304811893031001
1759645162477552000,2.86755224609375,-0.011467190459370613,-0.029837878420948982,0.01344189140945673
1759645162487509200,2.87750927734375,-0.009026935324072838,-0.032080259174108505,0.019082998856902122
1759645162497466400,2.88746630859375,-0.007495051249861717,-0.030122339725494385,0.02124476619064808
1759645162507423500,2.897423583984375,-0.004080346319824457,-0.015675220638513565,0.021355552598834038
1759645162517380400,2.90738037109375,-0.002195764798671007,-0.0033114124089479446,0.02154350094497204
1759645162527337200,2.917337158203125,-0.000764582073315978,-0.0046890657395124435,0.026025069877505302
1759645162537294300,2.92729443359375,0.00013214838691055775,-0.009556140750646591,0.02679469808936119
1759645162547251200,2.937251220703125,-0.0023174271918833256,-0.016329092904925346,0.024467095732688904
1759645162557209300,2.947209228515625,-0.0083075612783432,-0.009318804368376732,0.018201077356934547
1759645162567166200,2.957166259765625,-0.01366451010107994,0.007809048984199762,0.013900073245167732
1759645162577123300,2.967123291015625,-0.01888047531247139,0.01307753100991249,0.009988680481910706
1759645162587080200,2.977080078125,-0.014494248665869236,0.011622113175690174,0.011365534737706184
1759645162597037300,2.987037353515625,-0.012432467192411423,0.005396208260208368,0.014494138769805431
1759645162606994400,2.996994384765625,-0.001254380913451314,0.005231624934822321,0.017852118238806725
1759645162616951300,3.006951416015625,0.001012501772493124,-0.0011106932070106268,0.020637517794966698
1759645162626908400,3.016908447265625,-0.0026568016037344933,0.0007175668724812567,0.01812083087861538
1759645162636865300,3.026865234375,-0.004001149442046881,0.0064307344146072865,0.012560580857098103
1759645162646822100,3.036822265625,-0.010941080749034882,0.006278401706367731,0.005749812815338373
1759645162656780300,3.0467802734375,-0.010639642365276814,-0.003141868393868208,0.006992506794631481
1759645162666737400,3.0567373046875,-0.011208759620785713,-0.00876087136566639,0.015158024616539478
1759645162676694300,3.0666943359375,-0.006333354860544205,-0.011789536103606224,0.01929473504424095
1759645162686651100,3.076651123046875,-0.007385303732007742,-0.009678181260824203,0.019435349851846695
1759645162696608300,3.086608154296875,-0.007235960103571415,-0.004163939971476793,0.019696857780218124
1759645162706565400,3.0965654296875,-0.0068362196907401085,0.000011896598152816296,0.017426246777176857
1759645162716522200,3.106522216796875,-0.004933983087539673,-0.0026439069770276546,0.012900189496576786
1759645162726479400,3.116479248046875,-0.0029912069439888,-0.0028532312717288733,0.007778397761285305
1759645162736436500,3.1264365234375,-0.006464501842856407,-0.008250659331679344,0.008753114379942417
1759645162746393000,3.13639306640625,-0.009169474244117737,-0.017745627090334892,0.012849056161940098
1759645162756351200,3.146351318359375,-0.008260097354650497,-0.02301206812262535,0.016123812645673752
1759645162766308400,3.156308349609375,-0.007742645684629679,-0.02819111756980419,0.01472938060760498
1759645162776265500,3.166265380859375,-0.010033741593360901,-0.025746110826730728,0.011865229345858097
1759645162786222300,3.176222412109375,-0.015557404607534409,-0.012954681180417538,0.007135189138352871
1759645162796179200,3.18617919921875,-0.019733168184757233,0.004399088677018881,0.00949507113546133
1759645162806136300,3.19613623046875,-0.020608816295862198,0.006480881944298744,0.010798688977956772
1759645162816093200,3.20609326171875,-0.019373301416635513,-0.000150307547301054,0.01219210959970951
1759645162826050300,3.21605029296875,-0.014052304439246655,-0.017119701951742172,0.012616883963346481
1759645162836007400,3.22600732421875,-0.014238768257200718,-0.03586980700492859,0.020111309364438057
1759645162845964300,3.23596435546875,-0.011898116208612919,-0.03441625088453293,0.026763353496789932
1759645162855922200,3.245922119140625,-0.012512624263763428,-0.020270630717277527,0.021289318799972534
1759645162865879300,3.25587939453125,-0.01312168873846531,-0.014231381006538868,0.01004412118345499
1759645162875836400,3.26583642578125,-0.017980895936489105,-0.02283809334039688,0.005333130247890949
1759645162885793300,3.275793212890625,-0.019260812550783157,-0.018602067604660988,0.007797885686159134
1759645162895750400,3.28575048828125,-0.01610228791832924,-0.013680391944944859,0.008288604207336903
1759645162905707300,3.295707275390625,-0.013368818908929825,-0.0108886007219553,0.0062366388738155365
1759645162915664100,3.3056640625,-0.012530779466032982,-0.016157763078808784,0.006710932124406099
1759645162925621200,3.315621337890625,-0.012436237186193466,-0.021448133513331413,0.007112536579370499
1759645162935578400,3.325578369140625,-0.011080259457230568,-0.023131906986236572,0.012532751075923443
1759645162945535200,3.33553515625,-0.010028311051428318,-0.016151228919625282,0.0076186866499483585
1759645162955493000,3.3454931640625,-0.011070096865296364,-0.0027085402980446815,-0.0013013288844376802
1759645162965450200,3.3554501953125,-0.012955081649124622,0.012450971640646458,-0.012923097237944603
1759645162975407400,3.365407470703125,-0.011296195909380913,0.006090984214097261,-0.01602901704609394
1759645162985364200,3.3753642578125,-0.00682554766535759,-0.028443556278944016,-0.0005006577121093869
1759645162995321300,3.3853212890625,-0.0010078020859509706,-0.047315437346696854,0.012589898891746998
1759645163005278500,3.395278564453125,0.0011320477351546288,-0.04221814498305321,0.012504145503044128
1759645163015235000,3.405235107421875,0.001814408227801323,-0.020424600690603256,0.00310559943318367
1759645163025192200,3.415192138671875,-0.0026045748963952065,-0.00005834296462126076,-0.0063454266637563705
1759645163035149300,3.4251494140625,-0.006506134755909443,0.015300771221518517,-0.011146510019898415
1759645163045106400,3.4351064453125,-0.004803309217095375,0.016961252316832542,-0.007348576094955206
1759645163055063300,3.445063232421875,-0.001261003315448761,0.009310059249401093,-0.0026557978708297014
1759645163065021200,3.455021240234375,0.003566775005310774,0.0005354764289222658,0.0022055362351238728
1759645163074978300,3.464978271484375,0.001632119296118617,-0.0009464190225116909,0.003518318524584174
1759645163084935200,3.47493505859375,-0.00045393500477075577,0.00955415889620781,-0.0025379760190844536
1759645163094892300,3.484892333984375,-0.004589253570884466,0.02381259575486183,-0.011875614523887634
1759645163104849400,3.494849365234375,-0.010814659297466278,0.044108547270298004,-0.019287457689642906
1759645163114806300,3.50480615234375,-0.012343546375632286,0.06367899477481842,-0.026308231055736542
1759645163124763100,3.51476318359375,-0.009680919349193573,0.04694954678416252,-0.01925378292798996
1759645163134720300,3.52472021484375,-0.005350202322006226,0.01039954088628292,-0.0007693697698414326
1759645163144677600,3.534677734375,0.006193269044160843,-0.01739826798439026,0.01900060474872589
1759645163154634500,3.544634521484375,0.015294819138944149,-0.03051995486021042,0.025547156110405922
1759645163164592400,3.55459228515625,0.0156847070902586,-0.02841152995824814,0.02156013809144497
1759645163174549500,3.564549560546875,0.012608896009624004,-0.016385335475206375,0.014906340278685093
1759645163184506600,3.574506591796875,0.0077046845108270645,-0.005228021647781134,0.009179478511214256
1759645163194463500,3.58446337890625,0.008275735192000866,0.001553728012368083,0.009928233921527863
1759645163204420600,3.594420654296875,0.015149354934692383,0.03401899337768555,0.010595088824629784
1759645163214377700,3.604377685546875,-0.007048150524497032,0.04226670414209366,-0.005451537203043699
1759645163224334600,3.61433447265625,-0.0013098372146487236,0.05216327682137489,-0.017121775075793266
1759645163234291500,3.62429150390625,-0.0035288669168949127,0.059102948755025864,-0.018277499824762344
1759645163244248600,3.63424853515625,-0.006839974783360958,0.060252103954553604,-0.01220735814422369
1759645163254205400,3.644205322265625,-0.0025740396231412888,0.032798368483781815,-0.00952830445021391
1759645163264162600,3.65416259765625,0.0029813144356012344,0.009399835020303726,-0.002516733482480049
1759645163274120400,3.664120361328125,0.0068410905078053474,0.005390543956309557,0.003980063367635012
1759645163284077600,3.67407763671875,0.008536192588508129,0.014917470514774323,0.007384116295725107
1759645163294034400,3.684034423828125,0.009380633011460304,0.03199779987335205,-0.0031228295993059874
1759645163303991600,3.693991455078125,0.008218163624405861,0.03317811340093613,-0.010665168054401875
1759645163313948700,3.70394873046875,0.006109217647463083,0.02304103784263134,-0.012533868663012981
1759645163323905500,3.713905517578125,0.006906567607074976,0.012287193909287453,-0.013483818620443344
1759645163333862700,3.723862548828125,0.007456718944013119,-0.004454068373888731,-0.00970827043056488
1759645163343819500,3.733819580078125,0.004860136657953262,-0.013088036328554153,-0.008156446740031242
1759645163353776400,3.7437763671875,0.0029192063957452774,-0.01001337543129921,-0.00654557952657342
1759645163363733500,3.7537333984375,0.002761280629783869,-0.005246317014098167,-0.011134738102555275
1759645163373690600,3.763690673828125,0.003701066132634878,-0.004124642349779606,-0.015428614802658558
1759645163383648500,3.7736484375,0.003980165813118219,0.0024301959201693535,-0.019417230039834976
1759645163393605400,3.78360546875,0.0034372853115200996,0.011112945154309273,-0.017593523487448692
1759645163403562500,3.7935625,-0.00025918218307197094,0.01674339920282364,-0.01421264000236988
1759645163413519600,3.80351953125,-0.0006010083016008139,0.012475036084651947,-0.009011110290884972
1759645163423476500,3.8134765625,0.0012280507944524288,-0.006214762106537819,-0.003936190623790026
1759645163433433600,3.82343359375,0.004954004660248756,-0.020245632156729698,-0.003366713412106037
1759645163443390700,3.833390625,0.0042272284626960754,-0.02043897844851017,-0.005014411173760891
1759645163453347300,3.843347412109375,0.0013969046995043755,-0.007831054739654064,-0.01241991762071848
1759645163463304400,3.853304443359375,-0.002639915095642209,0.011273397132754326,-0.016812801361083984
1759645163473261600,3.863261474609375,-0.0058122253976762295,0.02393551543354988,-0.019326049834489822
1759645163483219700,3.8732197265625,-0.006559508386999369,0.02471182681620121,-0.021379081532359123
1759645163493176600,3.883176513671875,0.000009436393156647682,0.009215712547302246,-0.01676705665886402
1759645163503133400,3.893133544921875,0.003983938135206699,0.0005156981642358005,-0.010557098314166069
1759645163513090600,3.903090576171875,0.010553650557994843,-0.005758050829172134,-0.008735966868698597
1759645163523047400,3.91304736328125,0.017729803919792175,-0.008886199444532394,-0.007936219684779644
1759645163533004500,3.923004638671875,0.018831346184015274,-0.009777993895113468,-0.011224674992263317
1759645163542961700,3.932961669921875,0.02073923498392105,-0.004651142284274101,-0.01085502840578556
1759645163552918500,3.94291845703125,0.02092062123119831,-0.0007536885095760226,-0.011663172394037247
1759645163562875400,3.95287548828125,0.01723427325487137,0.0013448824174702168,-0.01129272673279047
1759645163572832500,3.96283251953125,0.013379037380218506,-0.004014004021883011,-0.009068210609257221
1759645163582789600,3.97278955078125,0.008664710447192192,-0.005922957789152861,-0.007629305124282837
1759645163593992400,3.983992431640625,0.002686978317797184,-0.008428459987044334,-0.00575390737503767
1759645163603949600,3.993949462890625,-0.0008181126322597265,-0.002101341262459755,-0.004266970790922642
1759645163613906700,4.00390673828125,-0.0008418774232268333,-0.0006276235799305141,0.00261538103222847
1759645163623864600,4.013864501953125,0.001821549842134118,0.010478290729224682,0.005724355578422546
1759645163633821400,4.023821533203125,0.005174667574465275,0.015531870536506176,0.0009705118136480451
1759645163643778600,4.033778564453125,0.008398691192269325,0.013532635755836964,-0.0021075697150081396
1759645163653735700,4.043735595703125,0.00711799506098032,0.003762743668630719,-0.001141250366345048
1759645163663692500,4.053692626953125,0.0034308487083762884,-0.009765582159161568,0.004559512250125408
1759645163673649700,4.063649658203125,0.002689641434699297,-0.011333702132105827,0.008893212303519249
1759645163683606500,4.0736064453125,-0.001171409385278821,-0.006968781352043152,0.009551280178129673
1759645163693563400,4.0835634765625,0.001373887062072754,-0.0062107183039188385,0.004830411169677973
1759645163703520500,4.0935205078125,0.00106442766264081,-0.0023688417859375477,0.0011424653930589557
1759645163713477600,4.1034775390625,0.0027656550519168377,-0.000647640903480351,-0.0007768747746013105
1759645163723434500,4.1134345703125,0.0018892569933086634,-0.0000839967979118228,-0.0019822451286017895
1759645163733391600,4.1233916015625,-0.00006265845149755478,-0.0011007837019860744,0.00014757143799215555
1759645163743349500,4.133349609375,-0.00032577873207628727,0.001274755923077464,-0.0001757363206706941
1759645163753306600,4.143306640625,-0.0007667518220841885,0.007553809322416782,0.0007249211193993688
1759645163763263500,4.153263427734375,-0.0005736725870519876,0.009139721281826496,0.0014255987480282784
1759645163773220600,4.163220703125,0.0014728433452546597,0.0020262431353330612,0.0008766504470258951
1759645163783177700,4.173177734375,0.0042289490811526775,-0.0057949284091591835,0.0038905497640371323
1759645163793134300,4.18313427734375,0.000841276254504919,-0.008832640014588833,0.007777810096740723
1759645163803091500,4.193091552734375,0.0020567430183291435,-0.006711166817694902,0.011476142331957817
1759645163813048600,4.203048583984375,0.0006323107518255711,-0.01135202031582594,0.01818300038576126
1759645163823005400,4.21300537109375,0.0026861405931413174,-0.01710471510887146,0.02004162035882473
1759645163832962600,4.222962646484375,0.004586877766996622,-0.02343650721013546,0.020882051438093185
1759645163842919700,4.232919677734375,0.006929127965122461,-0.026372641324996948,0.02229538932442665
1759645163852877600,4.242877685546875,0.008936753496527672,-0.026430008932948112,0.026280388236045837
1759645163862834400,4.25283447265625,0.009037420153617859,-0.015661785379052162,0.027824223041534424
1759645163872791600,4.26279150390625,0.005594240035861731,-0.006064902059733868,0.022968338802456856
1759645163882748700,4.272748779296875,0.0029015173204243183,0.010188902728259563,0.013961794786155224
1759645163892705500,4.28270556640625,-0.0008271741680800915,0.02830185927450657,0.006885775364935398
1759645163902662400,4.292662353515625,-0.007627064827829599,0.04042202979326248,-0.0010615666396915913
1759645163912619500,4.30261962890625,-0.011188146658241749,0.04408864304423332,-0.0004051446449011564
1759645163922576400,4.312576416015625,-0.012149281799793243,0.035193949937820435,0.004264175426214933
1759645163932533500,4.322533447265625,-0.005672769621014595,0.015440593473613262,0.014480430632829666
1759645163942490600,4.33249072265625,-0.0026958882808685303,0.0020108043681830168,0.022787362337112427
1759645163952447700,4.34244775390625,0.0014176303520798683,0.0027564894407987595,0.025251850485801697
1759645163962405400,4.3524052734375,-0.00007212976925075054,0.016335662454366684,0.019682154059410095
1759645163972362500,4.362362548828125,-0.002049793256446719,0.032650720328092575,0.0090047437697649
1759645163982319600,4.372319580078125,-0.004193371627479792,0.03357776626944542,0.005241697188466787
1759645163992276500,4.3822763671875,-0.005316160619258881,0.023119797930121422,0.0025034351274371147
1759645164002233600,4.392233642578125,-0.008361184038221836,0.014333901926875114,0.0005115940584801137
1759645164012190500,4.4021904296875,-0.009809193201363087,0.010297589935362339,0.0022188453003764153
1759645164022147600,4.412147705078125,-0.00862887967377901,0.00043909973464906216,0.00138208013959229
1759645164032104400,4.4221044921875,-0.007863237522542477,-0.008142919279634953,0.0014030798338353634
1759645164042061600,4.4320615234375,-0.005174510180950165,-0.006072577554732561,0.0007162506226450205
1759645164052018700,4.442018798828125,-0.004234903026372194,-0.00390890846028924,0.000122608442325145
1759645164061975600,4.4519755859375,-0.001550969434902072,-0.004214639309793711,0.0025101322680711746
1759645164071933400,4.461933349609375,-0.00190558354370296,-0.002479391172528267,0.005173857323825359
1759645164081890600,4.471890625,-0.000976939219981432,0.0038770416285842657,0.0027325379196554422
1759645164091847700,4.48184765625,-0.0009288443252444267,0.004571760538965464,0.0011584532912820578
1759645164101804500,4.491804443359375,-0.002729407511651516,0.00391795439645648,-0.003143084468320012
1759645164111761700,4.50176171875,-0.002235288266092539,0.007152846083045006,-0.007028910331428051
1759645164121718500,4.511718505859375,-0.002843288006260991,0.013461342081427574,-0.008119741454720497
1759645164131675400,4.52167529296875,-0.005439314991235733,0.024040348827838898,-0.0065751709043979645
1759645164141632300,4.53163232421875,-0.004703749902546406,0.027647601440548897,-0.006222834344953299
1759645164151589400,4.54158935546875,-0.0026042337995022535,0.028470318764448166,-0.007186397910118103
1759645164161546200,4.551546142578125,0.001648035366088152,0.019669903442263603,-0.005833245813846588
1759645164171504400,4.56150439453125,0.0028186149429529905,0.00813435297459364,-0.0016547144623473287
1759645164181461200,4.571461181640625,0.0069113606587052345,0.006160418502986431,0.003406622912734747
1759645164191418400,4.58141845703125,0.006864979863166809,0.00839123222976923,0.0015221938956528902
1759645164201375200,4.591375244140625,0.007969392463564873,0.0034212409518659115,-0.002853912301361561
1759645164211332400,4.601332275390625,0.008621376007795334,-0.005377194378525019,-0.004722143057733774
1759645164221289500,4.61128955078125,0.006484988145530224,-0.0016442412743344903,-0.002905867528170347
1759645164231246300,4.621246337890625,0.00574241578578949,0.007080574054270983,-0.003205958753824234
1759645164241203200,4.631203125,0.00673337746411562,0.00804543774574995,-0.0023137996904551983
1759645164251160300,4.641160400390625,0.007227965630590916,0.005947153549641371,-0.002534208120778203
1759645164261117200,4.6511171875,0.006187734194099903,0.008610847406089306,-0.0018172853160649538
1759645164271075300,4.661075439453125,0.0038346906658262014,0.015643753111362457,-0.0018338900990784168
1759645164281032400,4.671032470703125,0.0038613223005086184,0.016584381461143494,-0.003955896943807602
1759645164290989300,4.6809892578125,0.002675499999895692,0.005521043203771114,-0.0006160737830214202
1759645164300946200,4.6909462890625,0.0011628244537860155,-0.004564880393445492,0.0015006065368652344
1759645164310903300,4.7009033203125,0.0019283590372651815,-0.007500831037759781,0.003952649421989918
1759645164320860400,4.7108603515625,-0.0008455896750092506,-0.002987571991980076,0.006657356396317482
1759645164330817300,4.7208173828125,-0.00018093199469149113,0.007150709629058838,0.0025810047518461943
1759645164340774400,4.7307744140625,0.0024063289165496826,0.012524702586233616,0.0007351677631959319
1759645164350731300,4.740731201171875,0.0054609403014183044,0.009753839112818241,0.0003107848751824349
1759645164360688000,4.750688232421875,0.0019205333665013313,0.00805873703211546,0.0029118943493813276
1759645164370646300,4.760646240234375,0.00006519444286823273,0.005083273630589247,0.004111170768737793
1759645164380603400,4.770603271484375,0.0001229848712682724,-0.003816744312644005,0.007316551171243191
1759645164390560500,4.780560546875,-0.003175848163664341,-0.015235060825943947,0.011867666617035866
1759645164400517000,4.79051708984375,0.00018106657080352306,-0.022684721276164055,0.01277074497193098
1759645164410474200,4.80047412109375,-0.00036906544119119644,-0.021040521562099457,0.010475318878889084
1759645164420431400,4.810431396484375,-0.003906276077032089,-0.012216937728226185,0.007828935980796814
1759645164430388200,4.82038818359375,-0.005645280238240957,0.0008144389721564949,0.00452968617901206
1759645164440345300,4.830345458984375,-0.007504965644329786,0.003899444593116641,0.0019267124589532614
1759645164450302500,4.840302490234375,-0.005375111009925604,-0.0062878914177417755,0.0012738388031721115
1759645164460260400,4.85026025390625,-0.006264074239879847,-0.027476266026496887,0.006519201211631298
1759645164470217200,4.86021728515625,-0.0069809723645448685,-0.03771720081567764,0.012814420275390148
1759645164480174300,4.87017431640625,-0.008693119511008263,-0.03402366116642952,0.018221702426671982
1759645164490131500,4.88013134765625,-0.011086526326835155,-0.014683506451547146,0.014602427370846272
1759645164500088300,4.89008837890625,-0.013622920960187912,-0.0026702533941715956,0.012302255257964134
1759645164510045200,4.900045166015625,-0.009468567557632923,-0.0003473567485343665,0.015335917472839355
1759645164520002300,4.910002197265625,-0.006659199483692646,-0.00889823492616415,0.018392160534858704
1759645164529959200,4.919959228515625,-0.0055901422165334225,-0.02354338765144348,0.02195495180785656
1759645164539916300,4.929916259765625,-0.008507901802659035,-0.03577528893947601,0.021624719724059105
1759645164549874400,4.93987451171875,-0.011757236905395985,-0.03649885207414627,0.021708469837903976
1759645164559831300,4.949831298828125,-0.016242265701293945,-0.030626049265265465,0.017689760774374008
1759645164569788200,4.9597880859375,-0.0163212101906538,-0.018888918682932854,0.006260114721953869
1759645164579745300,4.969745361328125,-0.019554289057850838,-0.013726912438869476,0.002612649230286479
1759645164589702400,4.979702392578125,-0.020206937566399574,-0.0026840269565582275,0.002528548240661621
1759645164599659300,4.9896591796875,-0.019483091309666634,0.0003658250789158046,0.001472072210162878
1759645164609616400,4.999616455078125,-0.016934968531131744,-0.005245327949523926,0.0012315260246396065
1759645164619573200,5.0095732421875,-0.013766605406999588,-0.009739412926137447,0.000620596925728023
1759645164629530000,5.019530029296875,-0.011555979028344154,-0.006162621546536684,0.0022112871520221233
1759645164639488300,5.02948828125,-0.011483274400234222,0.0048125311732292175,0.0037964009679853916
1759645164649445400,5.0394453125,-0.006626708433032036,0.014784990809857845,0.0013367445208132267
1759645164659402500,5.049402587890625,-0.004448775202035904,0.019318224862217903,-0.005015160888433456
1759645164669359000,5.059359130859375,-0.00639678630977869,0.014287334866821766,-0.007025260012596846
1759645164679316200,5.069316162109375,-0.006576815620064735,0.011566383764147758,-0.01022877637296915
1759645164689273300,5.0792734375,-0.005795544944703579,0.010092907585203648,-0.012122542597353458
1759645164699230200,5.089230224609375,-0.007876805029809475,-0.001227924250997603,-0.011351291090250015
1759645164709187300,5.099187255859375,-0.0062078023329377174,-0.006647191010415554,-0.006141348741948605
1759645164719144400,5.10914453125,-0.0023632629308849573,-0.0030892076902091503,-0.0018810902256518602
1759645164729102300,5.119102294921875,0.0007699823472648859,0.0022042051423341036,-0.004218037705868483
1759645164739059200,5.12905908203125,0.003872032044455409,0.010205140337347984,-0.01041840948164463
1759645164749016300,5.139016357421875,0.002674433635547757,0.02188030257821083,-0.011572254821658134
1759645164758973400,5.148973388671875,0.0017734861467033625,0.02832142449915409,-0.008378857746720314
1759645164768930300,5.158930419921875,0.0019321443978697062,0.027130089700222015,-0.003370267106220126
1759645164778887200,5.16888720703125,0.0021292183082550764,0.024413665756583214,-0.005892280954867601
1759645164788844300,5.17884423828125,0.003595761489123106,0.026099734008312225,-0.007579471450299025
1759645164798801200,5.18880126953125,0.0048383926041424274,0.034045279026031494,-0.010577659122645855
1759645164808758300,5.19875830078125,0.000575364101678133,0.0428706519305706,-0.01622961461544037
1759645164818716200,5.208716064453125,0.0006288937292993069,0.04636764898896217,-0.021328503265976906
1759645164828673300,5.21867333984375,0.0028574590105563402,0.037081725895404816,-0.01595979742705822
1759645164838630100,5.228630126953125,0.00039270357228815556,0.025580601766705513,-0.010243321768939495
1759645164848587300,5.238587158203125,0.0032831355929374695,0.019562195986509323,-0.0039287712424993515
1759645164858544400,5.24854443359375,0.00846591405570507,0.021315887570381165,-0.002462967298924923
1759645164868501200,5.258501220703125,0.010255221277475357,0.022150173783302307,-0.0045710159465670586
1759645164878458400,5.268458251953125,0.007320684846490622,0.02775426395237446,-0.01074848510324955
1759645164888415200,5.278415283203125,0.002714760135859251,0.040378816425800323,-0.0196449626237154
1759645164898373400,5.288373291015625,-0.0025319333653897047,0.03916068747639656,-0.02234034799039364
1759645164908330200,5.298330322265625,-0.007137382868677378,0.0370618999004364,-0.022860784083604813
1759645164918287400,5.308287353515625,-0.01574232243001461,0.04453339800238609,-0.018369894474744797
1759645164928244500,5.318244384765625,-0.002119522076100111,0.04068582504987717,-0.020620016381144524
1759645164938201000,5.328201171875,0.00042353011667728424,0.029664866626262665,-0.020672747865319252
1759645164948158200,5.338158203125,0.005694259889423847,0.021202243864536285,-0.014657714404165745
1759645164958115300,5.348115234375,0.006913455203175545,0.020876538008451462,-0.011583095416426659
1759645164968072200,5.358072265625,0.006223561242222786,0.021602576598525047,-0.010812141932547092
1759645164978030000,5.368030029296875,0.004448564723134041,0.021032659336924553,-0.014269457198679447
1759645164987987200,5.3779873046875,0.0027191119734197855,0.022548941895365715,-0.01626383513212204
1759645164997944300,5.3879443359375,0.0015563757624477148,0.023323921486735344,-0.016277417540550232
1759645165007901200,5.397901123046875,0.0028975456953048706,0.022974351420998573,-0.014978783205151558
1759645165017858300,5.4078583984375,0.006422772072255611,0.012215713039040565,-0.012005363591015339
1759645165027815400,5.4178154296875,0.00952401664108038,0.005100032314658165,-0.0067287166602909565
1759645165037772300,5.427772216796875,0.006501861847937107,0.00790114514529705,-0.006237629801034927
1759645165047729200,5.437729248046875,0.004077455028891563,0.014536083675920963,-0.010560175403952599
1759645165057687300,5.447687255859375,-0.0008965313900262117,0.022631295025348663,-0.015049731358885765
1759645165067644400,5.45764453125,-0.0024158647283911705,0.02460389956831932,-0.016843371093273163
1759645165077601300,5.467601318359375,-0.0033708743285387754,0.015101472847163677,-0.014412171207368374
1759645165087558100,5.47755810546875,-0.00047282385639846325,0.005759757943451405,-0.008309600874781609
1759645165097515300,5.487515380859375,-0.00040358188562095165,-0.005551219917833805,-0.006231802050024271
1759645165107472100,5.49747216796875,-0.0009961274918168783,-0.013546536676585674,-0.00394242350012064
1759645165117429200,5.50742919921875,-0.002494954504072666,-0.004248908720910549,-0.004595696926116943
1759645165127386400,5.517386474609375,-0.007037508301436901,0.013642740435898304,-0.009710031561553478
1759645165137344300,5.52734423828125,-0.013131087645888329,0.02472282014787197,-0.016771934926509857
1759645165147301600,5.537301513671875,-0.01497536338865757,0.0254549328237772,-0.020784292370080948
1759645165157258800,5.5472587890625,-0.01434712391346693,0.022351019084453583,-0.02646108716726303
1759645165167215900,5.5572158203125,-0.014333445578813553,0.011285653337836266,-0.02415778860449791
1759645165177173000,5.567173095703125,-0.01413237676024437,0.0034170779399573803,-0.017325716093182564
1759645165187129900,5.5771298828125,-0.013176899403333664,-0.001853009220212698,-0.010750058107078075
1759645165197086700,5.587086669921875,-0.00812514964491129,-0.014167466200888157,-0.005887925624847412
1759645165207043800,5.5970439453125,-0.009246531873941422,-0.02117239497601986,-0.0007050693384371698
1759645165217001700,5.607001708984375,-0.007746373303234577,-0.017102019861340523,0.004733372014015913
1759645165226958800,5.616958740234375,-0.011934968642890453,-0.0023975553922355175,0.005905812606215477
1759645165236915700,5.626915771484375,-0.011816990561783314,0.008716881275177002,0.006549498997628689
1759645165246872800,5.636872802734375,-0.011494087986648083,0.018512791022658348,0.005612841807305813
1759645165256829700,5.64682958984375,-0.008332649245858192,0.023799432441592216,0.004569948185235262
1759645165266786800,5.656786865234375,-0.008161136880517006,0.03306743502616882,0.005745255388319492
1759645165276744000,5.666743896484375,-0.00821466650813818,0.04909966513514519,0.008875801227986813
1759645165286701600,5.67670166015625,-0.0106281116604805,0.062028586864471436,0.011203004978597164
1759645165296658700,5.68665869140625,-0.01569131202995777,0.06201420724391937,0.009697786532342434
1759645165306615800,5.69661572265625,-0.012139732949435711,0.06026102229952812,0.010482760146260262
1759645165316573000,5.706572998046875,-0.0021994845010340214,0.05158870667219162,0.015604019165039062
1759645165326529800,5.71652978515625,0.0048551722429692745,0.03651406988501549,0.023767249658703804
1759645165336487000,5.72648681640625,0.00797639787197113,0.02774002030491829,0.026777954772114754
1759645165346443800,5.73644384765625,0.010057780891656876,0.02475186623632908,0.0265102107077837
1759645165356400600,5.746400634765625,0.008877202868461609,0.02367674745619297,0.02259722910821438
1759645165366358800,5.75635888671875,0.005902822129428387,0.022873368114233017,0.021141868084669113
1759645165376316000,5.76631591796875,0.003727551782503724,0.019662925973534584,0.01974610425531864
1759645165386273000,5.77627294921875,0.0021570553071796894,0.024027470499277115,0.020319506525993347
1759645165396229600,5.786229736328125,0.0029565361328423023,0.028492791578173637,0.02033974789083004
1759645165406186800,5.796186767578125,0.00416051410138607,0.03117913194000721,0.018825434148311615
1759645165416144000,5.806143798828125,0.0030680852942168713,0.02829119935631752,0.017309561371803284
1759645165426100700,5.816100830078125,0.005072752479463816,0.027059582993388176,0.020244155079126358
1759645165436059000,5.826058837890625,0.0033145337365567684,0.02810780331492424,0.022700387984514236
1759645165446015700,5.836015625,0.0019627129659056664,0.027830034494400024,0.028881585225462914
1759645165455972900,5.845972900390625,-0.000049039022997021675,0.022076275199651718,0.034533075988292694
1759645165465929700,5.8559296875,0.0016836533322930336,0.013908620923757553,0.03443857654929161
1759645165475886800,5.865886962890625,0.004180100746452808,0.01307718176394701,0.03196103870868683
1759645165485844000,5.875843994140625,0.0011832669842988253,0.019259938970208168,0.030268779024481773
1759645165495800800,5.88580078125,-0.0040796720422804356,0.03559869900345802,0.02934546023607254
1759645165505757700,5.8957578125,-0.003879705909639597,0.04057814180850983,0.03237789869308472
1759645165515715800,5.9057158203125,-0.004206209443509579,0.033297859132289886,0.03885683789849281
1759645165525672700,5.915672607421875,0.0010625645518302917,0.025608958676457405,0.045911431312561035
1759645165535629800,5.9256298828125,0.008494382724165916,0.02184564620256424,0.04972135275602341
1759645165545587000,5.9355869140625,0.011765770614147186,0.02733762376010418,0.048593465238809586
1759645165555543800,5.945543701171875,0.015455048531293869,0.03926219418644905,0.04183276370167732
1759645165565500700,5.955500732421875,0.012800377793610096,0.04426642879843712,0.03465556725859642
1759645165575457800,5.965457763671875,0.010965992696583271,0.04308079183101654,0.038285721093416214
1759645165585416000,5.975416015625,0.00834679789841175,0.04076040908694267,0.04561113938689232
1759645165595372800,5.985372802734375,0.006739580538123846,0.04256923124194145,0.05452234297990799
1759645165605329700,5.99532958984375,0.008661487139761448,0.052387822419404984,0.06477019190788269
1759645165615286800,6.005286865234375,0.007757343351840973,0.07174261659383774,0.07454293221235275
1759645165625244000,6.015243896484375,0.010582787916064262,0.09502072632312775,0.08452790975570679
1759645165635200800,6.02520068359375,0.006478058639913797,0.12024432420730591,0.09345855563879013
1759645165645158000,6.035157958984375,0.004250057507306337,0.1524888128042221,0.10304966568946838
1759645165655115000,6.045114990234375,0.01039210520684719,0.1835615038871765,0.10454529523849487
1759645165665072600,6.05507275390625,0.00009860983118414879,0.20171590149402618,0.10110710561275482
1759645165675029800,6.06502978515625,-0.00848502479493618,0.20924998819828033,0.10000641644001007
1759645165684987000,6.07498681640625,-0.006667762994766235,0.24568922817707062,0.11976832151412964
1759645165694944000,6.084944091796875,0.0074533820152282715,0.32740646600723267,0.13551880419254303
1759645165704900900,6.09490087890625,-0.016010001301765442,0.36284175515174866,0.1236029788851738
1759645165714857700,6.104857666015625,-0.03260921686887741,0.40031641721725464,0.11417991667985916
1759645165724814800,6.11481494140625,-0.03310856968164444,0.40530869364738464,0.1125885620713234
1759645165734772700,6.124772705078125,-0.021054305136203766,0.367178350687027,0.15558183193206787
1759645165744729900,6.134729736328125,-0.0161734726279974,0.35590410232543945,0.19197840988636017
1759645165754686700,6.144686767578125,-0.00017613009549677372,0.3490443229675293,0.21360273659229279
1759645165764643800,6.154643798828125,0.012694800272583961,0.3307877779006958,0.21404911577701569
1759645165774600700,6.1646005859375,0.02815205603837967,0.3029167354106903,0.20985649526119232
1759645165784557800,6.174557861328125,0.05326947942376137,0.2952955365180969,0.18503326177597046
1759645165794515000,6.184514892578125,0.060574259608983994,0.3143685460090637,0.16665905714035034
1759645165804472600,6.19447265625,0.05718381702899933,0.34315451979637146,0.15514005720615387
1759645165814429700,6.2044296875,0.04719776287674904,0.37296727299690247,0.16799113154411316
1759645165824386800,6.21438671875,0.026843853294849396,0.43388381600379944,0.18510407209396362
1759645165834344000,6.224343994140625,0.021603818982839584,0.5126281976699829,0.18947085738182068
1759645165844300800,6.23430078125,0.021929986774921417,0.6089382767677307,0.1766911745071411
1759645165854258000,6.2442578125,0.030639857053756714,0.7264257669448853,0.1346862018108368
1759645165864214800,6.25421484375,0.0439620204269886,0.798414945602417,0.10704555362462997
1759645165874171600,6.264171630859375,0.06320895254611969,0.8239282965660095,0.09838441759347916
1759645165884129800,6.2741298828125,0.08936572819948196,0.8114620447158813,0.12201805412769318
1759645165894087000,6.2840869140625,0.11937076598405838,0.7594968676567078,0.15331712365150452
1759645165904043800,6.294043701171875,0.14513474702835083,0.6818605065345764,0.19484741985797882
1759645165914000600,6.304000732421875,0.14245881140232086,0.595004677772522,0.25198259949684143
1759645165923957800,6.313957763671875,0.14292438328266144,0.5405966639518738,0.2931770086288452
1759645165933915000,6.323914794921875,0.14245274662971497,0.49201104044914246,0.3174631893634796
1759645165943871700,6.333871826171875,0.14424577355384827,0.4545874297618866,0.3222334086894989
1759645165953830000,6.343829833984375,0.14356853067874908,0.41992583870887756,0.3250417113304138
1759645165963786800,6.353786865234375,0.14605207741260529,0.39760658144950867,0.33575981855392456
1759645165973743600,6.36374365234375,0.1480390727519989,0.3795311748981476,0.3518839180469513
1759645165983700700,6.37370068359375,0.1501547247171402,0.37989214062690735,0.37569472193717957
1759645165993657900,6.383657958984375,0.14968334138393402,0.40462544560432434,0.39794567227363586
1759645166003615000,6.393614990234375,0.15371578931808472,0.4033972918987274,0.42026838660240173
1759645166013571800,6.40357177734375,0.170828714966774,0.37370625138282776,0.4355599880218506
1759645166023529700,6.41352978515625,0.18882888555526733,0.3546927869319916,0.44662854075431824
1759645166033486800,6.42348681640625,0.2013729065656662,0.3459419012069702,0.45817866921424866
1759645166043443700,6.433443603515625,0.2052547037601471,0.32367491722106934,0.47745978832244873
1759645166053400800,6.44340087890625,0.21330571174621582,0.31892862915992737,0.4825863838195801
1759645166063358000,6.45335791015625,0.20587138831615448,0.31680232286453247,0.4742293059825897
1759645166073314800,6.463314697265625,0.1875736117362976,0.3340263068675995,0.467673122882843
1759645166083271700,6.473271728515625,0.17075084149837494,0.35510531067848206,0.46867501735687256
1759645166093229800,6.483229736328125,0.1616223305463791,0.3624473810195923,0.4639734625816345
1759645166103187000,6.49318701171875,0.16588328778743744,0.37566041946411133,0.45804500579833984
1759645166113143800,6.503143798828125,0.16918426752090454,0.3925621807575226,0.45576027035713196
1759645166123100700,6.5131005859375,0.16735976934432983,0.39539581537246704,0.4649592339992523
1759645166133057800,6.523057861328125,0.1635325402021408,0.38139984011650085,0.4800476133823395
1759645166143014100,6.53301416015625,0.1652759611606598,0.3520013988018036,0.5111975073814392
1759645166152971300,6.54297119140625,0.1813683658838272,0.3377140462398529,0.538715660572052
1759645166162929400,6.552929443359375,0.1915580928325653,0.3061176538467407,0.5577921271324158
1759645166172886300,6.56288623046875,0.19863198697566986,0.271348237991333,0.5676018595695496
1759645166182843100,6.572843017578125,0.20142242312431335,0.277349591255188,0.5612435936927795
1759645166192800300,6.58280029296875,0.19451124966144562,0.3305741846561432,0.5394818782806396
1759645166202757400,6.59275732421875,0.1967412233352661,0.39580437541007996,0.517504096031189
1759645166212714200,6.60271435546875,0.2176893949508667,0.4509613811969757,0.5043027997016907
1759645166222671400,6.61267138671875,0.23404361307621002,0.4911634624004364,0.4960625469684601
1759645166232629200,6.622629150390625,0.24596180021762848,0.5205764770507812,0.5093589425086975
1759645166242586400,6.63258642578125,0.2434186488389969,0.5516067147254944,0.5330745577812195
1759645166252543200,6.642543212890625,0.2438061386346817,0.599311351776123,0.5599642395973206
1759645166262500400,6.652500244140625,0.2471909373998642,0.5926908850669861,0.5694762468338013
1759645166272457500,6.66245751953125,0.22983033955097198,0.5409600734710693,0.580471932888031
1759645166282414000,6.6724140625,0.20195594429969788,0.45896434783935547,0.5918726921081543
1759645166292371200,6.68237109375,0.18868860602378845,0.3603355288505554,0.6015357375144958
1759645166302329300,6.692329345703125,0.17703749239444733,0.28503817319869995,0.6127122640609741
1759645166312286500,6.702286376953125,0.16568763554096222,0.2673393487930298,0.6250432729721069
1759645166322243300,6.712243408203125,0.15286286175251007,0.30078810453414917,0.6212497353553772
1759645166332200200,6.7222001953125,0.139142245054245,0.35625481605529785,0.6090375781059265
1759645166342157300,6.7321572265625,0.12968818843364716,0.41363629698753357,0.592170238494873
1759645166352114200,6.7421142578125,0.11860357224941254,0.465939462184906,0.5695680379867554
1759645166362071300,6.7520712890625,0.09656456857919693,0.5218408703804016,0.5310113430023193
1759645166372028400,6.7620283203125,0.06477414816617966,0.5863037705421448,0.49119284749031067
1759645166381986300,6.771986328125,0.03843826428055763,0.6477693319320679,0.4625316858291626
1759645166391943200,6.781943115234375,0.015997402369976044,0.69281005859375,0.44946780800819397
1759645166401900300,6.791900390625,0.013333454728126526,0.7247005105018616,0.4502514898777008
1759645166411857400,6.801857421875,0.016987312585115433,0.7296055555343628,0.44427216053009033
1759645166421814300,6.811814208984375,0.04796433821320534,0.7100458145141602,0.43582478165626526
1759645166431771400,6.821771484375,0.08216118812561035,0.6092467308044434,0.4390797019004822
1759645166441729300,6.831729248046875,0.12099993228912354,0.45352157950401306,0.4368317127227783
1759645166451686400,6.841686279296875,0.14934661984443665,0.30478429794311523,0.4370626211166382
1759645166461643300,6.851643310546875,0.16141074895858765,0.19030967354774475,0.4287082850933075
1759645166471600400,6.861600341796875,0.17149096727371216,0.16151385009288788,0.4041979908943176
1759645166481557200,6.87155712890625,0.1753176897764206,0.2045345902442932,0.3738420605659485
1759645166491514000,6.88151416015625,0.1647915542125702,0.2751128673553467,0.34449881315231323
1759645166501471200,6.89147119140625,0.14896516501903534,0.3063787817955017,0.3295605480670929
1759645166511428400,6.901428466796875,0.1461363434791565,0.3028165400028229,0.3311645984649658
1759645166521385200,6.91138525390625,0.15189693868160248,0.2920694053173065,0.34161752462387085
1759645166531342300,6.92134228515625,0.1527257263660431,0.2654702961444855,0.3585437834262848
1759645166541300200,6.93130029296875,0.16042068600654602,0.19894355535507202,0.3816802203655243
1759645166551257300,6.94125732421875,0.1764976531267166,0.12164662778377533,0.40180572867393494
1759645166561214200,6.951214111328125,0.19312697649002075,0.05223654955625534,0.42504188418388367
1759645166571171300,6.96117138671875,0.19178207218647003,0.007311687804758549,0.4497453570365906
1759645166581128400,6.97112841796875,0.176804319024086,0.0039013451896607876,0.4631006419658661
1759645166591085300,6.981085205078125,0.1552465707063675,0.032116204500198364,0.4647219777107239
1759645166601042200,6.991042236328125,0.12535399198532104,0.05907890573143959,0.4691608250141144
1759645166611000300,7.001000244140625,0.11089115589857101,0.08538934588432312,0.46492239832878113
1759645166620957400,7.01095751953125,0.11317317187786102,0.10307752341032028,0.4546753466129303
1759645166630914300,7.020914306640625,0.11609119921922684,0.10009078681468964,0.4517629146575928
1759645166640871200,7.03087109375,0.1232442781329155,0.08653982728719711,0.4602779150009155
1759645166650828300,7.040828369140625,0.1296265423297882,0.07240882515907288,0.473953515291214
1759645166660785200,7.05078515625,0.13613057136535645,0.0725615993142128,0.48916828632354736
1759645166670742300,7.0607421875,0.13722006976604462,0.07376109063625336,0.4996638000011444
1759645166680700400,7.070700439453125,0.12672199308872223,0.06770059466362,0.5073983073234558
1759645166690657300,7.0806572265625,0.11686083674430847,0.0665876641869545,0.5046808123588562
1759645166700614100,7.0906142578125,0.10592004656791687,0.07775657624006271,0.49372705817222595
1759645166710571300,7.1005712890625,0.09916067868471146,0.08290127664804459,0.4826003909111023
1759645166720528400,7.1105283203125,0.09290394186973572,0.07295458018779755,0.47310036420822144
1759645166730485200,7.1204853515625,0.09311673045158386,0.04957868158817291,0.46677374839782715
1759645166740442400,7.1304423828125,0.09761883318424225,0.020099995657801628,0.46191903948783875
1759645166750400300,7.140400146484375,0.10239255428314209,0.010142969898879528,0.45641881227493286
1759645166760357400,7.150357421875,0.10485131293535233,0.010773664340376854,0.45858341455459595
1759645166770314200,7.160314208984375,0.11119655519723892,-0.008670073933899403,0.46484529972076416
1759645166780271400,7.170271240234375,0.11872299760580063,-0.050863612443208694,0.46602168679237366
1759645166790228500,7.180228515625,0.12142131477594376,-0.07295133918523788,0.4583144783973694
1759645166800185000,7.19018505859375,0.12167111784219742,-0.05656144767999649,0.4426330029964447
1759645166810142200,7.20014208984375,0.12225062400102615,-0.028310101479291916,0.4193772077560425
1759645166820100400,7.210100341796875,0.11982563138008118,-0.0034230623859912157,0.39348694682121277
1759645166830057500,7.220057373046875,0.11566763371229172,0.007316134870052338,0.37488770484924316
1759645166840014300,7.230014404296875,0.1143597885966301,0.012865474447607994,0.35188835859298706
1759645166849971200,7.23997119140625,0.10948993265628815,0.025938665494322777,0.32790765166282654
1759645166859928300,7.24992822265625,0.11287621408700943,0.03760634362697601,0.30418556928634644
1759645166869885200,7.25988525390625,0.12758910655975342,0.012536943890154362,0.28315433859825134
1759645166879842300,7.26984228515625,0.14059361815452576,-0.0013021400664001703,0.26618823409080505
1759645166889800200,7.27980029296875,0.16094522178173065,-0.024652203544974327,0.25581735372543335
1759645166899757300,7.28975732421875,0.18023565411567688,-0.06716432422399521,0.2585856020450592
1759645166909714200,7.299714111328125,0.20403552055358887,-0.12129680812358856,0.2709149718284607
1759645166919671300,7.30967138671875,0.2182493358850479,-0.18725067377090454,0.2830018997192383
1759645166929628400,7.31962841796875,0.21392515301704407,-0.25972673296928406,0.28275981545448303
1759645166939585300,7.329585205078125,0.20318812131881714,-0.32592254877090454,0.24667231738567352
1759645166949542400,7.33954248046875,0.18846803903579712,-0.35773587226867676,0.18549950420856476
1759645166959500300,7.349500244140625,0.15825720131397247,-0.3635193407535553,0.11443959176540375
1759645166969457400,7.35945751953125,0.12181637436151505,-0.35404807329177856,0.053468648344278336
1759645166979414300,7.369414306640625,0.08393890410661697,-0.3380020558834076,0.007527818903326988
1759645166989371400,7.379371337890625,0.052476052194833755,-0.32802504301071167,-0.012697024270892143
1759645166999328300,7.389328369140625,0.030133208259940147,-0.3125956058502197,-0.025606103241443634
1759645167009285000,7.39928515625,0.0024925251491367817,-0.31766146421432495,-0.03233910724520683
1759645167019242200,7.4092421875,-0.009498540312051773,-0.3337888717651367,-0.042500387877225876
1759645167029199400,7.419199462890625,-0.01664486713707447,-0.339550644159317,-0.048704490065574646
1759645167039157500,7.429157470703125,-0.026492226868867874,-0.33538275957107544,-0.05271289125084877
1759645167049114000,7.439114013671875,-0.04083548113703728,-0.3344658315181732,-0.05543224513530731
1759645167059071200,7.4490712890625,-0.050867222249507904,-0.34256401658058167,-0.05545046553015709
1759645167069028400,7.4590283203125,-0.05330374836921692,-0.3641904890537262,-0.0620708130300045
1759645167078985200,7.468985107421875,-0.057494763284921646,-0.4063154458999634,-0.07003426551818848
1759645167088942300,7.4789423828125,-0.05997469648718834,-0.4539695382118225,-0.07052987813949585
1759645167098899500,7.4888994140625,-0.0650535449385643,-0.4994594156742096,-0.06711436063051224
1759645167108856300,7.498856201171875,-0.07096443325281143,-0.5337817072868347,-0.05690672993659973
1759645167118814200,7.508814208984375,-0.07403822243213654,-0.5501814484596252,-0.0447395034134388
1759645167128771300,7.518771240234375,-0.08489832282066345,-0.5710119009017944,-0.025909626856446266
1759645167138728400,7.528728515625,-0.08950862288475037,-0.6074495315551758,-0.01592489331960678
1759645167148685300,7.538685302734375,-0.0907781571149826,-0.6535024642944336,-0.030212752521038055
1759645167158642200,7.54864208984375,-0.10021885484457016,-0.7119630575180054,-0.05195928364992142
1759645167168599300,7.558599365234375,-0.12113585323095322,-0.7520955204963684,-0.06802346557378769
1759645167178556400,7.568556396484375,-0.13655343651771545,-0.7545949220657349,-0.08029025048017502
1759645167188514300,7.578514404296875,-0.1482364535331726,-0.7371626496315002,-0.08221545070409775
1759645167198471400,7.588471435546875,-0.15755946934223175,-0.7282715439796448,-0.08083878457546234
1759645167208428300,7.59842822265625,-0.1558060497045517,-0.7615557312965393,-0.08690972626209259
1759645167218385200,7.60838525390625,-0.1523515284061432,-0.8082317113876343,-0.10359039902687073
1759645167228342300,7.61834228515625,-0.14719805121421814,-0.8325181603431702,-0.13315628468990326
1759645167238299400,7.62829931640625,-0.15040525794029236,-0.8158274292945862,-0.1663171947002411
1759645167248256500,7.638256591796875,-0.16034764051437378,-0.7835917472839355,-0.19949191808700562
1759645167258213400,7.64821337890625,-0.1753513216972351,-0.7312465310096741,-0.2351180464029312
1759645167268171300,7.658171142578125,-0.1872420608997345,-0.6641260981559753,-0.2664791941642761
1759645167278128400,7.66812841796875,-0.19967526197433472,-0.6073862910270691,-0.2951866090297699
1759645167288085200,7.678085205078125,-0.203554168343544,-0.5852649807929993,-0.3162471652030945
1759645167298042400,7.68804248046875,-0.19455638527870178,-0.6076897382736206,-0.32937389612197876
1759645167307999500,7.69799951171875,-0.17411848902702332,-0.6298256516456604,-0.3359244763851166
1759645167317956400,7.707956298828125,-0.14495839178562164,-0.621130645275116,-0.33710330724716187
1759645167327913200,7.717913330078125,-0.1084643006324768,-0.5838735103607178,-0.3400503695011139
1759645167337870300,7.727870361328125,-0.08351494371891022,-0.5442712903022766,-0.3490040898323059
1759645167347828500,7.737828369140625,-0.0625113919377327,-0.5232152938842773,-0.3675895035266876
1759645167357785300,7.747785400390625,-0.04217597842216492,-0.5426394939422607,-0.39143824577331543
1759645167367742200,7.7577421875,-0.03593432903289795,-0.5671879649162292,-0.42318207025527954
1759645167377699300,7.76769921875,-0.03543908894062042,-0.565474808216095,-0.46174871921539307
1759645167387656400,7.777656494140625,-0.03905219957232475,-0.5250677466392517,-0.4989296495914459
1759645167397613300,7.78761328125,-0.048376452177762985,-0.459475576877594,-0.533139705657959
1759645167407570400,7.7975703125,-0.059519119560718536,-0.40229538083076477,-0.5585092306137085
1759645167417527600,7.807527587890625,-0.07176054269075394,-0.3539515733718872,-0.5705043077468872
1759645167427484200,7.817484130859375,-0.08610645681619644,-0.31854113936424255,-0.5770439505577087
1759645167437442300,7.8274423828125,-0.09496807307004929,-0.28926461935043335,-0.5894462466239929
1759645167447399400,7.8373994140625,-0.09776625037193298,-0.27010664343833923,-0.6046403646469116
1759645167457356500,7.8473564453125,-0.10212398320436478,-0.25351354479789734,-0.6295940279960632
1759645167467313400,7.8573134765625,-0.11590796709060669,-0.2386254072189331,-0.6613636612892151
1759645167477270300,7.867270263671875,-0.14567308127880096,-0.2216726541519165,-0.6968106627464294
1759645167487227400,7.877227294921875,-0.17769785225391388,-0.2082814872264862,-0.7288511395454407
1759645167497184300,7.887184326171875,-0.21446044743061066,-0.20127999782562256,-0.7573538422584534
1759645167507141400,7.897141357421875,-0.25407174229621887,-0.20337989926338196,-0.7818248271942139
1759645167517099300,7.907099365234375,-0.28031688928604126,-0.21675273776054382,-0.8100336194038391
1759645167527056100,7.91705615234375,-0.2954561710357666,-0.23067307472229004,-0.8316004276275635
1759645167537013200,7.92701318359375,-0.29988789558410645,-0.22397644817829132,-0.8465887308120728
1759645167546970400,7.936970458984375,-0.29290643334388733,-0.1918315589427948,-0.8510929346084595
1759645167556927500,7.946927490234375,-0.2864135205745697,-0.1600228101015091,-0.8560646176338196
1759645167566884400,7.95688427734375,-0.28155991435050964,-0.13436459004878998,-0.8589035868644714
1759645167576841500,7.966841552734375,-0.2781221866607666,-0.10927075892686844,-0.861295223236084
1759645167586798300,7.97679833984375,-0.26881149411201477,-0.08635824918746948,-0.8608408570289612
1759645167597378300,7.98737841796875,-0.25916072726249695,-0.07497962564229965,-0.8561611771583557
1759645167607335400,7.99733544921875,-0.2452327162027359,-0.0911770686507225,-0.8450493216514587
1759645167617292300,8.007292236328125,-0.23036471009254456,-0.1227443665266037,-0.8284892439842224
1759645167627250400,8.01725048828125,-0.2169644832611084,-0.15388311445713043,-0.8128253221511841
1759645167637207300,8.027207275390625,-0.20736762881278992,-0.16226349771022797,-0.8031964898109436
1759645167647164400,8.037164306640625,-0.2061162292957306,-0.1431390792131424,-0.7961716055870056
1759645167657121500,8.04712158203125,-0.20424820482730865,-0.09274781495332718,-0.7916952967643738
1759645167667078100,8.057078125,-0.19697324931621552,-0.024130407720804214,-0.790928065776825
1759645167677035300,8.06703515625,-0.1874239444732666,0.03936825320124626,-0.7888182401657104
1759645167686992400,8.076992431640624,-0.1742895096540451,0.07943977415561676,-0.776965320110321
1759645167696949200,8.08694921875,-0.15531928837299347,0.08971186727285385,-0.7621184587478638
1759645167706906400,8.09690625,-0.15260207653045654,0.08446570485830307,-0.7383630871772766
1759645167716863500,8.106863525390626,-0.1359630674123764,0.05356047302484512,-0.7101551294326782
1759645167726821400,8.1168212890625,-0.11667406558990479,0.015379799529910088,-0.6730815172195435
1759645167736778200,8.1267783203125,-0.10309445858001709,-0.005194917321205139,-0.6344130039215088
1759645167746735400,8.1367353515625,-0.09487567842006683,-0.005816498771309853,-0.6066668629646301
1759645167756692500,8.1466923828125,-0.09863432496786118,0.008608599193394184,-0.5837568044662476
1759645167766649300,8.1566494140625,-0.1026274710893631,0.03904746472835541,-0.5711281299591064
1759645167776606200,8.166606201171875,-0.1044270470738411,0.06895903497934341,-0.5598634481430054
1759645167786563300,8.176563232421875,-0.1029852107167244,0.09236795455217361,-0.5442793965339661
1759645167796520200,8.186520263671875,-0.0900658667087555,0.1139385774731636,-0.528984785079956
1759645167806477300,8.196477294921875,-0.07994239032268524,0.12395792454481125,-0.5075072050094604
1759645167816435500,8.206435546875,-0.07896738499403,0.1285737007856369,-0.47894367575645447
1759645167826392300,8.216392333984375,-0.07135607302188873,0.13395781815052032,-0.44755780696868896
1759645167836349200,8.22634912109375,-0.0566597506403923,0.12929637730121613,-0.41209492087364197
1759645167846306300,8.236306396484375,-0.04215404391288757,0.11219382286071777,-0.3729717433452606
1759645167856263400,8.246263427734375,-0.036614999175071716,0.09774021804332733,-0.3363814949989319
1759645167866220300,8.25622021484375,-0.02448589727282524,0.09444509446620941,-0.3119315505027771
1759645167876177400,8.266177490234375,-0.030714653432369232,0.10450901091098785,-0.2877965271472931
1759645167886134300,8.27613427734375,-0.036520879715681076,0.1258518546819687,-0.26724517345428467
1759645167896091100,8.286091064453124,-0.037987422198057175,0.14548157155513763,-0.24695506691932678
1759645167906049300,8.29604931640625,-0.03715811297297478,0.1550508439540863,-0.22437065839767456
1759645167916006400,8.30600634765625,-0.04504108428955078,0.1463545858860016,-0.20650939643383026
1759645167925963500,8.315963623046875,-0.05395521968603134,0.1299963891506195,-0.1841851770877838
1759645167935920000,8.325920166015624,-0.05864652991294861,0.1093960776925087,-0.16091860830783844
1759645167945877200,8.335877197265624,-0.05480784922838211,0.09051906317472458,-0.13336288928985596
1759645167955834400,8.34583447265625,-0.05005038157105446,0.08131837099790573,-0.10993905365467072
1759645167965791200,8.355791259765626,-0.05698738247156143,0.0808429941534996,-0.0866537094116211
1759645167975748400,8.365748291015626,-0.062320441007614136,0.0791989415884018,-0.06256014108657837
1759645167985705500,8.37570556640625,-0.06715567409992218,0.0703524574637413,-0.041064970195293427
1759645167995662300,8.385662353515626,-0.06038876622915268,0.04502386599779129,-0.028994034975767136
1759645168005620200,8.3956201171875,-0.04557573422789574,0.016368785873055458,-0.02883824147284031
1759645168015577300,8.405577392578126,-0.04311063140630722,-0.008117151446640491,-0.02763720229268074
1759645168025534500,8.415534423828126,-0.04561480134725571,-0.024159766733646393,-0.032534755766391754
1759645168035491300,8.4254912109375,-0.050541844218969345,-0.025517581030726433,-0.03554750978946686
1759645168045448200,8.4354482421875,-0.061609942466020584,-0.026807349175214767,-0.037698011845350266
1759645168055405300,8.4454052734375,-0.07390213757753372,-0.027571391314268112,-0.03323647379875183
1759645168065362200,8.455362060546875,-0.08136724680662155,-0.035765938460826874,-0.02716873027384281
1759645168075319300,8.4653193359375,-0.08852410316467285,-0.054038483649492264,-0.019172290340065956
1759645168085276400,8.4752763671875,-0.09282776713371277,-0.06745842099189758,-0.016216181218624115
1759645168095234300,8.485234375,-0.0724775493144989,-0.09217251092195511,-0.015294846147298813
1759645168105191200,8.495191162109375,-0.046217456459999084,-0.14857053756713867,-0.004771098494529724
1759645168115148300,8.505148193359375,-0.02019285224378109,-0.23609517514705658,0.013371835462749004
1759645168125105400,8.51510546875,0.013515311293303967,-0.32797741889953613,0.04566852003335953
1759645168135062300,8.525062255859375,0.027027547359466553,-0.37886595726013184,0.08018619567155838
1759645168145019000,8.535018798828125,0.032451603561639786,-0.3712005913257599,0.09658221155405045
1759645168154976000,8.54497607421875,0.019860386848449707,-0.3220385015010834,0.08183786273002625
1759645168164932900,8.554932861328124,-0.006494789384305477,-0.25266900658607483,0.051936160773038864
1759645168174889700,8.5648896484375,-0.026794707402586937,-0.1835314780473709,0.018527010455727577
1759645168184848000,8.574847900390624,-0.028469035401940346,-0.12370996177196503,-0.00937466137111187
1759645168194805000,8.584804931640624,-0.013668131083250046,-0.07387562841176987,-0.03887942433357239
1759645168204761900,8.594761962890624,-0.01212962344288826,-0.03477296233177185,-0.06628574430942535
1759645168214718700,8.60471875,-0.021417664363980293,-0.01858120784163475,-0.07710457593202591
1759645168224675800,8.61467578125,-0.0351068452000618,0.004930775612592697,-0.0734882652759552
1759645168234633000,8.624633056640626,-0.03951098024845123,0.05097181722521782,-0.07192883640527725
1759645168244589800,8.63458984375,-0.030364086851477623,0.07627104222774506,-0.07730842381715775
1759645168254547000,8.644546875,-0.030263150110840797,0.07153047621250153,-0.08364797383546829
1759645168264504000,8.654504150390625,-0.026039110496640205,0.05818990245461464,-0.09352830052375793
1759645168274462000,8.6644619140625,-0.022946229204535484,0.040867824107408524,-0.10005591064691544
1759645168284418800,8.674418701171875,-0.022749952971935272,0.020260019227862358,-0.09947293996810913
1759645168294376000,8.6843759765625,-0.03586464002728462,0.025054484605789185,-0.1050046756863594
1759645168304333000,8.6943330078125,-0.04042743146419525,0.034261830151081085,-0.11212224513292313
1759645168314290000,8.7042900390625,-0.03870505094528198,0.030039196833968163,-0.12101870775222778
1759645168324246800,8.714246826171875,-0.038903456181287766,-0.011264567263424397,-0.13884297013282776
1759645168334204000,8.724203857421875,-0.028867552056908607,-0.036554768681526184,-0.15835072100162506
1759645168344161000,8.7341611328125,-0.024161480367183685,-0.03429960459470749,-0.1679878979921341
1759645168354118000,8.744117919921875,-0.019695574417710304,0.03280963376164436,-0.1711955964565277
1759645168364075800,8.75407568359375,-0.025054920464754105,0.09533745795488358,-0.19066303968429565
1759645168374033000,8.764032958984375,-0.03795963525772095,0.15140050649642944,-0.21264982223510742
1759645168383989800,8.77398974609375,-0.05198277533054352,0.19305634498596191,-0.22314293682575226
1759645168393947000,8.78394677734375,-0.0695449635386467,0.2124318927526474,-0.2248222976922989
1759645168403904000,8.793904052734375,-0.08534390479326248,0.23118959367275238,-0.21703681349754333
1759645168413861000,8.803861083984375,-0.09314541518688202,0.24655739963054657,-0.21863985061645508
1759645168423818000,8.81381787109375,-0.09755854308605194,0.2416534423828125,-0.21936263144016266
1759645168433774800,8.82377490234375,-0.10271250456571579,0.2174740582704544,-0.21241223812103271
1759645168443732000,8.83373193359375,-0.10382837057113647,0.21736539900302887,-0.2071668654680252
1759645168453689900,8.84368994140625,-0.0985497534275055,0.23002488911151886,-0.1986936330795288
1759645168463647000,8.85364697265625,-0.0977231115102768,0.23898349702358246,-0.18465210497379303
1759645168473603800,8.863603759765626,-0.08715634793043137,0.2373872548341751,-0.17518150806427002
1759645168483560700,8.873560791015626,-0.07745232433080673,0.2309645116329193,-0.1715843826532364
1759645168493517800,8.883517822265626,-0.07473885267972946,0.20912101864814758,-0.1571277230978012
1759645168503475000,8.893474853515626,-0.08227373659610748,0.17922915518283844,-0.13476301729679108
1759645168513432000,8.90343212890625,-0.09063659608364105,0.15668684244155884,-0.10598224401473999
1759645168523389000,8.913388916015625,-0.08825679123401642,0.105598084628582,-0.07801692187786102
1759645168533346800,8.923346923828126,-0.07732805609703064,0.047903403639793396,-0.06327281147241592
1759645168543304000,8.933303955078125,-0.06547165662050247,-0.030808718875050545,-0.04837988317012787
1759645168553260800,8.9432607421875,-0.040666624903678894,-0.10683681815862656,-0.028594302013516426
1759645168563218000,8.953218017578125,-0.020914226770401,-0.15964649617671967,-0.014441200532019138
1759645168573175000,8.963175048828125,-0.008373767137527466,-0.2106931358575821,-0.002252170816063881
1759645168583132000,8.9731318359375,0.010769300162792206,-0.2557111978530884,0.004609463736414909
1759645168593088800,8.9830888671875,0.022906821221113205,-0.2815057337284088,0.003052055137231946
1759645168603046000,8.9930458984375,0.029585761949419975,-0.26002174615859985,-0.0009046033374033868
1759645168613004000,9.003004150390625,0.02982689067721367,-0.2120208442211151,-0.005476764868944883
1759645168622961000,9.0129609375,0.0198376402258873,-0.14763812720775604,-0.01461806520819664
1759645168632917800,9.022917724609375,0.003712437115609646,-0.07957637310028076,-0.025423411279916763
1759645168642875000,9.032875,-0.006406776141375303,-0.035443264991045,-0.03027009777724743
1759645168652832000,9.04283203125,-0.01702619530260563,-0.01109515130519867,-0.027878327295184135
1759645168662788900,9.052788818359375,-0.02365134283900261,0.003251829883083701,-0.024401305243372917
1759645168672746000,9.06274609375,-0.02937517687678337,-0.0009745157440192997,-0.026781052350997925
1759645168682703000,9.072703125,-0.03726319596171379,-0.04011446237564087,-0.0289725661277771
1759645168692660000,9.082659912109374,-0.038954801857471466,-0.10493462532758713,-0.026119811460375786
1759645168702617900,9.092617919921874,-0.040028054267168045,-0.13839936256408691,-0.017222190275788307
1759645168712575000,9.102574951171874,-0.043889373540878296,-0.12157139182090759,-0.012431164272129536
1759645168722532000,9.112531982421874,-0.04916486144065857,-0.08339467644691467,-0.010836376808583736
1759645168732489000,9.122489013671874,-0.05823628231883049,-0.04085101932287216,-0.01017045322805643
1759645168742445800,9.13244580078125,-0.06792353093624115,-0.0011904245475307107,-0.017568448558449745
1759645168752403000,9.14240283203125,-0.08348398655653,0.028837328776717186,-0.024842245504260063
1759645168762359800,9.15235986328125,-0.09838543832302094,0.07622028887271881,-0.02644733339548111
1759645168772317000,9.16231689453125,-0.11145616322755814,0.1410762369632721,-0.025081852450966835
1759645168782275000,9.172275146484376,-0.10849232971668243,0.18495474755764008,-0.027255523949861526
1759645168792231700,9.182231689453126,-0.0902702584862709,0.19052475690841675,-0.027677979320287704
1759645168802188800,9.192188720703125,-0.07273627072572708,0.13502900302410126,-0.018292468041181564
1759645168812146000,9.20214599609375,-0.04409123957157135,0.04072299972176552,0.0026166210882365704
1759645168822103000,9.21210302734375,-0.010721830651164055,-0.04827718064188957,0.029143303632736206
1759645168832060000,9.222059814453125,0.007803124375641346,-0.1321677267551422,0.04856927692890167
1759645168842017000,9.23201708984375,0.012710532173514366,-0.1917993575334549,0.0609377957880497
1759645168851974000,9.241973876953125,0.012714683078229427,-0.20905257761478424,0.06356753408908844
1759645168861931800,9.251931884765625,0.013589265756309032,-0.2103615254163742,0.06257843226194382
1759645168871889000,9.261888916015625,0.02012060210108757,-0.20870792865753174,0.06484536826610565
1759645168881846000,9.271845947265625,0.016137845814228058,-0.1844334751367569,0.0678131952881813
1759645168891803100,9.28180322265625,0.014752600342035294,-0.1312338411808014,0.06502377241849899
1759645168901759700,9.291759765625,0.014502530917525291,-0.06498744338750839,0.04899047315120697
1759645168911716900,9.301716796875,0.008294369094073772,-0.012082519009709358,0.03575614467263222
1759645168921674000,9.311674072265625,-0.005361787974834442,0.03374675288796425,0.027023106813430786
1759645168931630800,9.321630859375,-0.007579335011541843,0.051011983305215836,0.0188096035271883
1759645168941589000,9.331589111328125,-0.007079992443323135,0.0426054485142231,0.011905625462532043
1759645168951545900,9.3415458984375,-0.004511673003435135,0.028290992602705956,0.009490489959716797
1759645168961503000,9.3515029296875,-0.01923522539436817,0.020299911499023438,0.009872120805084705
1759645168971459800,9.3614599609375,-0.02164560928940773,0.025919854640960693,0.010021094232797623
1759645168981417000,9.3714169921875,-0.025758860632777214,0.029728174209594727,0.0166249331086874
1759645168991374000,9.3813740234375,-0.03951975703239441,0.026092708110809326,0.0267746951431036
1759645169001331000,9.3913310546875,-0.053581513464450836,0.03409364074468613,0.039635367691516876
1759645169011287800,9.401287841796876,-0.07741130143404007,0.05628569424152374,0.04740547761321068
1759645169021246000,9.411245849609376,-0.08721679449081421,0.06792531162500381,0.042333751916885376
1759645169031203000,9.421203125,-0.062297940254211426,0.046645987778902054,0.042887281626462936
1759645169041160000,9.431159912109376,-0.02285279706120491,0.003067886456847191,0.041791126132011414
1759645169051117000,9.441116943359376,0.0060738250613212585,-0.05320971459150314,0.04377518966794014
1759645169061074000,9.451073974609375,0.013748523779213428,-0.09771939367055893,0.04925251007080078
1759645169071030800,9.46103076171875,0.015142560005187988,-0.1154588907957077,0.05844051018357277
1759645169080988000,9.47098779296875,0.01600435934960842,-0.10471782833337784,0.06007995083928108
1759645169090945000,9.480945068359375,0.010645812377333641,-0.08572842180728912,0.057040486484766006
1759645169100903000,9.49090283203125,0.013868938200175762,-0.07471007853746414,0.055362701416015625
1759645169110859800,9.50085986328125,0.0069409506395459175,-0.051782794296741486,0.06529698520898819
1759645169120817000,9.51081689453125,0.0060860756784677505,-0.02293010801076889,0.07218019664287567
1759645169130774000,9.52077392578125,0.007650416344404221,0.002000808948650956,0.07094848155975342
1759645169140731000,9.53073095703125,0.008614215068519115,0.016447925940155983,0.0606822669506073
1759645169150688300,9.540688232421875,0.008816457353532314,0.014054782688617706,0.053785860538482666
1759645169160645000,9.55064501953125,0.006974082440137863,0.008618205785751343,0.05351341888308525
1759645169170603000,9.56060302734375,0.010100960731506348,-0.009375219233334064,0.054394613951444626
1759645169180560100,9.57056005859375,0.014559092931449413,-0.0264000091701746,0.056798115372657776
1759645169190517200,9.580517333984375,0.01979902945458889,-0.035992398858070374,0.0628216564655304
1759645169200474000,9.59047412109375,0.02485610544681549,-0.04710976406931877,0.06961085647344589
1759645169210431000,9.600430908203125,0.03186201676726341,-0.0576605349779129,0.07554903626441956
1759645169220388000,9.61038818359375,0.03973911330103874,-0.08680669963359833,0.08837907761335373
1759645169230345000,9.620344970703124,0.03753278777003288,-0.10176263004541397,0.11895900219678879
1759645169240302000,9.630302001953124,0.04247242212295532,-0.1130184754729271,0.13231849670410156
1759645169250260200,9.64026025390625,0.05122606083750725,-0.1246504932641983,0.1322009116411209
1759645169260217000,9.650217041015624,0.04701746627688408,-0.1122225895524025,0.13586676120758057
1759645169270174000,9.660174072265624,0.043757691979408264,-0.08781314641237259,0.14146828651428223
1759645169280131000,9.670131103515626,0.04350762069225311,-0.06078765541315079,0.1344018578529358
1759645169290088200,9.680088134765626,0.03486949950456619,-0.04095952585339546,0.12142325937747955
1759645169300045000,9.690045166015626,0.028422784060239792,-0.015632065013051033,0.11687351018190384
1759645169310002200,9.700002197265626,0.01823994517326355,0.007751372642815113,0.11752690374851227
1759645169319959000,9.709958984375,0.026344474405050278,0.020234407857060432,0.11828190833330154
1759645169329917200,9.719917236328126,0.03369859978556633,0.04153275489807129,0.10950687527656555
1759645169339874000,9.7298740234375,0.02220146544277668,0.07931022346019745,0.08301108330488205
1759645169349831200,9.7398310546875,0.022425081580877304,0.11375442147254944,0.05576728656888008
1759645169359788300,9.749788330078125,0.01897122710943222,0.12821564078330994,0.043021928519010544
1759645169369745000,9.759744873046875,0.015026483684778214,0.13696669042110443,0.04463525861501694
1759645169379702000,9.769701904296875,0.018653443083167076,0.13710011541843414,0.05479654669761658
1759645169389659100,9.7796591796875,0.02353638969361782,0.12430522590875626,0.0670415386557579
1759645169399617300,9.7896171875,0.027839792892336845,0.09921025484800339,0.07712080329656601
1759645169409574100,9.79957421875,0.03052065521478653,0.07776547968387604,0.0755028948187828
1759645169419531000,9.809531005859375,0.022864067927002907,0.06416018307209015,0.06916883587837219
1759645169429488000,9.819488037109375,0.0124387601390481,0.0684167668223381,0.05779315158724785
1759645169439445000,9.829445068359375,-0.00030925916507840157,0.08639150857925415,0.04342912510037422
1759645169449402000,9.839402099609375,-0.007673510815948248,0.11013065278530121,0.03768927603960037
1759645169459359200,9.849359130859375,0.0011783037334680557,0.10781928896903992,0.04363584890961647
1759645169469316000,9.859316162109375,0.00839617196470499,0.08831250667572021,0.04747386649250984
1759645169479274000,9.86927392578125,0.015176579356193542,0.0758017748594284,0.0470389723777771
1759645169489231000,9.879231201171875,0.022172752767801285,0.079890675842762,0.04198811948299408
1759645169499188200,9.889188232421875,0.021751973778009415,0.08434401452541351,0.02760465256869793
1759645169509145000,9.89914501953125,0.014450671151280403,0.07606766372919083,0.025672445073723793
1759645169519102200,9.909102294921874,-0.002118984702974558,0.035928767174482346,0.032971370965242386
1759645169529059000,9.91905908203125,0.0023792425636202097,0.0358862467110157,0.0394943431019783
1759645169539016000,9.929015869140626,-0.011534974910318851,0.0769503265619278,0.028614800423383713
1759645169548974000,9.93897412109375,-0.02520661987364292,0.150006964802742,0.0009919204749166965
1759645169558931200,9.94893115234375,-0.029277527704834938,0.2078886330127716,-0.012410704046487808
1759645169568888000,9.95888818359375,-0.021509913727641106,0.2018633931875229,-0.012957427650690079
1759645169578845000,9.968844970703126,-0.015359077602624893,0.1648358702659607,-0.007740028668195009
1759645169588802000,9.978802001953126,-0.013347788713872433,0.14015619456768036,-0.0014624095056205988
1759645169598759200,9.98875927734375,-0.007951691746711731,0.13266845047473907,0.007580087520182133
1759645169608716000,9.998716064453125,-0.0064879003912210464,0.12776920199394226,0.004295250400900841
1759645169618673200,10.008673095703125,-0.010050410404801369,0.1226934865117073,-0.004221804440021515
1759645169628631000,10.018631103515625,-0.016969364136457443,0.12289966642856598,-0.009261789731681347
1759645169638588200,10.028588134765625,-0.020518824458122253,0.11212052404880524,-0.0062449611723423
1759645169648545000,10.038544921875,-0.020151661708950996,0.0913376733660698,0.0037057441659271717
1759645169658502100,10.048502197265625,-0.014014938846230507,0.06302294880151749,0.011481110006570816
1759645169668459300,10.058459228515625,-0.0058236392214894295,0.03573339432477951,0.01097820233553648
1759645169678416100,10.068416015625,0.0020409412682056427,0.020851382985711098,0.00591047341004014
1759645169688373000,10.078373046875,0.005282117053866386,0.019151318818330765,0.003912092186510563
1759645169698331100,10.0883310546875,0.0029712915420532227,0.025640377774834633,0.008188330568373203
1759645169708288300,10.098288330078125,0.0038639833219349384,0.027348794043064117,0.010410738177597523
1759645169718245000,10.1082451171875,0.002975833136588335,0.02570071443915367,0.006516460329294205
1759645169728202000,10.118201904296875,0.000012906966730952263,0.03381459414958954,0.005232393275946379
1759645169738159000,10.1281591796875,0.0021865791641175747,0.03705219924449921,0.0010312568629160523
1759645169748116000,10.138115966796875,0.0118038235232234,0.017846805974841118,0.002366871340200305
1759645169758073000,10.148072998046874,0.013479218818247318,-0.010440491139888763,0.011496187187731266
1759645169768031200,10.15803125,0.021305488422513008,-0.03968680277466774,0.01995176449418068
1759645169777988000,10.167988037109374,0.024227773770689964,-0.06079528480768204,0.028771087527275085
1759645169787945000,10.177945068359374,0.030870316550135612,-0.06794562190771103,0.040266167372465134
1759645169797902000,10.187902099609374,0.035389699041843414,-0.0753563940525055,0.04652592912316322
1759645169807859200,10.197859130859374,0.04399382323026657,-0.08011427521705627,0.048669442534446716
1759645169817816000,10.207816162109374,0.04828337952494621,-0.07167791575193405,0.05658915266394615
1759645169827773200,10.217773193359376,0.043012380599975586,-0.03684494271874428,0.06775656342506409
1759645169837730000,10.22772998046875,0.038130808621644974,0.0050290049985051155,0.0666886419057846
1759645169847688200,10.237688232421876,0.038358140736818314,0.04160144925117493,0.055202968418598175
1759645169857645000,10.24764501953125,0.024895064532756805,0.05309511721134186,0.03446093946695328
1759645169867602200,10.257602294921876,0.017826592549681664,0.03256567567586899,0.01733141578733921
1759645169877559300,10.267559326171876,0.004936360754072666,0.014782151207327843,0.015676261857151985
1759645169887516000,10.277515869140625,-0.008045251481235027,0.009446320123970509,0.014038323424756527
1759645169897473000,10.28747314453125,-0.012420025654137135,-0.005416248459368944,0.018254108726978302
1759645169907430100,10.29743017578125,-0.01576966792345047,0.013873090036213398,0.03261619806289673
1759645169917388300,10.30738818359375,-0.008035048842430115,0.0327029712498188,0.03699736297130585
1759645169927345200,10.31734521484375,0.0004349551163613796,0.036244165152311325,0.028200224041938782
1759645169937302000,10.327302001953125,0.003500253427773714,0.03650355711579323,0.01820378191769123
1759645169947259100,10.337259033203125,0.0041538747027516365,0.02595297433435917,0.01977364532649517
1759645169957216000,10.347216064453125,-0.0033509128261357546,-0.002467748010531068,0.02495242841541767
1759645169967173000,10.357173095703125,-0.014311233535408974,-0.019463839009404182,0.030977368354797363
1759645169977130200,10.367130126953125,-0.015840686857700348,-0.009053008630871773,0.024192698299884796
1759645169987088000,10.377087890625,-0.012194499373435974,-0.014918135479092598,0.008891459554433823
1759645169997045000,10.387044921875,-0.006974703632295132,-0.03826580196619034,-0.005775101017206907
1759645170007002000,10.397002197265625,-0.005890879780054092,-0.0451282262802124,-0.007621016353368759
1759645170016959200,10.406959228515625,-0.0061598592437803745,-0.043869614601135254,-0.011219480074942112
1759645170026916000,10.416916015625,-0.011687150225043297,-0.04968555271625519,-0.011469143442809582
1759645170036873200,10.426873291015625,-0.026036260649561882,-0.04861895740032196,-0.007877337746322155
1759645170046830000,10.436830078125,-0.03976571559906006,-0.014238758012652397,-0.015677040442824364
1759645170056787000,10.446786865234374,-0.050464168190956116,0.01595270074903965,-0.041021279990673065
1759645170066745000,10.4567451171875,-0.06545452773571014,0.02748817764222622,-0.07042599469423294
1759645170076702200,10.4667021484375,-0.0752464309334755,0.022892093285918236,-0.07370807975530624
1759645170086659000,10.4766591796875,-0.08811836689710617,0.03158587962388992,-0.06536787003278732
1759645170096616000,10.486615966796874,-0.10585954785346985,0.04751184955239296,-0.06896447390317917
1759645170106573000,10.496572998046876,-0.14501960575580597,0.05907987803220749,-0.08435490727424622
1759645170116530200,10.5065302734375,-0.20798632502555847,0.11046211421489716,-0.0941646620631218
1759645170126487000,10.516487060546876,-0.31671321392059326,0.19294825196266174,-0.08891773968935013
1759645170136445000,10.52644482421875,-0.4783114194869995,0.2762436866760254,-0.07966405153274536
1759645170146401500,10.536401611328126,-0.5849045515060425,0.21094514429569244,-0.06475646793842316
1759645170156358700,10.546358642578125,-0.6245036125183105,-0.10026545822620392,-0.012433607131242752
1759645170166315500,10.5563154296875,-0.6223939657211304,-0.4287118911743164,0.05254293978214264
1759645170176272600,10.566272705078125,-0.5826497077941895,-0.6582260131835938,0.12516415119171143
1759645170186229800,10.576229736328125,-0.5491814017295837,-0.7230156064033508,0.17244146764278412
1759645170196187000,10.586186767578125,-0.5107935667037964,-0.680935263633728,0.1771150529384613
1759645170206144500,10.59614453125,-0.44667109847068787,-0.5939323306083679,0.13545772433280945
1759645170216101600,10.6061015625,-0.36652031540870667,-0.483333945274353,0.06391322612762451
1759645170226058800,10.616058837890625,-0.292470782995224,-0.35047295689582825,-0.024066999554634094
1759645170236015600,10.626015625,-0.24269893765449524,-0.22928929328918457,-0.10401216894388199
1759645170245972700,10.63597265625,-0.21075314283370972,-0.1505771279335022,-0.15089306235313416
1759645170255929600,10.6459296875,-0.1703154444694519,-0.07889041304588318,-0.1595427393913269
1759645170265886700,10.65588671875,-0.12116803228855133,-0.04909095540642738,-0.1463565230369568
1759645170275844600,10.6658447265625,-0.07593397796154022,-0.078264020383358,-0.12092520296573639
1759645170285801700,10.6758017578125,-0.05497466400265694,-0.14137758314609528,-0.09747417271137238
1759645170295758800,10.6857587890625,-0.02797367237508297,-0.22563333809375763,-0.07875774055719376
1759645170305715500,10.695715576171875,-0.0031294634100049734,-0.28999680280685425,-0.06285648792982101
1759645170315672600,10.705672607421874,0.004899701103568077,-0.2921832501888275,-0.04256106913089752
1759645170325629700,10.715629638671874,-0.0015407726168632507,-0.25106021761894226,-0.028443332761526108
1759645170335586800,10.7255869140625,-0.00573391979560256,-0.18545563519001007,-0.028829490765929222
1759645170345544700,10.735544677734374,-0.0016030920669436455,-0.09254904836416245,-0.03971877321600914
1759645170355501600,10.74550146484375,-0.0013950990978628397,0.014649304561316967,-0.06471813470125198
1759645170365458700,10.755458740234374,-0.00897784810513258,0.1123645156621933,-0.09112575650215149
1759645170375415600,10.76541552734375,-0.008661731146275997,0.1265604943037033,-0.11216553300619125
1759645170385372700,10.77537255859375,-0.011198687367141247,0.0985170379281044,-0.09581315517425537
1759645170395329800,10.785329833984376,-0.02388864941895008,0.07272884994745255,-0.04291745647788048
1759645170405286700,10.79528662109375,-0.026952559128403664,0.03495790809392929,-0.00994529016315937
1759645170415244500,10.80524462890625,-0.01107452530413866,0.003064692486077547,0.003385694930329919
1759645170425201700,10.81520166015625,0.004239875823259354,0.0002150899381376803,-0.0007794264238327742
1759645170435158800,10.82515869140625,0.00996620487421751,0.02264156937599182,-0.005790696479380131
1759645170445115600,10.83511572265625,0.010795246809720993,0.07523234188556671,-0.011731410399079323
1759645170455072800,10.84507275390625,0.010422937572002411,0.1111605167388916,-0.017565064132213593
1759645170465029600,10.855029541015625,0.011265827342867851,0.12513571977615356,-0.01845669001340866
1759645170474986500,10.864986572265625,0.009482741355895996,0.12217060476541519,-0.009308191947638988
1759645170484943600,10.874943603515625,0.007589716464281082,0.12496605515480042,-0.00375752174295485
1759645170494900700,10.884900634765625,0.005927904509007931,0.1357973963022232,-0.003614510176703334
1759645170504857900,10.89485791015625,0.00803527981042862,0.14159339666366577,-0.012661471031606197
1759645170514815500,10.9048154296875,0.006707960739731789,0.09382320195436478,-0.006457904353737831
1759645170524772600,10.914772705078125,0.02038528025150299,0.04110278934240341,0.003822664963081479
1759645170534729700,10.924729736328125,0.028492208570241928,0.022708602249622345,-0.00757939275354147
1759645170544686600,10.9346865234375,0.025739993900060654,-0.011484959162771702,-0.019996820017695427
1759645170554643700,10.944643798828125,0.010549323633313179,-0.053710173815488815,-0.004578448832035065
1759645170564600800,10.954600830078125,0.011833968572318554,-0.08329698443412781,0.009048577398061752
1759645170574557700,10.9645576171875,0.009741523303091526,-0.11724722385406494,0.011345554143190384
1759645170584515600,10.974515625,0.012186544016003609,-0.142507404088974,0.0027643402572721243
1759645170594472700,10.98447265625,0.019979486241936684,-0.15792632102966309,-0.0030661181081086397
1759645170604429800,10.994429931640624,0.016999751329421997,-0.1588744968175888,0.004696330986917019
1759645170614386400,11.004386474609374,0.016080692410469055,-0.147727832198143,0.013810999691486359
