time,seconds_elapsed,z,y,x
1759645376879877400,0.06287744140625,5.871546931821108,7.633661233517527,-1.8500088582485914
1759645376889835000,0.0728349609375,5.87005055578351,7.63723558487296,-1.8399767090559005
1759645376899792100,0.082792236328125,5.869885720610618,7.6398483977198595,-1.8296262876942753
1759645376909750300,0.092750244140625,5.870464397281408,7.641510777974128,-1.8208078982055187
1759645376919708200,0.102708251953125,5.871120815363526,7.64234605975449,-1.8151767604507505
1759645376929666300,0.112666259765625,5.871912258002162,7.642366518020629,-1.8125281456381082
1759645376939623200,0.122623046875,5.8729632283598185,7.641984825226664,-1.8107332250453532
1759645376949581000,0.1325810546875,5.874242162254452,7.641512531539798,-1.808576193141937
1759645376959539200,0.142539306640625,5.87549596170783,7.64141374734044,-1.8049181090258062
1759645376969497000,0.1524970703125,5.876296756696701,7.641821159097552,-1.800581394995749
1759645376979455200,0.162455322265625,5.877258295205235,7.642057305940985,-1.7964356734931468
1759645376989412400,0.172412353515625,5.878526123183965,7.642039770284295,-1.7923543955288825
1759645376999370200,0.182370361328125,5.879833114129305,7.642185316234826,-1.7874413429155944
1759645377009328000,0.192328125,5.881441718369722,7.642234416073561,-1.7819328086271882
1759645377019286300,0.202286376953125,5.883415064269304,7.641872012501954,-1.7769648109562695
1759645377029243100,0.2122431640625,5.885757243481278,7.640766681608557,-1.7739558383986354
1759645377039201300,0.222201171875,5.888105267912149,7.639113069182634,-1.7732891911834476
1759645377049159200,0.2321591796875,5.891136598432063,7.636821158853173,-1.7730930840894579
1759645377059117300,0.242117431640625,5.895632740807533,7.634406498926878,-1.768542288917303
1759645377069074200,0.25207421875,5.900342818194628,7.63319010887444,-1.7580512900412082
1759645377079032000,0.262031982421875,5.904205923363566,7.633461911553144,-1.7438468235999345
1759645377088990200,0.271990234375,5.906667929562926,7.63473792283833,-1.7298662290424107
1759645377098948400,0.2819482421875,5.908025773912668,7.636122655194997,-1.719080338872969
1759645377108906200,0.29190625,5.90869212886691,7.636931633490324,-1.7131880659639835
1759645377118863000,0.301863037109375,5.90938244921863,7.636587934619188,-1.7123381711363792
1759645377128821200,0.3118212890625,5.910202533429861,7.635304909071325,-1.7152293625332413
1759645377138779100,0.321779052734375,5.911104450705647,7.633306428730488,-1.7210095533698797
1759645377148737300,0.3317373046875,5.9119543455332515,7.630996982744335,-1.7283169537737963
1759645377158694100,0.341694091796875,5.912716562077403,7.628646620225906,-1.7360652298130095
1759645377168652300,0.35165234375,5.91316956654191,7.6267434169530866,-1.742869356869906
1759645377178610400,0.3616103515625,5.913658811363577,7.625249379003048,-1.7477401777766643
1759645377188568000,0.371568115234375,5.912658109888434,7.625198525598645,-1.7513452165313064
1759645377198525200,0.381525146484375,5.910369122168421,7.62630911718905,-1.754232754666358
1759645377208483300,0.3914833984375,5.907815346032381,7.627860438284277,-1.756088903927058
1759645377218441200,0.401441162109375,5.905650276952982,7.6295514601111405,-1.7560257755629718
1759645377228399400,0.4113994140625,5.903568209981918,7.631459924080968,-1.7547319363601506
1759645377238356200,0.421356201171875,5.900830893972516,7.633795673552155,-1.753779019549489
1759645377248314000,0.431314208984375,5.89750437989831,7.636242482182383,-1.7543185332536697
1759645377258272300,0.441272216796875,5.894195401480793,7.638329225328564,-1.7563531078211962
1759645377268230100,0.451230224609375,5.891615906381607,7.6395707498222585,-1.7596048030935227
1759645377278188300,0.461188232421875,5.889551959589124,7.640366284114122,-1.7630583045482635
1759645377288145400,0.4711455078125,5.888147938010096,7.641110380479693,-1.7645216550990939
1759645377298103300,0.481103271484375,5.886918103954196,7.64273885846436,-1.76156821212098
1759645377308061200,0.491061279296875,5.884526240381598,7.646063034451007,-1.7551197666339575
1759645377318019000,0.50101904296875,5.881635195115209,7.65029263484478,-1.7463588064208626
1759645377327976200,0.51097607421875,5.87870323331654,7.654599392127991,-1.7373353958792983
1759645377337933800,0.520933837890625,5.876366314801573,7.658048655799031,-1.7300259496487675
1759645377347891700,0.5308916015625,5.874716209506988,7.660445195546746,-1.7250116286180912
1759645377357849900,0.540849853515625,5.873457149356604,7.662303975155949,-1.7210409714214503
1759645377367806700,0.550806640625,5.872032669511437,7.6643667529046535,-1.7167141942635178
1759645377377764600,0.5607646484375,5.870509989988803,7.666574492081999,-1.7120543857589363
1759645377387722800,0.57072265625,5.869091355362534,7.668625579392909,-1.7077243937306106
1759645377397680600,0.5806806640625,5.867912374711036,7.670196774232387,-1.704717320869118
1759645377407637800,0.5906376953125,5.866968371859192,7.671388614365458,-1.7026064661949871
1759645377417595600,0.600595703125,5.866026122573018,7.672191747441888,-1.7022323721855879
1759645377427553500,0.610553466796875,5.864143377566338,7.6735367323100565,-1.7026586347736417
1759645377437511700,0.62051171875,5.861296171441674,7.676075310876965,-1.7010189047425985
1759645377447469800,0.6304697265625,5.857874964821338,7.68002083363235,-1.694980793622136
1759645377457426700,0.6404267578125,5.8544707093358035,7.684896330714225,-1.6846132749952374
1759645377467384800,0.650384765625,5.851509521442652,7.689665444812178,-1.6731012625083326
1759645377477342700,0.6603427734375,5.848967435744404,7.6937091672450295,-1.6633726263068616
1759645377487300600,0.670300537109375,5.847151910755038,7.696323733657598,-1.6576457730926573
1759645377497257700,0.6802578125,5.846276881486177,7.697352492183446,-1.6559566509619355
1759645377507215600,0.690215576171875,5.84627162078917,7.697005870702863,-1.6575879054255782
1759645377517173800,0.700173828125,5.846610058963298,7.695922167119384,-1.6614171083249152
1759645377527132000,0.7101318359375,5.8466275946199895,7.695258150252699,-1.6644272499263286
1759645377537088500,0.720088623046875,5.845634491929411,7.69626469694674,-1.663265366540104
1759645377547046700,0.730046630859375,5.8430912371873855,7.699180292132496,-1.6587015657559037
1759645377557004800,0.7400048828125,5.839731405365467,7.7030878209650515,-1.652379230866581
1759645377566962700,0.749962646484375,5.836179850363731,7.7074010079890485,-1.644794767086953
1759645377576919800,0.759919921875,5.832879639774561,7.7114874005198475,-1.6373350987307727
1759645377586877700,0.769877685546875,5.8298044701129195,7.715135401633382,-1.6310902129918337
1759645377596835600,0.779835693359375,5.826797689512372,7.718129322752356,-1.627667252805829
1759645377606793700,0.789793701171875,5.823727780547737,7.72071349402666,-1.6263960638262331
1759645377616750600,0.79975048828125,5.8205479814678425,7.7232538261592385,-1.6257186029560864
1759645377626708700,0.809708740234375,5.817616019669175,7.725595420849323,-1.625087757706642
1759645377636667000,0.8196669921875,5.814871104875206,7.727866872912645,-1.6241053225405513
1759645377646624800,0.829624755859375,5.811888289672136,7.73052410942316,-1.622142205774039
1759645377656583000,0.8395830078125,5.80878506295979,7.73356362324953,-1.6187620618164538
1759645377666539800,0.849539794921875,5.805849009507894,7.736877862364053,-1.61345401853621
1759645377676497700,0.85949755859375,5.802694344869256,7.740621725067496,-1.6068256864376365
1759645377686455800,0.869455810546875,5.799227545541525,7.7447607245683665,-1.5993847227819262
1759645377696413700,0.87941357421875,5.7955479802459475,7.748997923746705,-1.592181513404846
1759645377706370800,0.889370849609375,5.79183100554943,7.753056259226798,-1.585932828273624
1759645377716328700,0.89932861328125,5.7885237806975836,7.756497339591384,-1.5811834417894481
1759645377726286600,0.90928662109375,5.785829719308018,7.759004353976249,-1.5787402864210307
1759645377736244700,0.91924462890625,5.783817794963717,7.760405452945828,-1.579224855067581
1759645377746201900,0.929201904296875,5.782288101178407,7.760953734478354,-1.5821308056421577
1759645377756159700,0.93915966796875,5.780863621333241,7.7611840361028905,-1.5861973244287073
1759645377766118000,0.949117919921875,5.779301194322109,7.761696077278256,-1.589380484509468
1759645377776075800,0.95907568359375,5.777618940323591,7.762612023079395,-1.5910267904117703
1759645377786032600,0.96903271484375,5.775769513064622,7.763890956974029,-1.5914996686205267
1759645377795990800,0.97899072265625,5.773786814814805,7.765320697516202,-1.591719156590104
1759645377805948700,0.98894873046875,5.771837434312701,7.766713613179325,-1.5919949047915636
1759645377815906800,0.99890673828125,5.7697547828197475,7.768261427143216,-1.591992566704005
1759645377825864000,1.008864013671875,5.767461118924618,7.770090396136045,-1.591377795806527
1759645377835821600,1.018821533203125,5.76505055065155,7.772147913187742,-1.5900630599461496
1759645377845779700,1.02877978515625,5.7626031574994325,7.774156330400705,-1.5891173035286366
1759645377855737600,1.038737548828125,5.760325275695323,7.775850274837016,-1.5890819399543106
1759645377865694700,1.04869482421875,5.7587306999802585,7.776783171772957,-1.5902977454848586
1759645377875652900,1.05865283203125,5.757607248908281,7.777161357435584,-1.5925142524905502
1759645377885610800,1.06861083984375,5.756450480088591,7.777537789532542,-1.5948558471806347
1759645377895568600,1.078568603515625,5.754847136545181,7.778386515316367,-1.5964974769078195
1759645377905526500,1.088526611328125,5.752832874113321,7.779557312661409,-1.5980604884408414
1759645377915483600,1.098483642578125,5.750619874238968,7.78084267629683,-1.5997595474436879
1759645377925441800,1.10844189453125,5.748723100706934,7.781865005081891,-1.6016034217447042
1759645377935399700,1.118399658203125,5.747326093390583,7.782457710278034,-1.6037386802077291
1759645377945357800,1.12835791015625,5.746210241103172,7.782841741159558,-1.605875253845006
1759645377955314700,1.138314697265625,5.74522532171905,7.783074965393543,-1.6082678480699657
1759645377965272600,1.1482724609375,5.744341524621844,7.783142769932747,-1.6110909426666795
1759645377975230700,1.158230712890625,5.7434419454336165,7.783236293435096,-1.6138406797662377
1759645377985188600,1.168188720703125,5.742008697760105,7.784015461114048,-1.615182742024958
1759645377995145700,1.178145751953125,5.740198433467746,7.78541188390851,-1.6148868278183042
1759645378005103900,1.188103759765625,5.73856703287363,7.786818828096985,-1.6139005932599304
1759645378015061500,1.1980615234375,5.737723567786812,7.787488690182566,-1.613670291635394
1759645378025019600,1.20801953125,5.737559901657701,7.7873887369394295,-1.6147355827793477
1759645378034976800,1.217976806640625,5.737844563817977,7.786744009295106,-1.6168328473195432
1759645378044934700,1.2279345703125,5.738274187406897,7.785862550285458,-1.6195501434542239
1759645378054892800,1.237892822265625,5.738177156773209,7.785548662030696,-1.6214011781483888
1759645378064850700,1.2478505859375,5.73746813172102,7.785820464709401,-1.6226019322402774
1759645378074807600,1.2578076171875,5.736878349134326,7.7861062959134575,-1.6233157795980573
1759645378084765700,1.267765625,5.736581996536255,7.786240151426195,-1.6237269907474516
1759645378094723600,1.2777236328125,5.73664687846601,7.786204495590924,-1.6236678079061209
1759645378104681700,1.287681640625,5.736740401968359,7.786154811230301,-1.623572530838102
1759645378114638800,1.297638916015625,5.736601870280504,7.785981208229065,-1.62489150448218
1759645378124596700,1.3075966796875,5.7362382976651185,7.785718173378705,-1.6274351976156234
1759645378134554600,1.3175546875,5.735630394899845,7.785701806765794,-1.6296543349698185
1759645378144512800,1.3275126953125,5.734958194726706,7.785960749962926,-1.6307802702598273
1759645378154469600,1.3374697265625,5.734058031016588,7.786561638465523,-1.6310796915978192
1759645378164427800,1.347427734375,5.732657516568898,7.787587474381923,-1.6311057028219103
1759645378174385700,1.3573857421875,5.731068786072731,7.7887956811279055,-1.630920847774297
1759645378184343800,1.36734375,5.729619171786308,7.789867109751701,-1.630898343681544
1759645378194300700,1.37730078125,5.728600934654474,7.790435849550366,-1.6317565679460764
1759645378204258600,1.387258544921875,5.7281175350517035,7.79020496340394,-1.634553943579644
1759645378214216700,1.397216796875,5.727997708064318,7.789235241588949,-1.6395841928318142
1759645378224174800,1.4071748046875,5.727941009441018,7.787922405424713,-1.646006773225218
1759645378234131700,1.417131591796875,5.727740518432856,7.786667436927557,-1.6526275065392255
1759645378244089900,1.42708984375,5.727477483582496,7.7854925479292865,-1.6590644077189265
1759645378254047700,1.4370478515625,5.727070656347275,7.784557312905788,-1.664849859252572
1759645378264005600,1.447005615234375,5.726422421571612,7.783971621972322,-1.6698109887912869
1759645378273962800,1.456962646484375,5.725590062400698,7.783652473020553,-1.6741402501672504
1759645378283920600,1.466920654296875,5.724616833454371,7.783462503406405,-1.6783491000339388
1759645378293878800,1.476878662109375,5.72370322574079,7.783226356562972,-1.6825563424654304
1759645378303837000,1.4868369140625,5.722781434720754,7.7830398940801615,-1.6865487731024622
1759645378313793500,1.49679345703125,5.721792423683405,7.7829773502379656,-1.6901915135189889
1759645378323751700,1.506751708984375,5.720806335255503,7.78295046223104,-1.6936505679316818
1759645378333710000,1.5167099609375,5.720106662553548,7.782699117818474,-1.6971644212715327
1759645378343667700,1.526667724609375,5.719945334511995,7.781907090657949,-1.701333085258305
1759645378353624800,1.536624755859375,5.720203108665347,7.780845014384388,-1.705319378415495
1759645378363583000,1.5465830078125,5.720341640353203,7.7801225453287355,-1.708150510188192
1759645378373540900,1.556540771484375,5.719866424056887,7.780027268260717,-1.7101731020569801
1759645378383499000,1.5664990234375,5.718883258238434,7.780321867293119,-1.7121207289934157
1759645378393455600,1.57645556640625,5.7178334569245575,7.780415975317359,-1.7151957525245844
1759645378403413800,1.586413818359375,5.7170934522122145,7.7799314066708085,-1.719855999420583
1759645378413372000,1.596371826171875,5.716327144014835,7.779352730000019,-1.7250076830953358
1759645378423329800,1.606329833984375,5.715284941485524,7.7792323184907435,-1.7290004059933124
1759645378433287000,1.616286865234375,5.713728359693288,7.7796894146084785,-1.7320853663966058
1759645378443245000,1.6262451171875,5.71189763713479,7.780213730743527,-1.735763616517931
1759645378453203000,1.636202880859375,5.710882907134295,7.779931991192698,-1.740362196354568
1759645378463160800,1.646160888671875,5.710477833464742,7.778974544337391,-1.7459638157539068
1759645378473118000,1.656117919921875,5.710338717254996,7.777918313282727,-1.751115937820077
1759645378483075800,1.666075927734375,5.710183234432339,7.777156681260466,-1.7549997935160992
1759645378493034000,1.676033935546875,5.7097688084125515,7.776727642193436,-1.7582454974390564
1759645378502992000,1.685991943359375,5.709254429149627,7.776431289595365,-1.761228312642127
1759645378512948700,1.69594873046875,5.708846432870626,7.776074146720767,-1.7641240340836346
1759645378522907000,1.705906982421875,5.7085489112287755,7.775707651495933,-1.7666997297905385
1759645378532864800,1.71586474609375,5.708377646315097,7.7754452011674635,-1.7684075566217303
1759645378542823000,1.725822998046875,5.708276524028181,7.775314852786064,-1.7693097661584614
1759645378552780000,1.735780029296875,5.708406287887692,7.77504188106358,-1.7700846960537135
1759645378562738000,1.745738037109375,5.708760508152842,7.774582446858286,-1.7709584101483224
1759645378572695800,1.75569580078125,5.709031726309656,7.774125350740552,-1.7720964742675422
1759645378582653700,1.76565380859375,5.709098361805081,7.773737812727689,-1.7735783833883703
1759645378592610800,1.77561083984375,5.708899624362588,7.773507511103153,-1.7752260044649242
1759645378602569000,1.78556884765625,5.708454218682647,7.773404635250568,-1.7771071420364082
1759645378612526800,1.79552685546875,5.707995368999242,7.773218172767758,-1.7793952529735861
1759645378622485000,1.805485107421875,5.707745193630457,7.772832388320564,-1.7818815168313682
1759645378632441900,1.81544189453125,5.707820596954226,7.772197597548365,-1.7844082588300108
1759645378642399700,1.825399658203125,5.708254312196374,7.771278144615888,-1.7870220945902169
1759645378652358000,1.83535791015625,5.708737127277255,7.7702178219079965,-1.7900899577282368
1759645378662315800,1.845315673828125,5.708949308723211,7.769332271245122,-1.7932541208475827
1759645378672273000,1.85527294921875,5.708780966418981,7.76884945616424,-1.7958751170009373
1759645378682231000,1.86523095703125,5.708323285779357,7.768689297166466,-1.7980257191635667
1759645378692188700,1.875188720703125,5.708029855790734,7.768451981279253,-1.799983575233072
1759645378702146800,1.885146728515625,5.708132147121429,7.767882072436809,-1.80211781078279
1759645378712104000,1.89510400390625,5.708769860503077,7.766999444383383,-1.8038994335025549
1759645378722061800,1.905061767578125,5.709464857029914,7.766212677919865,-1.8050870358519255
1759645378732020000,1.91502001953125,5.709623846983909,7.765883007574081,-1.806003566174954
1759645378741977900,1.924977783203125,5.7097828369379044,7.76549254695177,-1.807176263216138
1759645378751934700,1.934934814453125,5.71016336068809,7.764863601398468,-1.8086749773412942
1759645378761892900,1.944892822265625,5.710936098626256,7.7638430261790745,-1.8106154438845812
1759645378771850800,1.954850830078125,5.711849121817946,7.762614361166953,-1.8130045309782028
1759645378781809000,1.964808837890625,5.712508462509512,7.7613330891847605,-1.8164071790285408
1759645378791766000,1.97476611328125,5.712857422077655,7.760131312179565,-1.8204411107197402
1759645378801724000,1.984723876953125,5.713159619894624,7.759289016136527,-1.8230831496611237
1759645378811681800,1.994681884765625,5.713478768846392,7.759048193117976,-1.8231097454071044
1759645378821639700,2.0046396484375,5.713822467717528,7.759090863215923,-1.8218461552120744
1759645378831596800,2.0145966796875,5.714208836686611,7.75894590178728,-1.8212514041893184
1759645378841555000,2.024554931640625,5.714498175022006,7.758576483952998,-1.8219176130130885
1759645378851512800,2.034512939453125,5.714726723080873,7.757991377541423,-1.823693536644429
1759645378861471000,2.044470947265625,5.714685222026706,7.757477582800388,-1.8260051745876669
1759645378871427800,2.054427734375,5.71422871043086,7.7573805521667,-1.8278442265830932
1759645378881385700,2.0643857421875,5.7137686917036765,7.75775406165421,-1.827696488675475
1759645378891344000,2.07434375,5.7139265126138925,7.758194206637143,-1.825335604763031
1759645378901301800,2.0843017578125,5.714652488800883,7.758347935894132,-1.8224080268785356
1759645378911259000,2.0942587890625,5.715584801214933,7.758028786942362,-1.8208412159532308
1759645378921217000,2.104217041015625,5.716762028300762,7.756867926469445,-1.8220918005362152
1759645378931174700,2.114174560546875,5.718417394292354,7.754697012171149,-1.8261353768385946
1759645378941131800,2.1241318359375,5.72075665089488,7.751596708068251,-1.831960283599794
1759645378951090000,2.13408984375,5.723618470066786,7.748015926972031,-1.8381595766313372
1759645378961047800,2.1440478515625,5.726302010062336,7.744900425300002,-1.8429250374674795
1759645378971006000,2.154005859375,5.728064928081631,7.743273116359114,-1.8442828818172214
1759645378980962800,2.163962890625,5.7287733686119315,7.743141014412045,-1.842638914002478
1759645378990920700,2.173920654296875,5.728941710916161,7.743623244971037,-1.8400886449977754
1759645379000878800,2.18387890625,5.728975613185763,7.7440844327419995,-1.8380356579907238
1759645379010836700,2.193836669921875,5.7293999760776755,7.743972789061069,-1.837182840553671
1759645379020793900,2.2037939453125,5.730425811994076,7.743104774054885,-1.8376411057151854
1759645379030752000,2.213751953125,5.731979471176863,7.741568650528788,-1.8392684146560727
1759645379040709600,2.223709716796875,5.733461234167218,7.739758386236429,-1.8422661351673304
1759645379050667800,2.233667724609375,5.734764717981219,7.737914219674468,-1.845949353724718
1759645379060625000,2.243625,5.735909796363115,7.73630619995594,-1.8491341212406753
1759645379070582800,2.253582763671875,5.736853799214959,7.7349910257041445,-1.8517013413801788
1759645379080541000,2.263541015625,5.737583867055178,7.733944731521606,-1.853810296358168
1759645379090498800,2.273498779296875,5.738199953126907,7.732973256140947,-1.855953445866704
1759645379100455700,2.28345556640625,5.738793827366829,7.7319819070160385,-1.858250178501755
1759645379110413800,2.293413818359375,5.739527986860275,7.730873068991303,-1.8605900196261702
1759645379120371700,2.303371826171875,5.740461468318104,7.729775921404361,-1.8622735887989401
1759645379130329900,2.313329833984375,5.741637526360154,7.728782234191894,-1.8627672175347805
1759645379140287000,2.323286865234375,5.743018751585483,7.727846414646506,-1.862391077698767
1759645379150244900,2.333244873046875,5.74455429058969,7.726798951420188,-1.862007046817243
1759645379160202800,2.34320263671875,5.746276292076707,7.725404866713285,-1.862477002416551
1759645379170161000,2.353160888671875,5.748088309934735,7.723778726816177,-1.8636292411915958
1759645379180117800,2.36311767578125,5.749853566041589,7.72218765823245,-1.8647759270086883
1759645379190076000,2.373075927734375,5.751311948156356,7.720883005374669,-1.865682082068175
1759645379200033800,2.38303369140625,5.752713047125935,7.719803393444418,-1.865829089323431
1759645379209990700,2.39299072265625,5.75404751060009,7.718891539296507,-1.865489774366468
1759645379219948800,2.40294873046875,5.755260978043079,7.718094835960865,-1.865037792815268
1759645379229906700,2.41290673828125,5.756548679766059,7.717161354503035,-1.8649246878296135
1759645379239864800,2.42286474609375,5.757996540486812,7.715944964450597,-1.8654893359750508
1759645379249822000,2.432822021484375,5.759637293431163,7.714369677957892,-1.8669411422185598
1759645379259779800,2.44277978515625,5.761312533167004,7.712572857668995,-1.869191113102436
1759645379269738000,2.452738037109375,5.762985434815287,7.710795326602459,-1.871367288097739
1759645379279696000,2.46269580078125,5.764320482811331,7.709417023986577,-1.8729311764135956
1759645379289652700,2.47265283203125,5.7652761761009685,7.7083929416358465,-1.8742041189588605
1759645379299611000,2.48261083984375,5.765979355934262,7.707527849239111,-1.875600980144739
1759645379309568800,2.49256884765625,5.7662593419194215,7.706874353766441,-1.877424980701506
1759645379319527000,2.50252685546875,5.766307857236265,7.706395630338788,-1.879242405387014
1759645379329483800,2.51248388671875,5.766453987708688,7.705948471093177,-1.8806261148303747
1759645379339441700,2.522441650390625,5.766775474748015,7.705418894261121,-1.8818112329617143
1759645379349399600,2.532399658203125,5.767096961787343,7.70497348858118,-1.882645345698297
1759645379359357400,2.542357421875,5.767254782697558,7.704859506812691,-1.8826289790853856
1759645379369314600,2.552314453125,5.767177625808119,7.705017327722906,-1.8822193753711878
1759645379379272400,2.5622724609375,5.76693329565823,7.7052973137080665,-1.881822631138563
1759645379389230600,2.572230712890625,5.766770214051008,7.705575546127557,-1.8811824335388838
1759645379399187500,2.5821875,5.766770798572898,7.705833904802799,-1.8801272253975272
1759645379409145600,2.5921455078125,5.7667380653470754,7.706096355131268,-1.879149174145609
1759645379419103500,2.602103515625,5.766794179448485,7.706139609751105,-1.878799483925104
1759645379429061400,2.612061279296875,5.76723315538764,7.705648026841878,-1.8794665695317088
1759645379439018500,2.6220185546875,5.767789620226622,7.704832034283876,-1.8811032308228313
1759645379448976600,2.6319765625,5.768144425013661,7.704238744565844,-1.8824436856463551
1759645379458934500,2.6419345703125,5.768541899898648,7.7039716180622575,-1.882316844396293
1759645379468892700,2.651892578125,5.768973277053236,7.7040774165242905,-1.880562109683454
1759645379478849500,2.661849609375,5.769046926811337,7.704653755107522,-1.8779731161035595
1759645379488807400,2.671807373046875,5.7688277311027045,7.7054335073083635,-1.8754479815401135
1759645379498765600,2.681765625,5.768700305330753,7.705953731790185,-1.8737015762642024
1759645379508723500,2.691723388671875,5.768764602738618,7.706003416150808,-1.8732972332470117
1759645379518680600,2.7016806640625,5.768897289207577,7.705665562498569,-1.874281568109244
1759645379528638500,2.711638427734375,5.76894755809009,7.705185085505247,-1.8761007463604211
1759645379538596400,2.721596435546875,5.768544822508097,7.705238861519097,-1.8771192757532
1759645379548553500,2.731553466796875,5.76736291924715,7.70627931048274,-1.876478493631631
1759645379558511600,2.74151171875,5.765678911682963,7.708003065535426,-1.8745747058369218
1759645379568469500,2.751469482421875,5.763914824619889,7.709826773831248,-1.8724964382581413
1759645379578427600,2.761427734375,5.762356489261984,7.71127638811767,-1.871324617999792
1759645379588384500,2.771384521484375,5.761231869146227,7.7121712911307805,-1.871096946723759
1759645379598342400,2.78134228515625,5.760561422538757,7.712663458561897,-1.8711302644714711
1759645379608300500,2.791300537109375,5.760217723667621,7.712935845762491,-1.87106742836833
1759645379618258400,2.801258544921875,5.759889806887507,7.713221676966548,-1.8708964557155965
1759645379628215600,2.811215576171875,5.759358476489782,7.713734302663803,-1.8704194858536123
1759645379638173700,2.821173583984375,5.7587371297210455,7.71439247431159,-1.8696217596046625
1759645379648131300,2.83113134765625,5.7580935711205,7.715078118488192,-1.8687753719083964
1759645379658089500,2.84108935546875,5.757334277185797,7.71569829621315,-1.8685544226340949
1759645379668046600,2.851046630859375,5.756333575710654,7.716340101248026,-1.868986968832463
1759645379678004500,2.86100439453125,5.755082698866724,7.716980152717232,-1.8701950294479726
1759645379687962600,2.870962646484375,5.754073229563236,7.717347816985845,-1.8717847828574476
1759645379697919500,2.88091943359375,5.753529624205828,7.717509145027399,-1.8727866533763706
1759645379707877400,2.89087744140625,5.753101754182577,7.717750552567839,-1.8731040487624704
1759645379717835500,2.90083544921875,5.752673299637436,7.7180252778559915,-1.8732891960710285
1759645379727793400,2.91079345703125,5.752243091526627,7.718097758570313,-1.8743140090741217
1759645379737750500,2.92075048828125,5.751798854890465,7.717849921289086,-1.876695497383177
1759645379747708700,2.930708740234375,5.751295581543445,7.717568181738257,-1.879396280774474
1759645379757666600,2.94066650390625,5.750905120921135,7.717360091945529,-1.8814418151274321
1759645379767624400,2.95062451171875,5.750761913058161,7.717261892268061,-1.882286303127557
1759645379777581600,2.96058154296875,5.75059707788527,7.717478165367245,-1.8819022722460328
1759645379787539500,2.97053955078125,5.750188497084379,7.717957473316789,-1.881182871930301
1759645379797497600,2.98049755859375,5.749619172763824,7.7185256285935635,-1.8805903128646313
1759645379807454500,2.990454345703125,5.749180196824669,7.7188962154716245,-1.8804115952968596
1759645379817412400,3.000412353515625,5.749012439042329,7.719101967176795,-1.8800804636463522
1759645379827370500,3.01037060546875,5.749013608086109,7.719459110051393,-1.8786114140070973
1759645379837328400,3.020328369140625,5.74936490574181,7.719680059325695,-1.8766259392783045
1759645379847285500,3.030285400390625,5.749578840753435,7.719759554302692,-1.8756445270255206
1759645379857243600,3.04024365234375,5.749491162469983,7.719629790443181,-1.8764482446238397
1759645379867201500,3.050201416015625,5.749475964900851,7.719177955022454,-1.8783532014623283
1759645379877159400,3.060159423828125,5.7498231709033245,7.718450809791683,-1.8802746710442007
1759645379887116500,3.070116455078125,5.75014874959588,7.717761658483743,-1.8821065626464784
1759645379897074400,3.080074462890625,5.750142904376983,7.717276505315303,-1.8841119111195206
1759645379907032600,3.090032470703125,5.749804466202855,7.7171847353786225,-1.8855195859603582
1759645379916989400,3.099989501953125,5.749405822274088,7.71745186188221,-1.8856458426885305
1759645379926947600,3.109947509765625,5.749327496340871,7.717696192032098,-1.884881434187293
1759645379936905500,3.119905517578125,5.749614496588706,7.717634817233681,-1.8842570186786352
1759645379946863400,3.12986328125,5.750099649757146,7.7172776743590825,-1.8842391907609999
1759645379956820500,3.139820556640625,5.75046731402576,7.716797197365761,-1.8850839710220693
1759645379966778600,3.149778564453125,5.750448609325289,7.716669771593809,-1.8856617709100245
1759645379976736500,3.159736572265625,5.7502370124012225,7.716895397043228,-1.8853841230124233
1759645379986694700,3.169694580078125,5.749984498944878,7.717229159042239,-1.884790248772502
1759645379996651500,3.179651611328125,5.749841291081905,7.71748868676126,-1.8841653948724268
1759645380006609400,3.189609375,5.749819663771986,7.7175997459203,-1.8837796104252338
1759645380016567600,3.199567626953125,5.749678793996572,7.717747045436501,-1.8835985547699032
1759645380026524400,3.2095244140625,5.749426280540227,7.717950459054112,-1.8835379106238483
1759645380036482600,3.219482666015625,5.749037573483586,7.718241550955176,-1.8835348418839275
1759645380046440400,3.2294404296875,5.74858223093152,7.718498156064748,-1.8838728416666388
1759645380056398300,3.2393984375,5.74804213270545,7.718778726571798,-1.8843711465775965
1759645380066355500,3.24935546875,5.747624784076214,7.718996753236651,-1.8847506474144755
1759645380076313600,3.259313720703125,5.747201005706191,7.719200166854262,-1.8852108122721314
1759645380086271500,3.269271484375,5.746601870769262,7.719466124314069,-1.885945410156995
1759645380096229600,3.279229736328125,5.74612080925405,7.719512886065244,-1.8872186449632047
1759645380106186500,3.2891865234375,5.745585971724987,7.71954035859406,-1.8887337257012724
1759645380116144400,3.299144287109375,5.745208955106139,7.719525745546817,-1.889942078577727
1759645380126102500,3.3091025390625,5.745023077145219,7.719321162885427,-1.8913409855902195
1759645380136059600,3.3190595703125,5.744902081114053,7.719206012073159,-1.8921799206323922
1759645380146017500,3.329017578125,5.74507685315907,7.7190604661226265,-1.8922442180402577
1759645380155975700,3.3389755859375,5.7453153380900615,7.718971618795394,-1.891883568034321
1759645380165933300,3.348933349609375,5.745462053084373,7.718973372361064,-1.8914307097002863
1759645380175890400,3.358890380859375,5.745700538015365,7.718762359958887,-1.891566757170111
1759645380185848600,3.3688486328125,5.746357540619373,7.718042228990793,-1.8925057915858923
1759645380195806500,3.378806396484375,5.746916928067803,7.717393409693241,-1.8934514018729327
1759645380205763600,3.388763671875,5.74710865124762,7.7170140549868345,-1.8944224388621747
1759645380215721500,3.398721435546875,5.7470279872268435,7.716725301173329,-1.895840781227499
1759645380225679400,3.408679443359375,5.746669090786576,7.716557543390989,-1.8976108596399426
1759645380235637500,3.418637451171875,5.746311947911978,7.716565142175555,-1.8986615377366542
1759645380245594600,3.4285947265625,5.745996306091547,7.716864417383074,-1.8984014254957435
1759645380255552500,3.438552490234375,5.745762497335672,7.7173390491575,-1.8971762676149606
1759645380265510700,3.4485107421875,5.745690016621351,7.717810173800587,-1.8954791083082556
1759645380275467500,3.458467529296875,5.745982277566195,7.718074962216615,-1.893515260889381
1759645380285425400,3.46842529296875,5.746439373683929,7.718105941876769,-1.8920025182388722
1759645380295383600,3.478383544921875,5.747041431230306,7.717837061807513,-1.8912704045720397
1759645380305341400,3.488341552734375,5.747544120055437,7.717231497129798,-1.8922113386839627
1759645380315298600,3.498298583984375,5.7480047233045095,7.716227873045206,-1.8949033542469143
1759645380325256700,3.508256591796875,5.748554173880815,7.7149676438510415,-1.8983625547900795
1759645380335216600,3.518216552734375,5.7490258830457925,7.713941807934641,-1.9011004553213715
1759645380345174500,3.528174560546875,5.749108300632238,7.713546086615324,-1.9024566922359167
1759645380355131600,3.538131591796875,5.748372387573123,7.713976294726133,-1.902939215055853
1759645380365089500,3.548089599609375,5.746948492249846,7.714901592877506,-1.9034891040235757
1759645380375047700,3.558047607421875,5.745216553890705,7.715819876766204,-1.9049939556285738
1759645380385004500,3.568004638671875,5.7437833062171935,7.716311459675431,-1.9073221063151955
1759645380394962400,3.57796240234375,5.74278260474205,7.716437716403603,-1.909823129350692
1759645380404920600,3.587920654296875,5.742096960565448,7.716446484231948,-1.9118490822203456
1759645380414878700,3.597878662109375,5.741449894833565,7.71659319922626,-1.9131984510026872
1759645380424835600,3.607835693359375,5.74065611410737,7.716963201582431,-1.9140873626664279
1759645380434793700,3.617793701171875,5.739627940103412,7.717623126795887,-1.9145114332973956
1759645380444751600,3.627751708984375,5.738593920880556,7.718398787343501,-1.9144836685076354
1759645380454708500,3.63770849609375,5.737782604497671,7.7190031829774375,-1.9144759235925972
1759645380464666600,3.64766650390625,5.737293359676003,7.719227054861188,-1.9150405717380343
1759645380474624500,3.65762451171875,5.736812298160791,7.719187891894578,-1.9166399697586893
1759645380484582700,3.667582763671875,5.735948959329724,7.7193907209903,-1.9184069794312117
1759645380494539500,3.67753955078125,5.734802127382159,7.720134817355871,-1.9188417175866663
1759645380504497400,3.687497314453125,5.733844096004963,7.721195724585652,-1.9174363808333872
1759645380514455600,3.69745556640625,5.733185339835286,7.722317422091961,-1.9148868424810468
1759645380524412700,3.70741259765625,5.732517231315374,7.7232894819945095,-1.9129642038553951
1759645380534370600,3.71737060546875,5.731715267282724,7.723912582328915,-1.9128524140439926
1759645380544328700,3.72732861328125,5.730829716619849,7.724133531603217,-1.9146129939757286
1759645380554286600,3.73728662109375,5.729933644562959,7.724200167098641,-1.9170261925972998
1759645380564243500,3.747243408203125,5.729174350628257,7.724439236551523,-1.9183298225417733
1759645380574201600,3.75720166015625,5.72789950838685,7.725523524656891,-1.917770435093343
1759645380584159500,3.767159423828125,5.726143604630232,7.727305731898546,-1.915830260811001
1759645380594116600,3.77711669921875,5.724173765861988,7.729336360943317,-1.9135237374342977
1759645380604074800,3.78707470703125,5.722362917047739,7.731077651652694,-1.9119041734084485
1759645380614032400,3.797032470703125,5.7208437446564435,7.73222156099081,-1.9118243861705064
1759645380623990500,3.806990478515625,5.719515710923075,7.732787378180027,-1.913508247604221
1759645380633947600,3.81694775390625,5.718336145749688,7.733006573888659,-1.916148094588518
1759645380643905500,3.826905517578125,5.717379867938161,7.733263178998231,-1.9179656654044985
1759645380653863700,3.83686376953125,5.716320714274048,7.7341785402774805,-1.917433165962994
1759645380663820500,3.846820556640625,5.714970468708873,7.735702973365783,-1.915309744068235
1759645380673778400,3.8567783203125,5.713434345182776,7.737468229472637,-1.9127552372798322
1759645380683736600,3.866736572265625,5.712144305372238,7.738887448620796,-1.9108650396190583
1759645380693694500,3.876694580078125,5.711233035746217,7.7397332517951725,-1.9101653669171035
1759645380703651600,3.886651611328125,5.710679493516683,7.740052400746941,-1.9105241172268985
1759645380713609700,3.896609619140625,5.710434578844905,7.7400184984773395,-1.9113940319292246
1759645380723567400,3.9065673828125,5.710409444403648,7.74001732943356,-1.9114741114281117
1759645380733524500,3.9165244140625,5.710344562473892,7.740387331789732,-1.9101715043969452
1759645380743482600,3.926482666015625,5.709894480618834,7.741305031156539,-1.9077960074372589
1759645380753440500,3.9364404296875,5.70926904219687,7.742400425177812,-1.9052207501217722
1759645380763398700,3.946398681640625,5.708728943970799,7.743288898450135,-1.9032267998255787
1759645380773355500,3.95635546875,5.708308672732114,7.743740149348974,-1.9026494383290409
1759645380783313400,3.9663134765625,5.707892493146658,7.743857053726911,-1.903423345310986
1759645380793271600,3.976271484375,5.707427213722467,7.74395291531682,-1.9044331068754194
1759645380804473600,3.9874736328125,5.7069303701162335,7.744512887287139,-1.9036438561938702
1759645380814431700,3.997431640625,5.706594854551553,7.745373303508758,-1.9011480938553809
1759645380824389600,4.0073896484375,5.706211408191919,7.746436548826098,-1.8979631802089512
1759645380834347500,4.017347412109375,5.705678324228525,7.747483427530526,-1.895287969650328
1759645380844304600,4.0273046875,5.705379049021006,7.748050413763522,-1.8938721115030348
1759645380854262500,4.037262451171875,5.705241101855039,7.748198882323503,-1.8936786347575485
1759645380864220700,4.047220703125,5.705294293347,7.748292990347743,-1.8931359061829744
1759645380874177800,4.057177734375,5.70546380469501,7.748907907375693,-1.8901076444029807
1759645380884135400,4.067135498046875,5.7056391612619155,7.7505013140469785,-1.88303113014549
1759645380894093600,4.077093505859375,5.705474326089024,7.752901945447921,-1.8736219351567327
1759645380904051500,4.087051513671875,5.704729645201564,7.7556129579722874,-1.864647186062485
1759645380914008600,4.097008544921875,5.703618469089269,7.758045738077163,-1.857913347762823
1759645380923966700,4.106966796875,5.702555223771929,7.759808071574568,-1.853816872229427
1759645380933924600,4.116924560546875,5.7017526752173895,7.760782469564676,-1.8522044685967265
1759645380943881500,4.126881591796875,5.701371566945314,7.760918078643083,-1.852807695186883
1759645380953839600,4.136839599609375,5.701235373345017,7.760561520290374,-1.8547192278966307
1759645380963797500,4.146797607421875,5.701091580960155,7.760146509748697,-1.856897887109965
1759645380973755600,4.156755615234375,5.70128564222753,7.759659018492698,-1.8583400487422943
1759645380983712800,4.166712646484375,5.701708836075663,7.759200753331184,-1.8589551119007168
1759645380993670700,4.176670654296875,5.70193796865642,7.758883357945084,-1.8595760202780365
1759645381003628500,4.186628662109375,5.701809373840689,7.758646626579761,-1.8609595835909247
1759645381013585700,4.196585693359375,5.701570888909697,7.7583304002374405,-1.8630000033773482
1759645381023543600,4.20654345703125,5.701433526265621,7.757929418221115,-1.8650950759604572
1759645381033501700,4.216501708984375,5.701115546357632,7.757763414004445,-1.8667578946061432
1759645381043458800,4.226458740234375,5.70055849699676,7.75784758515656,-1.868104633039981
1759645381053416400,4.23641650390625,5.699747765135765,7.758077886781096,-1.869620882821828
1759645381063374600,4.24637451171875,5.698958660584688,7.758229277950525,-1.8713987061493098
1759645381073332500,4.25633251953125,5.698239698660373,7.758289483705163,-1.873339903344959
1759645381083289600,4.26628955078125,5.697654007726907,7.758229862472414,-1.875363225866109
1759645381093247700,4.276247802734375,5.697493264207243,7.757920065870881,-1.877132427495718
1759645381103205600,4.28620556640625,5.697559315180778,7.7575827967405315,-1.8783252905420957
1759645381113162500,4.29616259765625,5.697669205296039,7.757309240496158,-1.8791214093558488
1759645381123120600,4.30612060546875,5.697645239898562,7.757104073312878,-1.880040862288326
1759645381133078500,4.31607861328125,5.697415522795915,7.756865588381886,-1.8817267695486544
1759645381143036700,4.32603662109375,5.69710806428194,7.756651653370261,-1.8835360109277068
1759645381152993800,4.335993896484375,5.696916341102123,7.756475127759575,-1.884839494741708
1759645381162951700,4.34595166015625,5.696812880727649,7.7563488710314035,-1.885672000043094
1759645381172909600,4.35590966796875,5.696801774811744,7.756243657091259,-1.8861359642930329
1759645381182866700,4.36586669921875,5.696644538423419,7.756342441290617,-1.8862097601816057
1759645381192824600,4.375824462890625,5.696412483233213,7.756552869170903,-1.8860466785743832
1759645381202782700,4.38578271484375,5.696634017029404,7.756535918036103,-1.8854450594194232
1759645381212740600,4.39574072265625,5.697151903423666,7.756188712033629,-1.8853050664268434
1759645381222697500,4.405697509765625,5.697852745169401,7.755392008697986,-1.8864644655950367
1759645381232655600,4.415655517578125,5.69867575199008,7.754289015892147,-1.8885098538175225
1759645381242613500,4.425613525390625,5.699645473805069,7.753056259226798,-1.8906474503681063
1759645381252570600,4.435570556640625,5.700578955262899,7.751944498592614,-1.8923902023822068
1759645381262528800,4.44552880859375,5.701181597331166,7.751141950038075,-1.8938611517176032
1759645381272486700,4.455486572265625,5.701698314681649,7.750359275227785,-1.8955093573160469
1759645381282444800,4.46544482421875,5.702188728547096,7.7495514659762375,-1.897338326308876
1759645381292401700,4.475401611328125,5.702998291364312,7.748459579086303,-1.899362233351916
1759645381302359600,4.485359619140625,5.704276056215167,7.747007626712322,-1.9014418161049484
1759645381312317700,4.495317626953125,5.705784122690558,7.745309006100893,-1.9038349948517976
1759645381322274600,4.505274658203125,5.707251857155561,7.743674682897329,-1.9060837966918944
1759645381332232700,4.515232666015625,5.708524945831298,7.742256048271059,-1.9080356614120304
1759645381342188800,4.525188720703125,5.709794527375697,7.741022122561931,-1.9092425529837607
1759645381352145700,4.535145751953125,5.711098595711588,7.739841972866654,-1.910126788472384
1759645381362103800,4.545103759765625,5.712424291357397,7.738584081760048,-1.9112611993297934
1759645381372061700,4.555061767578125,5.713802593973279,7.737116931816935,-1.9130796469286082
1759645381382019800,4.565019775390625,5.715142318144441,7.735600682035088,-1.915205114649981
1759645381391977000,4.57497705078125,5.716519451716542,7.734076248946786,-1.9172487493067978
1759645381401934600,4.5849345703125,5.717889571025967,7.732633648923039,-1.9189828796230255
1759645381411892700,4.594892822265625,5.719091932553052,7.731321397280692,-1.9206889528885482
1759645381421850600,4.6048505859375,5.72002892114222,7.730024343207478,-1.9231160339049993
1759645381431807700,4.614807861328125,5.721009164351225,7.728592849099636,-1.9259530108965932
1759645381441766000,4.624765869140625,5.722327261212468,7.726817071598767,-1.9291599902443586
1759645381451723800,4.634723876953125,5.723878582307696,7.724901593366265,-1.9322236155986785
1759645381461680600,4.6446806640625,5.725594154053926,7.722938768860697,-1.9349844586141407
1759645381471638800,4.654638671875,5.727278161618113,7.721077651163935,-1.9374298059396444
1759645381481596700,4.6645966796875,5.728975028663873,7.71933460688889,-1.939358289784193
1759645381491554800,4.674554931640625,5.730787631043792,7.717696192032098,-1.940520027039945
1759645381501512000,4.684511962890625,5.732796048256755,7.716063037872314,-1.9410817525759338
1759645381511469800,4.6944697265625,5.734913771063089,7.71444800389111,-1.9412468800097702
1759645381521427700,4.704427734375,5.7368660741746424,7.713041059702634,-1.9410705005295574
1759645381531384800,4.714384765625,5.738645358806848,7.711838113653659,-1.9405913387104867
1759645381541342700,4.7243427734375,5.740426981526613,7.710599511769414,-1.9402406255766749
1759645381551300900,4.73430078125,5.742607248175144,7.709003182488679,-1.9401316122442482
1759645381561258800,4.7442587890625,5.745035936626792,7.707142649313807,-1.9403329800352453
1759645381571215600,4.754215576171875,5.747459948903322,7.705223663949966,-1.940779262498021
1759645381581173800,4.764173828125,5.749584101450443,7.703523874294757,-1.9412366508767007
1759645381591131600,4.774131591796875,5.751447557234764,7.70202749825716,-1.941649469461292
1759645381601088800,4.7840888671875,5.7530777887851,7.700719922789931,-1.9420076352491973
1759645381611047000,4.794046875,5.754511620980501,7.69965843103826,-1.9419680338911711
1759645381621004800,4.8040048828125,5.755665467190743,7.69900610460937,-1.9411358208507299
1759645381630962700,4.813962646484375,5.756636358049511,7.698582910761237,-1.939936089672148
1759645381640919800,4.823919921875,5.757596727514267,7.698247395196557,-1.9384129717580973
1759645381650877700,4.833877685546875,5.758698551276326,7.697907203456759,-1.9364893102191387
1759645381660835800,4.8438359375,5.759945920988917,7.697556490322947,-1.9341759187102316
1759645381670793700,4.853793701171875,5.761408394756913,7.6970964715957635,-1.9316490305811165
1759645381680750600,4.86375048828125,5.7629942026436325,7.696342438358068,-1.9299214761361478
1759645381690708700,4.873708740234375,5.764781086060404,7.6949577060014,-1.9301060389228164
1759645381700666600,4.88366650390625,5.7668806886881585,7.692848751023411,-1.932241151255369
1759645381710623700,4.893623779296875,5.769311130705476,7.690266917836666,-1.9352621065117417
1759645381720582000,4.903581787109375,5.771878350844979,7.687652935945987,-1.9379884627357125
1759645381730539800,4.913539794921875,5.7740615401029585,7.6857094006627795,-1.9391941852636634
1759645381740498000,4.923497802734375,5.775782372546196,7.684571921065449,-1.9385760533653198
1759645381750454800,4.933454833984375,5.777035587477684,7.684142297476529,-1.9365419171892106
1759645381760412700,4.94341259765625,5.778175405162573,7.683809704521298,-1.9344604347400367
1759645381770370800,4.953370849609375,5.779384780952334,7.683166730442642,-1.9334024501197038
1759645381780327700,4.96332763671875,5.780825042888522,7.681982489094137,-1.9338015324398874
1759645381790285800,4.973285888671875,5.782638814312219,7.680418893039226,-1.9345882989034056
1759645381800243700,4.98324365234375,5.784675873097777,7.678813211408257,-1.9348744223684071
1759645381810201600,4.99320166015625,5.7866480499535795,7.677543045341968,-1.9340160519734024
1759645381820158700,5.00315869140625,5.788364790743589,7.676743419396876,-1.9320538119897246
1759645381830116900,5.013116943359375,5.789793946763873,7.676286323279142,-1.9295861067019402
1759645381840074800,5.02307470703125,5.7910401474326845,7.675836241424083,-1.9276371645912527
1759645381850033000,5.033032958984375,5.792180549639463,7.675158780553937,-1.9269059277072549
1759645381859989800,5.04298974609375,5.793178913027048,7.674245757362246,-1.9275391110442577
1759645381869947600,5.05294775390625,5.794117070659995,7.673222844055295,-1.928790718540549
1759645381879905800,5.06290576171875,5.794996776103973,7.672372364705801,-1.929534084253758
1759645381889863700,5.07286376953125,5.796086324906349,7.671604887464642,-1.9293128427185118
1759645381899820800,5.08282080078125,5.797327849400043,7.670839748311042,-1.928626321759075
1759645381909779000,5.092779052734375,5.798544239452481,7.669905682331323,-1.9286852123394607
1759645381919736600,5.102736572265625,5.799604562160372,7.668850035798549,-1.929691759033501
1759645381929693700,5.112693603515625,5.800557917362451,7.667963316091894,-1.9303478848546742
1759645381939651800,5.12265185546875,5.801327732691169,7.667420295256376,-1.9301918175101278
1759645381949609700,5.132609619140625,5.80188536657393,7.667216297116875,-1.9293252638086675
1759645381959568000,5.14256787109375,5.802368181654811,7.667028665590286,-1.9286190152354536
1759645381969524700,5.152524658203125,5.802952119022607,7.666681459587812,-1.9282422908775507
1759645381979482600,5.162482666015625,5.803924763447046,7.665910475215315,-1.9283843296967447
1759645381989440800,5.172440673828125,5.805264487618207,7.664704022035003,-1.9291471307627857
1759645381999398700,5.182398681640625,5.806666171109676,7.663581740006804,-1.9293863463461398
1759645382009355800,5.192355712890625,5.807942766916751,7.662940519493818,-1.9280910458385943
1759645382019314000,5.20231396484375,5.808636594399809,7.6630755440503355,-1.9254608434654772
1759645382029271800,5.212271728515625,5.808929439866542,7.663556605565548,-1.9226592300482093
1759645382039228700,5.222228759765625,5.808980877792835,7.663964017322659,-1.9208812605902552
1759645382049186800,5.232186767578125,5.808977955183386,7.664012532639503,-1.9206949442379175
1759645382059144700,5.242144775390625,5.8090971976488825,7.6635595281749955,-1.922142366567254
1759645382069102800,5.252102783203125,5.809542603328824,7.662617863410711,-1.9245494277089834
1759645382079059700,5.262059814453125,5.810118357390165,7.661597872713208,-1.9268726099595426
1759645382089017600,5.272017578125,5.8105719463765615,7.660870142960548,-1.9283920746117829
1759645382098975700,5.281975830078125,5.8107437958121295,7.660546317833662,-1.9291645202890038
1759645382108933600,5.29193359375,5.810670730575919,7.660496633473039,-1.9295830379620194
1759645382118890800,5.301890869140625,5.810624553346633,7.660460393115877,-1.9298668233394622
1759645382128849000,5.311848876953125,5.810852516883611,7.660217816531658,-1.9301373108439146
1759645382138806800,5.321806884765625,5.81107814233303,7.660014987435937,-1.9302647366158663
1759645382148764700,5.3317646484375,5.811182771751284,7.659912111583352,-1.9303584062486885
1759645382158721800,5.3417216796875,5.811018521100283,7.659929647240042,-1.930782038488239
1759645382168679700,5.3516796875,5.810662547269463,7.659994529169797,-1.9315965697415172
1759645382178637800,5.361637939453125,5.810254550990462,7.660017910045385,-1.9327312728598713
1759645382188595700,5.371595703125,5.8099377401262515,7.659979331600666,-1.9338351424485445
1759645382198552600,5.381552490234375,5.809664768403768,7.659890484273434,-1.9350066704459488
1759645382208510700,5.3915107421875,5.809274892303347,7.659836708259582,-1.9363916950635611
1759645382218468600,5.401468505859375,5.808973863530158,7.659716881272196,-1.9377683902442455
1759645382228425700,5.41142578125,5.808755836865306,7.659614589941501,-1.9388263748645782
1759645382238383900,5.4213837890625,5.808401616600156,7.659571919843554,-1.9400547476157546
1759645382248341800,5.431341796875,5.8078708707243205,7.659549123489856,-1.9417342251352965
1759645382258300000,5.4412998046875,5.807080012607575,7.659583025759458,-1.9439644684053956
1759645382268256800,5.4512568359375,5.805957730579376,7.6597098670095205,-1.9468150355309246
1759645382278214700,5.461214599609375,5.804338020423054,7.660185083305835,-1.9497740314669907
1759645382288172800,5.4711728515625,5.80216359899342,7.661118564763664,-1.952574475840479
1759645382298130700,5.481130615234375,5.799617421641946,7.662346645253896,-1.9553177831992505
1759645382308087800,5.491087890625,5.796910500770807,7.663688707512617,-1.9580837407812475
1759645382318045700,5.501045654296875,5.793928270089626,7.665187421637773,-1.9610431751087307
1759645382328003600,5.511003662109375,5.7907192449152465,7.666828759104013,-1.9640984710261224
1759645382337961500,5.52096142578125,5.787421372413635,7.668444962128996,-1.9675117866009473
1759645382347918600,5.530918701171875,5.78418429018855,7.6697788410812615,-1.9718210281021893
1759645382357876500,5.54087646484375,5.781414240953326,7.6705404731035225,-1.9769766572996972
1759645382367834600,5.550834716796875,5.7783542688608165,7.671251251721381,-1.983155930456519
1759645382377791500,5.56079150390625,5.774480057775974,7.672720739752053,-1.9887506817236542
1759645382387749400,5.570749267578125,5.770569606333971,7.674111317327618,-1.9947269796542821
1759645382397707500,5.58070751953125,5.766718191602826,7.67509623671174,-2.0020615603260694
1759645382407665400,5.59066552734375,5.762558733835816,7.676403812178969,-2.009013863682002
1759645382417622500,5.60062255859375,5.758209890976548,7.6783923556476825,-2.0138765012823043
1759645382427580700,5.61058056640625,5.753661141631007,7.68085786897838,-2.0174716031648217
1759645382437538600,5.62053857421875,5.748480524122715,7.683949405252933,-2.0204620171524583
1759645382447496400,5.630496337890625,5.74248391405642,7.687832384166121,-2.0227453057840465
1759645382457453600,5.64045361328125,5.735835562083125,7.692593899479508,-2.023503722935915
1759645382467411500,5.650411376953125,5.728743557995557,7.697952796164155,-2.023218476253748
1759645382477369600,5.66036962890625,5.72099864295721,7.703179590901732,-2.0252394606873394
1759645382487327500,5.670327392578125,5.712540611213445,7.708290065783261,-2.029663414609432
1759645382497284400,5.680284423828125,5.704072058075666,7.7129989741265765,-2.0355837445691227
1759645382507242500,5.690242431640625,5.695710472443699,7.717112254664301,-2.043392226362973
1759645382517200400,5.700200439453125,5.6872775751411915,7.720556842160224,-2.053840993532538
1759645382527158500,5.710158447265625,5.678598009601235,7.723878095537423,-2.0653381007112563
1759645382537115600,5.72011572265625,5.669212926140427,7.728357286778092,-2.0743448523789643
1759645382547073500,5.730073486328125,5.658905467137694,7.734903347420692,-2.0780879844300446
1759645382557031700,5.74003173828125,5.647615426838398,7.743511016768217,-2.0767448992580175
1759645382566988500,5.749988525390625,5.635443927529454,7.753393528357147,-2.0729323552325365
1759645382576946400,5.759946533203125,5.622559896036982,7.763596942463517,-2.0697271294504405
1759645382586904600,5.769904541015625,5.609221106514334,7.773548427635431,-2.0685668534994126
1759645382596862500,5.779862548828125,5.595818604105711,7.7829545538842675,-2.069496681695431
1759645382606819600,5.789819580078125,5.5824377290070055,7.792023411002755,-2.071508752170205
1759645382616777500,5.799777587890625,5.568711985993385,7.801275807994604,-2.073623844628036
1759645382626735400,5.8097353515625,5.554208244344592,7.811027386680245,-2.075817701410502
1759645382636693500,5.819693603515625,5.53886220665276,7.821495004680752,-2.077406724167615
1759645382646650600,5.829650634765625,5.523135060688853,7.832566433793306,-2.07756512959972
1759645382656608500,5.8396083984375,5.5071770285785195,7.844096128067374,-2.0764282345242795
1759645382666566700,5.849566650390625,5.490686497026681,7.85630094512403,-2.073955414669961
1759645382676524300,5.859524169921875,5.473484017813205,7.869099051898718,-2.0709009955354034
1759645382686481400,5.8694814453125,5.455614599123597,7.882308077561855,-2.067817350306362
1759645382696439600,5.879439453125,5.437098699223995,7.895915162631868,-2.0646702844522893
1759645382706397400,5.8893974609375,5.417701340314745,7.910095663675666,-2.061377672647685
1759645382716355600,5.89935546875,5.397269962182641,7.9249758374214165,-2.057821149209887
1759645382726312400,5.9093125,5.375656680789589,7.940495478114485,-2.0545617090225217
1759645382736270300,5.919270263671875,5.3529029971897595,7.956607239481806,-2.051636323095113
1759645382746228500,5.929228515625,5.328938768756389,7.973356714230776,-2.048992384457588
1759645382756186400,5.939186279296875,5.304143934717774,7.990625244417786,-2.0460550158314406
1759645382766143500,5.9491435546875,5.27886277846694,8.00816674632728,-2.0428568043120205
1759645382776101600,5.9591015625,5.253322679018974,8.025791834867,-2.039524737279862
1759645382786059500,5.9690595703125,5.227478043666482,8.043459008982778,-2.0363293022394178
1759645382796017400,5.979017333984375,5.2012213203817605,8.061112154573202,-2.0337555062286556
1759645382805974500,5.988974609375,5.17434617293775,8.078744257375597,-2.0323472468659283
1759645382815932400,5.998932373046875,5.146556833258271,8.096478651508688,-2.0323355564281345
1759645382825890600,6.008890625,5.1179368879735465,8.114310660797358,-2.0334889642469585
1759645382835847700,6.01884765625,5.088452434813976,8.1323764788419,-2.035307265715301
1759645382845805300,6.028805419921875,5.058185891366005,8.150805869501829,-2.037036573725939
1759645382855763500,6.038763427734375,5.026936182099581,8.169792309522629,-2.03833041292876
1759645382865721300,6.048721435546875,4.99474714615643,8.189426984319091,-2.038666951406747
1759645382875678500,6.058678466796875,4.9614609626263375,8.209765423470735,-2.0381455578811467
1759645382885636600,6.06863671875,4.927482705178857,8.230409567570685,-2.0373172903634607
1759645382895594500,6.078594482421875,4.893144089986384,8.251109825772046,-2.036348006939888
1759645382905552600,6.088552734375,4.858738254776597,8.271791379272937,-2.034825619678199
1759645382915509500,6.098509521484375,4.824484979780018,8.292297576206922,-2.0328623567812145
1759645382925467400,6.10846728515625,4.7902872343629594,8.312613219004868,-2.0307598315440116
1759645382935425500,6.118425537109375,4.756089488945901,8.332736554101109,-2.028664466699958
1759645382945383400,6.128383544921875,4.721752335058152,8.352885608160495,-2.02601672867015
1759645382955340500,6.138340576171875,4.687043425248563,8.37346779294014,-2.0216443588048216
1759645382965298400,6.14829833984375,4.651709661538899,8.394660218572616,-2.0153588487945497
1759645382975256300,6.15825634765625,4.615876716135442,8.416236090564727,-2.007745597311854
1759645382985214500,6.16821435546875,4.5797842430129645,8.437858139786124,-1.9996293647430836
1759645382995171600,6.178171630859375,4.543545639418065,8.459379651242495,-1.9913532654374837
1759645383005129500,6.18812939453125,4.507289792427421,8.48057383044064,-1.983580147217959
1759645383015087600,6.198087646484375,4.471246126882732,8.501437170249224,-1.9758274872645734
1759645383025045800,6.208045654296875,4.435364666162431,8.52191940178573,-1.9684506748862562
1759645383035002400,6.21800244140625,4.3996416108742356,8.541878486230969,-1.9621042284689842
1759645383044960500,6.22796044921875,4.3640342909201975,8.561194012075662,-1.957431998874247
1759645383054918400,6.23791845703125,4.328169196812809,8.580027307361364,-1.954604374232888
1759645383064876500,6.24787646484375,4.291430827002227,8.598950034496188,-1.9524502649389206
1759645383074833700,6.257833740234375,4.25322998342365,8.618255623468755,-1.9509211556755006
1759645383084791300,6.267791259765625,4.213270605739951,8.638108909451962,-1.9498256155237554
1759645383094749400,6.27774951171875,4.1715126542016865,8.658692847797274,-1.9483083428286014
1759645383104707600,6.28770751953125,4.128475768768787,8.67975901670158,-1.9462407427743076
1759645383114664400,6.29766455078125,4.085085539853573,8.700855580744147,-1.9436006035290658
1759645383124622600,6.30762255859375,4.042291523265838,8.721164209279417,-1.9420538124784825
1759645383134580700,6.317580810546875,4.000584132871031,8.740262292981146,-1.942556793564558
1759645383144537300,6.327537353515625,3.9613291040644047,8.757030472430586,-1.9474824133984743
1759645383154495500,6.33749560546875,3.9236131213933225,8.772601551049947,-1.9537443964026868
1759645383164453600,6.34745361328125,3.886619900038838,8.788725587376952,-1.9552168070428073
1759645383174411500,6.35741162109375,3.8498566880479452,8.80506648132503,-1.9544335477106272
1759645383184368600,6.36736865234375,3.8117368007510897,8.8217762085855,-1.9537970033727585
1759645383194326500,6.377326416015625,3.7735733665734528,8.837961619710923,-1.9547318000048397
1759645383204284400,6.387284423828125,3.7366917888998983,8.852738917604087,-1.9587099098555742
1759645383214242600,6.39724267578125,3.7012250464603302,8.865809996101259,-1.9669122132726014
1759645383224199400,6.407199462890625,3.6682995129361746,8.87668444133699,-1.9795026686459778
1759645383234157600,6.417157470703125,3.638222062319517,8.885739269930124,-1.9943286279864607
1759645383244115700,6.42711572265625,3.61032487835139,8.893656034404039,-2.0096843102894724
1759645383254073600,6.437073486328125,3.5831942948415874,8.901226177397369,-2.0246691134534776
1759645383264030500,6.447030517578125,3.5552427503377197,8.9089833673954,-2.039769359690696
1759645383273988600,6.456988525390625,3.525506952765584,8.917319234064221,-2.054896640065312
1759645383283946500,6.466946533203125,3.4938600608751176,8.92595554498434,-2.071390240357071
1759645383293904600,6.476904541015625,3.4601389930590987,8.934902237027883,-2.089339446284622
1759645383303861500,6.486861572265625,3.4245302118003367,8.944292581185698,-2.1077483786784112
1759645383313819400,6.4968193359375,3.387119641816616,8.954245819923282,-2.125860812343657
1759645383323777500,6.506777587890625,3.3475787818059324,8.964974134686589,-2.1432062071591615
1759645383333735400,6.5167353515625,3.3055747465521095,8.976602028638125,-2.15966722035557
1759645383343692500,6.526692626953125,3.2612212255626916,8.989276216772199,-2.1743379891343415
1759645383353650700,6.536650634765625,3.214767809684574,9.003181992527843,-2.1859490780815483
1759645383363608300,6.5466083984375,3.166438370801508,9.018312926164269,-2.194105934921652
1759645383373566500,6.55656640625,3.116002022767067,9.034494830158353,-2.199733857806027
1759645383383523600,6.566523681640625,3.06371040225476,9.051149027839303,-2.2047179298289117
1759645383393481500,6.5764814453125,3.0101646900281307,9.068024174794553,-2.209122156137228
1759645383403439600,6.586439697265625,2.9549107125788927,9.085054804572463,-2.2137400251962243
1759645383413397500,6.5963974609375,2.896887270416319,9.102449006965756,-2.218977049066871
1759645383423354400,6.606354248046875,2.836181165041029,9.12028919956088,-2.2241394002661106
1759645383433312500,6.6163125,2.77333833989799,9.138610453671216,-2.22817873878479
1759645383443270400,6.6262705078125,2.7092916919231413,9.157359577804803,-2.229998647688329
1759645383453228500,6.636228515625,2.6440435592040417,9.176908327883481,-2.2279520904220638
1759645383463185700,6.646185546875,2.578122934050858,9.197421539080143,-2.2206097648352383
1759645383473143600,6.6561435546875,2.5118434124574063,9.218826146158575,-2.2077777557909486
1759645383483101400,6.666101318359375,2.4443049768440424,9.241204566705226,-2.1899553911134597
1759645383493059300,6.676059326171875,2.3755410910889503,9.263759512862563,-2.170242098122835
1759645383503016400,6.686016357421875,2.307139462774992,9.285688436076045,-2.1502270457066595
1759645383512974600,6.695974609375,2.2407047506198285,9.306647052952647,-2.12977667061314
1759645383522932500,6.705932373046875,2.1759638367705048,9.3269510053128,-2.107972250562161
1759645383532890600,6.715890625,2.1109584267660972,9.347160849648713,-2.084425516888499
1759645383542847500,6.725847412109375,2.0437581370659172,9.367665877538919,-2.059195067911595
1759645383552805400,6.735805419921875,1.9738721154130994,9.388350938171147,-2.033001326860487
1759645383562763500,6.745763427734375,1.9016060667559502,9.408620403739809,-2.008021930035204
1759645383572721400,6.755721435546875,1.8283765798941254,9.428065693444013,-1.9846884007208048
1759645383582678500,6.765678466796875,1.7563875946126877,9.446588023084402,-1.961500417356938
1759645383592636700,6.77563671875,1.686460656427592,9.464004437309503,-1.9387772750258445
1759645383602594300,6.78559423828125,1.6172127865478396,9.48066506473124,-1.916241618090868
1759645383612551400,6.795551513671875,1.5489457443989811,9.496564644652604,-1.893782095132023
1759645383622509600,6.805509521484375,1.4823307072408496,9.51128875105381,-1.873088997323811
1759645383632467500,6.815467529296875,1.4171252446196974,9.524445754268765,-1.8566309067368507
1759645383642425600,6.825425537109375,1.3501771761149168,9.536004674637317,-1.847168958647549
1759645383652382500,6.835382568359375,1.279982673034817,9.54562298233211,-1.8474609273314475
1759645383662340400,6.84534033203125,1.2085882195804267,9.553499414795636,-1.8548207885749637
1759645383672298500,6.855298583984375,1.138767006792128,9.560011573168635,-1.865419047217816
1759645383682256400,6.86525634765625,1.071690562667325,9.565068272036314,-1.879183514806628
1759645383692213500,6.875213623046875,1.0088313709113745,9.569428805333375,-1.891737291431427
1759645383702171600,6.885171630859375,0.9497937102049588,9.573853636038303,-1.8999052541874348
1759645383712129500,6.895129638671875,0.8920647209443151,9.578349193891883,-1.9052140281200407
1759645383722087400,6.90508740234375,0.833826832313463,9.582783376947045,-1.9092882918216287
1759645383732044500,6.91504443359375,0.7733573121730237,9.58689782652855,-1.914075233837217
1759645383742002400,6.92500244140625,0.7102362546104938,9.590573884692787,-1.9201137833490967
1759645383751960600,6.934960693359375,0.645303763711825,9.59383434779346,-1.9267367086201905
1759645383761918500,6.94491845703125,0.5804807976022363,9.596802549949288,-1.9325624921642244
1759645383771875300,6.954875244140625,0.5168950451374054,9.599279753717779,-1.938300597424805
1759645383781833500,6.96483349609375,0.45496933483928437,9.600928105446696,-1.945650667926669
1759645383791791400,6.974791259765625,0.3939263987250626,9.601411505049466,-1.9565559466920792
1759645383801749500,6.98474951171875,0.3330376302592456,9.600802433240412,-1.9707967996209859
1759645383811706600,6.99470654296875,0.27332236255221065,9.599618191891908,-1.9857051765479146
1759645383821664500,7.00466455078125,0.21542941490150988,9.598205987006425,-1.9996065683893858
1759645383831622400,7.014622314453125,0.16098861699867992,9.596962708947062,-2.0106646996289492
1759645383841580300,7.024580322265625,0.1107425856382586,9.59608884872198,-2.0182190605312584
1759645383851537400,7.034537353515625,0.06479191338419914,9.595650457304716,-2.0222933242328462
1759645383861495600,7.04449560546875,0.023107492873026058,9.596002339482308,-2.021533153515309
1759645383871453400,7.054453369140625,-0.013512137937202351,9.597380057576299,-2.015066880110651
1759645383881411600,7.06441162109375,-0.04562110693955328,9.599788287761807,-2.0030843275025485
1759645383891368400,7.074368408203125,-0.07381571208483073,9.602985037976502,-1.986860045671463
1759645383901326300,7.084326416015625,-0.09865335778528823,9.606787937390804,-1.9672959518931805
1759645383911284500,7.094284423828125,-0.1211455500378739,9.610906478625536,-1.9458136034034192
1759645383921242400,7.104242431640625,-0.14254282319322228,9.615203883558511,-1.9230026366584
1759645383931199500,7.114199462890625,-0.16202119318312033,9.619598319125174,-1.8993296462565659
1759645383941157600,7.12415771484375,-0.17865474993484093,9.623988663038611,-1.8754516348019241
1759645383951115300,7.134115234375,-0.19148948065917937,9.628364978426694,-1.8515635403446853
1759645383961073400,7.144073486328125,-0.1992993689588271,9.632650108399986,-1.8283011765703558
1759645383971030500,7.154030517578125,-0.20139791214065625,9.636770987722278,-1.8062265612758694
1759645383980988400,7.163988525390625,-0.1972183066347614,9.640581485921144,-1.786243073041737
1759645383990946600,7.173946533203125,-0.1864359601292759,9.643991586625576,-1.7689127296648919
1759645384000903400,7.1839033203125,-0.1688566469600424,9.646863342669606,-1.7549628225065768
1759645384010861300,7.193861328125,-0.1444885139008984,9.649057053321599,-1.745051377084106
1759645384020819500,7.2038193359375,-0.11375850852648726,9.650373981139063,-1.7400325260087848
1759645384030777300,7.21377734375,-0.07733895887411199,9.650894205620885,-1.7391503363467753
1759645384040734500,7.223734375,-0.036443766211601905,9.65077087150216,-1.741181842174381
1759645384050692600,7.233692626953125,0.007865697582025313,9.650102762982248,-1.7452400315240024
1759645384060650500,7.243650390625,0.053434452138189224,9.649015552267432,-1.7504371617756782
1759645384070608400,7.2536083984375,0.09920710094422101,9.647723174369334,-1.7555596193559466
1759645384080565500,7.2635654296875,0.14474323758063837,9.64627882077992,-1.7603287334538995
1759645384090523400,7.2735234375,0.19049009435828773,9.644794719702006,-1.7641018222518263
1759645384100481500,7.2834814453125,0.2379658207551576,9.643411156389117,-1.7658982041493057
1759645384110439400,7.293439453125,0.2884231385123916,9.642103580921887,-1.7655051131784916
1759645384120396300,7.303396240234375,0.34242359050288795,9.640728785437345,-1.763374238629639
1759645384130354400,7.3133544921875,0.40041229014564306,9.63913537876606,-1.7598619927249848
1759645384140312300,7.323312255859375,0.4619226611085236,9.636961541858314,-1.7566934456914662
1759645384150270500,7.3332705078125,0.5264584443071857,9.63415466774404,-1.7539416627652942
1759645384160227600,7.3432275390625,0.5941945213844999,9.63057330212593,-1.7519677323438225
1759645384170185500,7.353185546875,0.6646530456956475,9.626195233172178,-1.750709841237217
1759645384180143400,7.363143310546875,0.7374479405324905,9.62117360561788,-1.7491639269694685
1759645384190100500,7.3731005859375,0.8130912836030125,9.615508419463039,-1.7467926677934824
1759645384200058400,7.383058349609375,0.8918826423756778,9.609076340588926,-1.7437271427430212
1759645384210016500,7.3930166015625,0.9736755210518836,9.601756372964381,-1.7402875236831605
1759645384219974400,7.402974365234375,1.057699812041968,9.59353682615161,-1.7365794629454612
1759645384229931500,7.412931640625,1.143099483038485,9.584380875271558,-1.7330216243334113
1759645384239889400,7.422889404296875,1.2294450565829873,9.5740634793967,-1.7309386805795133
1759645384249847300,7.432847412109375,1.317108434727788,9.562474163889885,-1.7305198706455527
1759645384259805400,7.442805419921875,1.4063352627970278,9.54952232785821,-1.7318309532441198
1759645384269762600,7.452762451171875,1.4968570991128682,9.535090482401847,-1.7354691636160016
1759645384279720400,7.462720458984375,1.5884399887889622,9.51914004907608,-1.741614096111804
1759645384289678600,7.4726787109375,1.6798551206827164,9.501866842713952,-1.7501418320909141
1759645384299636500,7.482636474609375,1.7693977367028593,9.483542081472278,-1.7612661604344844
1759645384309593300,7.49259326171875,1.8553208470515905,9.464650333997607,-1.774414980342984
1759645384319551500,7.502551513671875,1.9374274678520857,9.44564109762311,-1.787906622339785
1759645384329509400,7.51250927734375,2.0163617422267794,9.42670784909427,-1.8005121291518211
1759645384339466800,7.522466796875,2.093572261548787,9.407546052506566,-1.8125657011695204
1759645384349425000,7.5324248046875,2.1711139125213026,9.387729006880521,-1.8240582783035932
1759645384359382800,7.5423828125,2.250698759759217,9.366815398189425,-1.8350794385336338
1759645384369341000,7.5523408203125,2.3323666968815027,9.34446269660592,-1.847019174913317
1759645384379298000,7.562298095703125,2.415435440712422,9.320687268742919,-1.8603382368221877
1759645384389256000,7.572255859375,2.4995111696287986,9.295608941587805,-1.8747016932174563
1759645384399213800,7.5822138671875,2.584180626654625,9.269369169437885,-1.8897594154872
1759645384409171000,7.5921708984375,2.6684122767850753,9.242132202944159,-1.9060276825904845
1759645384419128800,7.60212890625,2.751616921955347,9.214278565856814,-1.9225094463139771
1759645384429087000,7.6120869140625,2.8337489694580436,9.185950296995044,-1.9387046481810508
1759645384439044900,7.622044921875,2.9136805843070146,9.157372437286377,-1.9553512470774352
1759645384449001700,7.632001708984375,2.990613309600949,9.128950644922256,-1.9720207884579897
1759645384458960000,7.6419599609375,3.0651009798303246,9.100350573381782,-1.9897665807679294
1759645384468917800,7.651917724609375,3.137374188880622,9.071386929225921,-2.009280844055116
1759645384478876000,7.6618759765625,3.2083725556895133,9.041803691866994,-2.0303996199294922
1759645384488833000,7.6718330078125,3.2794322972968217,9.01116597701907,-2.0529490131288766
1759645384498791000,7.681791015625,3.350406698708236,8.979414747971296,-2.0773231375373897
1759645384508749000,7.6917490234375,3.420328376196325,8.94676978495419,-2.1040593149021265
1759645384518706000,7.701705810546875,3.4882220549881455,8.913417550450562,-2.133934228684008
1759645384528663800,7.711663818359375,3.5545904239088295,8.879223019903897,-2.1667203537374733
1759645384538622000,7.7216220703125,3.6205586875960227,8.844166904091834,-2.200603918638825
1759645384548579800,7.731579833984375,3.6860806688204404,8.808527435433865,-2.2345105721548197
1759645384558537000,7.741536865234375,3.7501153340965505,8.772779830226302,-2.268336269389093
1759645384568494800,7.751494873046875,3.8106682947367427,8.737825421223043,-2.3020834945596755
1759645384578452700,7.76145263671875,3.866638603761792,8.704180341252684,-2.3359689591571686
1759645384588411000,7.771410888671875,3.9180543182224032,8.672118146559596,-2.369302342829853
1759645384598368000,7.781367919921875,3.965159476007521,8.6418586173743,-2.401284311893582
1759645384608326000,7.791325927734375,4.0085441519647835,8.613315828979015,-2.431615152749419
1759645384618284000,7.801283935546875,4.048257738193869,8.586446526753901,-2.4606767043218016
1759645384628241000,7.811240966796875,4.08459541824907,8.561431327962875,-2.487642452658713
1759645384638198800,7.82119873046875,4.117077007398009,8.538119425958394,-2.5140754092931745
1759645384648157000,7.831156982421875,4.14516328419745,8.516595576414465,-2.54079039773941
1759645384658114000,7.841114013671875,4.169040711130202,8.497295248138904,-2.566216515418887
1759645384668072000,7.851072021484375,4.189517681969702,8.480204997128247,-2.5892966544941065
1759645384678029800,7.86102978515625,4.207393238139153,8.465197397610545,-2.6093419559180737
1759645384687987700,7.87098779296875,4.2234295961827035,8.452043317005037,-2.6260209957793355
1759645384697944800,7.88094482421875,4.237819940584898,8.440669105553626,-2.6393869655698534
1759645384707903000,7.890903076171875,4.249839171941578,8.431329614800214,-2.649889947144687
1759645384717860900,7.90086083984375,4.259837711125612,8.423852995309232,-2.6576065128713844
1759645384727817700,7.910817626953125,4.26851318501234,8.418027065634726,-2.6621415259525176
1759645384737775900,7.92077587890625,4.276259853616357,8.413757133230567,-2.6632050635308024
1759645384747733800,7.930733642578125,4.282815266609192,8.41112210855186,-2.6609967398315666
1759645384757692000,7.94069189453125,4.288074794572592,8.409556174409389,-2.657472657358646
1759645384767649000,7.95064892578125,4.2920895831719035,8.408932489553093,-2.652961317414045
1759645384777607000,7.96060693359375,4.295029728277028,8.409017245227098,-2.647932091075182
1759645384787565000,7.97056494140625,4.296998398001492,8.40934691557288,-2.6436861240684983
1759645384797522000,7.98052197265625,4.298116296115517,8.409903380411864,-2.640096867404878
1759645384807479800,7.990479736328125,4.297883071881532,8.41091694136858,-2.637245569626987
1759645384817438000,8.00043798828125,4.29602312322855,8.41249924212396,-2.6352266310200094
1759645384827395800,8.010395751953125,4.293341629059612,8.414523441427946,-2.633136673003435
1759645384837353000,8.02035302734375,4.290827308151125,8.416731765127182,-2.630173731544614
1759645384847310800,8.030310791015625,4.289420656223595,8.418612756568193,-2.6264462354540825
1759645384857268700,8.040268798828125,4.287722912395,8.420657998660205,-2.6226599949136373
1759645384867225900,8.050225830078125,4.286018738825619,8.423031742054224,-2.6178163542747495
1759645384877184000,8.06018408203125,4.28566159595102,8.425282151329517,-2.611148713079095
1759645384887142000,8.070141845703125,4.287373660565913,8.42714151546061,-2.602326816459
1759645384897098800,8.0800986328125,4.291177144502103,8.428634968888758,-2.5911951815918086
1759645384907057000,8.090056884765625,4.29719859674871,8.429579556262492,-2.578113581700623
1759645384917014800,8.100014892578125,4.305156570015847,8.429877662426232,-2.5638185143664476
1759645384926973000,8.109972900390625,4.314937374795973,8.429391340214014,-2.54893132635802
1759645384936930000,8.119929931640625,4.326510031428933,8.4277938418895,-2.5345570563077926
1759645384946888000,8.129887939453125,4.339949650977552,8.424766603022814,-2.52160960419029
1759645384956846000,8.13984619140625,4.3548081974133845,8.420790100607276,-2.509246089440584
1759645384966803000,8.149802978515625,4.370465493011475,8.41617588481009,-2.497476156669855
1759645384976760800,8.1597607421875,4.3862166043728585,8.411278175896406,-2.486340430149436
1759645384986719000,8.169718994140625,4.401512665443122,8.406631811395288,-2.4749998287066814
1759645384996676000,8.179676025390625,4.416237356366217,8.402528467729686,-2.4626743078798055
1759645385006634000,8.189634033203125,4.43021970448941,8.399177988258003,-2.4489504645623263
1759645385016592000,8.199591796875,4.443631266987324,8.396440672248602,-2.433988165491074
1759645385026549800,8.2095498046875,4.456567320927977,8.393955869695544,-2.418860008333623
1759645385036507000,8.2195068359375,4.468734436322748,8.391719488945602,-2.4041269879736005
1759645385046465000,8.229465087890626,4.480195741535723,8.38939542991221,-2.390873977038264
1759645385056423000,8.2394228515625,4.490651669098437,8.38689484526813,-2.380006838326156
1759645385066379800,8.2493798828125,4.4998418145090335,8.384287877640128,-2.371819440217316
1759645385076338000,8.259337890625,4.5073511672258375,8.38189718311131,-2.366004908719659
1759645385086295800,8.2692958984375,4.513369696862996,8.379753741341828,-2.3621198839798567
1759645385096253000,8.2792529296875,4.518267113515734,8.377890285557507,-2.3593635710090397
1759645385106211000,8.289211181640624,4.522481808601319,8.376217968431115,-2.3572272896327076
1759645385116169000,8.2991689453125,4.5259602983668445,8.374838496771455,-2.3554534118279813
1759645385126127000,8.309127197265624,4.529173707455397,8.373479483377933,-2.3541049198284743
1759645385136084000,8.319083984375,4.5324236491620535,8.371912964713573,-2.353423805696517
1759645385146041900,8.329041748046874,4.536168388648331,8.369745557546615,-2.35391758056283
1759645385156000000,8.339,4.541113736096024,8.366588554820417,-2.3556024649098513
1759645385165956900,8.348956787109374,4.546775122858584,8.362727787739038,-2.358393703063577
1759645385175915000,8.3589150390625,4.552216729390621,8.35893774780631,-2.361330487167835
1759645385185873000,8.368872802734375,4.556970061397553,8.356034427580237,-2.3624359641917048
1759645385195829800,8.378829833984375,4.560940426333248,8.354131224307418,-2.361506574387103
1759645385205788000,8.388787841796875,4.564439082103967,8.352862227284907,-2.3592314690619705
1759645385215746000,8.39874609375,4.568030384594202,8.351766833263635,-2.3561573223136363
1759645385225704000,8.408703857421875,4.571872154714167,8.350418341264128,-2.3534856188863515
1759645385235660800,8.418660888671875,4.576366543523967,8.348280744713545,-2.352332795589417
1759645385245619000,8.428618896484375,4.581739760994911,8.345394375622272,-2.3521111156627534
1759645385255576800,8.438576904296875,4.58761712859571,8.342043311628698,-2.3525426389478143
1759645385265534000,8.448533935546875,4.594435868699849,8.338035245031119,-2.3534449946150184
1759645385275491800,8.458491943359375,4.602105964936316,8.333544363352656,-2.3543635707646606
1759645385285450000,8.468449951171875,4.610148401616513,8.328826102659106,-2.3553264244474468
1759645385295406800,8.47840673828125,4.618355381208658,8.323813242933154,-2.356968784826994
1759645385305364700,8.48836474609375,4.626731287626922,8.318686985960602,-2.3586406635619697
1759645385315323000,8.498322998046875,4.6350312061995265,8.313522735065222,-2.3605554111421108
1759645385325281000,8.508281005859375,4.642585274840891,8.308852989688516,-2.3621492562048134
1759645385335238000,8.51823779296875,4.648872100025415,8.305025540354848,-2.3632443579651414
1759645385345196000,8.528196044921875,4.654096264414489,8.302049739414453,-2.3634153306178747
1759645385355154000,8.53815380859375,4.65844890666604,8.299706391158699,-2.3630730930514634
1759645385365110800,8.54811083984375,4.662334808188676,8.297697389423847,-2.3624638751119376
1759645385375069000,8.55806884765625,4.666167518219352,8.295660915160179,-2.3620501797445117
1759645385385026800,8.56802685546875,4.669759405231476,8.293603982630371,-2.362173367732763
1759645385394984000,8.57798388671875,4.6728167469754815,8.291696687704324,-2.3628233560740948
1759645385404942000,8.587942138671876,4.675102519825101,8.28993143159747,-2.3644927505910394
1759645385414900000,8.59789990234375,4.67650361879468,8.288316397616267,-2.3673829190745947
1759645385424856800,8.60785693359375,4.6775826462030405,8.286677982759475,-2.3709829893931746
1759645385434815000,8.61781494140625,4.6784448159903285,8.28536514659524,-2.3738719888329505
1759645385444772900,8.62777294921875,4.678438970771432,8.28478588540256,-2.3759024717472492
1759645385454731000,8.63773095703125,4.677978367522359,8.284620465707778,-2.377385696042329
1759645385464688000,8.647688232421874,4.677008353446424,8.28506353330016,-2.3777518990062174
1759645385474646000,8.65764599609375,4.674726379989087,8.286373446854949,-2.377675472769141
1759645385484604000,8.66760400390625,4.671808738976717,8.287861055064202,-2.3782256539978084
1759645385494561000,8.67756103515625,4.6691786827340716,8.289031852409243,-2.379310672755539
1759645385504519000,8.687518798828124,4.665596148072183,8.290909921240806,-2.3797955336630343
1759645385514477000,8.69747705078125,4.660326975497603,8.293816164076327,-2.3799906178437173
1759645385524435000,8.70743505859375,4.654708258832991,8.296723575955628,-2.3808513263262805
1759645385534391800,8.717391845703125,4.649616488651931,8.299260400956868,-2.381961187264323
1759645385544350000,8.727349853515625,4.644940605795383,8.301679737058281,-2.382650923094153
1759645385554307800,8.737307861328125,4.640620989030599,8.304215977537632,-2.3822305057249964
1759645385564265000,8.747264892578125,4.636590710601211,8.306980181553959,-2.380440845829248
1759645385574223000,8.75722314453125,4.632654540196061,8.30988876247704,-2.377952097753435
1759645385584181000,8.767180908203125,4.628738243535161,8.312764610174298,-2.375524724476039
1759645385594137900,8.777137939453125,4.624854387839139,8.31531429465711,-2.3741660033434626
1759645385604096000,8.787095947265625,4.619987950846553,8.317690960660576,-2.375314588856697
1759645385614054000,8.797053955078125,4.614752096019685,8.319759583628176,-2.378247281307727
1759645385624011000,8.807010986328125,4.609428855170309,8.321815931636095,-2.3813733043737706
1759645385633969200,8.81696923828125,4.6035991261035205,8.324328206717967,-2.383867020885646
1759645385643926800,8.8269267578125,4.596547746287286,8.327311021921037,-2.3870558800548314
1759645385653885000,8.836885009765625,4.588694694699346,8.330417171242832,-2.391320697892457
1759645385663842000,8.846842041015625,4.580299206797778,8.333352640172839,-2.397179799184203
1759645385673800000,8.856800048828125,4.571341116577386,8.336284017449618,-2.4040792033091187
1759645385683758000,8.866758056640625,4.562079074974358,8.339344574064016,-2.411045827451348
1759645385693715000,8.87671484375,4.552741630047559,8.342649460828303,-2.417256664790213
1759645385703672800,8.8866728515625,4.543320598490536,8.346059561532735,-2.423201690799743
1759645385713631000,8.896630859375,4.534110871596634,8.348948853233455,-2.430487025502324
1759645385723588900,8.9065888671875,4.525470469023287,8.35069482011795,-2.440574265883118
1759645385733546000,8.9165458984375,4.517639044745266,8.350902909910678,-2.4543311346873637
1759645385743504100,8.926504150390626,4.510943054237962,8.349458556321263,-2.4715017574578524
1759645385753462000,8.9364619140625,4.5057402248978615,8.346435993629694,-2.4911253263384103
1759645385763419000,8.9464189453125,4.501902546431124,8.342205808714033,-2.512141226360202
1759645385773377000,8.956376953125,4.4986856302112335,8.337378826949,-2.533836633078754
1759645385783335000,8.9663349609375,4.495460238423943,8.332696222090721,-2.5548797133684156
1759645385793292000,8.9762919921875,4.491402779726684,8.329291966605187,-2.573051329874992
1759645385803250200,8.986250244140624,4.486088306705653,8.326985443228482,-2.5897306619971987
1759645385813207800,8.996207763671874,4.4808308245688675,8.324926172611116,-2.605404031947255
1759645385823166000,9.006166015625,4.476899914860725,8.322503913900256,-2.6198636421933768
1759645385833123000,9.016123046875,4.474997880631685,8.319415300235152,-2.6328900047659873
1759645385843081000,9.0260810546875,4.474630508624017,8.316084694507717,-2.6440087801516055
1759645385853039000,9.0360390625,4.474016468378902,8.3136373013556,-2.6527348151817916
1759645385862996000,9.045995849609374,4.472065334311127,8.312441369569301,-2.659761645078659
1759645385872953900,9.055953857421875,4.468323809695244,8.312570548906923,-2.6656428120717406
1759645385882912000,9.065912109375,4.463754017561674,8.313454346004129,-2.670534383505583
1759645385892870000,9.075869873046875,4.45947064115405,8.314621051695942,-2.6740599272832273
1759645385902827000,9.085826904296875,4.456014070959389,8.315994678136706,-2.675548120014369
1759645385912785200,9.09578515625,4.452771143515408,8.317400453281403,-2.676577755323052
1759645385922743000,9.105742919921875,4.4488042857110495,8.318322828823328,-2.680306420457363
1759645385932700000,9.115699951171875,4.444841227298975,8.318119415205716,-2.6875042230069637
1759645385942658000,9.125657958984375,4.441423820070922,8.317147355303169,-2.6961466714069244
1759645385952616000,9.135615966796875,4.4380113812789315,8.316707794842124,-2.7031130032882094
1759645385962573000,9.145572998046875,4.4350282738149165,8.31687964427769,-2.7074741211071607
1759645385972531200,9.15553125,4.43251278386265,8.317434355551004,-2.70989082686007
1759645385982488800,9.16548876953125,4.430314689296484,8.31826028498113,-2.710949103741348
1759645385992447000,9.175447021484375,4.428329945220053,8.319043544313312,-2.7117916920453307
1759645386002404000,9.185404052734375,4.425955325043201,8.320123156243563,-2.71235283305943
1759645386012362000,9.195362060546875,4.422910550519823,8.321824114942551,-2.7121035344734787
1759645386022320000,9.205320068359375,4.419076671445369,8.324148173975944,-2.7112211986809966
1759645386032277000,9.215277099609375,4.41453464410156,8.326964984962343,-2.7099679837495088
1759645386042235000,9.22523486328125,4.409775466875732,8.329841417181491,-2.70887463555485
1759645386052193000,9.235193115234376,4.404626413549482,8.332800266987086,-2.7081515819773077
1759645386062151000,9.24515087890625,4.3992266003325575,8.335452242800592,-2.7087697138756512
1759645386072108000,9.25510791015625,4.393876763737201,8.337645953452586,-2.7107024355039
1759645386082066200,9.265066162109376,4.389031369532645,8.33959708752036,-2.7125474788486956
1759645386092024000,9.275024169921876,4.384201172897219,8.341766248252988,-2.713689926882088
1759645386101981000,9.28498095703125,4.378976131725311,8.34446615486145,-2.7138258282214403
1759645386111939000,9.29493896484375,4.373570765550435,8.34756002922356,-2.713026494537294
1759645386121897000,9.30489697265625,4.367933051924407,8.35089998730123,-2.7118311472728847
1759645386131854000,9.31485400390625,4.3622623128116125,8.354246375119686,-2.7106507053166626
1759645386141812000,9.32481201171875,4.356654117541015,8.357486964476108,-2.709681568023562
1759645386151769900,9.334769775390624,4.3511420761212705,8.360437630975246,-2.7094331462204453
1759645386161728000,9.34472802734375,4.34580889839977,8.363130523321033,-2.709683906111121
1759645386171684900,9.354684814453124,4.340605192276835,8.365677285194396,-2.7101640908434987
1759645386181643000,9.36464306640625,4.335398563544452,8.368108311733604,-2.7109885589689013
1759645386191601200,9.37460107421875,4.329992028325796,8.370477963474393,-2.712315131397545
1759645386201557800,9.384557861328124,4.324298200598359,8.372783317807317,-2.714284970165789
1759645386211516000,9.394515869140625,4.318425801433623,8.375023790210484,-2.7167200883582234
1759645386221474000,9.40447412109375,4.312636696638167,8.377200549727679,-2.719205183172226
1759645386231432000,9.414431884765625,4.30692299516648,8.3794153031677,-2.7214313347890973
1759645386241389000,9.42438916015625,4.301214846652746,8.381875555801392,-2.7228856252506373
1759645386251347000,9.434346923828125,4.295196901537477,8.38474964993298,-2.7235359058529136
1759645386261305000,9.44430517578125,4.289054160998761,8.387804361328483,-2.723811215662956
1759645386271262000,9.454261962890625,4.282853845053911,8.390730477908253,-2.7245520971581336
1759645386281219800,9.4642197265625,4.276811350019276,8.393172610363363,-2.7265201823607086
1759645386291178000,9.474177978515625,4.271193510137498,8.394850772708654,-2.7301591233849525
1759645386301136100,9.48413623046875,4.26593105956465,8.395875439581275,-2.7352333579093218
1759645386311093000,9.494093017578125,4.260956193761527,8.396355916574597,-2.7415061545684933
1759645386321051000,9.50405078125,4.256742667719721,8.396602000290155,-2.747288829623163
1759645386331009000,9.514009033203125,4.252683163195848,8.397363047790527,-2.7512486731648442
1759645386340965400,9.52396533203125,4.247580871620774,8.398896248707175,-2.754449515032768
1759645386350923300,9.53392333984375,4.241587184163928,8.400874855303764,-2.7576474342912434
1759645386360881400,9.54388134765625,4.235500265465676,8.402980887672305,-2.7605852413088083
1759645386370839300,9.55383935546875,4.230232554195821,8.404977029925584,-2.7625863519981504
1759645386380796200,9.563796142578125,4.225693157200515,8.407047990980743,-2.7632310796424746
1759645386390754300,9.57375439453125,4.220957945372164,8.409636253908277,-2.7625933662608264
1759645386400712200,9.583712158203125,4.214798253698647,8.412920097884536,-2.7619983229771257
1759645386410669300,9.59366943359375,4.207857933041453,8.41630681771338,-2.7622625268712637
1759645386420627500,9.60362744140625,4.201560586462914,8.41958540099263,-2.761857160940766
1759645386430585300,9.61358544921875,4.196732435654104,8.422622576731444,-2.759938760098815
1759645386440542200,9.623542236328126,4.19320396926701,8.42533125116825,-2.757033101785183
1759645386450500400,9.633500244140626,4.189834492833912,8.427844695293903,-2.7544705578207966
1759645386460458200,9.643458251953126,4.1861271627485745,8.430072308215498,-2.7532892390817403
1759645386470416400,9.65341650390625,4.182392360134423,8.431963236528635,-2.7531778876617548
1759645386480373500,9.66337353515625,4.179097410242259,8.433399406811594,-2.753778776164353
1759645386490331100,9.6733310546875,4.17594449916929,8.434922670856118,-2.7538986031517383
1759645386500289300,9.683289306640624,4.172697187811136,8.43687848109901,-2.752830389398336
1759645386510246400,9.693246337890624,4.168436315496265,8.439579556751251,-2.7510060965806242
1759645386520204300,9.703204345703124,4.163087647944689,8.442802610450983,-2.7492142447277903
1759645386530162400,9.713162353515624,4.157820521196722,8.44566033796966,-2.7484076045200228
1759645386540120300,9.723120361328125,4.153308304469287,8.447789751213788,-2.7486864214614033
1759645386550077200,9.7330771484375,4.149932398295403,8.448948273599147,-2.75022196046561
1759645386560035300,9.743035400390625,4.147761483997106,8.449068100586533,-2.7531279110401865
1759645386569993200,9.7529931640625,4.146239973518252,8.448487085828184,-2.7571999827846883
1759645386579950300,9.762950439453125,4.144460104364157,8.447833590355515,-2.7618714817270633
1759645386589908500,9.772908447265625,4.142196543346345,8.44728238621354,-2.766950100165605
1759645386599866000,9.7828662109375,4.139654165387153,8.446813599658013,-2.7721815710783004
1759645386609824300,9.79282421875,4.137147151002288,8.446416709294915,-2.7771269185259935
1759645386619781400,9.802781494140625,4.135400307334959,8.44599760710001,-2.7809990837842222
1759645386629739300,9.8127392578125,4.134379732115566,8.445822835054994,-2.7830504633560773
1759645386639697400,9.822697509765625,4.133465247619152,8.446497373315692,-2.782361312048137
1759645386649654300,9.832654296875,4.131909542609751,8.448173197573423,-2.7795822027236223
1759645386659612200,9.842612060546875,4.129269549494982,8.450610069331526,-2.7760978677392005
1759645386669570300,9.8525703125,4.12565428160727,8.453416358923912,-2.77292859005332
1759645386679528200,9.862528076171875,4.122354655539989,8.455749770307541,-2.7707190973103044
1759645386689485300,9.8724853515625,4.121288487613201,8.456918814086913,-2.7687361067995426
1759645386699443500,9.882443359375,4.122852960450947,8.457032795855403,-2.766057827500999
1759645386709401300,9.8924013671875,4.12622448271066,8.456535952249169,-2.762545435465872
1759645386719358200,9.902358154296875,4.1306867228165265,8.455838617634774,-2.7580086688190697
1759645386729316400,9.91231640625,4.134705018547177,8.455596625572442,-2.7527234218925236
1759645386739274200,9.922274169921875,4.1365483083263035,8.456182901027798,-2.7481509994104503
1759645386749231400,9.9322314453125,4.13642438968569,8.457085402825474,-2.7455568912640214
1759645386759189200,9.942189208984376,4.135938067473471,8.457611472526192,-2.7446704638183115
1759645386769147100,9.952147216796876,4.136351908971369,8.457276541483402,-2.745078752358258
1759645386779105300,9.962105224609376,4.138454434208572,8.45601222063601,-2.7458023904576896
1759645386789062100,9.972062255859376,4.142004235644638,8.454570205134154,-2.7448937511801716
1759645386799020300,9.982020263671876,4.148480153660476,8.45373784596324,-2.737666722536087
1759645386808978400,9.991978515625,4.158888442689181,8.454535718342662,-2.7193495600789785
1759645386818935000,10.00193505859375,4.170298894497752,8.457851711022853,-2.69141847384125
1759645386828893200,10.01189306640625,4.179493131561577,8.462914839631319,-2.6610683437630533
1759645386838851300,10.021851318359374,4.1852790214866396,8.468360830077529,-2.634519359533489
1759645386848809200,10.031809326171874,4.1877910043075675,8.472757019209862,-2.616329038326442
1759645386858766300,10.041766357421874,4.189416267421842,8.47475374598503,-2.607242937812209
1759645386868724200,10.05172412109375,4.192758563587069,8.473855335840582,-2.6047917452678084
1759645386878682400,10.061682373046875,4.198247224131226,8.470809976795316,-2.605855575107038
1759645386888639200,10.07163916015625,4.204625526991486,8.466740535399317,-2.608792797602713
1759645386898597000,10.08159716796875,4.211013766723871,8.462441376900673,-2.6124390451505777
1759645386908555300,10.09155517578125,4.2168157310009,8.458578271731733,-2.61558728004843
1759645386918513400,10.101513427734375,4.221374709479511,8.455654493239521,-2.6176877594590184
1759645386928470300,10.11147021484375,4.224833033239841,8.453557228699326,-2.618880184113979
1759645386938428200,10.12142822265625,4.2277904217407105,8.451752225103974,-2.6199349538639187
1759645386948386300,10.13138623046875,4.230478930172324,8.449690031877159,-2.6222458611547945
1759645386958343200,10.14134326171875,4.2322409714087845,8.447440207123757,-2.6266446806356307
1759645386968301300,10.15130126953125,4.232820524862408,8.445282736828922,-2.6326462591379878
1759645386978259200,10.16125927734375,4.232869916962087,8.443065645301342,-2.6396689973816274
1759645386988216000,10.171216064453125,4.232953795853257,8.440940908232331,-2.646320564225316
1759645386998174200,10.18117431640625,4.233198418264091,8.439008478865027,-2.652083365535736
1759645387008132000,10.191132080078125,4.2334877565994855,8.437251406064629,-2.6572093302473423
1759645387018090200,10.20109033203125,4.234220162527263,8.4356831338346,-2.6610177826195955
1759645387028047400,10.21104736328125,4.235445612668991,8.434110185429454,-2.664050282183289
1759645387038005200,10.221005126953125,4.237292409579456,8.43223445468545,-2.6670509253039953
1759645387047963400,10.23096337890625,4.2397728282183405,8.429960080012679,-2.670295314052701
1759645387057920300,10.240920166015625,4.2426437074795365,8.4272724483639,-2.6742192094981667
1759645387067878100,10.250878173828125,4.245728229491412,8.424522272872924,-2.677986453077197
1759645387077836300,10.260836181640625,4.248777387928962,8.422077802330255,-2.680838043116033
1759645387087794200,10.270794189453126,4.251796151228249,8.420189796626568,-2.681984582802653
1759645387097751300,10.280751220703126,4.254989394311607,8.419071606251597,-2.680427416488528
1759645387107709200,10.290709228515626,4.258971741946041,8.418614510133862,-2.675535552793741
1759645387117667000,10.3006669921875,4.265146338927746,8.418332186061143,-2.6665678179621697
1759645387127624200,10.310624267578126,4.273325261469185,8.417991994321346,-2.654522575381398
1759645387137582300,10.320582275390626,4.282054803630709,8.417501580455898,-2.6419816582381723
1759645387147540200,10.330540283203124,4.291204032509029,8.416323184326291,-2.630865220940113
1759645387157498400,10.340498291015624,4.300346539385616,8.414599429273604,-2.6214357138156887
1759645387167455200,10.350455322265624,4.30807070389688,8.412696810522675,-2.61484990568459
1759645387177413000,10.3604130859375,4.314027858735621,8.410960780510306,-2.610610952940583
1759645387187371300,10.370371337890624,4.31874670395106,8.409730946454406,-2.606766552472114
1759645387197328400,10.380328369140624,4.323429601070284,8.408684067749977,-2.602379423429072
1759645387207286300,10.390286376953124,4.328317957633733,8.407389351764321,-2.598430978064239
1759645387217244200,10.400244140625,4.333839935925603,8.405300270530581,-2.5959824158683418
1759645387227202300,10.410202392578125,4.339646576377749,8.402547756952046,-2.595198864275217
1759645387237159200,10.4201591796875,4.344509213978052,8.399676000908016,-2.5963597247481345
1759645387247117300,10.430117431640625,4.34759987346977,8.397168402001261,-2.5992951936781403
1759645387257075200,10.4400751953125,4.3491237220361825,8.395091011205315,-2.6034528978794813
1759645387267032300,10.4500322265625,4.3503497566998,8.393161504447459,-2.6076234615623948
1759645387276990200,10.459990234375,4.3516617160812014,8.391449439832568,-2.610938869720697
1759645387286948000,10.469947998046875,4.353180888472497,8.390161153587698,-2.612544843612611
1759645387296906200,10.47990625,4.3550081038996575,8.389199030557274,-2.612590144059062
1759645387306863400,10.48986328125,4.357076726867258,8.388281331190466,-2.6120868707120417
1759645387316821200,10.4998212890625,4.359860804627836,8.38704331382811,-2.61141876219213
1759645387326779400,10.509779296875,4.363490685562789,8.38523363405764,-2.61116654099673
1759645387336736300,10.519736328125,4.3676679712474344,8.382887947714329,-2.611714530268311
1759645387346694400,10.5296943359375,4.371675745584071,8.380379179763793,-2.6130609764412043
1759645387356652500,10.539652587890625,4.375437436205148,8.377669336283207,-2.615454009057581
1759645387366609700,10.549609619140625,4.378617235285043,8.374812777808309,-2.6192791203036903
1759645387376567600,10.559567626953125,4.382013891986012,8.371852758958935,-2.6230560084939003
1759645387386525700,10.569525634765625,4.386233555507659,8.368377776324749,-2.6270877482280133
1759645387396483300,10.5794833984375,4.3916286925494665,8.364042377468943,-2.63187819737494
1759645387406440400,10.5894404296875,4.398031253068149,8.358792786377668,-2.6378540569141506
1759645387416398600,10.599398681640626,4.404802646899223,8.352936461564898,-2.6450980366930366
1759645387426356500,10.6093564453125,4.411406867469847,8.34679547459185,-2.6534657598048446
1759645387436313600,10.619313720703126,4.417442932763695,8.341192247757315,-2.6610306421011685
1759645387446271500,10.629271484375,4.423109872484207,8.336603750923276,-2.665993525205552
1759645387456229400,10.6392294921875,4.42873531115055,8.333204171612858,-2.6672835650160907
1759645387466187500,10.6491875,4.433830588462949,8.331202768662571,-2.6650723187074066
1759645387476144600,10.65914453125,4.437866419850289,8.330332415568828,-2.661066882458329
1759645387486102500,10.6691025390625,4.440311474914848,8.330455749687552,-2.65659850487262
1759645387496060700,10.679060791015624,4.442489111214876,8.330754440373182,-2.6520202371716497
1759645387506017500,10.689017578125,4.4459649706318976,8.330094515159725,-2.648265560813248
1759645387515975400,10.698975341796874,4.450872616417706,8.328291849651933,-2.645689865106344
1759645387525933600,10.70893359375,4.456080998715758,8.325916937214135,-2.6443954413816333
1759645387535890700,10.718890625,4.460839591419696,8.32351981294453,-2.6439187637805937
1759645387545848600,10.7288486328125,4.4650212610185145,8.321339546296,-2.6437252870351076
1759645387555806500,10.738806396484375,4.468661078825593,8.319467322683334,-2.643468681925535
1759645387565764400,10.748764404296875,4.471856952257454,8.317976207342744,-2.642756442002952
1759645387575721500,10.758721435546875,4.474944981400668,8.316580369070172,-2.6419214524835346
1759645387585679600,10.7686796875,4.478271495474875,8.315188622450828,-2.640663853637874
1759645387595637500,10.778637451171875,4.4817923630774015,8.313706859460472,-2.639358031736314
1759645387605594600,10.7885947265625,4.4848599339544775,8.312270104655623,-2.638669757211208
1759645387615552500,10.798552490234375,4.487081701657176,8.311054883646964,-2.6387194415718316
1759645387625510400,10.808510498046875,4.489071706430614,8.30979699254036,-2.639300164069235
1759645387635468500,10.818468505859375,4.491340528145432,8.308312891462444,-2.640107973320782
1759645387645425700,10.82842578125,4.493973506997525,8.306751633495091,-2.64054051951915
1759645387655383600,10.838383544921875,4.496813698859513,8.305370992791651,-2.6400477675661445
1759645387665341700,10.848341796875,4.4992324504390355,8.304455631512402,-2.6388074121162295
1759645387675298600,10.858298583984375,4.500489464762807,8.30414232777953,-2.6376485974699255
1759645387685256400,10.86825634765625,4.500998583328724,8.304062832802533,-2.6370325113981963
1759645387695214600,10.878214599609375,4.501532544074952,8.304002627047895,-2.6363115036472675
1759645387705171700,10.888171630859375,4.501712284556031,8.304258647635578,-2.635195651359856
1759645387715129600,10.898129638671875,4.501522314941883,8.304607022681832,-2.634421452116966
1759645387725087500,10.90808740234375,4.500970818538963,8.304713405665755,-2.635027601316571
1759645387735044400,10.91804443359375,4.499026406472921,8.30474087819457,-2.638264683541655
1759645387745002500,10.92800244140625,4.494445800684392,8.30526402528584,-2.6444121002554892
1759645387754960600,10.937960693359376,4.489733677470684,8.305846209087967,-2.6505864049762486
1759645387764917500,10.94791748046875,4.484909910576045,8.30660433397889,-2.656370249074697
1759645387774875400,10.95787548828125,4.479272196950018,8.307713172003627,-2.662406606629491
1759645387784833500,10.96783349609375,4.474174289289117,8.308530918127298,-2.6684213368743657
1759645387794791400,10.97779150390625,4.470181420260667,8.308999120160937,-2.6736487161338327
1759645387804748500,10.98774853515625,4.46706182693541,8.3097040535599,-2.676670402042568
1759645387814706700,10.997706787109376,4.464743320859968,8.310697740772365,-2.677455414940417
1759645387824664600,11.00766455078125,4.462793940357864,8.311736436170339,-2.6774820106863975
1759645387834621400,11.017621337890626,4.461602100224793,8.312486962276697,-2.677134220162034
1759645387844579600,11.02757958984375,4.460378111387789,8.313154486274719,-2.6771014869362113
1759645387854537500,11.037537353515624,4.45935899747312,8.313819087663292,-2.676735283972323
1759645387864495600,11.04749560546875,4.458583336925506,8.314227668464182,-2.6767580803260205
1759645387874452500,11.057452392578124,4.4577594533219935,8.314156356793642,-2.6783529483020305
1759645387884410600,11.06741064453125,4.456800837422907,8.313964633613825,-2.6805440286055204
1759645387894368500,11.077368408203125,4.455366420705616,8.31428962778449,-2.681919408611953
1759645387904325400,11.087325439453124,4.453096429947018,8.31552121540606,-2.681866801641881
1759645387914283500,11.097283447265625,4.450085265432298,8.317508005309104,-2.680709156039357
1759645387924241700,11.10724169921875,4.447009218987822,8.319571367579698,-2.679410932922363
1759645387934198500,11.117198486328125,4.444425632235408,8.32124660731554,-2.6784946948602792
1759645387944156400,11.127156494140625,4.442347072395682,8.322543076866864,-2.677913680101931
1759645387954114600,11.137114501953125,4.441076321807503,8.323338611158729,-2.677549522964656
1759645387964072400,11.147072509765625,4.440342746835947,8.323480065456032,-2.6783210918590425
1759645387974029600,11.157029541015625,4.439429431383312,8.323293018451333,-2.680420109964907
1759645387983987500,11.166987548828125,4.437771435043215,8.323158578416704,-2.6835820811271667
1759645387993945600,11.176945556640625,4.435514888288081,8.3232778208822,-2.686939574861526
1759645388003902500,11.18690234375,4.433275877189636,8.323657760110496,-2.6894571106404066
1759645388013860400,11.1968603515625,4.431117237851024,8.324313593670725,-2.690983589555323
1759645388023818500,11.206818603515625,4.428339882092177,8.325387360382079,-2.6922338818773626
1759645388033775600,11.216775634765625,4.424799140745401,8.326518410238624,-2.6945570641279217
1759645388043733500,11.2267333984375,4.421960702449083,8.327017591932416,-2.697669350929558
1759645388053691600,11.236691650390625,4.420478354936838,8.326508473366498,-2.7016686496987936
1759645388063649500,11.2466494140625,4.420310597154498,8.325175178936123,-2.706050518044829
1759645388073606400,11.2566064453125,4.420169142857194,8.32391436522007,-2.7101547384932636
1759645388083564500,11.266564453125,4.419066734573245,8.32327898992598,-2.7139012315452096
1759645388093522400,11.2765224609375,4.417152717645466,8.323142211803793,-2.717435250890255
1759645388103479600,11.2864794921875,4.414989986653626,8.323270222097635,-2.7205583513468503
1759645388113437400,11.2964375,4.41301401040554,8.323654252979159,-2.7225831351727248
1759645388123395300,11.306395263671876,4.41113068087697,8.324616376009583,-2.722699455028772
1759645388133353500,11.316353515625,4.409404587736725,8.326220888596772,-2.7205864083975553
1759645388143310600,11.326310546875,4.408254540918767,8.328172022664546,-2.716474004642665
1759645388153268500,11.3362685546875,4.407627641192079,8.330209081450104,-2.711239318859577
1759645388163226600,11.3462265625,4.407710643300414,8.332371227920055,-2.7044530197203156
1759645388173183500,11.35618359375,4.4078629112526775,8.334905130311846,-2.696386617642641
1759645388183141400,11.366141357421874,4.406854026471078,8.338228137254715,-2.687747968634963
1759645388193099500,11.376099609375,4.405900963529944,8.341881399065256,-2.6779502127200363
