time,seconds_elapsed,z,y,x
1759310136199182600,0.0381826171875,0.020311551144719123,-1.3688456362277268,0.07364179398976266
1759310136209264600,0.0482646484375,0.09621581017374992,-1.4316986905038356,0.2650499347747303
1759310136219347700,0.05834765625,0.18256781345903872,-1.5048855072677134,0.4426470288828015
1759310136229430800,0.0684306640625,0.19189619829654692,-1.5817857915967701,0.5973949248610064
1759310136239512600,0.0785126953125,0.14550561852157115,-1.5797878957778215,0.7367747174460441
1759310136249595600,0.088595703125,0.12680559422671794,-1.5160300016164778,0.9454149105988442
1759310136259678700,0.0986787109375,0.20859189703166484,-1.4385118776500225,1.124866053342074
1759310136269761500,0.108761474609375,0.30839784065186976,-1.3159791384369135,1.255054129613936
1759310136279844900,0.118844970703125,0.344140185162425,-1.1940350127667188,1.4258444115176796
1759310136289927700,0.128927734375,0.21752806768119334,-1.209021569496393,1.5415503734506666
1759310136300010800,0.1390107421875,0.233316003921628,-1.412788822850585,1.3976841926991939
1759310136310093600,0.149093505859375,0.21652444359660147,-1.5999468867093323,1.0445593946356326
1759310136320176600,0.1591767578125,0.07671615993380546,-1.632948992601037,0.6614255350165069
1759310136330259500,0.169259521484375,0.017300094369053838,-1.552699397844076,0.42114970201961693
1759310136340342800,0.1793427734375,-0.0004582651615142822,-1.4560072023302315,0.29901750643141567
1759310136350425600,0.189425537109375,-0.022375497937202452,-1.3564502650350332,0.2201666360238567
1759310136360508700,0.1995087890625,0.056419221836328505,-1.2995897291719913,0.16650252158194778
1759310136370591700,0.209591796875,0.08966565787792205,-1.3408400234490632,0.08948518674448132
1759310136380674600,0.219674560546875,0.0018903437912464142,-1.4119628934204578,0.04538439840711653
1759310136390757600,0.229757568359375,-0.2464695000052452,-1.4288286880254744,0.011573752611503004
1759310136400839700,0.239839599609375,-0.41086335887014863,-1.4008499632537363,-0.0009295359350740909
1759310136410922800,0.2499228515625,-0.5488789138972759,-1.3848562753081322,-0.008562149705365299
1759310136421005800,0.260005859375,-0.7401601951658725,-1.358509535652399,-0.020933920826762913
1759310136431088600,0.270088623046875,-0.9992892702579498,-1.2730723091244698,-0.06278320391029119
1759310136441171700,0.280171630859375,-1.4098375718295573,-1.187850186651945,-0.17686653307750821
1759310136451254500,0.290254638671875,-1.9069547343075275,-1.115008822324872,-0.3413396677237004
1759310136461337600,0.300337646484375,-2.473558689987659,-1.0385802471607923,-0.5595889623515308
1759310136471420700,0.310420654296875,-3.0253596288114784,-0.8959335252016782,-0.8503630296379328
1759310136481503700,0.320503662109375,-3.4492952352225776,-0.6883160261601209,-1.173082387239486
1759310136491586600,0.330586669921875,-3.7938252964854238,-0.5105833777725697,-1.5218869109511375
1759310136501669600,0.340669677734375,-4.112510137873888,-0.508482606101036,-1.8623568831682205
1759310136511752700,0.350752685546875,-4.30654101011157,-0.6305763693749904,-2.2049648903273042
1759310136521835500,0.36083544921875,-4.4817222204506395,-0.7210398996323346,-2.606055189332366
1759310136531918800,0.3709189453125,-4.674721411553025,-0.6434966412246227,-3.131497405801713
1759310136542001700,0.381001708984375,-4.860969374829531,-0.4181061696052551,-3.6375045616999264
1759310136552084700,0.391084716796875,-4.9705035162597895,-0.011116437298059462,-4.14430520606339
1759310136562167600,0.40116748046875,-5.128645328992605,0.6681880148887633,-4.547924585154652
1759310136572250600,0.411250732421875,-5.312473371645808,1.5424597433805465,-4.76879348769635
1759310136582332700,0.421332763671875,-5.3741690725803375,2.4281512760311363,-4.7216088349342344
1759310136592415500,0.43141552734375,-5.523560008102655,3.062520607948303,-4.36892586235404
1759310136602498800,0.441498779296875,-5.709544352006912,3.3782319864839314,-3.7923394418418406
1759310136612581600,0.45158154296875,-5.810260980731249,3.416467316854,-3.089322690156102
1759310136622664700,0.461664794921875,-5.637254191821813,3.4917835468620058,-2.2984417770564556
1759310136632747800,0.471747802734375,-5.281475591313838,3.8043759165942665,-1.592437241731584
1759310136642830600,0.48183056640625,-4.9811494134366505,4.3511376922070975,-0.9892243878394364
1759310136652913700,0.49191357421875,-4.724803247061372,4.970442141461372,-0.3967458400599658
1759310136662996700,0.501996826171875,-4.652230178281664,5.538583974233269,0.2973725887686014
1759310136673079800,0.512079833984375,-4.58153693189919,6.115929688680172,1.123079462186247
1759310136683162600,0.52216259765625,-4.37095766044259,6.8104615206152195,2.0203421901650724
1759310136693245700,0.53224560546875,-3.9701328805059193,7.5412202657073735,2.942872484260797
1759310136703328500,0.54232861328125,-3.2790117337971925,8.128952349612117,3.9858629490792747
1759310136713411600,0.55241162109375,-2.5164310325086117,8.335146537852287,4.964939452391863
1759310136723494700,0.56249462890625,-1.836930180966854,8.056857419738172,5.704082579469681
1759310136733577700,0.57257763671875,-1.1181436862844973,7.458632583391666,6.291240078356862
1759310136743660800,0.582660888671875,-0.13530169295854866,6.468428536865114,6.5810103754282
1759310136753742600,0.59274267578125,0.8520764094270765,5.285102549639344,6.37621436354816
1759310136763825700,0.60282568359375,1.4967875410079956,4.271640961644053,5.769734909075498
1759310136773908700,0.61290869140625,1.7745277930676937,3.6078508894532915,5.021515910616516
1759310136783991600,0.622991455078125,1.7451900549024342,3.2437346687108275,4.37858742466867
1759310136794075000,0.633074951171875,1.5562959610313176,3.041740854769945,3.8429689743608235
1759310136804157700,0.64315771484375,1.1789824050635098,2.676960617160797,3.3081562874779102
1759310136814240800,0.65324072265625,0.592159837219119,2.1785089912086724,2.9041122532337904
1759310136824323600,0.663323486328125,0.15841872997805476,1.8727619573265313,2.738449981868267
1759310136834406700,0.67340673828125,0.07302446580901742,1.8019710957884787,2.6725746571615336
1759310136844489500,0.683489501953125,0.10706745905578136,1.7318045036286114,2.6931244009763002
1759310136854572800,0.69357275390625,0.062310471832007164,1.4266758939057587,2.7778303906202315
1759310136864655600,0.703655517578125,-0.006064560735970735,0.8874398376226424,2.9507948016926644
1759310136874738700,0.71373876953125,-0.08125351110249757,0.293016731646657,3.209755826741457
1759310136884821800,0.72382177734375,-0.14992694209516047,-0.1820762305498123,3.3667186588227747
1759310136894904600,0.733904541015625,-0.34272798027694223,-0.6149187815159559,3.3739795897364613
1759310136904987600,0.743987548828125,-0.5760369699358939,-0.9841899008035659,3.28960911565721
1759310136915070700,0.75407080078125,-0.8579498315051197,-1.3101222291022538,3.155655403241515
1759310136925153800,0.76415380859375,-1.1651479409784078,-1.4978864421606064,3.027779549434781
1759310136935235800,0.77423583984375,-1.4413967854365706,-1.525789179086685,2.974475829270482
1759310136945318700,0.784318603515625,-1.745770192877948,-1.5231009629160166,2.935489388272166
1759310136955401700,0.794401611328125,-2.045325678643584,-1.4878057776510714,2.8651103224053975
1759310136965484500,0.804484619140625,-2.325453118100762,-1.4252718723267317,2.7888895447731015
1759310136975567600,0.814567626953125,-2.591942200566828,-1.398895906576514,2.732037192216515
1759310136985650700,0.824650634765625,-2.780160002611577,-1.4569231481313705,2.6324106968164442
1759310136995733800,0.834733642578125,-2.857082498772442,-1.5502917521804571,2.6039687384471297
1759310137005816600,0.844816650390625,-2.7661151106461883,-1.6280612205594778,2.593103061039746
1759310137015899600,0.854899658203125,-2.6492358671501277,-1.6498936976611613,2.5063062365964055
1759310137025982700,0.864982666015625,-2.443232233045995,-1.6541922716379165,2.3512322870016096
1759310137036065500,0.8750654296875,-2.2062781648829577,-1.7191116107940674,2.1333900388047096
1759310137046148900,0.88514892578125,-1.9789850745126605,-1.7888824816346167,1.9298077866286039
1759310137056231700,0.895231689453125,-1.8219164439693092,-1.842301352611184,1.8066227209866046
1759310137066314800,0.905314697265625,-1.646311747521162,-1.8576701866567134,1.7809806224688887
1759310137076397600,0.9153974609375,-1.347422032187879,-1.7016636323869228,1.7528747641861437
1759310137086480600,0.925480712890625,-1.0019219568490982,-1.4225953465938568,1.6600518113210796
1759310137096563500,0.9355634765625,-0.742257459706068,-0.9709218384295701,1.5033604896575212
1759310137106646800,0.945646728515625,-0.5590764827847481,-0.2973673280715942,1.3289765671759843
1759310137116729900,0.955729736328125,-0.40770255675166844,0.5894213521659374,1.325716980858147
1759310137126811600,0.965811767578125,-0.1995300541758537,1.6365245130002497,1.5141951874047517
1759310137136894700,0.975894775390625,0.11548486652821302,2.7068033822387454,1.8415695312052964
1759310137146977500,0.9859775390625,0.5127165904089808,3.7085371230393647,2.2192408145695923
1759310137157060600,0.996060546875,0.8764826825395226,4.439117588955163,2.512007955369353
1759310137167143700,1.006143798828125,1.2411957001313567,4.605551429215073,2.577546303206682
1759310137177226800,1.016226806640625,1.6812699559167026,4.225747809997201,2.292569670152664
1759310137187309800,1.026309814453125,2.1160814688682557,3.7457758435875177,1.7244027029395101
1759310137197392600,1.036392578125,2.430914311003685,3.68053267930448,1.127270922526717
1759310137207475200,1.04647509765625,2.738036140370369,4.006043567320704,0.6844859464779496
1759310137217558300,1.056558349609375,2.880945312657952,4.471028392478823,0.5304144519239664
1759310137227641300,1.066641357421875,2.783119144678116,4.806254034301638,0.6501949698194861
1759310137237724400,1.076724365234375,2.5692010841876267,4.8585973850011825,1.1098790582209825
1759310137247807200,1.08680712890625,2.2810800156280395,4.567357015377283,1.7531959589645265
1759310137257890300,1.096890380859375,2.0811130313396453,4.014934729784727,2.122841172261536
1759310137267973000,1.10697314453125,1.936888684800267,3.312673180380463,2.0449927934274075
1759310137278056200,1.11705615234375,1.835872780868411,2.4697645584017036,1.751287202733755
1759310137288139300,1.12713916015625,1.7098497153215109,1.5633078856199978,1.4668448226869106
1759310137298222300,1.137222412109375,1.5472732811421155,0.6593208178222179,1.2824883722454308
1759310137308305200,1.14730517578125,1.3929291071265935,-0.13768997633457183,1.2315759311318397
1759310137318387200,1.15738720703125,1.2657917967274783,-0.7138958730965852,1.145621110470593
1759310137328470300,1.16747021484375,1.1376058540582656,-0.9198702811062336,0.980735668696463
1759310137338553000,1.177552978515625,1.0226606473647057,-0.6199637899458408,0.6424982778370381
1759310137348636200,1.18763623046875,0.813461578220129,0.14288403784632683,0.2067094442859292
1759310137358719200,1.19771923828125,0.48734147226437924,0.8594137665778399,-0.23477467829734086
1759310137368802300,1.20780224609375,0.21602584642469883,1.2122329327583312,-0.5419704496830702
1759310137378885400,1.217885498046875,0.02976633884087205,1.0979641640216111,-0.7265434654846787
1759310137388968200,1.22796826171875,-0.03202946146726608,0.8145721698105335,-0.7992739167831837
1759310137399051300,1.23805126953125,-0.006717325556278228,0.5614110632121563,-0.799583128862828
1759310137409134000,1.248134033203125,0.04094298189356923,0.33111937554776666,-0.7982173934675753
1759310137419217400,1.258217529296875,-0.030134441500902175,0.1849742900788784,-0.7104540620796382
1759310137429300200,1.26830029296875,-0.15842632876262067,0.1851531537771225,-0.6473413339540361
1759310137439383300,1.27838330078125,-0.39592875152342016,0.22758476679325101,-0.6810797912962734
1759310137449466000,1.288466064453125,-0.5828981609422713,0.17900515254139898,-0.7587948991395532
1759310137459549200,1.298549072265625,-0.7229320700544863,0.012213000363111496,-0.8085467720411718
1759310137469632300,1.30863232421875,-0.6985446477729826,-0.19795301411747931,-0.8014810714386403
1759310137479715300,1.31871533203125,-0.6340285556554794,-0.46846740657687186,-0.783336196808517
1759310137489798400,1.32879833984375,-0.5520078595727682,-0.815565272501111,-0.7449366157874464
1759310137499881200,1.338881103515625,-0.5051362913478166,-1.203967793238163,-0.6948657400645315
1759310137509963300,1.34896337890625,-0.4748310963898897,-1.5802859084278345,-0.6355661404863
1759310137520046300,1.35904638671875,-0.4608494058538228,-1.938567431667447,-0.588198532372713
1759310137530129200,1.369129150390625,-0.44622992887087165,-2.243537051436305,-0.5378619914509356
1759310137540212200,1.379212158203125,-0.4232751697409898,-2.532034259831905,-0.49939190247692167
1759310137550295300,1.38929541015625,-0.41392566905021666,-2.7726065184921023,-0.4668240963492542
1759310137560378400,1.39937841796875,-0.37168811730146406,-2.966530423223972,-0.45343379583507776
1759310137570461200,1.409461181640625,-0.364026788893342,-3.0390362719863653,-0.4752889231599867
1759310137580544300,1.419544189453125,-0.38625966348946095,-3.035286564064026,-0.4733667959909886
1759310137590627000,1.429626953125,-0.44487785667479035,-2.9812527760595082,-0.45904447532370685
1759310137600710100,1.439710205078125,-0.585013545661047,-2.876602315017581,-0.49330600669197733
1759310137610793500,1.44979345703125,-0.7014941452283412,-2.626827928248048,-0.49150757896788416
1759310137620876300,1.459876220703125,-0.8497451900005341,-2.205079018226266,-0.46465866194367406
1759310137630959400,1.46995947265625,-0.9741992526650428,-1.508888313168287,-0.4788630187870934
1759310137641042200,1.480042236328125,-1.1716882294673472,-0.525208115452528,-0.48223359119873493
1759310137651125200,1.490125244140625,-1.397279119029641,0.6439888086557388,-0.5086830971091986
1759310137661208000,1.5002080078125,-1.5998656381666658,1.8348165498137472,-0.5428547217043116
1759310137671291400,1.51029150390625,-1.854054334247112,2.995456657978892,-0.6262653743080795
1759310137681374200,1.520374267578125,-2.1096078889399767,3.915925489500165,-0.7344491240426898
1759310137691457300,1.530457275390625,-2.1907922803290187,4.342358173424005,-0.8785046898864209
1759310137701540400,1.540540283203125,-2.0391824997134504,4.378566966402531,-1.1618418851703405
1759310137711623200,1.550623046875,-1.7252384231112896,4.335619220557809,-1.6403678905554115
1759310137721705200,1.560705322265625,-1.447843185096979,4.422228413474559,-2.205760424619168
1759310137731788000,1.5707880859375,-1.3444798412561416,4.5817970441401,-2.8291435214892027
1759310137741871400,1.580871337890625,-1.4237076917499303,4.5607484108924865,-3.3244892903804777
1759310137751954400,1.590954345703125,-1.5293309433467686,4.170169715160132,-3.5731852342635393
1759310137762037200,1.601037353515625,-1.5478741696447134,3.637144203954935,-3.56133142260164
1759310137772120300,1.611120361328125,-1.4814315664440392,3.1308184836268422,-3.314714915341139
1759310137782203100,1.621203125,-1.2957903368890284,2.8565175583660602,-2.8561069317385552
1759310137792286200,1.6312861328125,-1.0201650311566888,2.768166490218043,-2.2763655543267727
1759310137802369300,1.641369384765625,-0.6449591149926185,2.7598703710377213,-1.7421895579122006
1759310137812452400,1.651452392578125,-0.15923019249141215,2.7597318393498655,-1.3253702132470906
1759310137822535200,1.66153515625,0.2910097757384181,2.813078229612112,-1.0674598662950099
1759310137832618200,1.6716181640625,0.5556143596321345,2.799105233839154,-1.031830699835345
1759310137842701300,1.681701416015625,0.6870505362689495,2.542847914791107,-1.0866164021857083
1759310137852784000,1.6917841796875,0.7074976964920758,1.9464643223971128,-1.1289872249253095
1759310137862867500,1.701867431640625,0.7438005974948406,1.0017407550632953,-1.183954348257184
1759310137872950300,1.7119501953125,1.0797525077655912,-0.25086919626891613,-1.3538976579427717
1759310137883033300,1.722033447265625,1.5874837109774351,-1.598360494300723,-1.5642919282212853
1759310137893116200,1.7321162109375,2.1059801999621093,-2.770334481906891,-1.7332077945552766
1759310137903199200,1.74219921875,2.551304192969203,-3.5025872649490832,-1.7316557428076862
1759310137913282000,1.752281982421875,2.72803730892539,-3.6363819874107834,-1.5248274944476783
1759310137923365400,1.762365478515625,2.605066178295016,-3.202161133828759,-1.2018404258206485
1759310137933448200,1.7724482421875,2.2712052489541468,-2.4627158089339733,-0.7803649259127676
1759310137943530200,1.7825302734375,1.9194563423536717,-1.7620903362989424,-0.40546281500086184
1759310137953613300,1.79261328125,1.5933388667464254,-1.2788579067885875,-0.06155366211533546
1759310137963696000,1.802696044921875,1.3038058855623007,-1.137955982670188,0.1815751491598785
1759310137973779200,1.812779296875,1.0762466916017233,-1.3126947099387645,0.30823782778456804
1759310137983862300,1.8228623046875,0.8651005800426006,-1.6560983975201844,0.31871392135247584
1759310137993945300,1.8329453125,0.680835315015912,-2.033923410141468,0.3464446627125144
1759310138004028400,1.8430283203125,0.49355742416977877,-2.4305378789067267,0.4241347822450101
1759310138014111200,1.853111328125,0.27556290802061556,-2.7892104472905395,0.5040928467094898
1759310138024194300,1.8631943359375,0.052803369426727295,-3.061617521628737,0.6316666488297283
1759310138034277000,1.873277099609375,-0.1678451683625579,-3.2249522268295285,0.7710518847748636
1759310138044360200,1.883360107421875,-0.37147739716023204,-3.347622328686714,0.8952024344481527
1759310138054443300,1.893443359375,-0.563463027305901,-3.4960026258617636,1.024965124914795
1759310138064526300,1.9035263671875,-0.700576372796297,-3.6430601500004527,1.1505875007063149
1759310138074609200,1.913609130859375,-0.8130249403685331,-3.822672620785236,1.2906892143577338
1759310138084692200,1.923692138671875,-0.9657524729676544,-3.9543513740062712,1.372491591514647
1759310138094775300,1.933775390625,-1.1251957236878574,-3.982665614342689,1.4347994329981506
1759310138104858000,1.943858154296875,-1.3348644561707972,-3.863576293581724,1.4815145685523747
1759310138114941400,1.95394140625,-1.5203662772551179,-3.5955122168838978,1.4901279369883238
1759310138125024300,1.964024169921875,-1.707360967245698,-3.213090524122119,1.4687337051734328
1759310138135107300,1.974107421875,-1.8343930637046693,-2.7220576499938964,1.416789729055017
1759310138145190100,1.984190185546875,-1.8938748879820106,-2.226581824982166,1.3774682108834384
1759310138155273200,1.994273193359375,-1.91485747025609,-1.7622095787644385,1.3439945419572292
1759310138165356000,2.00435595703125,-1.8935843806028365,-1.4136176748901605,1.3371334240160881
1759310138175438000,2.01443798828125,-1.8537486292988061,-1.1225444785267114,1.3590743299283086
1759310138185521400,2.024521484375,-1.7428396923840044,-0.7562947528868913,1.3717559707164764
1759310138195604200,2.034604248046875,-1.5710665369227528,-0.3180757695794105,1.4371138474203646
1759310138205687300,2.044687255859375,-1.3350050336852668,0.1493681391686201,1.5395361110188066
1759310138215770400,2.054770263671875,-1.1572554341629147,0.6460761363238096,1.6635709253579378
1759310138225853200,2.064853271484375,-0.9691983756378293,1.070690372648835,1.8497161589123308
1759310138235936300,2.074936279296875,-0.7372177119731903,1.4165315165102481,2.0533289523571727
1759310138246019000,2.08501904296875,-0.43597149664163587,1.7021213130265473,2.285815373586863
1759310138256102100,2.09510205078125,-0.05699526815861463,1.9901023885935545,2.5636247453600167
1759310138266185200,2.105185302734375,0.34066491026729345,2.2636726614922282,2.868015688458085
1759310138276268300,2.115268310546875,0.7893851215839386,2.4532939005941152,3.1451532984495163
1759310138286351000,2.12535107421875,1.2723244133666156,2.4399802455127237,3.404603860580921
1759310138296434200,2.13543408203125,1.6923071904987095,2.2641198207378386,3.559048572361469
1759310138306517200,2.145517333984375,2.012242031948268,2.1156652892827985,3.4857641404420137
1759310138316600000,2.15560009765625,2.235468311271071,2.0575147136092187,3.191605253022909
1759310138326683400,2.165683349609375,2.365821368846297,2.2085148378938437,2.736519306066632
1759310138336766200,2.17576611328125,2.3009864931032062,2.646122411304712,2.195571623560041
1759310138346849300,2.185849365234375,2.1725220257535574,3.139015818607807,1.6533001451037823
1759310138356932000,2.19593212890625,2.055057383584976,3.5325744069337843,1.2103675772778688
1759310138367015200,2.20601513671875,1.9180545127317308,3.706856622606516,0.8530661511167883
1759310138377098000,2.216097900390625,1.750695958842337,3.6610768682062624,0.5560710173584521
1759310138387181300,2.226181396484375,1.60289813773036,3.4614030216455456,0.3466493915043771
1759310138397264100,2.23626416015625,1.4637766672879458,3.1891935157060622,0.2825888611346483
1759310138407347200,2.24634716796875,1.2839701352357864,2.79333191113472,0.2797441392280161
1759310138417430300,2.25643017578125,1.2203539876326919,2.182463281792402,0.3533224395275116
1759310138427513000,2.26651318359375,1.1882014843076467,1.3806015404731034,0.46469855556264517
1759310138437595100,2.27659521484375,1.2341137790463863,0.5926946747481823,0.5781979473620653
1759310138447678200,2.28667822265625,1.343486007913202,0.010385784935951232,0.6643322162434458
1759310138457761300,2.29676123046875,1.3678427427954971,-0.2804851668536663,0.82134853207767
1759310138467844400,2.30684423828125,1.3953301769189537,-0.3187263424426317,1.039551284150034
1759310138477927200,2.31692724609375,1.3546072675168515,-0.18632804277539253,1.3493250893302262
1759310138488010200,2.32701025390625,1.2502186722815036,0.060794952702522276,1.588611107572168
1759310138498093000,2.337093017578125,1.0449661488056183,0.23350421997010706,1.6653693530820308
1759310138508176100,2.347176025390625,0.7657476408869027,0.28981179812550545,1.5674799106076358
1759310138518259200,2.35725927734375,0.4098847961615771,0.20283494094014168,1.339525433719158
1759310138528342300,2.36734228515625,0.034433599999547,-0.0024187515795230864,1.0809569151192904
1759310138538425000,2.377425048828125,-0.2838349156729877,-0.2428957331717014,0.8181170028105378
1759310138548508200,2.387508056640625,-0.5753180080115795,-0.6182242528021336,0.542581421188265
1759310138558591200,2.39759130859375,-0.691076138523221,-1.1677964096605777,0.3407878059946
1759310138568674000,2.407674072265625,-0.6943658277183771,-1.7447621848791837,0.25233897656053306
1759310138578757400,2.41775732421875,-0.7017910092830657,-2.257248765924573,0.3179978820376098
1759310138588840200,2.427840087890625,-0.6703286071140319,-2.5667659659951925,0.45454687164351343
1759310138598923300,2.43792333984375,-0.7120580632101744,-2.7321359764158726,0.5520756641119718
1759310138609006000,2.448006103515625,-0.8046096517879515,-2.8022078760296103,0.6515398085571825
1759310138619089200,2.458089111328125,-0.8741187298871577,-2.839783281186223,0.7683711212582885
1759310138629172000,2.468171875,-0.8820002769172192,-2.8968063141345977,0.9177198981393128
1759310138639255300,2.47825537109375,-0.8449860127747059,-3.020744243970513,1.0374885064013302
1759310138649338400,2.48833837890625,-0.7333814948111772,-3.20484467382431,1.0675265748556704
1759310138659421200,2.498421142578125,-0.680997154514119,-3.4181863957315683,0.9560764437362551
1759310138669504300,2.508504150390625,-0.6453694493591785,-3.590680558943748,0.7741904750615358
1759310138679587000,2.518587158203125,-0.6632469782900065,-3.668660455203056,0.5536066730715334
1759310138689670100,2.528670166015625,-0.7680207734506577,-3.634005321407318,0.33202786869481205
1759310138699753200,2.538753173828125,-0.9100450526624917,-3.4596529631078243,0.15016915335319936
1759310138709835000,2.5488349609375,-1.0844196958590298,-3.1098499298781155,0.0009754939686506986
1759310138719918300,2.55891845703125,-1.2799791659034787,-2.511166828370094,-0.16830789050348102
1759310138730001200,2.569001220703125,-1.4972411299943924,-1.6216846712648867,-0.4052907463695854
1759310138740084200,2.579084228515625,-1.7393021659076213,-0.6086100367605686,-0.6436138378635049
1759310138750167000,2.5891669921875,-1.980641901808977,0.36332185549437995,-0.9201311970647424
1759310138760250000,2.59925,-2.1985111841432747,1.2163210788547991,-1.1798507123306392
1759310138770333000,2.6093330078125,-2.2891578158825636,1.9532102895259855,-1.4421229077540336
1759310138780416300,2.619416259765625,-2.2255052817918357,2.639817173680663,-1.6259679015420376
1759310138790499300,2.629499267578125,-2.0619126563072205,3.5335493894457817,-1.7796091879852116
1759310138800582100,2.63958203125,-1.8823434401422738,4.5776557065516705,-1.9819751962393521
1759310138810665200,2.649665283203125,-1.7422072396993635,5.621604787269234,-2.23354991042912
1759310138820748000,2.659748046875,-1.683966063132882,6.536555147629976,-2.456376961301267
1759310138830831400,2.669831298828125,-1.6669881864555178,7.114889288592338,-2.6487816936418414
1759310138840914200,2.6799140625,-1.6415468712069092,7.288989717957377,-2.7132038969308137
1759310138850997200,2.689997314453125,-1.4030332986421883,7.074118302264809,-2.621694364751875
1759310138861080000,2.700080078125,-0.888264159617573,6.554165038600564,-2.401567512749135
1759310138871163100,2.7101630859375,-0.3510862049080431,5.788560605576634,-2.2137533230692146
1759310138881246200,2.72024609375,0.21147928903624413,4.988462951320409,-2.038413999558985
1759310138891329300,2.730329345703125,0.6081143621981143,4.13063382358551,-1.9634440987706183
1759310138901412400,2.740412353515625,0.8930190990597009,3.267593683204055,-1.8959902727007865
1759310138911495200,2.7504951171875,1.1973808160632848,2.5431477745205164,-1.8873001857668161
1759310138921578200,2.760578125,1.5093809189908205,2.0209680669784547,-1.9481329862616954
1759310138931661000,2.7706611328125,1.7664548151187598,1.5680752461522818,-2.07006322953701
1759310138941744000,2.780744140625,1.9829038553915916,1.13603115208745,-2.1680328976407646
1759310138951827200,2.7908271484375,2.068256472375989,0.7113713230550289,-2.1943778837308288
1759310138961910300,2.80091015625,2.0947037497967482,0.1934358289539814,-2.32143891402334
1759310138971992300,2.810992431640625,1.9628211445666848,-0.42293139780461786,-2.5375632523864504
1759310138982075100,2.8210751953125,1.70305318704918,-1.0188765987813473,-2.716704014006257
1759310138992158200,2.831158203125,1.4657627265386282,-1.4467495446413754,-2.7704186530590054
1759310139002241000,2.841240966796875,1.2367401820272206,-1.6190718584179877,-2.6065572936356065
1759310139012324000,2.851323974609375,0.8937589576415718,-1.5389923595309256,-2.2482699251770972
1759310139022407200,2.8614072265625,0.5816846204340458,-1.3097785302311182,-1.83164084238708
1759310139032490200,2.871490234375,0.43808965783938764,-1.0564303766280412,-1.4839135925181208
1759310139042573300,2.8815732421875,0.43928266701623797,-0.851699831199646,-1.1777841351896523
1759310139052656000,2.89165625,0.5170363533042371,-0.7184031213879585,-0.9121830876044928
1759310139062739200,2.9017392578125,0.6253111423231661,-0.7105465626686811,-0.6937532487779855
1759310139072822000,2.911822021484375,0.7064424883507192,-0.9003507571220397,-0.5078003229252994
1759310139082905000,2.921905029296875,0.7242195525817573,-1.2354425434321163,-0.29163682159557935
1759310139092988200,2.93198828125,0.7188549568086862,-1.6285235773742197,-0.03500979245230555
1759310139103071200,2.9420712890625,0.6861199774205684,-2.059891964134574,0.23887100770026443
1759310139113154000,2.952154052734375,0.6306418358266354,-2.4824434227108956,0.4700074756257236
1759310139123237000,2.962237060546875,0.47918797642514105,-2.8053894286751744,0.6813410725809633
1759310139133320200,2.9723203125,0.2861022760830819,-3.0227053149104117,0.7683994705699384
1759310139143403000,2.982403076171875,0.1390014973245561,-3.1129443887621164,0.8134531026527285
1759310139153486300,2.992486328125,-0.05190028310716152,-3.1203742465019224,0.8789964189261198
1759310139163569200,3.002569091796875,-0.2379471708536148,-3.127766110318899,0.968364116770774
1759310139173652200,3.01265234375,-0.44666956239715216,-3.124919488716125,1.1536696846306322
1759310139183735000,3.022735107421875,-0.6014180794298648,-3.1241637019127606,1.381907946896553
1759310139193818000,3.032818115234375,-0.7362351306766272,-3.189915400239825,1.6263975251309573
1759310139203901000,3.04290087890625,-0.8758109207578003,-3.299809022632241,1.8286657720990478
1759310139213984800,3.05298486328125,-1.0233207187086344,-3.356622796744108,1.9911182876378297
1759310139224067600,3.063067626953125,-1.119119180253148,-3.342868996679783,2.1061372902199627
1759310139234151000,3.07315087890625,-1.2897547099865971,-3.2295722878456115,2.1431851643711326
1759310139244233700,3.083233642578125,-1.4458179628796874,-3.011912118217349,2.087736541132629
1759310139254315800,3.093315673828125,-1.6398936971724032,-2.753176426357031,2.0276652265295385
1759310139264398800,3.10339892578125,-1.870986764347553,-2.528563953372836,1.95538412643373
1759310139274481700,3.113481689453125,-2.020922474271059,-2.258772029969096,1.925715841139853
1759310139284564700,3.123564697265625,-2.142066097213328,-1.941027099779248,1.9822937606692312
1759310139294647800,3.133647705078125,-2.219299266758561,-1.5732605398356914,2.1167054459854957
1759310139304731000,3.14373095703125,-2.2341756411120293,-1.1733803472727538,2.3734369584165513
1759310139314814000,3.15381396484375,-2.144879693329334,-0.7173211713701486,2.6411674192458388
1759310139324896800,3.163896728515625,-2.0461273504152895,-0.24341303504407405,2.8883284086465832
1759310139334979800,3.173979736328125,-1.9068921904653309,0.19863047498762607,3.0977719540715216
1759310139345062700,3.184062744140625,-1.727042403793335,0.5806313119888306,3.2465053024679422
1759310139355145700,3.194145751953125,-1.5376687097117303,0.9032260202974081,3.4033646741747856
1759310139365228800,3.204228759765625,-1.2858049494475126,1.1715472866266965,3.496860119473934
1759310139375312000,3.214311767578125,-0.9060957305148243,1.4701912105053663,3.6125606745794414
1759310139385394700,3.224394775390625,-0.4744821368217468,1.7753484618008135,3.756241415761411
1759310139395477800,3.234477783203125,-0.05540390731394291,2.0772516797363756,3.805090786865353
1759310139405560800,3.244560791015625,0.28349370101988314,2.220789213055372,3.769107619336247
1759310139415643600,3.2546435546875,0.5972995381951332,2.245468896281719,3.650516311225295
1759310139425727000,3.26472705078125,0.9153855369076133,2.3087591729313135,3.470242746183276
1759310139435809800,3.274809814453125,1.1705218891017137,2.415411621445417,3.20858415261358
1759310139445892900,3.284892822265625,1.3596826710849998,2.574277072277665,2.8788264208078385
1759310139455975700,3.2949755859375,1.4636555251263081,2.7134651782155035,2.425236119236797
1759310139466058800,3.305058837890625,1.4747487276792526,2.7905478333741427,1.9394315011508763
1759310139476141600,3.3151416015625,1.4457375911198556,2.791110143432021,1.441104816752672
1759310139486225000,3.325224853515625,1.346545541614294,2.7855799818336964,1.0757805353946983
1759310139496308000,3.335307861328125,1.2236197114303706,2.8482833985060454,0.851318284536153
1759310139506390800,3.345390869140625,1.0767599018208682,2.9679788684666155,0.8221971117310225
1759310139516473900,3.355473876953125,0.9606645021788776,3.01222717551589,0.9200370159752667
1759310139526556700,3.365556640625,0.9220410492740571,2.904581039789319,1.1011882406346498
1759310139536639700,3.3756396484375,0.9355268460519611,2.59144448017776,1.2540250788271425
1759310139546721800,3.3857216796875,1.0746588378883897,2.2019348749816414,1.283813337238878
1759310139556804900,3.395804931640625,1.2703887691289186,1.7836369821965694,1.1053307472668588
1759310139566888000,3.405887939453125,1.4415883624859154,1.3036100707292555,0.7950153825558721
1759310139576970800,3.415970703125,1.6132815845787525,0.7885662064164877,0.5530354490548371
1759310139587053800,3.4260537109375,1.7260330806203186,0.43950610050857064,0.5107331615068018
1759310139597136600,3.43613671875,1.7166783922977744,0.1741547899007797,0.5813143258169293
1759310139607219700,3.4462197265625,1.48238623682037,-0.13073825750052928,0.6287767726071178
1759310139617302800,3.456302734375,1.085063327524811,-0.21603286068737507,0.5115037074878811
1759310139627385900,3.4663857421875,0.6066448741674423,-0.10884849725365638,0.1778163811482489
1759310139637469000,3.476468994140625,0.011407529199123382,0.024960838255286215,-0.1768913752578199
1759310139647551700,3.4865517578125,-0.6506026738375424,0.1066384199887514,-0.49496539127156136
1759310139657634800,3.496634765625,-1.1745125661730766,0.07880465664565563,-0.7819450347110629
1759310139667717600,3.506717529296875,-1.6352555159777402,-0.08571545894742011,-1.0096877685450016
1759310139677801000,3.516801025390625,-1.9667507391005754,-0.36274317882359025,-1.1053174493938684
1759310139687883800,3.5268837890625,-2.1274054114371537,-0.7007037985682487,-0.9984091994877904
1759310139697966800,3.536966796875,-2.128774946224689,-1.0737725565731524,-0.7038008878007531
1759310139708049700,3.547049560546875,-2.0483821436047553,-1.399097566628456,-0.3143775726485997
1759310139718132700,3.5571328125,-1.9030419447779654,-1.6507015069127082,0.07034662490189075
1759310139728215800,3.5672158203125,-1.7737230525560677,-1.8775690653473138,0.36475101151466366
1759310139738299000,3.577298828125,-1.6432085208088159,-2.0494225925683973,0.5674238206956536
1759310139748382000,3.5873818359375,-1.4962887977056205,-2.1120155346035956,0.6976917572706938
1759310139758464800,3.59746484375,-1.4112893780730664,-2.1205086376607416,0.7600144309971482
1759310139768547800,3.6075478515625,-1.35793392772153,-2.0967203503161667,0.7778682137262075
1759310139778630700,3.617630615234375,-1.3433780174940824,-2.0528671800643203,0.7746238980427383
1759310139788713700,3.627713623046875,-1.3741618628144263,-1.9719278494775294,0.7324385148726403
1759310139798796800,3.637796875,-1.4283797752141951,-1.8776982446849344,0.6682592534940689
1759310139808879900,3.6478798828125,-1.4379935528643428,-1.7739561306595801,0.6024188539702445
1759310139818962700,3.657962646484375,-1.441343155553192,-1.6644032845288514,0.507777343908511
1759310139829045800,3.668045654296875,-1.4123950012274085,-1.5415157405287025,0.37687940233424305
1759310139839127800,3.6781279296875,-1.3539040876835584,-1.3589029188841582,0.20076164179742334
1759310139849210600,3.688210693359375,-1.3283967214614152,-1.0266022245973347,0.006863529093936086
1759310139859293700,3.698293701171875,-1.31218091519773,-0.5333750552952289,-0.18988723309431224
1759310139869377000,3.708376953125,-1.3062206916190684,0.20337211655676363,-0.44712596439514307
1759310139879459800,3.7184599609375,-1.3501988034248351,1.1862988655567168,-0.7673420704714954
1759310139889543000,3.72854296875,-1.4783429527789353,2.3463538673102855,-1.1429971186425536
1759310139899625700,3.738625732421875,-1.5801117209047078,3.539809034362435,-1.5483154836714266
1759310139909708800,3.748708740234375,-1.7154769075535237,4.601219537490606,-2.02904236010164
1759310139919791600,3.75879150390625,-1.772179914767295,5.389584668377042,-2.4897525766804813
1759310139929875000,3.768875,-1.7244786907851695,5.869644897592067,-2.8130191929012534
1759310139939957800,3.778957763671875,-1.5643820907227695,6.256567993426323,-2.971646451063454
1759310139950040800,3.789040771484375,-1.26488914879933,6.543845889160036,-2.9819647237211466
1759310139960124000,3.7991240234375,-0.9375053065180778,6.540200226134061,-2.9490058724492787
1759310139970206700,3.809206787109375,-0.6559064793340862,6.08782762978971,-2.9753543656706807
1759310139980289800,3.819289794921875,-0.38074309202507134,5.268559411117434,-3.035013884602487
1759310139990372900,3.829372802734375,-0.14563772046864032,4.574236253497004,-3.0574037033259867
1759310140000456000,3.8394560546875,-0.07761252425163984,4.086297838252783,-3.0460049419552084
1759310140010538800,3.849538818359375,-0.18132190505117177,3.5243209578514096,-2.8673338436737654
1759310140020621800,3.859621826171875,-0.3348318201996386,2.9230542695909736,-2.6446991005033254
1759310140030704600,3.86970458984375,-0.07445654443874955,2.235495199277997,-2.7142230108454823
1759310140040787700,3.87978759765625,0.7778685790523886,1.4657359846621751,-2.8844240946844217
1759310140050870800,3.889870849609375,1.8100239077322184,0.8239794651031493,-2.7795813259407876
1759310140060953900,3.899953857421875,2.2103541821502146,0.3949059112817049,-2.3096949924767016
1759310140071037000,3.910036865234375,2.2463196678921578,0.095572251573205,-1.4950057721577583
1759310140081119700,3.92011962890625,1.5209154355704784,0.021880992418527603,-0.487767332993634
1759310140091202800,3.930202880859375,0.49768926327750085,-0.05063362417221069,0.19197266106624156
1759310140101285600,3.94028564453125,0.1797106704622507,-0.35260523116886616,0.3440949943138286
1759310140111369000,3.950368896484375,0.44065527054369447,-0.8056132028073072,0.015299367272201925
1759310140121451800,3.96045166015625,0.8147827438212931,-1.23774848228693,-0.5100254516288638
1759310140131533800,3.970533935546875,1.0022526501081883,-1.5531798748373984,-1.0681783167626708
1759310140141617000,3.980616943359375,1.1447327833287417,-1.6957406720787285,-1.4643984524480997
1759310140151699700,3.99069970703125,1.2052378131739794,-1.7169506333678959,-1.6258981973066926
1759310140161782800,4.00078271484375,1.2823315742485224,-1.6717676758170128,-1.5387544591218232
1759310140171865600,4.010865478515625,1.3063690140485762,-1.5608745209932327,-1.35817226652205
1759310140181949000,4.020948974609375,1.2159731421999633,-1.5689309861987828,-1.1614078776672483
1759310140192031700,4.03103173828125,1.12709308174178,-1.7062369316518307,-0.9804703688237816
1759310140202114800,4.04111474609375,1.0260790775060653,-1.8874930779904127,-0.6973742157541215
1759310140212198000,4.051197998046875,0.929795901184529,-2.0444465577214954,-0.3705556061401963
1759310140222280700,4.06128076171875,0.827657861354947,-2.244575162312388,0.017682079423964023
1759310140232363800,4.07136376953125,0.6052915598623454,-2.4116724349170924,0.49164391869865354
1759310140242446800,4.08144677734375,0.2457708502165973,-2.6380349664390086,0.9564240881301462
1759310140252530000,4.091530029296875,-0.13249708386659623,-2.8541479066252706,1.4313396479330955
1759310140262612700,4.10161279296875,-0.47326223963797087,-3.064340809112787,1.8677071581549942
1759310140272695800,4.11169580078125,-0.6584802753448485,-3.3150849176973103,2.1685499072521925
1759310140282778600,4.121778564453125,-0.808071701875329,-3.528091124039888,2.246863127119094
1759310140292861700,4.13186181640625,-0.8787341147281229,-3.6258395506083962,2.157958955132961
1759310140302945000,4.141945068359375,-0.9325435924574732,-3.6878783658921717,1.890287969405949
1759310140313027800,4.15202783203125,-0.9128311762496828,-3.7292631002038714,1.5589486674971877
1759310140323111000,4.16211083984375,-0.8864142939671874,-3.756825060868263,1.2778788326233625
1759310140333193700,4.17219384765625,-0.918451208088547,-3.698453535920381,1.072659188503772
1759310140343276800,4.18227685546875,-0.996743092906475,-3.5647926689714193,0.9567546352587639
1759310140353359600,4.192359619140625,-1.0711068444952367,-3.310948840805888,0.9087392307609319
1759310140363443000,4.20244287109375,-1.0910318805404007,-3.0126345872730016,0.8766673914566635
1759310140373525800,4.21252587890625,-1.0335406455583869,-2.752202612888813,0.8542870712138712
1759310140383608800,4.22260888671875,-0.9629866615161299,-2.462276248472929,0.8396785540163516
1759310140393692000,4.23269189453125,-0.8163856489732861,-2.108320187216997,0.7944400668859481
1759310140403774700,4.242774658203125,-0.6499746050670743,-1.6533832933425903,0.7234028293713927
1759310140413856800,4.252856689453125,-0.483303156659007,-1.0416939952671527,0.6350386094808578
1759310140423939600,4.262939697265625,-0.32614977044165133,-0.3144780373483896,0.6075057287804781
1759310140434023000,4.27302294921875,-0.18035919749885795,0.533415971827507,0.5999992986731231
1759310140444106000,4.28310595703125,-0.034812077923119064,1.4636568403005599,0.6442823847748339
1759310140454188800,4.293188720703125,0.017788170146942138,2.4365368270605803,0.7544514631077647
1759310140464272000,4.30327197265625,-0.0009635843351483344,3.3701842891067266,0.9177462746895849
1759310140474354700,4.313354736328125,-0.021798867093026638,4.1295922055780885,1.2220254279762506
1759310140484437800,4.323437744140625,0.03901099091768265,4.477738703772426,1.6363113086409866
1759310140494520800,4.333520751953125,0.22327537916153667,4.339683985778689,2.078780788999796
1759310140504604000,4.34360400390625,0.5339236290886998,4.043607282039523,2.438886458926648
1759310140514686700,4.353686767578125,0.8257812538281083,3.8433962598621845,2.6577742706537246
1759310140524769800,4.363769775390625,1.0188061638936399,3.6659658092916008,2.7952722315475342
1759310140534852900,4.373852783203125,1.2110673961102962,3.435559555336833,2.886412053631246
1759310140544935700,4.383935791015625,1.4037164586007593,3.2558974001914263,2.8437381562918422
1759310140555019000,4.39401904296875,1.4262196745708584,3.1254215930193663,2.5773569181144236
1759310140565101800,4.404101806640625,1.2722782361373304,2.9959762979388236,2.087890562650561
1759310140575185000,4.414184814453125,1.0795914719849824,2.7967233071386812,1.4812690693587063
1759310140585267700,4.424267822265625,0.8852499263629316,2.5792016691982744,0.8681810104012488
1759310140595350800,4.434350830078125,0.7738426845371723,2.421127076482773,0.3841007318899035
1759310140605433600,4.44443359375,0.6918252033248543,2.257124847283959,0.0625388737604022
1759310140615517000,4.454516845703125,0.5802841059863567,1.9556687885940074,-0.02971256282702088
1759310140625599700,4.464599853515625,0.5069627030573784,1.532965938848257,0.14081877587959168
1759310140635682800,4.474682861328125,0.5227905329167842,1.040258994027972,0.3703741120934486
1759310140645766000,4.484765869140625,0.5771124902129173,0.4994768773466348,0.6232856278449297
1759310140655848700,4.4948486328125,0.7342553550362586,-0.038494273567199706,0.8656511996626853
1759310140665931800,4.504931884765625,0.9032698594391345,-0.4670528636038303,1.0867772918358445
1759310140676014800,4.515014892578125,1.0399462748169899,-0.8663917888969183,1.2658926267534494
1759310140686098000,4.525097900390625,1.1578297269195317,-1.1972539748132227,1.3753668546900153
1759310140696180000,4.535179931640625,1.2141717918664217,-1.49929689348042,1.4509116327568887
1759310140706262800,4.5452626953125,1.2111147423833608,-1.6951403680980204,1.436958072336763
1759310140716345900,4.555345947265625,1.0179973317287863,-1.7827566922307014,1.2948743910878895
1759310140726428700,4.5654287109375,0.7128880112282932,-1.787941985914111,1.050260967278108
1759310140736511700,4.57551171875,0.32892274228632445,-1.7824246837973594,0.7384487881381064
1759310140746594800,4.5855947265625,-0.06307400355041026,-1.824898966911435,0.38477176301926375
1759310140756678000,4.595677978515625,-0.3727514356840402,-1.9431056596189735,-0.05883731582872569
1759310140766760700,4.6057607421875,-0.6662463062364608,-2.0934125409424302,-0.48877545059025285
1759310140776843800,4.61584375,-0.9290835151314735,-2.3164526500433684,-0.8678959829147904
1759310140786926800,4.6259267578125,-1.1608978823184966,-2.597249951586127,-1.154740528732538
1759310140797009700,4.636009765625,-1.3101824348568916,-2.853316131976247,-1.3075227141283452
1759310140807093000,4.646093017578125,-1.3604670994609593,-3.041815089049935,-1.3362005270801485
1759310140817175800,4.65617578125,-1.32788409576416,-3.185939482346177,-1.2246024388574064
1759310140827259000,4.6662587890625,-1.1990133857011793,-3.271441590803861,-0.9981151119120418
1759310140837341700,4.676341796875,-1.11692188940458,-3.293528334927559,-0.7934643537215889
1759310140847424800,4.6864248046875,-1.0392027629733085,-3.229729524233937,-0.610366232778132
1759310140857507600,4.696507568359375,-0.9838941327273845,-3.139350165128708,-0.43611726178787646
1759310140867591000,4.7065908203125,-0.966096098773554,-3.0231910526007413,-0.29911581570673734
1759310140877674000,4.716674072265625,-0.9687819768566638,-2.918297430452704,-0.18836714738756416
1759310140887756800,4.7267568359375,-0.9957600001532584,-2.7515555471569297,-0.06778437319844961
1759310140897839900,4.73683984375,-1.0480068316757678,-2.563797763839364,-0.007567914503626525
1759310140907922700,4.746922607421875,-1.0479011062789707,-2.263168219101429,-0.005575060185976326
1759310140918005800,4.757005859375,-1.0042506920576095,-1.8154963477939365,-0.10526577992867678
1759310140928088800,4.7670888671875,-0.9027589873075484,-1.2355430811971426,-0.31970768163017926
1759310140938172000,4.777171875,-0.8035235370516777,-0.5662111569702625,-0.620496216322109
1759310140948254700,4.787254638671875,-0.7366824360527098,0.12715630736052988,-1.0120122659698128
1759310140958337800,4.797337890625,-0.6865238820463418,0.820533708563447,-1.4449435181327164
1759310140968420900,4.8074208984375,-0.684741528674215,1.6780232290804384,-1.8712186734072862
1759310140978503700,4.817503662109375,-0.6693307551831007,2.619842891666293,-2.2992618612676856
1759310140988585700,4.827585693359375,-0.6784048729985952,3.621414135381579,-2.703969035595655
1759310140998668800,4.837668701171875,-0.8482938221484422,4.666215449014306,-3.0215619900941846
1759310141008751900,4.847751953125,-1.2376461909562348,5.743720762374997,-3.1375919232845306
1759310141018835000,4.8578349609375,-1.720777498179674,6.81120678602457,-3.113929892668128
1759310141028917800,4.867917724609375,-2.1720536775894463,7.816551118537783,-3.0712700238540767
1759310141039000800,4.878000732421875,-2.4605203447163104,8.595597216936945,-2.9518077781274914
1759310141049083600,4.888083740234375,-2.34474599372223,8.957018207246065,-2.5915742440372704
1759310141059167000,4.8981669921875,-1.7150895156711339,8.67992385187447,-2.1149470580108463
1759310141069249800,4.908249755859375,-0.8627585469610989,7.750067598804831,-1.3767805208802222
1759310141079332900,4.918332763671875,-0.1679268552966416,6.739957659325003,-0.5711225290831178
1759310141089415700,4.928415771484375,-0.05112213834151625,5.775562592315674,0.025081322829797862
1759310141099498800,4.938498779296875,-0.21213483033552766,4.733452417463064,0.284906636557728
1759310141109581800,4.948581787109375,0.11440437781512737,3.742007430964708,0.22366481687054038
1759310141119665000,4.958664794921875,0.6263591900713742,2.882968927440047,0.03662168462835252
1759310141129748000,4.968748046875,1.0164612082026898,1.9789444502413271,-0.22328787331692873
1759310141139830800,4.978830810546875,1.3003449314534663,0.9679168113946914,-0.5224613740276545
1759310141149913900,4.988913818359375,1.5012107642777264,-0.04344926562607288,-0.7246990066617727
1759310141159996700,4.99899658203125,1.4892982081659136,-1.0369628750920294,-0.8510448744222521
1759310141170079700,5.009079833984375,1.1793711121201516,-1.985588126039505,-1.0736077214002608
1759310141180162800,5.019162841796875,0.720318453489989,-2.7096657859325406,-1.3482270649604498
1759310141190246000,5.029245849609375,0.23962606385126708,-2.996101970145106,-1.5289888519108294
1759310141200328700,5.03932861328125,-0.12774594381675122,-2.8842694886445996,-1.5076320294968784
1759310141210411000,5.049410888671875,-0.3830769418001175,-2.5762194385170933,-1.3948694275394082
1759310141220494000,5.059494140625,-0.5963363922514021,-2.2318635647773744,-1.241305297985673
1759310141230577200,5.0695771484375,-0.6584985416539013,-1.9884236417263745,-1.064146357832849
1759310141240660200,5.07966015625,-0.5369178424686193,-1.886725600749254,-0.8846053448490798
1759310141250743000,5.089742919921875,-0.42150107274055476,-1.9032482810050249,-0.5922868976648896
1759310141260825000,5.0998251953125,-0.2555453713864088,-1.9579472549200057,-0.20210100064240394
1759310141270908200,5.109908203125,-0.06154153328612447,-2.0079227074444295,0.14990699528567492
1759310141280991000,5.119990966796875,0.11216492832526564,-2.036497060021758,0.3691613753028214
1759310141291074000,5.130073974609375,0.367510539355874,-2.0406313833475114,0.5326873652920127
1759310141301157000,5.1401572265625,0.6183528476178646,-2.0740081677705047,0.6077247783586383
1759310141311240200,5.150240234375,0.781182964297384,-2.238279277038574,0.6576414133679122
1759310141321323300,5.1603232421875,0.7615196479283273,-2.433211482030153,0.7102507945924997
1759310141331406000,5.170406005859375,0.6200450384885072,-2.5977976485967633,0.7354777364380657
1759310141341489200,5.1804892578125,0.4180050473183393,-2.662096225506067,0.7667039917636662
1759310141351572000,5.190572021484375,0.23638138284161686,-2.5804449472576376,0.7934335201919078
1759310141361655300,5.2006552734375,0.11817103687226771,-2.4717864196181294,0.879601983603835
1759310141371738000,5.210738037109375,0.011871201188117264,-2.408707739892602,0.9897525033667683
1759310141381821200,5.2208212890625,-0.0712279377810657,-2.425444355159998,1.1192959981247783
1759310141391904000,5.230904052734375,-0.1116232226639986,-2.4404601379841564,1.2971261155374347
1759310141401987000,5.240987060546875,-0.1240286768592894,-2.4709827020198105,1.5282111455366014
1759310141412070100,5.251070068359375,-0.08960194499194621,-2.5012574287742373,1.7283850505739449
1759310141422153200,5.2611533203125,-0.08331614272072911,-2.514934071949124,1.960800306263566
1759310141432236300,5.271236328125,-0.09554711713194847,-2.49616098241806,2.163198317091167
1759310141442319000,5.281319091796875,-0.17992182899489997,-2.4635358931452034,2.342512389451265
1759310141452402200,5.291402099609375,-0.2888720330573618,-2.3716636651337146,2.4448154105842113
1759310141462485000,5.301485107421875,-0.4837861178703606,-2.297564409700036,2.446648617360741
1759310141472568000,5.311568115234375,-0.6887129165232181,-2.2742916706621648,2.442013358775526
1759310141482651100,5.321651123046875,-0.848758517050743,-2.2279618811637163,2.401696692086756
1759310141492734200,5.331734130859375,-0.9502011219620704,-2.1321523137032985,2.292658371349424
1759310141502817300,5.3418173828125,-1.0216472325384616,-2.046316443246603,2.117116949395835
1759310141512900000,5.351900146484375,-1.0886889706760645,-1.8825702346354722,1.9217096742384134
1759310141522983200,5.361983154296875,-1.054722695927322,-1.5281775355279446,1.770883006824553
1759310141533065000,5.37206494140625,-0.9619672553405165,-1.0247072046309709,1.5591966509088873
1759310141543148000,5.38214794921875,-0.9386699663832783,-0.5260638554990291,1.374298640936613
1759310141553231400,5.3922314453125,-0.9743059279099107,-0.10058511129915713,1.1846982984922825
1759310141563314200,5.402314208984375,-1.0298615186542273,0.3687748602032661,0.9727186587184667
1759310141573397200,5.412397216796875,-1.0061939350798725,1.0202256753027439,0.790290838252008
1759310141583480000,5.42247998046875,-0.8627133926451206,1.8644377810955046,0.6884440364539622
1759310141593563100,5.432563232421875,-0.7002513786256312,2.949585133641958,0.7090760517247021
1759310141603646000,5.44264599609375,-0.543350798125565,4.096404806247353,0.8749560574941336
1759310141613729300,5.452729248046875,-0.40108956835269927,5.087689049226046,1.0520639981120825
1759310141623812000,5.46281201171875,-0.26685879256129263,5.737188730257749,1.276227266024053
1759310141633895200,5.472895263671875,-0.08841244294643402,5.897007536292076,1.3880423579983412
1759310141643978200,5.482978271484375,0.20958499972224234,5.646489637678862,1.464665432821214
1759310141654061000,5.49306103515625,0.5834446158438921,5.105114231279492,1.4540473004341126
1759310141664144100,5.50314404296875,1.0175693155750631,4.461418268090486,1.292334497346729
1759310141674227200,5.513227294921875,1.3386466050580144,3.9479163725227115,1.0612573583930731
1759310141684310300,5.523310302734375,1.4628200972154735,3.536596502056718,0.7911269968152046
1759310141694393000,5.53339306640625,1.5323995371371506,3.1060242341101167,0.6295837050758302
1759310141704476200,5.54347607421875,1.600920554047078,2.591341604325175,0.644889264626801
1759310141714559000,5.55355908203125,1.6835972298204898,1.906217067682743,0.7950989691860973
1759310141724642000,5.56364208984375,1.7885645017266272,1.2381272524714468,0.9211649970918894
1759310141734725000,5.57372509765625,1.8505422344729303,0.738256991893053,1.0136275922119617
1759310141744808200,5.58380810546875,1.7010463772714137,0.31640520601868627,1.1325452096678317
1759310141754891300,5.593891357421875,1.432195826371014,-0.14461656072735785,1.2425348397806286
1759310141764974000,5.60397412109375,1.1220850443214176,-0.6191957281827927,1.3094666878029704
1759310141775057200,5.61405712890625,0.8003793938070535,-0.9817582897424697,1.271431117788702
1759310141785140000,5.624139892578125,0.522148581751436,-1.2218237679243087,1.2254168970454484
1759310141795223300,5.634223388671875,0.28176293170452116,-1.3654220915198325,1.2302747854053973
1759310141805305300,5.644305419921875,0.12196458393633365,-1.5134388160794972,1.2915180663973092
1759310141815388200,5.65438818359375,-0.0301474471129477,-1.6417174054682253,1.4518518362164496
1759310141825471200,5.66447119140625,-0.144043729275465,-1.8083599200427531,1.544663390904665
1759310141835554000,5.674553955078125,-0.24928455742597577,-1.9952222158253192,1.5474462996214626
1759310141845637000,5.68463720703125,-0.3363732044227421,-2.174938146984577,1.3860057376042008
1759310141855720000,5.694719970703125,-0.41485374368056654,-2.307579607757926,1.0869731066688895
1759310141865803300,5.70480322265625,-0.49492681282684203,-2.4399767383813855,0.6709365829445422
1759310141875886000,5.714885986328125,-0.6855232536364346,-2.4817647927969695,0.2216734969228506
1759310141885969200,5.72496923828125,-0.9083988928906619,-2.599027482652664,-0.27644597446545954
1759310141896052200,5.73505224609375,-1.1268640952914952,-2.7191046454072,-0.7015383496962487
1759310141906135000,5.745135009765625,-1.2739536220036447,-2.85247091332376,-0.9813060889955609
1759310141916218000,5.755218017578125,-1.3974327021561561,-2.8846260469973086,-1.1424001756627111
1759310141926301200,5.76530126953125,-1.4075057678811251,-2.7580717971831556,-1.1722472515895963
1759310141936384300,5.77538427734375,-1.3814448594294488,-2.483499653765559,-1.1453506229661405
1759310141946467000,5.785467041015625,-1.3478114698968826,-2.050432061871886,-1.0772188245695085
1759310141956550100,5.795550048828125,-1.3150111701875924,-1.4787825132399797,-0.9806655260697007
1759310141966633000,5.805633056640625,-1.313175186932087,-0.8899293163508176,-0.8816182918623089
1759310141976716000,5.815716064453125,-1.3117360940396785,-0.4056441629171371,-0.8167992712754756
1759310141986799400,5.82579931640625,-1.2719663937091827,-0.044859132423996924,-0.7887285573713481
1759310141996882200,5.835882080078125,-1.2336487918831407,0.34689971300363537,-0.7706991258144378
1759310142006965200,5.84596533203125,-1.1482768856763839,0.8593225811630487,-0.7698758997980505
1759310142017048000,5.856048095703125,-1.078665589311719,1.517283216547966,-0.8049843303192407
1759310142027131100,5.866131103515625,-0.984907693684101,2.2948504745662213,-0.8509428753525018
1759310142037214000,5.8762138671875,-0.8943716827124357,3.1769618106424806,-0.9250899154506623
1759310142047297300,5.88629736328125,-0.8703682913124561,3.9730397078633306,-1.0070295091211796
1759310142057380000,5.896380126953125,-0.832353910216689,4.465345086145401,-1.0533651438385248
1759310142067463200,5.906463134765625,-0.7312351304322481,4.6232940066546195,-1.0163554097406566
1759310142077545200,5.916545166015625,-0.5263182686515152,4.704910213589668,-0.9108664520479738
1759310142087628000,5.9266279296875,-0.25057927341163155,4.908821259328723,-0.8203994146592914
1759310142097711000,5.936711181640625,-0.03444455978497862,5.2257221399098635,-0.7986904908720404
1759310142107794000,5.9467939453125,0.029293899023532865,5.559323395401239,-0.8975482669219375
1759310142117877200,5.956877197265625,-0.04805646716058254,5.687071823436021,-1.005295378804952
1759310142127960300,5.966960205078125,-0.15900281347632408,5.5274844880700105,-1.14322530137524
1759310142138043100,5.977043212890625,-0.24498189179599283,5.032973708698154,-1.2525607053630052
1759310142148126200,5.987126220703125,-0.21398411146402357,4.3105712885409595,-1.4598963187232612
1759310142158209000,5.997208984375,-0.09824351660907268,3.5285979045182465,-1.8161906136684118
1759310142168292000,6.0072919921875,0.00823985894843936,2.8800796357393263,-2.2828668990448118
1759310142178375200,6.017375244140625,-0.043298751239478586,2.554398651853204,-2.8299685741364953
1759310142188458200,6.027458251953125,-0.24165187059044838,2.2967823194116352,-3.3192753551244736
1759310142198541000,6.037541015625,-0.4148037670589983,1.8759633837163447,-3.5453286745667456
1759310142208624000,6.0476240234375,-0.3677425945460796,1.4017729233175515,-3.4985265913814305
1759310142218707700,6.057707763671875,-0.22390987767279147,0.9140367526471614,-3.3947029365524646
1759310142228790800,6.067790771484375,-0.06590250497460365,0.4171960690230131,-3.3292139808148145
1759310142238873600,6.07787353515625,0.08015519447177648,0.030583354312181472,-3.275263194918632
1759310142248956700,6.087956787109375,0.3097653296127915,-0.3240542594671249,-3.148122961910069
1759310142259039700,6.098039794921875,0.6058940558001399,-0.7766466360419988,-2.940501078954339
1759310142269122800,6.108122802734375,0.8427145607113837,-1.324472826015949,-2.6771754289552567
1759310142279206000,6.118205810546875,0.9705103350192308,-1.8598644818305967,-2.4029339787967503
1759310142289288700,6.128288818359375,1.0290136696532368,-2.1876099970310925,-2.12057673446089
1759310142299371800,6.138371826171875,1.0518863034576178,-2.24539232391417,-1.8939812709659336
1759310142309454600,6.14845458984375,1.0523812473677099,-2.022848473897576,-1.7213813092917203
1759310142319537700,6.15853759765625,1.0938006146013737,-1.6871978846609592,-1.5834063785359263
1759310142329620700,6.168620849609375,1.1547095490723847,-1.3969114547610282,-1.341944477559626
1759310142339702800,6.178702880859375,1.1470505587518214,-1.2993249407559633,-1.0211009968325495
1759310142349785900,6.188785888671875,1.1128788245588541,-1.4705530295550822,-0.6338703694190829
1759310142359868700,6.19886865234375,1.096249615188688,-1.8321885393977164,-0.25249760118834674
1759310142369951700,6.20895166015625,1.0052087234348057,-2.1715034963607787,0.11017119722478091
1759310142380034600,6.21903466796875,0.7904756932996213,-2.390146831807494,0.391846085319668
1759310142390117600,6.22911767578125,0.48980245555043217,-2.512377957725525,0.6271838043272495
1759310142400201000,6.239200927734375,0.1606144864566624,-2.54272984136939,0.866325153401494
1759310142410283800,6.24928369140625,-0.15676248720362781,-2.569894327148795,1.0719202067047358
1759310142420366800,6.259366943359375,-0.404953404174,-2.587762576794624,1.2736318427033722
1759310142430449700,6.26944970703125,-0.5689484729796648,-2.6647061157435177,1.5089903122380375
1759310142440532700,6.27953271484375,-0.6904366715759038,-2.7622259942531584,1.809696283213049
1759310142450615600,6.289615478515625,-0.7622907784312963,-2.884360674059391,2.0992690118856725
1759310142460699000,6.299698974609375,-0.8212485788345336,-2.992351677700877,2.364744533395022
1759310142470781700,6.30978173828125,-0.8612376210041344,-3.124766928502917,2.4686755941212177
1759310142480864800,6.31986474609375,-0.8888134640634059,-3.2564936125189066,2.519957453069091
1759310142490947800,6.32994775390625,-0.9288359701111912,-3.4030712441861626,2.487505966797471
1759310142501030700,6.34003076171875,-0.9768032976835965,-3.4605385137706994,2.428438860800862
1759310142511113700,6.35011376953125,-1.0193635055154562,-3.4395658683687445,2.379154605410993
1759310142521196800,6.36019677734375,-1.0705553480923176,-3.312041896739602,2.3705130337938667
1759310142531280000,6.37027978515625,-1.1137827876612543,-3.168881964561343,2.359562600712478
1759310142541362700,6.38036279296875,-1.1550789669066668,-3.07187003557384,2.329299710526317
1759310142551445800,6.39044580078125,-1.1957263268545268,-2.959212793686986,2.303599305950105
1759310142561528600,6.400528564453125,-1.230638942542672,-2.784121599718928,2.261845446065068
1759310142571611600,6.410611572265625,-1.207374971333146,-2.5050007069557902,2.222099857262522
1759310142581694700,6.42069482421875,-1.1229860848143696,-2.193151849067211,2.1831683613218367
1759310142591777800,6.43077783203125,-1.0186483429834245,-1.7797849829435348,2.116203341682255
1759310142601859800,6.44085986328125,-0.876200358466804,-1.285205229988694,2.072793385153264
1759310142611942700,6.450942626953125,-0.6905129516825079,-0.7038362513750791,2.071633547593653
1759310142622025700,6.461025634765625,-0.5151645680829883,-0.09808686474263667,2.1663842536509037
1759310142632108800,6.47110888671875,-0.28728520225733517,0.5066150586634874,2.2132468348518013
1759310142642191600,6.481191650390625,-0.007156593756377697,1.1810521970748902,2.218070455615967
1759310142652275000,6.49127490234375,0.2755368967965245,1.9994488936096428,2.1831476107947525
1759310142662357800,6.501357666015625,0.49619274110943073,2.776497680711746,2.0884891130656005
1759310142672440800,6.51144091796875,0.5798571127459407,3.4326948135554787,2.0605081963367757
1759310142682523600,6.521523681640625,0.6963906115442514,3.9203216786324977,2.178799644718319
1759310142692606700,6.531606689453125,0.8804217755541205,4.3435733944326635,2.34504468440786
1759310142702689500,6.541689453125,1.1769739878505467,4.629344392734766,2.425500907652825
1759310142712772900,6.55177294921875,1.5874766967147589,4.728788517305254,2.38904471578449
1759310142722855700,6.561855712890625,2.0035957841560244,4.8587183810323475,2.172327087703347
1759310142732938800,6.571938720703125,2.2470136415056885,4.959327457728982,1.7854529455773531
1759310142743021800,6.582021728515625,2.3890850477948784,5.005684719756245,1.302563922677189
1759310142753104600,6.592104736328125,2.485143329319358,4.891261052718758,0.774212394632399
1759310142763187700,6.602187744140625,2.5654361786961553,4.629297046461701,0.36123978852331634
1759310142773270800,6.612270751953125,2.6113205625146625,4.2982343695372345,0.12593553339391947
1759310142783353900,6.622353759765625,2.59094120683074,3.922971316358447,0.08204816861152649
1759310142793436700,6.632436767578125,2.509314478501677,3.6108313665688034,0.102975367436558
1759310142803519700,6.642519775390625,2.3299381545603275,3.240774065339565,0.0511406969115138
1759310142813602600,6.6526025390625,2.0960880437619984,2.466546765398979,-0.2268945925720036
1759310142823685600,6.662685546875,1.8959483332552014,1.3698960220634937,-0.5854226379185915
1759310142833769000,6.67276904296875,1.8295203431017695,0.35116263114511964,-0.842215232887119
1759310142843850800,6.682850830078125,1.7832435989648103,-0.3702051852673292,-0.9695162094153463
1759310142853933800,6.692933837890625,1.6522849767118692,-0.8422440205901861,-0.98785178431198
1759310142864017000,6.703016845703125,1.4604752876549958,-1.2227122411966322,-0.9750864107631146
1759310142874099700,6.713099609375,1.1853946101933717,-1.466800983545184,-1.0071674562871455
1759310142884182800,6.723182861328125,0.7768208235651254,-1.6223305679529905,-1.1157101024620235
1759310142894265600,6.733265625,0.29133681573569775,-1.70097857273221,-1.2990136828497052
1759310142904349000,6.743348876953125,-0.2560362967085093,-1.7055933730512856,-1.4998381607502698
1759310142914431700,6.753431640625,-0.7439367910951376,-1.6870476625353097,-1.6049296435579656
1759310142924514800,6.763514892578125,-1.1518249335467814,-1.7568331464231013,-1.5970815604060888
1759310142934597600,6.77359765625,-1.4597387900739907,-1.9559259782254694,-1.4459255149073897
1759310142944680700,6.7836806640625,-1.6746400163829325,-2.306834926870465,-1.181135345313698
1759310142954763800,6.793763671875,-1.6877169400990009,-2.7023259445637464,-0.8709427301995456
1759310142964846800,6.803846923828125,-1.5589035131812095,-3.076960052189231,-0.5521760557465255
1759310142974930000,6.813929931640625,-1.3117770105719566,-3.388751626932621,-0.2075249984525144
1759310142985012700,6.8240126953125,-1.0620195749372243,-3.6686014184921976,0.1954949899734929
1759310142995095800,6.834095703125,-0.7955752083957195,-3.8703935723811385,0.5730284357696771
1759310143005178600,6.8441787109375,-0.5911089399266988,-3.9331916815996166,0.9430163250245154
1759310143015261700,6.85426171875,-0.39265787662658835,-3.9483167700171466,1.1755579105075449
1759310143025344800,6.8643447265625,-0.23571959446463733,-3.990010131886601,1.3559421693824232
1759310143035427800,6.874427734375,-0.11500183225162326,-4.031422338727117,1.443615338268876
1759310143045510700,6.8845107421875,0.01473049960937351,-4.0225837832331655,1.43126146813035
1759310143055593700,6.89459375,0.10583287575952709,-3.9327807627111673,1.332330261518061
1759310143065676800,6.9046767578125,0.12014730538129806,-3.6613252900093793,1.1633762551307678
1759310143075759600,6.914759521484375,0.002363222000002861,-3.0960172193586826,0.9449212087977678
1759310143085843000,6.924843017578125,-0.046925417304039,-2.145919557771087,0.7227500645510851
1759310143095925800,6.93492578125,-0.09668751933872699,-0.8096744608968496,0.5100966902341694
1759310143106007800,6.9450078125,-0.19489362654685974,0.6657943977504969,0.29621150909997523
1759310143116091000,6.9550908203125,-0.39448037934601304,1.8557810119092464,0.008150500164553523
1759310143126173700,6.965173583984375,-0.6616957302600145,2.6322628127783534,-0.33614144149348135
1759310143136256800,6.9752568359375,-0.8670094824038446,3.2820600154519077,-0.7408874865271151
1759310143146339600,6.985339599609375,-0.8501661188263445,4.0380379574745895,-1.1390381518837063
1759310143156423000,6.9954228515625,-0.7112678626805543,4.871048870295286,-1.5013310296565294
1759310143166505700,7.005505615234375,-0.6036042643625289,5.623726017206907,-1.934095985341817
1759310143176588800,7.0155888671875,-0.5615825473215431,6.278150295159221,-2.3175302161470053
1759310143186671600,7.025671630859375,-0.6744371384114026,6.9393333997219795,-2.540613872128725
1759310143196754700,7.035754638671875,-0.9257038826305418,7.52399440561831,-2.4619509620413185
1759310143206837800,7.045837646484375,-1.1744788100339472,7.759496521407366,-2.1147709707915783
1759310143216920800,7.0559208984375,-1.285271427092701,7.514653745821118,-1.6032722317397594
1759310143227004000,7.06600390625,-1.1373112550258635,6.681086952683329,-1.122522120564431
1759310143237087000,7.0760869140625,-0.8509932903654873,5.340311811164021,-0.8865976146448403
1759310143247170000,7.086170166015625,-0.5263229448266327,3.9591339321076866,-0.854381617629528
1759310143257252900,7.0962529296875,-0.29881591944471,2.852168715506792,-0.8899552545096725
1759310143267336000,7.1063359375,-0.23035028598383067,1.8956588487893342,-0.9439142967775463
1759310143277418800,7.116418701171875,-0.10340616006925701,1.1670230872005223,-0.973105173818022
1759310143287501800,7.126501708984375,0.0979061013482511,0.6822293997228145,-0.9737257168691604
1759310143297585000,7.1365849609375,0.3274713744342327,0.47513797038197514,-0.9642608461704104
1759310143307668000,7.14666796875,0.6206488496005534,0.4713245495736599,-0.9894344503935426
1759310143317751000,7.1567509765625,0.908506006526947,0.5041735107302665,-1.0351342714253813
1759310143327833900,7.166833740234375,1.1330150191366672,0.31248949387967584,-1.0407733732908964
1759310143337917000,7.1769169921875,1.2559890723764895,-0.17960779460966586,-0.9091087216604501
1759310143347999700,7.186999755859375,1.2502934910833834,-0.7880249391466378,-0.6918479996785522
1759310143358081800,7.197081787109375,1.1698774537183343,-1.2748755591541527,-0.625678806591779
1759310143368165000,7.2071650390625,1.068401969450712,-1.3787544513016938,-0.8610951437935233
1759310143378248000,7.217248046875,0.8476835812956094,-1.0253975249826908,-1.3341650757297874
1759310143388331000,7.2273310546875,0.5375672462880611,-0.49755146224200725,-1.7869661266192793
1759310143398413800,7.237413818359375,0.10959975401237607,-0.0602186141192913,-2.022190009988844
1759310143408497000,7.247496826171875,-0.27004049133732916,-0.0017757775008678436,-2.0003348826639353
1759310143418579700,7.257579833984375,-0.30765856659188867,-0.2677414206147194,-1.6803654082924127
1759310143428663000,7.2676630859375,0.039554450144618745,-0.6954600526958704,-1.1833860468499362
1759310143438745900,7.277745849609375,0.5175431337825953,-1.1290864475160836,-0.6399172483678907
1759310143448829000,7.287828857421875,0.7766567190445959,-1.5367396121680736,-0.11992876725979149
1759310143458912000,7.297912109375,0.7850713500380515,-1.8452789071172475,0.2344995876830071
1759310143468994800,7.307994873046875,0.6554230797313153,-2.1483669509232044,0.4639661496348679
1759310143479078000,7.318077880859375,0.45533656071648,-2.5043238306075333,0.5755236135862767
1759310143489161000,7.328160888671875,0.27140505768880246,-2.9227281063765287,0.5883623446322978
1759310143499244000,7.338244140625,0.10024944960400461,-3.3733453834861513,0.627812311489135
1759310143509326800,7.348326904296875,-0.06361468629837036,-3.77723364264667,0.7180601531691849
1759310143519410000,7.358409912109375,-0.15282310192808507,-4.1445653183043,0.8316432777293026
1759310143529492700,7.36849267578125,-0.21755086403489113,-4.468605549246073,0.9833251006677746
1759310143539575800,7.378575927734375,-0.23253800528645513,-4.731614680641889,1.1625126240387558
1759310143549659100,7.3886591796875,-0.2978789308555424,-4.914111766952276,1.2842922067970037
1759310143559742000,7.398741943359375,-0.381790993642807,-5.0526674202054735,1.3809639440447092
1759310143569825000,7.408824951171875,-0.44963586485683915,-5.129468335813284,1.4595986509509384
1759310143579907800,7.418907958984375,-0.5539841280817985,-5.121352833896875,1.5124480514764784
1759310143589991000,7.428990966796875,-0.6923340296298265,-4.981082193419337,1.597123645982146
1759310143600073000,7.439072998046875,-0.8901116871803998,-4.683685054731368,1.637761215188354
1759310143610155800,7.44915576171875,-1.124913838006556,-4.308354781535267,1.6304685739621518
1759310143620239000,7.459239013671875,-1.3720686899274588,-3.839400468224287,1.6796218964487313
1759310143630322000,7.469322021484375,-1.5725497612178325,-3.2682296430200335,1.7570551186107097
1759310143640405000,7.479405029296875,-1.741197770395875,-2.6309441313952204,1.8290902811214327
1759310143650487800,7.48948779296875,-1.8570220980115233,-1.918132546404004,1.9686261775836347
1759310143660571000,7.49957080078125,-1.92860732479766,-1.1120008726805448,2.1131629510730505
1759310143670653700,7.50965380859375,-1.9317802557453512,-0.23133096758425234,2.2636367133960125
1759310143680737000,7.519737060546875,-1.8756968417346476,0.6761544637233019,2.423425270422548
1759310143690820000,7.529820068359375,-1.7319295913130044,1.5611656128942966,2.598935712715983
1759310143700903000,7.53990283203125,-1.5089803753659128,2.367069323080778,2.7710809163600203
1759310143710986000,7.549986083984375,-1.2342281992062925,3.1696640548497435,2.7731153447970747
1759310143721068800,7.56006884765625,-1.0124190932050348,3.9247932710885998,2.6600541982844472
1759310143731152000,7.57015185546875,-0.8329109595775603,4.424831873971224,2.421861820498109
1759310143741235000,7.58023486328125,-0.6277604351714253,4.634104739004373,2.165843424772471
1759310143751318000,7.590318115234375,-0.2750055663987994,4.716201422932744,2.131216055766493
1759310143761400800,7.60040087890625,0.24084902977496384,4.6977498204410075,2.250761011340469
1759310143771484000,7.61048388671875,0.9268468421205878,4.4733419301182025,2.431940293050557
1759310143781567000,7.62056689453125,1.6037787199571727,4.078261831313371,2.585334472864866
1759310143791649800,7.63064990234375,2.109674232174456,3.611501813176274,2.6397984689801928
1759310143801733000,7.640733154296875,2.3665870925217867,3.2036651086509225,2.534503864815831
1759310143811816000,7.65081591796875,2.40084065977931,3.0067607268035412,2.297375316868722
1759310143821899000,7.66089892578125,2.1794516788862643,3.0494612198889253,1.9683533519916234
1759310143831981800,7.67098193359375,1.7449701285414396,3.199928844732046,1.6049294974274932
1759310143842065000,7.68106494140625,1.327809569223225,3.4102532646447417,1.2818300544671715
1759310143852147000,7.69114697265625,1.1061420636497437,3.555717382112145,1.2839007232613862
1759310143862229800,7.701229736328125,0.9939920406326651,3.3794553907990452,1.562804027751088
1759310143872313000,7.71131298828125,0.9675810035690665,2.930871665343642,1.8638140962392091
1759310143882396000,7.72139599609375,1.0994656546257435,2.3926187748789784,2.0813782581470908
1759310143892479000,7.73147900390625,1.2681423053763805,1.7360697598576544,2.1114114312306045
1759310143902561800,7.741561767578125,1.3891514882840215,1.0247101272404193,2.0393616556726393
1759310143912644900,7.751644775390625,1.4080005656607448,0.32981881434321403,1.8426314613483845
1759310143922728000,7.76172802734375,1.3491069165349006,-0.21948913862109182,1.6748846387937664
1759310143932811000,7.77181103515625,1.2525555907964705,-0.5532201579719782,1.5573951544448732
1759310143942894000,7.78189404296875,1.1189157666355372,-0.7229226446390151,1.4423016253218055
1759310143952977000,7.791976806640625,1.0018496222652495,-0.7499597046464681,1.3958531778797507
1759310143963060000,7.80206005859375,0.8867289128743111,-0.7071662725806236,1.375073570831865
1759310143973142800,7.812142822265625,0.6956096902996302,-0.6807248403787612,1.3084662785887717
1759310143983225900,7.822225830078125,0.3924386443853378,-0.7801800708651542,1.1526654760241508
1759310143993309000,7.832308837890625,0.037350948750972744,-0.9613117140412331,0.9371865959577261
1759310144003392000,7.84239208984375,-0.30512495646104215,-1.1921499296724796,0.6864141380615532
1759310144013474800,7.852474853515625,-0.6805978529982268,-1.4638795431405305,0.463228336879611
1759310144023558000,7.862557861328125,-1.0944628779023886,-1.8078244979918001,0.23433570235818624
1759310144033641000,7.872640869140625,-1.4611001415550708,-2.1745529470592735,0.02050225141122937
1759310144043723800,7.882723876953125,-1.7538152599066494,-2.5202742639333007,-0.1810480565458536
1759310144053807000,7.89280712890625,-1.961525697928667,-2.8379993203788993,-0.3613208909355104
1759310144063890000,7.902889892578125,-2.070364842832088,-3.147911657246947,-0.4298747872017324
1759310144073973000,7.912972900390625,-2.11113056846261,-3.3488819733589885,-0.3928165377870202
1759310144084055800,7.923055908203125,-2.0865981847524644,-3.4086581044077873,-0.2211408513508737
1759310144094137900,7.933137939453125,-1.9755138912707566,-3.293770911511779,0.0667318684708327
1759310144104221000,7.943220947265625,-1.9151742811203,-3.0293232717454432,0.2837202032521367
1759310144114303700,7.9533037109375,-1.8691757694028317,-2.6440070265859363,0.3570804768867791
1759310144124387000,7.963386962890625,-1.8371480615012346,-2.1283424000263214,0.36174445010982453
1759310144134470000,7.973469970703125,-1.87440081057474,-1.5078998866528273,0.26280155305974184
1759310144144553000,7.983552978515625,-1.9853461339771747,-0.9912678763657807,0.13665387475248425
1759310144154636000,7.993635986328125,-2.0954951924353837,-0.648777796497941,0.0024918168157339097
1759310144164718800,8.00371875,-2.0472662913173436,-0.338202027285099,-0.11434311261456459
1759310144174802000,8.013802001953126,-1.9254383393727241,0.09465162959694862,-0.29296934884097425
1759310144184885000,8.023885009765625,-1.7554133427530527,0.6567126811504364,-0.5913428217478096
1759310144194968000,8.033968017578125,-1.5979244409710167,1.2440192331194877,-0.9887869462702423
1759310144205051000,8.04405078125,-1.475385856539011,1.8887445393562317,-1.4782885922431945
1759310144215133000,8.0541328125,-1.4358378361351787,2.5937673701673742,-2.001145322263986
1759310144225216000,8.064216064453126,-1.390281807488203,3.317486718142032,-2.5276971074104306
1759310144235299000,8.074299072265624,-1.4032570243954658,4.063984884157777,-3.0915462114244696
1759310144245382100,8.084382080078125,-1.4835525041207671,4.762166470772027,-3.583971124432981
1759310144255465000,8.09446484375,-1.6470716259777545,5.355284923890233,-4.0082977759882805
1759310144265548000,8.104548095703125,-1.7290514055281876,5.654501094698905,-4.262701868385077
1759310144275630800,8.114630859375,-1.6664268993109463,5.584599875476956,-4.324693921917676
1759310144285714000,8.1247138671875,-1.392398653511703,5.261616460111737,-4.262524465991556
1759310144295797000,8.134796875,-1.0806704993933438,4.61891126152575,-4.1435953042283655
1759310144305880000,8.144880126953124,-0.8014002612873912,3.6960207558155056,-4.010431865407527
1759310144315963100,8.154963134765625,-0.566040476578474,2.8439041605085134,-3.9746921512454745
1759310144326046000,8.1650458984375,-0.5939227552384138,2.297088024359941,-3.9508144320517777
1759310144336128000,8.1751279296875,-0.8013786339774728,1.9557599740087985,-3.8519647662431
1759310144346211000,8.185211181640625,-1.0246221566960214,1.8842782075971365,-3.5322231092780827
1759310144356294000,8.1952939453125,-1.1594845083892344,1.9777678076773881,-3.0757915929317474
1759310144366377200,8.205377197265625,-1.1203376161321996,1.8104010704815388,-2.6522224817454814
1759310144376460000,8.2154599609375,-0.7691761540308594,1.5262468597263097,-2.2513062241330744
1759310144386543000,8.225543212890624,-0.21027356650829315,1.3151573006600141,-1.7129438819445668
1759310144396626000,8.2356259765625,0.537496519139409,1.0584165820091962,-1.086029907534644
1759310144406709000,8.245708984375,1.1565683286815882,0.7308429162442683,-0.4141810320507735
1759310144416791800,8.255791748046875,1.4950747457407414,0.3091103728353977,0.21204912481345234
1759310144426875100,8.265875244140625,1.7213567593723536,-0.18617372899651527,0.698465737317875
1759310144436958000,8.2759580078125,1.936454677297175,-0.6187649355500936,1.0767140168525278
1759310144447041000,8.286041015625,2.307847903305292,-0.8693062150388956,1.467765444663167
1759310144457124000,8.2961240234375,2.585278943285346,-0.8229547982305288,1.8429899193972348
1759310144467207000,8.30620703125,2.6485686354130507,-0.6007371114283799,2.2076401008859277
1759310144477290000,8.3162900390625,2.53953162984997,-0.24794015707969663,2.4669635295063257
1759310144487373000,8.326373046875,2.3232839573681354,0.10363806912899017,2.4766192466020582
1759310144497456000,8.3364560546875,2.0128627941951156,0.12656944738328457,2.239442037207633
1759310144507539000,8.3465390625,1.658668394138664,-0.15639701489210128,1.9000678974032401
1759310144517622000,8.3566220703125,1.4236070078544318,-0.6926631154537201,1.6612991810336708
1759310144527704800,8.366704833984375,1.2944310312345624,-1.3192331717967987,1.4434168930873275
1759310144537788000,8.376787841796874,1.14391985951066,-2.0216461123704907,1.0523794938020408
1759310144547871200,8.386871337890625,1.010558852291107,-2.688120893600583,0.6082305359236896
1759310144557954000,8.3969541015625,0.8245803536057472,-3.2151240757763384,0.20621303907111285
1759310144568037000,8.407037109375,0.6049792790427804,-3.594552431941032,-0.07969108409136533
1759310144578119000,8.417118896484375,0.3539185057245195,-3.8844104072958228,-0.22457374840900302
1759310144588202000,8.427201904296876,0.09547697450518608,-4.182233662441373,-0.24224647548273204
1759310144598285000,8.43728515625,-0.1407863349147141,-4.432921656924486,-0.15244287043884397
1759310144608367900,8.447367919921875,-0.3396446273088455,-4.6020583264023065,-0.003248042010515928
1759310144618451200,8.457451171875,-0.5307809471487999,-4.7310716598063705,0.16400778215676545
1759310144628534000,8.467533935546875,-0.7112376136727631,-4.732672665262222,0.32310937983244653
1759310144638617000,8.4776171875,-0.8686692323096096,-4.652783135989308,0.4116466182023287
1759310144648700000,8.487699951171875,-1.008212581425905,-4.608245490604639,0.4842407297700643
1759310144658783000,8.497782958984375,-1.1095189927369355,-4.64457352604866,0.5643062001317739
1759310144668865800,8.50786572265625,-1.2109113287657498,-4.6569326568841936,0.6648892656043172
1759310144678949000,8.51794921875,-1.302624859084189,-4.52213489485979,0.7727600038670003
1759310144689032200,8.5280322265625,-1.3852692400231956,-4.161227114769816,0.8936030364274978
1759310144699115000,8.538114990234375,-1.472086522732675,-3.656543900951743,0.9925818815737962
1759310144709198000,8.548197998046875,-1.5887456937372684,-3.094554161068797,1.056314933554828
1759310144719281000,8.558281005859374,-1.682220680770278,-2.4544231968849894,1.1339379792004822
1759310144729364000,8.568364013671875,-1.7259329812467097,-1.8231582607239483,1.218847820853442
1759310144739447000,8.578447021484376,-1.739466708819568,-1.2259218508929013,1.3664698470070957
1759310144749530000,8.588530029296875,-1.7219956417977809,-0.6076327161610127,1.5687860247701406
1759310144759613000,8.598613037109375,-1.6066121898174286,0.18137597332596778,1.7172789885394275
1759310144769696000,8.608696044921874,-1.4470809685528276,1.1515344261676073,1.8971376891702412
1759310144779779000,8.618779052734375,-1.2961144542768597,2.150335036125779,2.157249491689354
1759310144789862000,8.62886181640625,-1.1748480817377567,2.9828537815153595,2.5136037001281974
1759310144799945200,8.6389453125,-1.00145200124979,3.5383407153755426,2.9560142899066206
1759310144810028000,8.649028076171875,-0.6968439082697033,3.820026490190625,3.382783073917031
1759310144820111000,8.659111083984374,-0.22222528558671473,3.9288112745583055,3.730505793741345
1759310144830193200,8.669193115234375,0.26741058122515676,3.8515667068362234,3.8721693498820065
1759310144840276000,8.67927587890625,0.768871033604443,3.683250706091523,3.760359372474253
1759310144850359000,8.689359130859375,1.149473986506462,3.5031443143099543,3.446076273176074
1759310144860441900,8.69944189453125,1.3949924693971871,3.3834505979150533,3.007636925116181
1759310144870525200,8.709525146484374,1.5813266496524214,3.4709921032458544,2.4174866741538046
1759310144880608000,8.71960791015625,1.626912050524354,3.840268483230471,1.7214269019991157
1759310144890691000,8.729691162109376,1.6585548507615924,4.285193101656437,1.0094498681358992
1759310144900774000,8.73977392578125,1.7466984136387704,4.529584041821956,0.38187034248933194
1759310144910857000,8.74985693359375,1.9860402537211774,4.43979621886909,0.021673194886744022
1759310144920940000,8.75993994140625,2.349112664499134,4.004558297199011,-0.03776113698706031
1759310144931023000,8.770023193359375,2.7705814424052835,3.486729770603776,0.10704305526688694
1759310144941106200,8.780106201171876,3.153587072534859,3.0099136378765103,0.2849633351810276
1759310144951189000,8.79018896484375,3.3949422982662916,2.3889497309774157,0.4641485204644501
1759310144961272000,8.80027197265625,3.510241286833584,1.64726685628891,0.5223438120625913
1759310144971355000,8.81035498046875,3.572029634487629,0.9324006768554448,0.39889746513590213
1759310144981438000,8.82043798828125,3.495029396915436,0.3378302713632583,0.15186083276718854
1759310144991521000,8.83052099609375,3.1968279561072586,-0.08608838391304016,-0.23466098878979683
1759310145001604000,8.84060400390625,2.57327870889008,-0.21987550759017466,-0.6676828418456018
1759310145011687200,8.850687255859375,1.6439492561735212,-0.07162263618707657,-0.9903769919406622
1759310145021770000,8.86077001953125,0.5766361048728227,0.3632932139217853,-1.0991581230465322
1759310145031853000,8.87085302734375,-0.45443654313683507,0.9234136528015137,-1.0394442435789852
1759310145041936000,8.880935791015625,-1.3940987354278565,1.0942577107191085,-1.0730745643716304
1759310145052019200,8.891019287109375,-2.002994018870592,0.3695791623234749,-1.2886010099068284
1759310145062102000,8.90110205078125,-2.0919927372723817,-0.8177730116784572,-1.6011512940630315
1759310145072184000,8.91118408203125,-1.9835218411594628,-1.9618623825371264,-1.9028405769869685
1759310145082267100,8.92126708984375,-1.8249556655347345,-2.9433161363750693,-2.301022587329894
1759310145092350000,8.931349853515625,-1.666496457415819,-3.7937171599358317,-2.6818381600692867
1759310145102433000,8.94143310546875,-1.5098334850639104,-4.397784877091646,-2.811351551949978
1759310145112515800,8.951515869140625,-1.4020149153798818,-4.760032965874672,-2.6217247598901388
1759310145122599000,8.961598876953126,-1.3580296431809662,-4.884633159011602,-2.09236916936934
1759310145132682000,8.971681884765625,-1.2858330064982175,-4.912046651116013,-1.373201054958254
1759310145142765000,8.98176513671875,-1.204825286850333,-4.7982893390327686,-0.6595165595900268
1759310145152848100,8.99184814453125,-1.1185872653335331,-4.601109647375345,-0.0011990005262196063
1759310145162931000,9.001930908203125,-1.0353232911914587,-4.315492962852121,0.5675565802298486
1759310145173014000,9.012013916015626,-0.942656113409996,-3.9447985327631234,1.1195184817690402
1759310145183096800,9.022096923828125,-0.7926362323343753,-3.4387884542554614,1.6381851396888494
1759310145193180200,9.03218017578125,-0.5470365009009838,-2.94879836717844,2.1144272719204427
1759310145203263000,9.042262939453124,-0.31505028427839277,-2.5107582475692034,2.5278064130038023
1759310145213346600,9.0523466796875,0.0025777506666723638,-2.1719424722999334,2.837612074626982
1759310145223429400,9.062429443359376,0.3026315322101116,-1.9415034851193427,2.9262679709404704
1759310145233512700,9.0725126953125,0.49651276684403417,-1.735524400934577,2.8558748765483495
1759310145243595500,9.082595458984375,0.5834989763796329,-1.4668050751984119,2.634245803289115
1759310145253678600,9.0926787109375,0.552578937458992,-1.1009861421912908,2.2415302416585385
1759310145263761400,9.102761474609375,0.3756862470269203,-0.7222364159405231,1.670874672500044
1759310145273844500,9.112844482421876,0.10373860689401626,-0.3665373104095459,0.947859527271986
1759310145283927600,9.122927490234375,-0.24660978525876998,0.03265431536734104,0.21725785417137666
1759310145294010600,9.1330107421875,-0.5310708700060844,0.5048112241119146,-0.40153986940346653
1759310145304093700,9.14309375,-0.7403115863353014,1.0661246721684932,-0.9187343358788639
1759310145314176500,9.153176513671875,-0.8070072875142097,1.6956909877181052,-1.2984345677874982
1759310145324258600,9.163258544921876,-0.8694850787371396,2.465200026965141,-1.4639116918444632
1759310145334341600,9.173341552734374,-0.9348854794085025,3.528858016759157,-1.4326840482793748
1759310145344424400,9.183424560546875,-1.083863157954812,4.802894202479719,-1.3681936020597816
1759310145354507500,9.193507568359376,-1.464315011948347,6.055264499837159,-1.2968863154321908
1759310145364590600,9.203590576171875,-1.8249854761511086,7.038138057345152,-1.2648534929640591
1759310145374673700,9.213673583984376,-2.0228157406717537,7.514701676616072,-1.3214262979269027
1759310145384756500,9.223756591796874,-2.0503098967969415,7.389518715155124,-1.3741735532522201
1759310145394839600,9.233839599609375,-1.8867793767631054,6.7843269624054425,-1.4286277586258946
1759310145404922400,9.24392236328125,-1.6045675322473048,5.820223571819066,-1.5810862650252877
1759310145415005400,9.25400537109375,-1.3034119178086518,4.8999277587771415,-1.7342361146897076
1759310145425088800,9.2640888671875,-1.1559230895806103,4.181081569796801,-1.8619278441011904
1759310145435171600,9.274171630859374,-1.179486335997656,3.517460424432158,-2.0061052827589214
1759310145445254700,9.284254638671875,-1.2325649421691893,2.7939737161695954,-2.1378971409656105
1759310145455337500,9.29433740234375,-1.108899472599104,2.1116355953752994,-2.2821369773350653
1759310145465420500,9.304420654296875,-0.869201001098752,1.5500965218693017,-2.455069970355928
1759310145475503400,9.31450341796875,-0.5200228217691183,1.2627666036874055,-2.6580931273445487
1759310145485586700,9.324586669921874,-0.042590602970123285,1.1513292589843271,-2.721923794481158
1759310145495669500,9.33466943359375,0.43741409666538233,1.154429563087225,-2.56055045248121
1759310145505752600,9.344752685546876,0.8255635194242,1.0085200399398804,-2.1590663318529724
1759310145515835600,9.354835693359375,1.1080629487097262,0.6610813977539539,-1.6046974422372877
1759310145525918500,9.36491845703125,1.3817775985151528,0.0331266090542078,-1.0521059375576673
1759310145536001500,9.37500146484375,1.6092343550145625,-0.7757692686855793,-0.6669533585272729
1759310145546084600,9.385084716796875,1.721362166199833,-1.563003934237361,-0.4795526450190693
1759310145556167700,9.395167724609376,1.692201976558566,-2.1062661772966385,-0.4532584392681718
1759310145566250500,9.40525048828125,1.469753403609991,-2.339797285273671,-0.6436383877828716
1759310145576333600,9.41533349609375,1.1871038983292876,-2.209707847070694,-0.9070486473254858
1759310145586416400,9.42541650390625,0.933671938900277,-1.8191022633314131,-1.0863277945026755
1759310145596498400,9.43549853515625,0.7970956959612667,-1.3736445609420538,-1.0818551791332662
1759310145606581500,9.44558154296875,0.7884223409663885,-1.0435866771459579,-0.8922807017825544
1759310145616664600,9.45566455078125,0.8636579800188541,-1.0506412718325853,-0.6112013684280216
1759310145626747600,9.46574755859375,1.0267601916380227,-1.257528703033924,-0.3037729573301971
1759310145636830500,9.47583056640625,1.146411676326394,-1.4723638783693314,-0.10237141019403934
1759310145646913500,9.48591357421875,1.1983705577529966,-1.719007565897703,-0.07946838125139474
1759310145656996600,9.49599658203125,1.1684427447400987,-1.9419933144629,-0.25094416120126845
1759310145667079400,9.506079345703125,1.0762895078301429,-2.179479882067442,-0.48740489288941025
1759310145677162800,9.516162841796875,0.8969868336468935,-2.4505367108404634,-0.6563118452645837
1759310145687245600,9.52624560546875,0.6667446842126548,-2.7154122206300495,-0.7451335996642708
1759310145697328600,9.53632861328125,0.405718981719017,-2.9944840135544535,-0.7246664195664226
1759310145707411500,9.546411376953126,0.10560849241912364,-3.2423809160143136,-0.6173449857495725
1759310145717494500,9.55649462890625,-0.11127601666152477,-3.4341333219259975,-0.3970898311920464
1759310145727577300,9.566577392578125,-0.31653818474858997,-3.4950481016159056,-0.09935630015656352
1759310145737660700,9.57666064453125,-0.49832858409434555,-3.437347607797384,0.16540376655980943
1759310145747743500,9.586743408203125,-0.6632730625793337,-3.3639006787925956,0.40787060679495335
1759310145757826600,9.59682666015625,-0.831789992723614,-3.327518867334723,0.6197526314131915
1759310145767909600,9.60690966796875,-0.9940206822052597,-3.308600231853127,0.8068953515723347
1759310145777992400,9.616992431640625,-1.1226695662111044,-3.3049241736888884,0.9615367549687623
1759310145788075500,9.627075439453124,-1.219495617237687,-3.278820010617375,1.1130807768717408
1759310145798158600,9.63715869140625,-1.2808698311328888,-3.248577432566881,1.2619934273578226
1759310145808241700,9.64724169921875,-1.366435652476549,-3.145158559146523,1.3911203041389584
1759310145818324500,9.657324462890625,-1.4366303016871214,-2.918438300228119,1.5297804406799376
1759310145828407600,9.667407470703125,-1.5364546577468514,-2.6075848831176756,1.6177509850777685
1759310145838490400,9.677490478515624,-1.6562641094759105,-2.2300287505656478,1.7470165396772324
1759310145848573400,9.687573486328125,-1.7945847849294543,-1.8370768959611654,1.84849114716202
1759310145858656800,9.69765673828125,-1.9115072830453514,-1.4073323110103606,1.9832912472739814
1759310145868738600,9.707738525390624,-2.0257123388960956,-0.9467834224730729,2.1376343983761963
1759310145878821600,9.717821533203125,-2.05643948559314,-0.5329787494540215,2.285501339201629
1759310145888904400,9.727904541015626,-2.009803406624496,-0.21650983054935932,2.4333828930743038
1759310145898987500,9.737987548828125,-1.8801257640928029,0.013286182552576064,2.590575003866851
1759310145909070600,9.748070556640625,-1.610742421489954,0.22225743429064748,2.715118790641427
1759310145919153400,9.7581533203125,-1.2684490332379936,0.4170949467360973,2.781837288174033
1759310145929236700,9.76823681640625,-0.9328454980134964,0.6808364840596914,2.9082810633510348
1759310145939319600,9.778319580078126,-0.6587140841007232,1.0060445897370576,3.0293539591446517
1759310145949402600,9.788402587890625,-0.4644324519723654,1.2646733140915631,3.106299543920159
1759310145959485400,9.7984853515625,-0.3029799072563648,1.4904466475486755,3.2102900797486305
1759310145969568500,9.808568603515624,-0.07819704614132643,1.6695172665417193,3.2718700453490017
1759310145979651300,9.8186513671875,0.25681553745269775,1.8435820400714873,3.314883842167258
1759310145989734700,9.828734619140626,0.6266463364496827,2.056713918620348,3.276269157090783
1759310145999817700,9.838817626953125,0.9357008874446153,2.2701813127338886,3.1333877495929596
1759310146009900500,9.848900634765625,1.1779030853942036,2.3623609992593524,2.8353768629208207
1759310146019983600,9.858983642578124,1.4022972394526003,2.2532564814180134,2.48139917435497
1759310146030066400,9.86906640625,1.6579735437422989,1.9742899024337528,2.1294512380510566
1759310146040149500,9.8791494140625,1.957825089845061,1.8384300641357898,1.8527207475557923
1759310146050232600,9.889232666015625,2.2163334026902914,2.0837889725506304,1.5606243456244469
1759310146060315600,9.899315673828125,2.312430993311852,2.6074697323054075,1.251547582797706
1759310146070398500,9.9093984375,2.2990461726903915,3.227452811473608,0.9113140496850013
1759310146080481500,9.9194814453125,2.2251688894443213,3.7042391335844993,0.5180616046987474
1759310146090564600,9.929564697265626,2.179767174576223,3.88049937133193,0.09842194191589951
1759310146100647400,9.9396474609375,2.2027629963688553,3.77628262553215,-0.2871659597918391
1759310146110730800,9.949730712890625,2.105548238285631,3.322977716773748,-0.5061053555756807
1759310146120813600,9.9598134765625,1.8569043168507515,2.6182027232438325,-0.5220756626456976
1759310146130896600,9.969896728515625,1.516138576557487,1.950699183487892,-0.5398515578329562
1759310146140979500,9.9799794921875,1.1047660991214214,1.3962059368401765,-0.6022140521131456
1759310146151061500,9.9900615234375,0.6991355263382196,0.7023790383040904,-0.7575089509822428
1759310146161144600,10.00014453125,0.41839901507198807,-0.13551906203627587,-0.9450348252400755
1759310146171227400,10.010227294921876,0.3175758572332561,-0.8662591024279593,-1.046733889130503
1759310146181310700,10.020310791015625,0.28253727707788345,-1.4012819249302149,-1.061811192883551
1759310146191393500,10.0303935546875,0.2462636021696031,-1.640394047909975,-0.9888765973150729
1759310146201476600,10.0404765625,0.25226488841101524,-1.6073469338327646,-0.856474936646968
1759310146211559400,10.050559326171875,0.2705101546756923,-1.437777718156576,-0.630764731553942
1759310146221642000,10.06064208984375,0.2200701533794403,-1.2297691739708185,-0.43066579144895073
1759310146231725300,10.070725341796875,0.10643953641578555,-1.0475468129485845,-0.2432391397818923
1759310146241808100,10.08080810546875,-0.009552256721258163,-0.8163380104392767,-0.00024696049839258193
1759310146251891200,10.09089111328125,-0.06069017715379595,-0.5294441455870866,0.24474165329933165
1759310146261974000,10.10097412109375,-0.17208265980184076,-0.30935704107284545,0.4532780207514763
1759310146272057000,10.11105712890625,-0.2476023034274578,-0.15194880331158636,0.5951141569800674
1759310146282140000,10.121139892578125,-0.2766049644194543,-0.029676760861277577,0.687707831133902
1759310146292223200,10.13122314453125,-0.3289356748331338,0.08188742509186267,0.7910645991034805
1759310146302306000,10.14130615234375,-0.3681961835324764,0.15665245095789432,0.9083316728733479
1759310146312389000,10.15138916015625,-0.44504919465370474,0.12581073797047138,1.0249969082925467
1759310146322472200,10.16147216796875,-0.5178022961754352,0.0024988310784101486,1.1227473076224326
1759310146332555000,10.171554931640625,-0.566934283613041,-0.17908640108406543,1.1990426117956638
1759310146342638000,10.18163818359375,-0.6071465400792658,-0.3390834862947464,1.2416402290284634
1759310146352721200,10.19172119140625,-0.6925100437838584,-0.5276432336449622,1.178436607749015
1759310146362804200,10.20180419921875,-0.7671704402316362,-0.6850719296723604,1.0356576377123594
1759310146372887000,10.211886962890626,-0.8541080613851547,-0.7809341041028499,0.8402819267369807
1759310146382970000,10.22197021484375,-0.9885271262902766,-0.830289378902316,0.5591543337939306
1759310146393053000,10.232052978515625,-1.1482985860515385,-0.8802180696755647,0.30796989756338294
1759310146403136000,10.242135986328124,-1.2886989173233507,-0.9347884487748146,0.010272681091941195
1759310146413219300,10.25221923828125,-1.3711276096850633,-1.0143541529208422,-0.24900389558738095
1759310146423302100,10.26230224609375,-1.4139777403742073,-1.0922767660349606,-0.45183045229166746
1759310146433385200,10.27238525390625,-1.4126000222802162,-1.1941998479396103,-0.6180933198988438
1759310146443468000,10.282468017578125,-1.4146487715035676,-1.3132558509528636,-0.7756497339591384
1759310146453550000,10.292550048828126,-1.420498666575551,-1.3825146806180477,-0.9428465944807976
1759310146463633200,10.302633056640625,-1.4258517180413006,-1.4749860435664652,-1.0945113932192325
1759310146473716000,10.312716064453125,-1.4359937573492527,-1.5995914974004029,-1.2204204039324074
1759310146483799300,10.32279931640625,-1.4933002834141254,-1.7032757437586783,-1.3314078859761356
1759310146493882000,10.332882080078125,-1.5675813251554964,-1.7745003205388783,-1.386600488626957
1759310146503965200,10.342965087890626,-1.6093191106885671,-1.8538053279221056,-1.393622057826817
1759310146514048000,10.353048095703125,-1.6345710408449172,-1.9346850372761486,-1.4093227541752158
1759310146524131000,10.363131103515625,-1.6345551126234232,-2.1225439428806303,-1.3974379628531635
1759310146534214100,10.373214111328124,-1.4926695842951536,-2.161577145630121,-1.342580437375605
1759310146544297200,10.383297119140625,-1.3936200120002031,-1.9575702383011577,-1.3240965400494635
1759310146554380300,10.39338037109375,-1.404440681222081,-1.7941741583019495,-1.2582866817943752
1759310146564463000,10.403463134765625,-1.3573995285838842,-1.764748741853237,-1.1578858410209416
1759310146574546200,10.413546142578125,-1.2588467998951673,-1.6842822894752025,-1.0449985897704959
1759310146584629000,10.42362890625,-1.1923492516368628,-1.4275450779557228,-0.9496800206974149
1759310146594712000,10.433712158203125,-1.1577759509056806,-0.9354378525942564,-0.842719821408391
1759310146604795100,10.443795166015626,-1.1066624342620373,-0.20861235529780386,-0.6592850158564746
1759310146614878200,10.453878173828125,-1.0135358953405171,0.5536836838304996,-0.2909330572403967
1759310146624961000,10.4639609375,-0.866659572987631,1.3237374974787235,0.1439114811979234
1759310146635044000,10.474044189453124,-0.7351707163155079,2.0399515843898057,0.6791929546363651
1759310146645127200,10.484127197265625,-0.7697638907909393,2.6528485046893358,1.3122495965197682
1759310146655210000,10.4942099609375,-0.9281504720650613,3.3271617244601246,1.983189248204231
1759310146665293300,10.504293212890625,-1.2778005066901446,3.9740614521265027,2.619964179958403
1759310146675376000,10.514376220703125,-1.6816840896755456,4.141324728947878,3.25623496158272
1759310146685459200,10.524459228515624,-1.7330629792571066,3.9231004956960676,3.8033161784082647
1759310146695542000,10.5345419921875,-1.3225577861748634,3.7972839125066993,3.9974358979731797
1759310146705625000,10.544625,-0.8292197038441896,4.057957294431328,3.9589971539855
1759310146715708000,10.5547080078125,-0.5746091290898621,4.44995930096507,3.934530236726999
1759310146725791200,10.564791259765625,-0.384492507686466,4.679862866094708,3.993250136721134
1759310146735874300,10.574874267578124,-0.061067339903116226,4.766344048717618,3.9847693086236715
1759310146745957000,10.58495703125,0.26800204431228336,4.9201522161602975,3.7905624952971935
1759310146756040200,10.595040283203126,0.6258136119525879,4.962628252840042,3.2863857696965333
1759310146766123000,10.605123046875,1.0684439819615335,4.913138538005947,2.554201667976379
1759310146776205000,10.615205078125,1.5603437751173972,4.759082533282041,1.5184377934105693
1759310146786288000,10.6252880859375,1.961644209741801,4.366417678925394,0.3056274991557002
1759310146796371200,10.63537109375,2.1003724430829287,3.5985692663669586,-0.9941903396837413
1759310146806454300,10.645454345703126,2.159385773065686,2.3586995541423557,-2.351131310845166
1759310146816537000,10.655537109375,2.1891164560712872,0.9284270970493554,-3.6885815457254645
1759310146826620200,10.6656201171875,2.0990572688311335,-0.346624403193593,-4.840086745798588
1759310146836703000,10.675702880859374,1.822198475781083,-1.0646095914304257,-5.46914920347929
1759310146846786000,10.6857861328125,1.3364889886327087,-1.2395488097071647,-5.39576014214158
1759310146856869000,10.695869140625,0.7928343852549791,-1.0544359879404306,-4.79640367141664
1759310146866952200,10.7059521484375,0.05530351567938924,-0.6860007349550724,-3.944998439249396
1759310146877035300,10.71603515625,-0.7216226679563522,-0.46061552403271194,-3.158539726506173
1759310146887118000,10.7261181640625,-1.2904355318576097,-0.4856137716889381,-2.593563079766929
1759310146897201200,10.736201171875,-1.6763947510957717,-0.6028209319651127,-2.159884370237589
1759310146907284000,10.746283935546876,-1.9591987162858246,-0.6674369042605162,-1.8012331369027494
1759310146917367300,10.7563671875,-2.296161118773371,-0.6223334416866302,-1.4367001520529388
1759310146927450000,10.7664501953125,-2.634511468487978,-0.3602057693004608,-1.0278608463563024
1759310146937533200,10.776533203125,-2.802918654647469,0.07778992664515971,-0.7475149418428539
1759310146947616000,10.786615966796875,-2.5952368581980467,0.37597733892798424,-0.6885100874274969
1759310146957699000,10.796698974609376,-2.0872803217977283,0.2748351782679558,-1.0189854659833013
1759310146967782100,10.8067822265625,-1.7149825481653211,-0.059171735414862627,-1.6598017820827662
1759310146977865200,10.816865234375,-1.638728745046258,-0.3963438351303339,-2.3668523193292317
1759310146987948300,10.8269482421875,-1.6910417006075382,-0.6152683256059884,-2.982161123076081
1759310146998031000,10.837031005859375,-1.591916724988818,-0.8178297103017568,-3.4069670825809237
1759310147008114200,10.8471142578125,-1.2767941061265766,-1.044110408759117,-3.6591558370158075
1759310147018197000,10.857197021484374,-0.800301214004308,-1.2907570188969373,-3.61747796497643
1759310147028280000,10.867280029296875,-0.37897432878687975,-1.600768139964342,-3.280977773173153
1759310147038363100,10.877363037109374,0.0255541279733181,-1.784818300935626,-2.7028704267039894
1759310147048446200,10.8874462890625,0.3853685598686337,-1.7744453754812477,-2.0432395200192928
1759310147058529000,10.897529052734376,0.7046230178385973,-1.752756690764427,-1.4099810719534753
1759310147068612000,10.907612060546874,0.8842271591864526,-1.7273247278660535,-0.8350324817761778
1759310147078695200,10.917695068359375,0.9575438859403133,-1.6764228081464767,-0.289121623904258
1759310147088777000,10.92777685546875,0.8237840886615216,-1.6576859589725732,0.28707082885429264
1759310147098860000,10.937860107421875,0.40290100168883797,-1.5561322949022054,0.8092582813113928
1759310147108943000,10.947943115234375,-0.18616744538620114,-1.3233423606812953,1.121321658733487
1759310147119026200,10.958026123046874,-0.7594605234414339,-1.0303367349505423,1.1516185973197222
1759310147129109200,10.968109130859375,-1.1493795862212777,-0.741817314723134,0.9629811085581779
1759310147139192000,10.978192138671876,-1.3153481470569968,-0.5782406174600124,0.6174883397430181
1759310147149275100,10.988275146484375,-1.3794672757461666,-0.5038906021356583,0.3777469789490103
1759310147159358000,10.99835791015625,-1.4963757453367112,-0.5018564659595489,0.3415571829319
1759310147169441300,11.008441162109374,-1.6520187269911168,-0.528984711381793,0.3248008400507271
1759310147179524000,11.018524169921875,-1.6666466795414685,-0.44678982777595516,0.3384282372564077
1759310147189607200,11.028607177734376,-1.5583102234631776,-0.3748194010645151,0.40662309095188975
1759310147199690000,11.03868994140625,-1.3025114618375897,-0.23125614878237247,0.5028323252543807
1759310147209773000,11.04877294921875,-1.1152297715991735,-0.18480653229653835,0.5524461048595607
1759310147219856400,11.0588564453125,-1.0452271378293634,-0.5088900178581476,0.5009234228931367
1759310147229939500,11.068939453125,-0.8414215982913971,-1.1682575974315403,0.1716596120841801
1759310147240022500,11.0790224609375,-0.4205950638115406,-1.746238687172532,-0.291726107314229
1759310147250105600,11.089105712890625,-0.14968290420621633,-2.084306274423003,-0.5510816846385598
1759310147260188700,11.099188720703125,-0.04949029935598373,-2.205232747483253,-0.6256893279857934
1759310147270271500,11.109271484375,-0.004772328968346119,-1.9912451288878916,-0.7311169108800589
1759310147280354600,11.1193544921875,0.03617956688404083,-1.4156225849717854,-0.9277430603079497
1759310147290437400,11.129437255859376,0.07800736878812313,-0.6633084261536598,-1.1700184696242213
1759310147300520400,11.1395205078125,-0.14367401918023823,0.039650457864999766,-1.3647482839114964
1759310147310603500,11.149603515625,-0.35375089407265187,0.5210083256751299,-1.6530488006912172
1759310147320686600,11.1596865234375,-0.4656622860282659,0.6143073716193437,-1.9680087763376533
1759310147330769700,11.169769775390625,-0.6197907714664935,0.3451093224555254,-2.099259075013548
1759310147340852500,11.1798525390625,-0.7784566080734133,-0.19901158325970172,-2.079779298517853
1759310147350935600,11.189935546875,-0.8745403163000941,-0.7562877386242151,-2.1077135996259746
1759310147361018400,11.200018310546875,-0.7691384523689746,-1.1752432185351849,-2.2065682338707147
1759310147371101700,11.210101806640624,-0.5846124905794858,-1.4554483994036913,-2.2119271305553614
1759310147381184500,11.2201845703125,-0.7120972992420196,-1.6314859343111514,-1.9952492499627172
1759310147391267600,11.230267578125,-1.2555951046228409,-1.3759130903959274,-1.5481788516797124
1759310147401350400,11.240350341796875,-1.6736203179463742,-0.06118833593428134,-0.9331421428725123
1759310147411433500,11.25043359375,-1.7091273923963308,1.7172990084141493,-0.32219723342359063
1759310147421516500,11.2605166015625,-1.2199126736059784,1.673994119694829,0.12005056700855493
1759310147431599600,11.270599609375,-0.5174903806820511,0.19455401932895183,0.32693229912146926
1759310147441681400,11.280681396484376,-0.49003567978441714,-0.2552607092261314,0.6305581030659377
1759310147451764500,11.290764404296874,-0.8291770337462425,0.6923445510238408,0.9091751379601657
1759310147461847600,11.30084765625,-0.8633119430601597,1.8022493282079695,0.9558480418078601
1759310147471930600,11.3109306640625,-0.5711667335510253,1.915558896523714,0.7624794328711927
1759310147482013400,11.321013427734375,-0.10597323407828807,1.126879292860627,0.38809740031063555
1759310147492096500,11.331096435546876,0.2660550749629736,0.30265958926081654,-0.061377282635122536
1759310147502179600,11.3411796875,0.4436521142721176,-0.013846154522895813,-0.4013255690656602
1759310147512262700,11.3512626953125,0.3183896578341722,0.2159048503935337,-0.4646994323454797
1759310147522345500,11.361345458984376,0.008939093258976936,0.615597411429882,-0.3384469419568777
1759310147532428500,11.371428466796875,-0.15432254670560358,0.8113830183804035,-0.25506255630552765
1759310147542511400,11.381511474609376,-0.193992293792963,0.7831862669438123,-0.29915421148836613
1759310147552594400,11.391594482421874,-0.05384907908737659,0.6591951456159353,-0.42306481492593884
1759310147562677500,11.401677490234375,0.1725993771523237,0.3882973067969084,-0.3562175764471292
1759310147572760600,11.411760498046876,0.3914145620346069,0.5153489847391843,-0.7913667969204485
1759310147582843600,11.42184375,-0.02443301498889923,0.5716664997667074,-1.136704959695786
1759310147592926500,11.431926513671876,-0.4609142147183418,0.2517079851806164,-0.9890291575282811
1759310147603009500,11.442009521484374,-0.3054465896308422,-0.0574257685303688,-0.5830100238189101
1759310147613092400,11.45209228515625,-0.17207856814861297,-0.23547055160701275,-0.240719119784981
1759310147623175700,11.46217578125,-0.31012977901101113,-0.2879875053077936,0.0032845746286213396
1759310147633258500,11.472258544921875,-0.32229367953538895,-0.2938438301205635,0.07080240584537387
1759310147643341600,11.482341552734376,-0.09334346960783005,-0.3301554989516735,0.045359337031096215
1759310147653424400,11.49242431640625,0.15436872393488882,-0.3586386661142111,-0.022884470372647046
1759310147663507500,11.502507568359375,0.3896563201904297,-0.2807756742328405,-0.017939561316370964
1759310147673590500,11.512590576171876,0.4862602528989315,-0.12510580457150935,0.23128391357213257
1759310147683673600,11.522673583984375,0.5296276854604482,-0.05888765777647495,0.639129970447719
1759310147693756700,11.532756591796876,0.39471477262377735,-0.04849018240272999,0.9576564064040779
1759310147703839500,11.542839599609374,0.23926819032430646,0.05677870279848575,0.998962522521615
1759310147713922600,11.552922607421875,0.06301672040522098,0.18352233770489693,0.9185505768097937
1759310147724005400,11.56300537109375,-0.14615326877534388,0.15235621506869793,0.6721868752665817
1759310147734088400,11.57308837890625,0.0975105261594057,0.03951309522092342,0.3338781727366149
1759310147744171500,11.583171630859376,0.6255775381743908,0.010675707793235779,0.17054142170920966
1759310147754254600,11.593254638671874,0.7922107003986835,-0.10273498280942439,0.31478432681858537
1759310147764336600,11.603336669921875,0.5912602580308914,-0.31940088070333,0.4378229697272181
1759310147774419500,11.61341943359375,0.5531763188302516,-0.47277182577252386,0.4553220937997102
1759310147784502500,11.62350244140625,0.6533662933319807,-0.5098860431581735,0.5273236463017762
1759310147794585300,11.63358544921875,0.6891770269036293,-0.4726613511353731,0.5247862367786467
1759310147804668400,11.64366845703125,0.5687099880486727,-0.41011341728568074,0.3804752348691225
1759310147814751500,11.65375146484375,0.2266319961130619,-0.33767595758438107,0.14650354351773856
1759310147824834600,11.66383447265625,-0.09222060305774211,-0.2827683093547821,-0.08200279509983956
1759310147834917600,11.673917724609375,-0.3937538186371326,-0.27155074976980687,-0.2807473249211907
1759310147845000400,11.68400048828125,-0.6386492011934518,-0.17863690375089644,-0.4376293468512594
1759310147855083500,11.69408349609375,-0.806516289126873,-0.08527765205204486,-0.4459333570770919
1759310147865166300,11.704166259765625,-0.9317302302479743,0.006733692169189453,-0.3757532478485256
1759310147875249400,11.71424951171875,-0.9982330392032861,0.09046236121356487,-0.394161522655189
1759310147885332500,11.72433251953125,-0.8296995963156223,0.11234452267587185,-0.5187495138976722
1759310147895415600,11.73441552734375,-0.6434551401704549,0.17726444635391234,-0.5768889105901122
1759310147905498600,11.74449853515625,-0.6546019726067781,0.23370529550015925,-0.53231005641222
1759310147915581400,11.75458154296875,-0.667032415112853,0.17375789953768253,-0.4167009059172123
1759310147925664500,11.76466455078125,-0.5775380221486092,0.14929156680107117,-0.3100170393515378
1759310147935747300,11.774747314453125,-0.7750760257244109,0.25073709432184693,-0.1845691433440894
1759310147945830700,11.78483056640625,-0.9974562096118926,0.2959142066538334,-0.15767127261161804
1759310147955913500,11.79491357421875,-0.9817290636479854,0.21816285845339298,-0.19598858217671514
1759310147965996500,11.80499658203125,-0.8163760043621062,0.19414310044050215,-0.21627499888017773
1759310147976079400,11.815079345703126,-0.77026599509418,0.14314765721857547,-0.2339797285273671
1759310147986162400,11.825162353515625,-0.7686971383422613,0.12391337991654872,-0.1848608928322792
1759310147996245500,11.83524560546875,-0.7877291710704565,0.24411036965847013,-0.0786877522677183
1759310148006328600,11.84532861328125,-0.7123059735566377,0.3051327013760805,0.15257489932067692
1759310148016411600,11.85541162109375,-0.5690583630949259,0.2273813531756401,0.42070758427530525
1759310148026494500,11.865494384765626,-0.4449935920089483,0.13796470162272453,0.6480450252439827
1759310148036577500,11.87557763671875,-0.3126601742714643,0.012397124758362769,0.8293168075431138
1759310148046660400,11.885660400390625,-0.29498364780545233,-0.02099310366809368,0.8985222265206276
1759310148056743700,11.89574365234375,-0.21487959899902342,-0.03535831362903118,0.7808815701980143
1759310148066826500,11.905826416015625,-0.2156511678934097,-0.09677052144706248,0.6296612272914499
1759310148076909600,11.91590966796875,-0.3341010217070579,-0.12856208250522613,0.4257779463421553
1759310148086992400,11.925992431640625,-0.3940373117536306,-0.14687924496233462,0.2592639535181224
1759310148097074400,11.936074462890625,-0.5075684138655662,-0.19258885673582551,0.08903773523792624
1759310148107157500,11.946157470703126,-0.6079308223247528,-0.10801263095140456,-0.03980871716663241
1759310148117240300,11.956240234375,-0.5764145710766315,-0.09662789810597897,-0.0988572645932436
1759310148127323400,11.966323486328125,-0.554145456123352,-0.20512159057259557,-0.07670140075609087
1759310148137406500,11.976406494140624,-0.5603296977162361,-0.17254560113847256,-0.08800210857987403
1759310148147489500,11.986489501953125,-0.5140051689147949,-0.021409867775440215,-0.18056714116111397
1759310148157572600,11.996572509765626,-0.4169792114019394,0.06883095964193343,-0.22712116786949335
1759310148167655400,12.006655517578125,-0.45584348732531066,0.08276070079505443,-0.2204934202928096
1759310148177738500,12.016738525390625,-0.43276656312048434,0.13670797955989836,-0.1898288905031979
1759310148187821300,12.0268212890625,-0.31754853083491325,0.2643494400888681,-0.13431860020533204
1759310148197904600,12.036904541015625,-0.30280922686457634,0.326648367613554,-0.05363141774870455
1759310148207987500,12.046987548828126,-0.19054303012192247,0.23698621686697005,0.12065773912146686
1759310148218070800,12.05707080078125,-0.12533610619604588,0.23840543601512906,0.3463467552959919
1759310148228153600,12.067153564453125,-1.1145347750723362,0.3490747189551592,0.2554432992514223
1759310148238236700,12.077236572265624,-1.1199275740265846,0.0155851071447134,-0.007371990072727203
1759310148248319700,12.08731982421875,-0.8815291522741318,-0.3799029879391193,-0.2985740735128522
1759310148258402600,12.097402587890626,-0.585927080309391,-0.44066520741581916,-0.4549642933379858
1759310148268485600,12.107485595703125,-0.13631634989380836,-0.21676818922460078,-0.3983056367225945
1759310148278568700,12.117568603515625,0.0823480283409357,-0.045374096208810805,-0.22158158085569737
1759310148288651800,12.12765185546875,0.1567845529049635,0.04449614433050155,-0.10929302615076303
1759310148298734600,12.137734619140625,0.3668868544995785,0.12839666281044482,-0.07195595979467034
1759310148308817700,12.147817626953126,0.6303203487873077,0.20614684196710586,0.03150594904981553
1759310148318900500,12.157900390625,0.7985211987197399,0.3303068901211023,0.220552822329849
1759310148328983600,12.167983642578125,0.7226420741319656,0.3233271142363548,0.38887364538013935
